ParticipantID                       , ParticipantIdentifier, MessageID                           , EmailType, TemplateName          , ToEmailAddress   , SenderEmailAddress    , ContentVersion, Subject        , DeliveryRecipient, DeliveryTimestamp
84bf7b38-130c-49cc-bf18-3aad6494196f, P0001                , 944603ff-b35b-4b28-991e-2a7fb9df28af, Reminder , 3M_SURVEY_REMINDER_1  , p0001@example.org, study-team@example.org,              1, Survey reminder, p0001@example.org, 2025-05-17T18:17:10Z
84bf7b38-130c-49cc-bf18-3aad6494196f, P0001                , a6daac01-4b7f-4eb7-a786-e61664ef7df9, Reminder , 3M_SURVEY_REMINDER_2  , p0001@example.org, study-team@example.org,              2, Survey reminder, p0001@example.org, 2025-05-18T18:17:10Z
6d43b916-b00c-4c03-9950-d5289331ebae, P0002                , 31037711-a86c-4385-a867-acf1b18e33a9, Reminder , 24H_SURVEY_REMINDER_1 , p0002@example.org, study-team@example.org,              2, Survey reminder, p0002@example.org, 2025-05-05T13:49:10Z
6d43b916-b00c-4c03-9950-d5289331ebae, P0002                , 0dd44185-0459-4e96-a707-eab23721d3ae, Reminder , 4_6M_SURVEY_REMINDER_1, p0002@example.org, study-team@example.org,              5, Survey reminder, p0002@example.org, 2025-09-04T13:49:10Z
6d43b916-b00c-4c03-9950-d5289331ebae, P0002                , 4e69b66c-bef6-409a-840b-3bbde0a2a6ab, Reminder , 4_6M_SURVEY_REMINDER_2, p0002@example.org, study-team@example.org,              1, Survey reminder, p0002@example.org, 2025-09-05T13:49:10Z
f557d92d-a0d5-4229-bbf4-2d8edd9d8025, P0003                , 232fa2fb-08b4-4544-8cac-da865c853361, Reminder , 3M_SURVEY_REMINDER_1  , p0003@example.org, study-team@example.org,              2, Survey reminder, p0003@example.org, 2025-10-13T15:47:40Z
f557d92d-a0d5-4229-bbf4-2d8edd9d8025, P0003                , 54440405-06db-49a1-9263-a30d13c5352c, Reminder , 3M_SURVEY_REMINDER_2  , p0003@example.org, study-team@example.org,              1, Survey reminder, p0003@example.org, 2025-10-14T15:47:40Z
f557d92d-a0d5-4229-bbf4-2d8edd9d8025, P0003                , c24b32ac-4778-4884-9b0a-4523dc2d0abe, Reminder , 3M_SURVEY_REMINDER_3  , p0003@example.org, study-team@example.org,              2, Survey reminder, p0003@example.org, 2025-10-15T15:47:40Z
3cb498bf-9f35-45f7-a552-497593eac1b1, P0004                , 3518b764-413a-4ae9-9032-6fb3c84dd0a2, Reminder , 7D_SURVEY_REMINDER_1  , p0004@example.org, study-team@example.org,              4, Survey reminder, p0004@example.org, 2025-07-26T06:32:30Z
36f8155d-d024-47da-a6e5-c3b412661fe4, P0005                , 96aed02d-3b46-40e7-9006-4e89e6a02e00, Reminder , 1M_SURVEY_REMINDER_1  , p0005@example.org, study-team@example.org,              1, Survey reminder, p0005@example.org, 2025-10-09T20:19:57Z
36f8155d-d024-47da-a6e5-c3b412661fe4, P0005                , 2599447f-8d98-4115-b2e2-d332b896b6a8, Reminder , 3M_SURVEY_REMINDER_1  , p0005@example.org, study-team@example.org,              5, Survey reminder, p0005@example.org, 2025-12-08T21:19:57Z
36f8155d-d024-47da-a6e5-c3b412661fe4, P0005                , a01d290c-70a7-4ab0-b2c2-70781b817a5c, Reminder , 3M_SURVEY_REMINDER_2  , p0005@example.org, study-team@example.org,              1, Survey reminder, p0005@example.org, 2025-12-09T21:19:57Z
36f8155d-d024-47da-a6e5-c3b412661fe4, P0005                , b37f7767-3c5e-46cc-85e1-2c8a5bcc234c, Reminder , 3M_SURVEY_REMINDER_3  , p0005@example.org, study-team@example.org,              2, Survey reminder, p0005@example.org, 2025-12-10T21:19:57Z
1345933a-4a17-4362-80b3-ba4af94a2d9e, P0006                , 5b8ec240-9948-4498-9e08-f04548225624, Reminder , 24H_SURVEY_REMINDER_1 , p0006@example.org, study-team@example.org,              5, Survey reminder, p0006@example.org, 2025-12-01T12:47:41Z
1345933a-4a17-4362-80b3-ba4af94a2d9e, P0006                , 5f3ec3fa-aa95-4c77-8fee-613f6ec22e2b, Reminder , 24H_SURVEY_REMINDER_2 , p0006@example.org, study-team@example.org,              4, Survey reminder, p0006@example.org, 2025-12-02T12:47:41Z
1345933a-4a17-4362-80b3-ba4af94a2d9e, P0006                , c11ff772-571d-4aac-94e0-db7f9e938756, Reminder , 3M_SURVEY_REMINDER_1  , p0006@example.org, study-team@example.org,              4, Survey reminder, p0006@example.org, 2026-03-01T12:47:41Z
917e3274-ef71-4230-a99d-0738bfd8908c, P0007                , 63ba5ae1-52b0-4469-8803-079b0f3ab74f, Reminder , 24H_SURVEY_REMINDER_1 , p0007@example.org, study-team@example.org,              2, Survey reminder, p0007@example.org, 2025-02-10T09:39:11Z
917e3274-ef71-4230-a99d-0738bfd8908c, P0007                , d15ee4ca-2a66-4bcc-83a5-c712441a8ed9, Reminder , 4_6M_SURVEY_REMINDER_1, p0007@example.org, study-team@example.org,              4, Survey reminder, p0007@example.org, 2025-06-22T08:39:11Z
917e3274-ef71-4230-a99d-0738bfd8908c, P0007                , 77a3d621-1422-41bf-826b-2b4bac423636, Reminder , 4_6M_SURVEY_REMINDER_2, p0007@example.org, study-team@example.org,              3, Survey reminder, p0007@example.org, 2025-06-23T08:39:11Z
91b27b68-9045-4460-9bbe-419262a86d9b, P0008                , ec1fd01d-9ada-42ea-8ba3-a4e059513c60, Reminder , 7D_SURVEY_REMINDER_1  , p0008@example.org, study-team@example.org,              4, Survey reminder, p0008@example.org, 2025-12-17T21:36:07Z
91b27b68-9045-4460-9bbe-419262a86d9b, P0008                , 614de62c-4a17-41c0-b023-f5c26e0d6941, Reminder , 1M_SURVEY_REMINDER_1  , p0008@example.org, study-team@example.org,              5, Survey reminder, p0008@example.org, 2026-01-09T21:36:07Z
82a8198d-1793-4396-ad37-a404feb213b0, P0009                , b8461ab2-7e5e-4b41-be45-6d986d0bf0af, Reminder , 24H_SURVEY_REMINDER_1 , p0009@example.org, study-team@example.org,              4, Survey reminder, p0009@example.org, 2025-03-29T05:10:16Z
82a8198d-1793-4396-ad37-a404feb213b0, P0009                , 92c5e601-3553-4e38-9796-fb42f67cad5e, Reminder , 7D_SURVEY_REMINDER_1  , p0009@example.org, study-team@example.org,              2, Survey reminder, p0009@example.org, 2025-04-05T05:10:16Z
82a8198d-1793-4396-ad37-a404feb213b0, P0009                , 159b79a4-7538-4852-8993-22e6a7897fa2, Reminder , 7D_SURVEY_REMINDER_2  , p0009@example.org, study-team@example.org,              1, Survey reminder, p0009@example.org, 2025-04-06T05:10:16Z
82a8198d-1793-4396-ad37-a404feb213b0, P0009                , a36cbfab-b95b-4efe-a8dd-3936feae4feb, Reminder , 1M_SURVEY_REMINDER_1  , p0009@example.org, study-team@example.org,              1, Survey reminder, p0009@example.org, 2025-04-28T05:10:16Z
82a8198d-1793-4396-ad37-a404feb213b0, P0009                , c9d758f1-e732-4fe7-8e8c-20bc6f893487, Reminder , 1M_SURVEY_REMINDER_2  , p0009@example.org, study-team@example.org,              5, Survey reminder, p0009@example.org, 2025-04-29T05:10:16Z
82a8198d-1793-4396-ad37-a404feb213b0, P0009                , 46a0a5b5-77e2-4a9e-8c3f-9ea41e520429, Reminder , 1M_SURVEY_REMINDER_3  , p0009@example.org, study-team@example.org,              4, Survey reminder, p0009@example.org, 2025-04-30T05:10:16Z
4d721588-1a42-4782-89dd-16bd1baf26cf, P0011                , b62babb3-2e91-4462-ba79-04cd16289526, Reminder , 24H_SURVEY_REMINDER_1 , p0011@example.org, study-team@example.org,              4, Survey reminder, p0011@example.org, 2025-08-22T22:01:12Z
4d721588-1a42-4782-89dd-16bd1baf26cf, P0011                , 0f234be3-eeee-4d8b-b79f-ea17b9131224, Reminder , 7D_SURVEY_REMINDER_1  , p0011@example.org, study-team@example.org,              3, Survey reminder, p0011@example.org, 2025-08-29T22:01:12Z
4d721588-1a42-4782-89dd-16bd1baf26cf, P0011                , e369536c-596f-4ab6-90ed-3cded8fb23f8, Reminder , 7D_SURVEY_REMINDER_2  , p0011@example.org, study-team@example.org,              3, Survey reminder, p0011@example.org, 2025-08-30T22:01:12Z
4d721588-1a42-4782-89dd-16bd1baf26cf, P0011                , 9ffa307c-052e-427c-bea4-94ea9650a58c, Reminder , 3M_SURVEY_REMINDER_1  , p0011@example.org, study-team@example.org,              4, Survey reminder, p0011@example.org, 2025-11-20T23:01:12Z
6882d01f-d90c-4d57-89f1-f1bcf8663311, P0012                , e7a4b1a7-2fb3-453d-8408-f373cf1ce1d3, Reminder , 4_6M_SURVEY_REMINDER_1, p0012@example.org, study-team@example.org,              1, Survey reminder, p0012@example.org, 2026-01-29T21:39:36Z
10a375d1-9c4e-420c-8d06-ea850e2a12f5, P0013                , ac2e42c7-7e7b-4d0c-94cc-18eed8945939, Reminder , 7D_SURVEY_REMINDER_1  , p0013@example.org, study-team@example.org,              2, Survey reminder, p0013@example.org, 2025-08-12T15:30:51Z
10a375d1-9c4e-420c-8d06-ea850e2a12f5, P0013                , 9980b52b-16ce-46f7-b833-685da5ac20b2, Reminder , 3M_SURVEY_REMINDER_1  , p0013@example.org, study-team@example.org,              4, Survey reminder, p0013@example.org, 2025-11-03T16:30:51Z
8434845c-17e7-4b22-a978-871a0fc78650, P0014                , 3bd8eae6-3f11-4ce4-aa27-2d82362cca51, Reminder , 7D_SURVEY_REMINDER_1  , p0014@example.org, study-team@example.org,              2, Survey reminder, p0014@example.org, 2025-06-20T20:25:25Z
8434845c-17e7-4b22-a978-871a0fc78650, P0014                , 3d23253d-084d-4653-911a-9762690bb2b6, Reminder , 1M_SURVEY_REMINDER_1  , p0014@example.org, study-team@example.org,              5, Survey reminder, p0014@example.org, 2025-07-13T20:25:25Z
cde65350-2071-4aef-9a72-fd723453bee9, P0015                , e4a80357-299a-4a1b-b9d9-29069117eddf, Reminder , 7D_SURVEY_REMINDER_1  , p0015@example.org, study-team@example.org,              5, Survey reminder, p0015@example.org, 2025-11-08T18:34:38Z
cde65350-2071-4aef-9a72-fd723453bee9, P0015                , c08e9d5d-f1dd-4493-add0-a1ba00b3d9e8, Reminder , 7D_SURVEY_REMINDER_2  , p0015@example.org, study-team@example.org,              4, Survey reminder, p0015@example.org, 2025-11-09T18:34:38Z
cde65350-2071-4aef-9a72-fd723453bee9, P0015                , 5395d3cc-59ac-46a4-878d-1a8f45dc8ef2, Reminder , 4_6M_SURVEY_REMINDER_1, p0015@example.org, study-team@example.org,              2, Survey reminder, p0015@example.org, 2026-04-01T17:34:38Z
cde65350-2071-4aef-9a72-fd723453bee9, P0015                , 7ef8195f-a605-43d5-8219-8262910660d2, Reminder , 4_6M_SURVEY_REMINDER_2, p0015@example.org, study-team@example.org,              1, Survey reminder, p0015@example.org, 2026-04-02T17:34:38Z
2b0db1cd-a9a9-4812-afcb-008cc97fc13b, P0016                , e94bffb1-6886-45c5-8b24-b6988f7502f5, Reminder , 7D_SURVEY_REMINDER_1  , p0016@example.org, study-team@example.org,              1, Survey reminder, p0016@example.org, 2025-08-18T20:44:11Z
2b0db1cd-a9a9-4812-afcb-008cc97fc13b, P0016                , 9d8e574b-4068-43d9-8742-66d769049264, Reminder , 1M_SURVEY_REMINDER_1  , p0016@example.org, study-team@example.org,              2, Survey reminder, p0016@example.org, 2025-09-10T20:44:11Z
2b0db1cd-a9a9-4812-afcb-008cc97fc13b, P0016                , dd022108-c464-46b3-b5b4-8aae618fd5fc, Reminder , 4_6M_SURVEY_REMINDER_1, p0016@example.org, study-team@example.org,              1, Survey reminder, p0016@example.org, 2026-01-14T21:44:11Z
2b0db1cd-a9a9-4812-afcb-008cc97fc13b, P0016                , cff892d4-6b60-4cdc-9da7-f05041c40c50, Reminder , 4_6M_SURVEY_REMINDER_2, p0016@example.org, study-team@example.org,              4, Survey reminder, p0016@example.org, 2026-01-15T21:44:11Z
2b0db1cd-a9a9-4812-afcb-008cc97fc13b, P0016                , e58dd9d2-4c62-4e71-b5a3-d4c4c7a289f7, Reminder , 4_6M_SURVEY_REMINDER_3, p0016@example.org, study-team@example.org,              4, Survey reminder, p0016@example.org, 2026-01-16T21:44:11Z
6c378f1f-d517-4132-b938-210c98b9c7eb, P0017                , e8606dfa-dc0f-48ba-b6f9-3ebb66c12a88, Reminder , 7D_SURVEY_REMINDER_1  , p0017@example.org, study-team@example.org,              3, Survey reminder, p0017@example.org, 2025-08-09T05:58:52Z
6c378f1f-d517-4132-b938-210c98b9c7eb, P0017                , de312ff3-58b0-470b-b4f3-d476ed659146, Reminder , 1M_SURVEY_REMINDER_1  , p0017@example.org, study-team@example.org,              3, Survey reminder, p0017@example.org, 2025-09-01T05:58:52Z
6c378f1f-d517-4132-b938-210c98b9c7eb, P0017                , 106dec72-cf99-4406-b995-29be0d944d7e, Reminder , 1M_SURVEY_REMINDER_2  , p0017@example.org, study-team@example.org,              2, Survey reminder, p0017@example.org, 2025-09-02T05:58:52Z
6c378f1f-d517-4132-b938-210c98b9c7eb, P0017                , 63a4669c-afe2-4081-abe6-ed1e46a086c5, Reminder , 3M_SURVEY_REMINDER_1  , p0017@example.org, study-team@example.org,              1, Survey reminder, p0017@example.org, 2025-10-31T05:58:52Z
6c378f1f-d517-4132-b938-210c98b9c7eb, P0017                , 6c5b5379-8141-47d1-ae64-94a245e489f9, Reminder , 3M_SURVEY_REMINDER_2  , p0017@example.org, study-team@example.org,              1, Survey reminder, p0017@example.org, 2025-11-01T05:58:52Z
6c378f1f-d517-4132-b938-210c98b9c7eb, P0017                , 688b1588-09d7-4856-8e9a-6156e8e83ab2, Reminder , 4_6M_SURVEY_REMINDER_1, p0017@example.org, study-team@example.org,              5, Survey reminder, p0017@example.org, 2026-01-13T06:58:52Z
9a71b9e0-c6fe-47b5-a869-dee80fbaec78, P0018                , 8695fbd1-2277-466a-9659-ca8b041169ba, Reminder , 24H_SURVEY_REMINDER_1 , p0018@example.org, study-team@example.org,              4, Survey reminder, p0018@example.org, 2025-11-24T16:45:41Z
9a71b9e0-c6fe-47b5-a869-dee80fbaec78, P0018                , 92d992af-ade8-4d3a-a7ac-740b64eef100, Reminder , 4_6M_SURVEY_REMINDER_1, p0018@example.org, study-team@example.org,              2, Survey reminder, p0018@example.org, 2026-04-10T15:45:41Z
b92ee448-1c12-4f3a-9aa2-af411806f2e4, P0019                , 951fa4a1-8f29-4dde-bfc1-12b358856e1a, Reminder , 24H_SURVEY_REMINDER_1 , p0019@example.org, study-team@example.org,              3, Survey reminder, p0019@example.org, 2025-10-12T05:07:30Z
b92ee448-1c12-4f3a-9aa2-af411806f2e4, P0019                , b40739fb-4a18-4314-a10f-24d1469bcb8c, Reminder , 1M_SURVEY_REMINDER_1  , p0019@example.org, study-team@example.org,              2, Survey reminder, p0019@example.org, 2025-11-11T06:07:30Z
b92ee448-1c12-4f3a-9aa2-af411806f2e4, P0019                , 26c72a6c-d9d2-4a21-9695-89e6959eff94, Reminder , 1M_SURVEY_REMINDER_2  , p0019@example.org, study-team@example.org,              5, Survey reminder, p0019@example.org, 2025-11-12T06:07:30Z
b92ee448-1c12-4f3a-9aa2-af411806f2e4, P0019                , 6a7481d1-71b9-4be7-a45a-f76500842d13, Reminder , 3M_SURVEY_REMINDER_1  , p0019@example.org, study-team@example.org,              5, Survey reminder, p0019@example.org, 2026-01-10T06:07:30Z
b92ee448-1c12-4f3a-9aa2-af411806f2e4, P0019                , 507a2a38-170d-4b06-8a78-5eda6032efeb, Reminder , 4_6M_SURVEY_REMINDER_1, p0019@example.org, study-team@example.org,              3, Survey reminder, p0019@example.org, 2026-04-10T05:07:30Z
b92ee448-1c12-4f3a-9aa2-af411806f2e4, P0019                , 170230b4-9f52-4225-b828-382fb443cf96, Reminder , 4_6M_SURVEY_REMINDER_2, p0019@example.org, study-team@example.org,              4, Survey reminder, p0019@example.org, 2026-04-11T05:07:30Z
f88e1fc2-6b27-46dd-bdfc-81333342f20a, P0020                , 5da556f7-a2b6-468a-a8f4-01ea0a4e0fbe, Reminder , 24H_SURVEY_REMINDER_1 , p0020@example.org, study-team@example.org,              5, Survey reminder, p0020@example.org, 2025-10-30T02:11:21Z
f88e1fc2-6b27-46dd-bdfc-81333342f20a, P0020                , 42a27d83-1888-444f-baf6-4575c8df1d7a, Reminder , 24H_SURVEY_REMINDER_2 , p0020@example.org, study-team@example.org,              2, Survey reminder, p0020@example.org, 2025-10-31T02:11:21Z
f88e1fc2-6b27-46dd-bdfc-81333342f20a, P0020                , 6b7d2c5d-eeef-4f43-b02c-ee14875bbd4f, Reminder , 3M_SURVEY_REMINDER_1  , p0020@example.org, study-team@example.org,              3, Survey reminder, p0020@example.org, 2026-01-28T03:11:21Z
cdf58739-0e9a-4822-98fe-18bbe8f12539, P0021                , 2ea4ba60-314d-416e-b8e5-715b402d4780, Reminder , 24H_SURVEY_REMINDER_1 , p0021@example.org, study-team@example.org,              3, Survey reminder, p0021@example.org, 2025-10-26T19:21:43Z
cdf58739-0e9a-4822-98fe-18bbe8f12539, P0021                , 97bcf65a-fc8b-467d-b972-273a6cb5a802, Reminder , 1M_SURVEY_REMINDER_1  , p0021@example.org, study-team@example.org,              2, Survey reminder, p0021@example.org, 2025-11-25T20:21:43Z
5d8b825e-2096-45f1-9555-18ef3bde48d6, P0022                , 4716cfae-a25a-4631-a732-9868bdd64c9b, Reminder , 3M_SURVEY_REMINDER_1  , p0022@example.org, study-team@example.org,              4, Survey reminder, p0022@example.org, 2025-10-09T03:34:08Z
f47cb7ce-d8be-490a-bab0-93db17d4148a, P0023                , 98e29c99-f65d-4abf-a6ff-0cd45e93b074, Reminder , 7D_SURVEY_REMINDER_1  , p0023@example.org, study-team@example.org,              3, Survey reminder, p0023@example.org, 2025-10-27T04:04:39Z
f47cb7ce-d8be-490a-bab0-93db17d4148a, P0023                , ada36d67-7cbd-4fb4-8087-3cabf881643f, Reminder , 7D_SURVEY_REMINDER_2  , p0023@example.org, study-team@example.org,              1, Survey reminder, p0023@example.org, 2025-10-28T04:04:39Z
f47cb7ce-d8be-490a-bab0-93db17d4148a, P0023                , ed7ebdbd-6299-47c0-9746-d1124b230639, Reminder , 7D_SURVEY_REMINDER_3  , p0023@example.org, study-team@example.org,              4, Survey reminder, p0023@example.org, 2025-10-29T04:04:39Z
f47cb7ce-d8be-490a-bab0-93db17d4148a, P0023                , 9a88584a-0e89-4fe4-a79b-aa9ae63885da, Reminder , 1M_SURVEY_REMINDER_1  , p0023@example.org, study-team@example.org,              3, Survey reminder, p0023@example.org, 2025-11-19T05:04:39Z
730bdf06-493d-4b85-a64e-88d3270cea5f, P0024                , d0be2740-9ca6-4a18-bfe0-382f29f8f3eb, Reminder , 7D_SURVEY_REMINDER_1  , p0024@example.org, study-team@example.org,              1, Survey reminder, p0024@example.org, 2025-11-04T18:34:07Z
730bdf06-493d-4b85-a64e-88d3270cea5f, P0024                , 4a8c4b48-d2e7-4cb1-b9e2-3d3f95e6bf3e, Reminder , 7D_SURVEY_REMINDER_2  , p0024@example.org, study-team@example.org,              3, Survey reminder, p0024@example.org, 2025-11-05T18:34:07Z
730bdf06-493d-4b85-a64e-88d3270cea5f, P0024                , 908ec7bc-2d13-46af-9c5d-7c75c0f7310f, Reminder , 7D_SURVEY_REMINDER_3  , p0024@example.org, study-team@example.org,              1, Survey reminder, p0024@example.org, 2025-11-06T18:34:07Z
2423fe9e-5326-4109-841d-7d9c49eb029c, P0025                , f6d675f3-0a0d-4cc8-937d-f3bd36e94dff, Reminder , 24H_SURVEY_REMINDER_1 , p0025@example.org, study-team@example.org,              5, Survey reminder, p0025@example.org, 2025-08-17T06:46:43Z
2423fe9e-5326-4109-841d-7d9c49eb029c, P0025                , f91abe8d-03fb-45a0-bac8-73a3c66997b3, Reminder , 3M_SURVEY_REMINDER_1  , p0025@example.org, study-team@example.org,              2, Survey reminder, p0025@example.org, 2025-11-15T07:46:43Z
2423fe9e-5326-4109-841d-7d9c49eb029c, P0025                , 3d260a2a-1f83-401a-a216-dfa850dfab6c, Reminder , 3M_SURVEY_REMINDER_2  , p0025@example.org, study-team@example.org,              1, Survey reminder, p0025@example.org, 2025-11-16T07:46:43Z
bb3f171c-a669-43d8-95e6-aae323f68bc3, P0026                , 76c0925e-20a5-4d6a-ac18-837a82e9e0b4, Reminder , 24H_SURVEY_REMINDER_1 , p0026@example.org, study-team@example.org,              3, Survey reminder, p0026@example.org, 2025-06-21T19:18:42Z
bb3f171c-a669-43d8-95e6-aae323f68bc3, P0026                , 3f6852aa-faa1-48a8-8b59-2b95c4713a71, Reminder , 1M_SURVEY_REMINDER_1  , p0026@example.org, study-team@example.org,              5, Survey reminder, p0026@example.org, 2025-07-21T19:18:42Z
bb3f171c-a669-43d8-95e6-aae323f68bc3, P0026                , 1fcf7804-58bc-4d8f-9891-363ef7e67059, Reminder , 4_6M_SURVEY_REMINDER_1, p0026@example.org, study-team@example.org,              1, Survey reminder, p0026@example.org, 2025-11-24T20:18:42Z
93473430-9409-4797-93e3-5609dc03d883, P0027                , 94e2d4cf-887f-4406-9f7f-7a22af38aa85, Reminder , 7D_SURVEY_REMINDER_1  , p0027@example.org, study-team@example.org,              4, Survey reminder, p0027@example.org, 2025-04-11T16:21:21Z
93473430-9409-4797-93e3-5609dc03d883, P0027                , f4e2d3c8-b13a-4655-bf4f-e9d54a7f0fbe, Reminder , 1M_SURVEY_REMINDER_1  , p0027@example.org, study-team@example.org,              4, Survey reminder, p0027@example.org, 2025-05-04T16:21:21Z
93473430-9409-4797-93e3-5609dc03d883, P0027                , cc8edebd-083b-4832-8306-47b4cb770c42, Reminder , 1M_SURVEY_REMINDER_2  , p0027@example.org, study-team@example.org,              3, Survey reminder, p0027@example.org, 2025-05-05T16:21:21Z
e4bfd8bb-a560-43af-a1d8-78eb0815157e, P0029                , 060967b6-85a7-4e76-8a68-ebb38ae94103, Reminder , 1M_SURVEY_REMINDER_1  , p0029@example.org, study-team@example.org,              1, Survey reminder, p0029@example.org, 2025-09-27T00:48:25Z
c5685835-4d66-4fc0-85ae-41bb9498ad2f, P0030                , a0002b49-78b6-4a39-a4a8-f73194afb3fd, Reminder , 7D_SURVEY_REMINDER_1  , p0030@example.org, study-team@example.org,              2, Survey reminder, p0030@example.org, 2025-02-08T21:24:26Z
c5685835-4d66-4fc0-85ae-41bb9498ad2f, P0030                , fd0cd3a9-e11c-4924-9ef5-6d2b8fc72ce3, Reminder , 4_6M_SURVEY_REMINDER_1, p0030@example.org, study-team@example.org,              5, Survey reminder, p0030@example.org, 2025-07-06T20:24:26Z
85b24152-517d-4291-995b-e68cf4bc63d5, P0032                , 32b3a891-9d1a-4e2f-aed7-32d116cbad8f, Reminder , 24H_SURVEY_REMINDER_1 , p0032@example.org, study-team@example.org,              1, Survey reminder, p0032@example.org, 2025-04-23T01:16:52Z
85b24152-517d-4291-995b-e68cf4bc63d5, P0032                , 8120515b-7671-4fc9-9176-a746057b8326, Reminder , 24H_SURVEY_REMINDER_2 , p0032@example.org, study-team@example.org,              3, Survey reminder, p0032@example.org, 2025-04-24T01:16:52Z
85b24152-517d-4291-995b-e68cf4bc63d5, P0032                , 38577717-a11a-4850-9fde-c8c01850ca4d, Reminder , 24H_SURVEY_REMINDER_3 , p0032@example.org, study-team@example.org,              4, Survey reminder, p0032@example.org, 2025-04-25T01:16:52Z
85b24152-517d-4291-995b-e68cf4bc63d5, P0032                , ecb2907b-4a9e-4d84-98b0-984d50a6708c, Reminder , 1M_SURVEY_REMINDER_1  , p0032@example.org, study-team@example.org,              3, Survey reminder, p0032@example.org, 2025-05-23T01:16:52Z
85b24152-517d-4291-995b-e68cf4bc63d5, P0032                , 29c34ac7-5589-49eb-8bc2-b60d91da6c68, Reminder , 3M_SURVEY_REMINDER_1  , p0032@example.org, study-team@example.org,              5, Survey reminder, p0032@example.org, 2025-07-22T01:16:52Z
85b24152-517d-4291-995b-e68cf4bc63d5, P0032                , 66b49d1d-4de2-42a5-a6b6-c37e11e0811d, Reminder , 3M_SURVEY_REMINDER_2  , p0032@example.org, study-team@example.org,              2, Survey reminder, p0032@example.org, 2025-07-23T01:16:52Z
85b24152-517d-4291-995b-e68cf4bc63d5, P0032                , efa14556-f524-443f-b384-c56143847b0b, Reminder , 3M_SURVEY_REMINDER_3  , p0032@example.org, study-team@example.org,              3, Survey reminder, p0032@example.org, 2025-07-24T01:16:52Z
d3af3a5b-f786-4df3-bcaa-704627b087ca, P0033                , ebe8cead-2bed-4388-a54a-e7d037e7f552, Reminder , 1M_SURVEY_REMINDER_1  , p0033@example.org, study-team@example.org,              3, Survey reminder, p0033@example.org, 2025-12-14T17:46:33Z
d3af3a5b-f786-4df3-bcaa-704627b087ca, P0033                , 7c1e2712-10ff-4451-ab9f-9577eab791f5, Reminder , 1M_SURVEY_REMINDER_2  , p0033@example.org, study-team@example.org,              1, Survey reminder, p0033@example.org, 2025-12-15T17:46:33Z
c3a38da1-fa39-41fd-9ab4-8f15a1803da5, P0034                , 87b791bb-6c6d-4214-81a4-7d9088ee4671, Reminder , 1M_SURVEY_REMINDER_1  , p0034@example.org, study-team@example.org,              4, Survey reminder, p0034@example.org, 2025-03-10T13:54:56Z
c3a38da1-fa39-41fd-9ab4-8f15a1803da5, P0034                , ae1b96f3-3956-488a-a4a3-26791b96b128, Reminder , 1M_SURVEY_REMINDER_2  , p0034@example.org, study-team@example.org,              2, Survey reminder, p0034@example.org, 2025-03-11T13:54:56Z
c3a38da1-fa39-41fd-9ab4-8f15a1803da5, P0034                , f1163bf1-281b-48f1-806c-cf1940c39d76, Reminder , 4_6M_SURVEY_REMINDER_1, p0034@example.org, study-team@example.org,              3, Survey reminder, p0034@example.org, 2025-06-25T13:54:56Z
52e3c972-520b-44a1-9d6e-d81e47cc6e9d, P0035                , d94018f5-333a-4b47-ab35-8b3c8e97404a, Reminder , 1M_SURVEY_REMINDER_1  , p0035@example.org, study-team@example.org,              2, Survey reminder, p0035@example.org, 2025-07-25T03:05:42Z
52e3c972-520b-44a1-9d6e-d81e47cc6e9d, P0035                , 1e237799-e72e-4ae3-9b23-79dafeef7c07, Reminder , 3M_SURVEY_REMINDER_1  , p0035@example.org, study-team@example.org,              2, Survey reminder, p0035@example.org, 2025-09-23T03:05:42Z
52e3c972-520b-44a1-9d6e-d81e47cc6e9d, P0035                , 6c82c6df-ba6e-470b-8d64-4ef21799427b, Reminder , 4_6M_SURVEY_REMINDER_1, p0035@example.org, study-team@example.org,              3, Survey reminder, p0035@example.org, 2025-10-30T03:05:42Z
52e3c972-520b-44a1-9d6e-d81e47cc6e9d, P0035                , bb252dc4-b822-4d60-8e2c-83289e891b25, Reminder , 4_6M_SURVEY_REMINDER_2, p0035@example.org, study-team@example.org,              5, Survey reminder, p0035@example.org, 2025-10-31T03:05:42Z
52e3c972-520b-44a1-9d6e-d81e47cc6e9d, P0035                , b5519913-f44a-47ca-b111-5cc8488616c2, Reminder , 4_6M_SURVEY_REMINDER_3, p0035@example.org, study-team@example.org,              5, Survey reminder, p0035@example.org, 2025-11-01T03:05:42Z
e879626b-5207-449f-975f-ac255e6d4489, P0036                , ba62e4fe-19cf-4afe-96cd-62b1c6505d86, Reminder , 24H_SURVEY_REMINDER_1 , p0036@example.org, study-team@example.org,              2, Survey reminder, p0036@example.org, 2025-01-06T00:05:31Z
e879626b-5207-449f-975f-ac255e6d4489, P0036                , 619d2e15-3404-41d1-8090-b4532c4a1f49, Reminder , 24H_SURVEY_REMINDER_2 , p0036@example.org, study-team@example.org,              2, Survey reminder, p0036@example.org, 2025-01-07T00:05:31Z
e879626b-5207-449f-975f-ac255e6d4489, P0036                , efa8a702-a5ac-4271-8842-bdd11b21b54b, Reminder , 1M_SURVEY_REMINDER_1  , p0036@example.org, study-team@example.org,              4, Survey reminder, p0036@example.org, 2025-02-05T00:05:31Z
e879626b-5207-449f-975f-ac255e6d4489, P0036                , 17308016-75ad-40de-9c18-47008950d1ae, Reminder , 1M_SURVEY_REMINDER_2  , p0036@example.org, study-team@example.org,              5, Survey reminder, p0036@example.org, 2025-02-06T00:05:31Z
e879626b-5207-449f-975f-ac255e6d4489, P0036                , b8cb499f-b2de-43ba-b7dd-f16ec4b4c177, Reminder , 1M_SURVEY_REMINDER_3  , p0036@example.org, study-team@example.org,              1, Survey reminder, p0036@example.org, 2025-02-07T00:05:31Z
400ff076-649c-44f5-a903-fa51eb10a71c, P0037                , 4674bdb8-9e87-4a7a-9210-ed7634d0a344, Reminder , 1M_SURVEY_REMINDER_1  , p0037@example.org, study-team@example.org,              3, Survey reminder, p0037@example.org, 2025-12-13T23:08:49Z
400ff076-649c-44f5-a903-fa51eb10a71c, P0037                , b606160c-c219-4d81-938b-e16816a5345f, Reminder , 1M_SURVEY_REMINDER_2  , p0037@example.org, study-team@example.org,              2, Survey reminder, p0037@example.org, 2025-12-14T23:08:49Z
400ff076-649c-44f5-a903-fa51eb10a71c, P0037                , 8b65cebf-14ec-402b-95ee-688265b6662a, Reminder , 1M_SURVEY_REMINDER_3  , p0037@example.org, study-team@example.org,              4, Survey reminder, p0037@example.org, 2025-12-15T23:08:49Z
ac61297c-ea06-4815-8161-cdfdae444f80, P0038                , b4f941b6-c927-4605-99e3-37cc7a6c77bf, Reminder , 3M_SURVEY_REMINDER_1  , p0038@example.org, study-team@example.org,              1, Survey reminder, p0038@example.org, 2026-03-13T12:23:30Z
ac61297c-ea06-4815-8161-cdfdae444f80, P0038                , cec8ab63-28b3-434e-985c-e84ef535ee81, Reminder , 3M_SURVEY_REMINDER_2  , p0038@example.org, study-team@example.org,              1, Survey reminder, p0038@example.org, 2026-03-14T12:23:30Z
ac61297c-ea06-4815-8161-cdfdae444f80, P0038                , aab18b42-70ce-4ca8-9968-619bcf5b1ff8, Reminder , 4_6M_SURVEY_REMINDER_1, p0038@example.org, study-team@example.org,              5, Survey reminder, p0038@example.org, 2026-05-07T12:23:30Z
ac61297c-ea06-4815-8161-cdfdae444f80, P0038                , b0d5b2f2-a959-4415-8bda-810ec3afa22f, Reminder , 4_6M_SURVEY_REMINDER_2, p0038@example.org, study-team@example.org,              1, Survey reminder, p0038@example.org, 2026-05-08T12:23:30Z
f77e701b-e5d2-4e53-8dd7-5574a2cd9ce3, P0040                , 127d0424-5b3d-46cc-8ce5-505abd5a7755, Reminder , 3M_SURVEY_REMINDER_1  , p0040@example.org, study-team@example.org,              5, Survey reminder, p0040@example.org, 2025-10-08T21:48:42Z
f77e701b-e5d2-4e53-8dd7-5574a2cd9ce3, P0040                , 80a8f8de-277a-4ecb-8a57-009d97ccb9a1, Reminder , 3M_SURVEY_REMINDER_2  , p0040@example.org, study-team@example.org,              1, Survey reminder, p0040@example.org, 2025-10-09T21:48:42Z
f77e701b-e5d2-4e53-8dd7-5574a2cd9ce3, P0040                , e30f3e00-c4ae-4729-bfc8-c24f0facbda5, Reminder , 3M_SURVEY_REMINDER_3  , p0040@example.org, study-team@example.org,              4, Survey reminder, p0040@example.org, 2025-10-10T21:48:42Z
0107f88a-cd7f-4218-a820-5d9abbc458f8, P0041                , 44eb5cc9-1cff-439e-9735-ba0cae81d2ab, Reminder , 7D_SURVEY_REMINDER_1  , p0041@example.org, study-team@example.org,              3, Survey reminder, p0041@example.org, 2025-09-29T08:22:20Z
0107f88a-cd7f-4218-a820-5d9abbc458f8, P0041                , 0eb40ed7-f822-4c36-8e9c-ba11d5d2a6ac, Reminder , 7D_SURVEY_REMINDER_2  , p0041@example.org, study-team@example.org,              3, Survey reminder, p0041@example.org, 2025-09-30T08:22:20Z
0107f88a-cd7f-4218-a820-5d9abbc458f8, P0041                , f2a0d801-1cbc-4cf5-b38a-3b866b915b4f, Reminder , 1M_SURVEY_REMINDER_1  , p0041@example.org, study-team@example.org,              3, Survey reminder, p0041@example.org, 2025-10-22T08:22:20Z
0107f88a-cd7f-4218-a820-5d9abbc458f8, P0041                , 3340aff8-2f96-445a-9fb4-8893968b5615, Reminder , 3M_SURVEY_REMINDER_1  , p0041@example.org, study-team@example.org,              3, Survey reminder, p0041@example.org, 2025-12-21T09:22:20Z
0107f88a-cd7f-4218-a820-5d9abbc458f8, P0041                , 5c17c427-3e3b-44b4-8cd5-4b9ddd9a3115, Reminder , 3M_SURVEY_REMINDER_2  , p0041@example.org, study-team@example.org,              1, Survey reminder, p0041@example.org, 2025-12-22T09:22:20Z
0107f88a-cd7f-4218-a820-5d9abbc458f8, P0041                , a04344a8-22a0-4a7b-9b4c-c1f6fe87af97, Reminder , 3M_SURVEY_REMINDER_3  , p0041@example.org, study-team@example.org,              3, Survey reminder, p0041@example.org, 2025-12-23T09:22:20Z
32551c80-b925-417b-93a3-8d72e2de213a, P0042                , aee52d5f-1607-42cf-b85d-11d27fe32e48, Reminder , 4_6M_SURVEY_REMINDER_1, p0042@example.org, study-team@example.org,              4, Survey reminder, p0042@example.org, 2025-10-26T12:52:24Z
32551c80-b925-417b-93a3-8d72e2de213a, P0042                , 72ba1ed4-8dd6-4d08-a058-1389413dc05b, Reminder , 4_6M_SURVEY_REMINDER_2, p0042@example.org, study-team@example.org,              1, Survey reminder, p0042@example.org, 2025-10-27T12:52:24Z
e9783527-d679-4eaf-9b3b-84d7ca9b12f0, P0043                , 9b98c67e-567b-4362-b92c-d4918c76946f, Reminder , 1M_SURVEY_REMINDER_1  , p0043@example.org, study-team@example.org,              2, Survey reminder, p0043@example.org, 2025-04-23T03:26:39Z
e9783527-d679-4eaf-9b3b-84d7ca9b12f0, P0043                , 255dc219-1310-41ae-8897-1df1dc0e46dd, Reminder , 3M_SURVEY_REMINDER_1  , p0043@example.org, study-team@example.org,              1, Survey reminder, p0043@example.org, 2025-06-22T03:26:39Z
3331dc55-7da5-4e92-b390-198c70541701, P0044                , b26b98b0-3459-48f6-8102-f5aa3945482f, Reminder , 24H_SURVEY_REMINDER_1 , p0044@example.org, study-team@example.org,              2, Survey reminder, p0044@example.org, 2025-06-04T18:20:34Z
3331dc55-7da5-4e92-b390-198c70541701, P0044                , 770f7b30-c774-427e-bdbe-8e8d2dc9b785, Reminder , 4_6M_SURVEY_REMINDER_1, p0044@example.org, study-team@example.org,              3, Survey reminder, p0044@example.org, 2025-10-09T18:20:34Z
3d8f7c8b-f524-4fbe-8e2f-d7ce0078c214, P0045                , 1d273a8b-a998-4dac-9305-54872ef5a577, Reminder , 24H_SURVEY_REMINDER_1 , p0045@example.org, study-team@example.org,              3, Survey reminder, p0045@example.org, 2025-04-09T04:16:49Z
3d8f7c8b-f524-4fbe-8e2f-d7ce0078c214, P0045                , 58de0cb0-cb33-4708-8b55-b0c3fb4543c6, Reminder , 24H_SURVEY_REMINDER_2 , p0045@example.org, study-team@example.org,              3, Survey reminder, p0045@example.org, 2025-04-10T04:16:49Z
3d8f7c8b-f524-4fbe-8e2f-d7ce0078c214, P0045                , 5d807f9a-6683-4f2e-8a4a-32e0eb4096b1, Reminder , 7D_SURVEY_REMINDER_1  , p0045@example.org, study-team@example.org,              5, Survey reminder, p0045@example.org, 2025-04-16T04:16:49Z
923a24f4-8a15-4e89-9006-8e949e073d65, P0046                , 8ec8c3c2-ec31-48e9-b549-d180e8843876, Reminder , 24H_SURVEY_REMINDER_1 , p0046@example.org, study-team@example.org,              1, Survey reminder, p0046@example.org, 2025-05-16T12:24:51Z
923a24f4-8a15-4e89-9006-8e949e073d65, P0046                , 632451d4-8c3a-4bcc-9aa2-ae0a051f5b4b, Reminder , 24H_SURVEY_REMINDER_2 , p0046@example.org, study-team@example.org,              4, Survey reminder, p0046@example.org, 2025-05-17T12:24:51Z
923a24f4-8a15-4e89-9006-8e949e073d65, P0046                , ee3ee665-455f-4427-b6bd-20b7791a2b52, Reminder , 7D_SURVEY_REMINDER_1  , p0046@example.org, study-team@example.org,              5, Survey reminder, p0046@example.org, 2025-05-23T12:24:51Z
923a24f4-8a15-4e89-9006-8e949e073d65, P0046                , 76b5c6cb-6c20-430a-90b3-0799463a5c3b, Reminder , 3M_SURVEY_REMINDER_1  , p0046@example.org, study-team@example.org,              4, Survey reminder, p0046@example.org, 2025-08-14T12:24:51Z
734601b9-87ac-42e7-bdda-8db4221b4f48, P0047                , b883f77d-443f-4d66-97a4-56513279fb41, Reminder , 24H_SURVEY_REMINDER_1 , p0047@example.org, study-team@example.org,              3, Survey reminder, p0047@example.org, 2025-12-28T10:52:24Z
734601b9-87ac-42e7-bdda-8db4221b4f48, P0047                , 8a3fe5b1-eff5-4f17-852d-8bb88f53624d, Reminder , 24H_SURVEY_REMINDER_2 , p0047@example.org, study-team@example.org,              3, Survey reminder, p0047@example.org, 2025-12-29T10:52:24Z
734601b9-87ac-42e7-bdda-8db4221b4f48, P0047                , ec8a5f09-bf23-4ab0-8e87-71596f427847, Reminder , 7D_SURVEY_REMINDER_1  , p0047@example.org, study-team@example.org,              1, Survey reminder, p0047@example.org, 2026-01-04T10:52:24Z
734601b9-87ac-42e7-bdda-8db4221b4f48, P0047                , bd1118b9-3018-4991-a357-e248f6e818d3, Reminder , 3M_SURVEY_REMINDER_1  , p0047@example.org, study-team@example.org,              5, Survey reminder, p0047@example.org, 2026-03-28T09:52:24Z
734601b9-87ac-42e7-bdda-8db4221b4f48, P0047                , ce325349-188b-4138-93c2-b87b18b9d6cd, Reminder , 3M_SURVEY_REMINDER_2  , p0047@example.org, study-team@example.org,              2, Survey reminder, p0047@example.org, 2026-03-29T09:52:24Z
734601b9-87ac-42e7-bdda-8db4221b4f48, P0047                , a61c5207-248e-4aa1-8799-6988f44c7cf2, Reminder , 3M_SURVEY_REMINDER_3  , p0047@example.org, study-team@example.org,              2, Survey reminder, p0047@example.org, 2026-03-30T09:52:24Z
cfcb5ec9-cee5-4de3-9538-fb8df896e496, P0048                , 6be4b415-b555-48eb-87d7-688dabb30047, Reminder , 3M_SURVEY_REMINDER_1  , p0048@example.org, study-team@example.org,              1, Survey reminder, p0048@example.org, 2025-08-18T00:05:50Z
ed0116e6-3f3a-481a-9bad-8b30f9ddfc07, P0050                , 2db56aa3-8a9b-414e-a98d-8cfa502d3d74, Reminder , 24H_SURVEY_REMINDER_1 , p0050@example.org, study-team@example.org,              2, Survey reminder, p0050@example.org, 2025-05-27T15:47:35Z
ed0116e6-3f3a-481a-9bad-8b30f9ddfc07, P0050                , 7f2cbb5b-4ed4-49ec-b097-6cd1ccc45a99, Reminder , 7D_SURVEY_REMINDER_1  , p0050@example.org, study-team@example.org,              1, Survey reminder, p0050@example.org, 2025-06-03T15:47:35Z
ed0116e6-3f3a-481a-9bad-8b30f9ddfc07, P0050                , 6ad72987-e5db-4810-b601-918cafe7a434, Reminder , 3M_SURVEY_REMINDER_1  , p0050@example.org, study-team@example.org,              3, Survey reminder, p0050@example.org, 2025-08-25T15:47:35Z
ed0116e6-3f3a-481a-9bad-8b30f9ddfc07, P0050                , 312f9f3e-174a-42b2-87a8-d5f8c0d95648, Reminder , 4_6M_SURVEY_REMINDER_1, p0050@example.org, study-team@example.org,              3, Survey reminder, p0050@example.org, 2025-11-17T16:47:35Z
ed0116e6-3f3a-481a-9bad-8b30f9ddfc07, P0050                , a131f145-5ebf-462b-97b1-230d66859eb6, Reminder , 4_6M_SURVEY_REMINDER_2, p0050@example.org, study-team@example.org,              5, Survey reminder, p0050@example.org, 2025-11-18T16:47:35Z
ed0116e6-3f3a-481a-9bad-8b30f9ddfc07, P0050                , 725096b7-d4f6-4c9c-a30c-f1dffc009800, Reminder , 4_6M_SURVEY_REMINDER_3, p0050@example.org, study-team@example.org,              1, Survey reminder, p0050@example.org, 2025-11-19T16:47:35Z
8175a901-94c1-413c-9a52-e0e035e3bbb6, P0051                , f34d3d73-e2b0-4229-b385-d8aad0473c43, Reminder , 7D_SURVEY_REMINDER_1  , p0051@example.org, study-team@example.org,              2, Survey reminder, p0051@example.org, 2025-10-25T04:57:06Z
8175a901-94c1-413c-9a52-e0e035e3bbb6, P0051                , b09033f2-19b1-4fd3-b3a6-b65edee81cea, Reminder , 7D_SURVEY_REMINDER_2  , p0051@example.org, study-team@example.org,              3, Survey reminder, p0051@example.org, 2025-10-26T04:57:06Z
8175a901-94c1-413c-9a52-e0e035e3bbb6, P0051                , 373178c0-e297-4d2b-9fe5-bee1bd34d3b2, Reminder , 3M_SURVEY_REMINDER_1  , p0051@example.org, study-team@example.org,              3, Survey reminder, p0051@example.org, 2026-01-16T05:57:06Z
8175a901-94c1-413c-9a52-e0e035e3bbb6, P0051                , 7ecffaaa-660b-49e2-8880-8e660189fb43, Reminder , 4_6M_SURVEY_REMINDER_1, p0051@example.org, study-team@example.org,              2, Survey reminder, p0051@example.org, 2026-03-09T04:57:06Z
8175a901-94c1-413c-9a52-e0e035e3bbb6, P0051                , 5efb9101-bde6-48bf-9337-a00a9c11a623, Reminder , 4_6M_SURVEY_REMINDER_2, p0051@example.org, study-team@example.org,              3, Survey reminder, p0051@example.org, 2026-03-10T04:57:06Z
0aabec2d-112b-49e6-9422-0e839970ba2e, P0052                , 0935818a-7bcd-481c-b5eb-90468720b8c7, Reminder , 1M_SURVEY_REMINDER_1  , p0052@example.org, study-team@example.org,              3, Survey reminder, p0052@example.org, 2025-08-18T22:59:28Z
5e6a48b4-9968-4faa-9d32-d20f2ab32b9a, P0053                , cea3e245-1d30-4a50-8e00-1bb155b32fd5, Reminder , 24H_SURVEY_REMINDER_1 , p0053@example.org, study-team@example.org,              4, Survey reminder, p0053@example.org, 2025-09-06T03:57:57Z
5e6a48b4-9968-4faa-9d32-d20f2ab32b9a, P0053                , 47236efc-e40b-44a9-910e-e3a44e7a9ec3, Reminder , 24H_SURVEY_REMINDER_2 , p0053@example.org, study-team@example.org,              1, Survey reminder, p0053@example.org, 2025-09-07T03:57:57Z
5e6a48b4-9968-4faa-9d32-d20f2ab32b9a, P0053                , 35a2d0c2-7410-4b97-b21e-e5b09e5c269d, Reminder , 24H_SURVEY_REMINDER_3 , p0053@example.org, study-team@example.org,              1, Survey reminder, p0053@example.org, 2025-09-08T03:57:57Z
5e6a48b4-9968-4faa-9d32-d20f2ab32b9a, P0053                , 09c93a89-9646-41dd-94b6-c9ce7dca56a9, Reminder , 1M_SURVEY_REMINDER_1  , p0053@example.org, study-team@example.org,              5, Survey reminder, p0053@example.org, 2025-10-06T03:57:57Z
5e6a48b4-9968-4faa-9d32-d20f2ab32b9a, P0053                , 72e8d842-38da-4341-8f75-c51826f29764, Reminder , 1M_SURVEY_REMINDER_2  , p0053@example.org, study-team@example.org,              5, Survey reminder, p0053@example.org, 2025-10-07T03:57:57Z
5e6a48b4-9968-4faa-9d32-d20f2ab32b9a, P0053                , 2c8bf7f0-ec5e-4bdd-b80e-9d116409e4f0, Reminder , 1M_SURVEY_REMINDER_3  , p0053@example.org, study-team@example.org,              1, Survey reminder, p0053@example.org, 2025-10-08T03:57:57Z
c939b3f0-0501-4ca2-aa7c-791b92f90114, P0055                , 06edba22-6c16-49bb-9858-d9ab1b5b2570, Reminder , 7D_SURVEY_REMINDER_1  , p0055@example.org, study-team@example.org,              1, Survey reminder, p0055@example.org, 2025-10-16T07:54:01Z
c939b3f0-0501-4ca2-aa7c-791b92f90114, P0055                , 98330e58-e36b-4b4d-b1bb-3bc376c4d713, Reminder , 7D_SURVEY_REMINDER_2  , p0055@example.org, study-team@example.org,              5, Survey reminder, p0055@example.org, 2025-10-17T07:54:01Z
c939b3f0-0501-4ca2-aa7c-791b92f90114, P0055                , 85c1873d-e14f-48fd-9e6a-1913f6954f11, Reminder , 7D_SURVEY_REMINDER_3  , p0055@example.org, study-team@example.org,              2, Survey reminder, p0055@example.org, 2025-10-18T07:54:01Z
c939b3f0-0501-4ca2-aa7c-791b92f90114, P0055                , 16fa6765-c832-4ce5-8617-97b1f0d5972b, Reminder , 1M_SURVEY_REMINDER_1  , p0055@example.org, study-team@example.org,              1, Survey reminder, p0055@example.org, 2025-11-08T08:54:01Z
2ba0ff4a-8531-4a0d-9916-f9048f7d6d5e, P0056                , 94d6f16e-d47d-4606-b3fa-24e477fc7db0, Reminder , 7D_SURVEY_REMINDER_1  , p0056@example.org, study-team@example.org,              1, Survey reminder, p0056@example.org, 2025-05-20T16:42:56Z
c0b1fe99-5409-43d4-ae74-ae3291b40a6b, P0057                , 3ef5e41f-36dd-4a08-bac9-93551d5e94ee, Reminder , 7D_SURVEY_REMINDER_1  , p0057@example.org, study-team@example.org,              1, Survey reminder, p0057@example.org, 2025-02-12T08:44:47Z
c0b1fe99-5409-43d4-ae74-ae3291b40a6b, P0057                , 62cd4772-2666-4198-b249-2d7e40bf98bf, Reminder , 7D_SURVEY_REMINDER_2  , p0057@example.org, study-team@example.org,              2, Survey reminder, p0057@example.org, 2025-02-13T08:44:47Z
c0b1fe99-5409-43d4-ae74-ae3291b40a6b, P0057                , d9ef1d09-02df-4b1f-a936-a47bf0da67c3, Reminder , 3M_SURVEY_REMINDER_1  , p0057@example.org, study-team@example.org,              2, Survey reminder, p0057@example.org, 2025-05-06T07:44:47Z
c0b1fe99-5409-43d4-ae74-ae3291b40a6b, P0057                , e49a6ff0-2bad-489f-9f1c-3ca3be6507f7, Reminder , 4_6M_SURVEY_REMINDER_1, p0057@example.org, study-team@example.org,              2, Survey reminder, p0057@example.org, 2025-06-19T07:44:47Z
a21c107c-0028-4277-8e30-65833e01e54d, P0058                , 8abbc48c-4428-4f93-82f0-20bcf3b22af8, Reminder , 24H_SURVEY_REMINDER_1 , p0058@example.org, study-team@example.org,              5, Survey reminder, p0058@example.org, 2025-08-05T23:49:26Z
a21c107c-0028-4277-8e30-65833e01e54d, P0058                , 4b63ed65-09f3-460d-ab24-16800a61d8b8, Reminder , 24H_SURVEY_REMINDER_2 , p0058@example.org, study-team@example.org,              4, Survey reminder, p0058@example.org, 2025-08-06T23:49:26Z
a21c107c-0028-4277-8e30-65833e01e54d, P0058                , 564d1878-8b99-4fb1-b8a0-86498b6c0d3d, Reminder , 24H_SURVEY_REMINDER_3 , p0058@example.org, study-team@example.org,              1, Survey reminder, p0058@example.org, 2025-08-07T23:49:26Z
a21c107c-0028-4277-8e30-65833e01e54d, P0058                , 650a156c-6d04-474a-9116-3ef314e90030, Reminder , 7D_SURVEY_REMINDER_1  , p0058@example.org, study-team@example.org,              2, Survey reminder, p0058@example.org, 2025-08-12T23:49:26Z
a21c107c-0028-4277-8e30-65833e01e54d, P0058                , 6d62d542-4277-40c5-b419-ba5afc949546, Reminder , 7D_SURVEY_REMINDER_2  , p0058@example.org, study-team@example.org,              4, Survey reminder, p0058@example.org, 2025-08-13T23:49:26Z
33fb9e95-1283-4803-b03e-a48106a712f7, P0060                , 21cbccd2-a945-463a-89cf-373e7f4887a7, Reminder , 1M_SURVEY_REMINDER_1  , p0060@example.org, study-team@example.org,              5, Survey reminder, p0060@example.org, 2025-05-24T22:46:53Z
bb737c14-c512-43d5-84a5-b8faaa5a05da, P0061                , 78208f28-de92-42db-9bd3-7c40aef73062, Reminder , 3M_SURVEY_REMINDER_1  , p0061@example.org, study-team@example.org,              4, Survey reminder, p0061@example.org, 2025-07-22T04:39:09Z
bb737c14-c512-43d5-84a5-b8faaa5a05da, P0061                , 039e9279-9a20-4403-ac39-62986889c0f5, Reminder , 3M_SURVEY_REMINDER_2  , p0061@example.org, study-team@example.org,              5, Survey reminder, p0061@example.org, 2025-07-23T04:39:09Z
e6d5bddb-c717-42d5-9d6b-d3019ec31f0b, P0062                , 9e17bf1f-e83d-462b-b3a8-9c98cf725ae1, Reminder , 7D_SURVEY_REMINDER_1  , p0062@example.org, study-team@example.org,              2, Survey reminder, p0062@example.org, 2025-07-05T03:43:51Z
e6d5bddb-c717-42d5-9d6b-d3019ec31f0b, P0062                , 76da4d49-810c-4315-8dd1-0e62b0ad7adf, Reminder , 3M_SURVEY_REMINDER_1  , p0062@example.org, study-team@example.org,              2, Survey reminder, p0062@example.org, 2025-09-26T03:43:51Z
e6d5bddb-c717-42d5-9d6b-d3019ec31f0b, P0062                , 41f12885-bd7d-4338-9877-71b03bfaea29, Reminder , 4_6M_SURVEY_REMINDER_1, p0062@example.org, study-team@example.org,              1, Survey reminder, p0062@example.org, 2025-12-18T04:43:51Z
e6d5bddb-c717-42d5-9d6b-d3019ec31f0b, P0062                , 503ef9d1-3ef2-41c1-a919-59aa738c74cf, Reminder , 4_6M_SURVEY_REMINDER_2, p0062@example.org, study-team@example.org,              4, Survey reminder, p0062@example.org, 2025-12-19T04:43:51Z
0bdf062e-5ec9-4e45-aa30-36e9032021a2, P0063                , e27ad0b6-50e6-4b7d-ae99-3f5b0984d249, Reminder , 3M_SURVEY_REMINDER_1  , p0063@example.org, study-team@example.org,              3, Survey reminder, p0063@example.org, 2025-05-26T05:10:58Z
0bdf062e-5ec9-4e45-aa30-36e9032021a2, P0063                , 85b64017-8874-4585-85e7-8952dfb241e8, Reminder , 3M_SURVEY_REMINDER_2  , p0063@example.org, study-team@example.org,              3, Survey reminder, p0063@example.org, 2025-05-27T05:10:58Z
ebb28622-1607-4d77-b6f0-d99d03f87626, P0064                , b988f23d-2fde-4545-8c82-4d99babfdf07, Reminder , 24H_SURVEY_REMINDER_1 , p0064@example.org, study-team@example.org,              3, Survey reminder, p0064@example.org, 2025-12-07T22:20:44Z
ebb28622-1607-4d77-b6f0-d99d03f87626, P0064                , 7fb8e39f-e992-4475-8995-30980135de1b, Reminder , 24H_SURVEY_REMINDER_2 , p0064@example.org, study-team@example.org,              3, Survey reminder, p0064@example.org, 2025-12-08T22:20:44Z
ebb28622-1607-4d77-b6f0-d99d03f87626, P0064                , c042ccfe-9922-4e51-a5a2-779349d3bbb3, Reminder , 7D_SURVEY_REMINDER_1  , p0064@example.org, study-team@example.org,              2, Survey reminder, p0064@example.org, 2025-12-14T22:20:44Z
ebb28622-1607-4d77-b6f0-d99d03f87626, P0064                , 7751db3d-0812-4002-8bed-583def3f198c, Reminder , 3M_SURVEY_REMINDER_1  , p0064@example.org, study-team@example.org,              1, Survey reminder, p0064@example.org, 2026-03-07T22:20:44Z
ebb28622-1607-4d77-b6f0-d99d03f87626, P0064                , 379f16cc-a384-4b8d-b00a-45b95fe60476, Reminder , 3M_SURVEY_REMINDER_2  , p0064@example.org, study-team@example.org,              1, Survey reminder, p0064@example.org, 2026-03-08T21:20:44Z
217e814c-685b-4705-b2aa-fb154438d30c, P0065                , cb426b3f-a5fc-49f6-bec6-1beca2605824, Reminder , 24H_SURVEY_REMINDER_1 , p0065@example.org, study-team@example.org,              4, Survey reminder, p0065@example.org, 2025-09-08T21:56:01Z
217e814c-685b-4705-b2aa-fb154438d30c, P0065                , 0e911494-2c9a-47b6-b949-76e941f1a6f6, Reminder , 3M_SURVEY_REMINDER_1  , p0065@example.org, study-team@example.org,              1, Survey reminder, p0065@example.org, 2025-12-07T22:56:01Z
217e814c-685b-4705-b2aa-fb154438d30c, P0065                , 96d23c71-dd98-4b5d-a2bf-37d722ccf0e6, Reminder , 3M_SURVEY_REMINDER_2  , p0065@example.org, study-team@example.org,              4, Survey reminder, p0065@example.org, 2025-12-08T22:56:01Z
217e814c-685b-4705-b2aa-fb154438d30c, P0065                , 7ae4da34-ac0b-4834-a3d5-16d92a4a7152, Reminder , 4_6M_SURVEY_REMINDER_1, p0065@example.org, study-team@example.org,              2, Survey reminder, p0065@example.org, 2026-01-25T22:56:01Z
3b07bf15-ec82-42d0-95af-4e8de2873033, P0066                , 70eb38bd-e1cf-4ed7-a6a6-78a6519ef63e, Reminder , 3M_SURVEY_REMINDER_1  , p0066@example.org, study-team@example.org,              3, Survey reminder, p0066@example.org, 2025-12-30T22:32:09Z
5a5a2141-8c92-4bb7-9414-da635505f423, P0067                , 14c2fbcf-2b66-4274-a2f9-6828ca557cfc, Reminder , 1M_SURVEY_REMINDER_1  , p0067@example.org, study-team@example.org,              3, Survey reminder, p0067@example.org, 2025-11-05T18:29:00Z
5a5a2141-8c92-4bb7-9414-da635505f423, P0067                , 7f34da19-4d90-4445-ad75-b73e01facabf, Reminder , 3M_SURVEY_REMINDER_1  , p0067@example.org, study-team@example.org,              5, Survey reminder, p0067@example.org, 2026-01-04T18:29:00Z
5a5a2141-8c92-4bb7-9414-da635505f423, P0067                , 2a193d41-6e93-43ee-a078-89f51a36bd46, Reminder , 3M_SURVEY_REMINDER_2  , p0067@example.org, study-team@example.org,              2, Survey reminder, p0067@example.org, 2026-01-05T18:29:00Z
5a5a2141-8c92-4bb7-9414-da635505f423, P0067                , db8c14d3-d6bc-4491-81bc-95414fcd1080, Reminder , 4_6M_SURVEY_REMINDER_1, p0067@example.org, study-team@example.org,              5, Survey reminder, p0067@example.org, 2026-02-14T18:29:00Z
0913f118-eb66-41d3-b2e5-99a9bd0f80f5, P0069                , 010ce2bd-f7e9-476a-b775-7f42db4c9774, Reminder , 4_6M_SURVEY_REMINDER_1, p0069@example.org, study-team@example.org,              1, Survey reminder, p0069@example.org, 2025-10-04T12:05:06Z
bf7cc898-96e6-4591-97d7-3259531f0936, P0070                , a1933054-7578-474b-9583-afba8de30cbb, Reminder , 7D_SURVEY_REMINDER_1  , p0070@example.org, study-team@example.org,              2, Survey reminder, p0070@example.org, 2025-01-18T03:35:43Z
bf7cc898-96e6-4591-97d7-3259531f0936, P0070                , 8e99e363-9a5d-4e48-9e4c-fe9b4ded35c7, Reminder , 1M_SURVEY_REMINDER_1  , p0070@example.org, study-team@example.org,              4, Survey reminder, p0070@example.org, 2025-02-10T03:35:43Z
bf7cc898-96e6-4591-97d7-3259531f0936, P0070                , a6e77ced-68d7-4cab-bd7c-3b7876fd09e4, Reminder , 1M_SURVEY_REMINDER_2  , p0070@example.org, study-team@example.org,              5, Survey reminder, p0070@example.org, 2025-02-11T03:35:43Z
bf7cc898-96e6-4591-97d7-3259531f0936, P0070                , d4a35f0a-347a-462f-b944-1396e10207b5, Reminder , 1M_SURVEY_REMINDER_3  , p0070@example.org, study-team@example.org,              4, Survey reminder, p0070@example.org, 2025-02-12T03:35:43Z
fdea8b6b-0de9-42e4-b471-0e8d262c3d74, P0071                , 30cbc2ad-c5ea-4d3e-8a2b-5964811bf312, Reminder , 1M_SURVEY_REMINDER_1  , p0071@example.org, study-team@example.org,              3, Survey reminder, p0071@example.org, 2025-12-26T19:01:25Z
fdea8b6b-0de9-42e4-b471-0e8d262c3d74, P0071                , 9cf3580a-de81-44f7-a1c0-4dffcb13e218, Reminder , 1M_SURVEY_REMINDER_2  , p0071@example.org, study-team@example.org,              2, Survey reminder, p0071@example.org, 2025-12-27T19:01:25Z
fdea8b6b-0de9-42e4-b471-0e8d262c3d74, P0071                , df667167-3172-41d6-be7c-0495deeb384a, Reminder , 1M_SURVEY_REMINDER_3  , p0071@example.org, study-team@example.org,              5, Survey reminder, p0071@example.org, 2025-12-28T19:01:25Z
47e65a23-f73d-4e97-8d8e-a907ffe8774a, P0073                , abc1e12a-e775-4d61-9881-7fef2b8f0b7b, Reminder , 1M_SURVEY_REMINDER_1  , p0073@example.org, study-team@example.org,              1, Survey reminder, p0073@example.org, 2025-06-23T17:53:21Z
47e65a23-f73d-4e97-8d8e-a907ffe8774a, P0073                , de5ead00-5938-4c10-8bf2-b2a24f9f99ce, Reminder , 1M_SURVEY_REMINDER_2  , p0073@example.org, study-team@example.org,              3, Survey reminder, p0073@example.org, 2025-06-24T17:53:21Z
47e65a23-f73d-4e97-8d8e-a907ffe8774a, P0073                , c4bf8a5f-272f-4b9e-8166-48b19266b86b, Reminder , 1M_SURVEY_REMINDER_3  , p0073@example.org, study-team@example.org,              2, Survey reminder, p0073@example.org, 2025-06-25T17:53:21Z
7cea1968-ad5a-41f5-b264-ad2d6f5b1148, P0074                , 7383ae87-dcc0-42eb-ac38-c56c9a1ddfa2, Reminder , 1M_SURVEY_REMINDER_1  , p0074@example.org, study-team@example.org,              2, Survey reminder, p0074@example.org, 2025-06-21T16:28:03Z
7cea1968-ad5a-41f5-b264-ad2d6f5b1148, P0074                , 28a4fe22-6aef-496f-85d8-b4ccf530c047, Reminder , 4_6M_SURVEY_REMINDER_1, p0074@example.org, study-team@example.org,              4, Survey reminder, p0074@example.org, 2025-09-28T16:28:03Z
7cea1968-ad5a-41f5-b264-ad2d6f5b1148, P0074                , d9d68f98-d1d6-455d-af19-a44a4714a4e3, Reminder , 4_6M_SURVEY_REMINDER_2, p0074@example.org, study-team@example.org,              5, Survey reminder, p0074@example.org, 2025-09-29T16:28:03Z
7cea1968-ad5a-41f5-b264-ad2d6f5b1148, P0074                , 4edd5a6b-4f29-44ea-a3a0-5d76fa537612, Reminder , 4_6M_SURVEY_REMINDER_3, p0074@example.org, study-team@example.org,              4, Survey reminder, p0074@example.org, 2025-09-30T16:28:03Z
d43e988a-134e-429d-8dac-b952a76f2007, P0075                , cedc7ce1-d187-479c-892d-a046d72bdb14, Reminder , 7D_SURVEY_REMINDER_1  , p0075@example.org, study-team@example.org,              5, Survey reminder, p0075@example.org, 2025-07-06T13:30:56Z
d43e988a-134e-429d-8dac-b952a76f2007, P0075                , 25264def-def8-4307-8c62-13ccfbe3fca6, Reminder , 7D_SURVEY_REMINDER_2  , p0075@example.org, study-team@example.org,              4, Survey reminder, p0075@example.org, 2025-07-07T13:30:56Z
d43e988a-134e-429d-8dac-b952a76f2007, P0075                , 7456fdf0-af03-401b-8d1c-a50d93ad848e, Reminder , 1M_SURVEY_REMINDER_1  , p0075@example.org, study-team@example.org,              4, Survey reminder, p0075@example.org, 2025-07-29T13:30:56Z
d43e988a-134e-429d-8dac-b952a76f2007, P0075                , fccb5ac9-3781-484d-b233-04f4e62c4077, Reminder , 3M_SURVEY_REMINDER_1  , p0075@example.org, study-team@example.org,              4, Survey reminder, p0075@example.org, 2025-09-27T13:30:56Z
3012e4a2-76da-4dce-a759-f4a444f25d36, P0077                , d4d63bbc-9b64-40b8-bc98-79eadba2b76d, Reminder , 24H_SURVEY_REMINDER_1 , p0077@example.org, study-team@example.org,              2, Survey reminder, p0077@example.org, 2025-02-05T18:14:46Z
3012e4a2-76da-4dce-a759-f4a444f25d36, P0077                , 4082d9ef-569b-42da-b2ff-ab7cbb854e4d, Reminder , 1M_SURVEY_REMINDER_1  , p0077@example.org, study-team@example.org,              4, Survey reminder, p0077@example.org, 2025-03-07T18:14:46Z
3012e4a2-76da-4dce-a759-f4a444f25d36, P0077                , d849add0-bcec-46a4-96d3-70c6ec12466a, Reminder , 1M_SURVEY_REMINDER_2  , p0077@example.org, study-team@example.org,              3, Survey reminder, p0077@example.org, 2025-03-08T18:14:46Z
3012e4a2-76da-4dce-a759-f4a444f25d36, P0077                , 4be1faeb-bd1d-4d7f-9fc5-fe0deb240e12, Reminder , 1M_SURVEY_REMINDER_3  , p0077@example.org, study-team@example.org,              3, Survey reminder, p0077@example.org, 2025-03-09T17:14:46Z
3012e4a2-76da-4dce-a759-f4a444f25d36, P0077                , 9ab6cf14-488c-40cc-bdbc-0f90cef7cb98, Reminder , 4_6M_SURVEY_REMINDER_1, p0077@example.org, study-team@example.org,              5, Survey reminder, p0077@example.org, 2025-07-19T17:14:46Z
46f303b3-ceb4-4984-a9f2-58c4e041bffa, P0078                , 2d65533e-35f8-4903-84e2-ca0873d3f975, Reminder , 7D_SURVEY_REMINDER_1  , p0078@example.org, study-team@example.org,              2, Survey reminder, p0078@example.org, 2025-06-12T08:50:42Z
46f303b3-ceb4-4984-a9f2-58c4e041bffa, P0078                , e5d9ef8b-16d4-41da-93eb-f63556eea8df, Reminder , 3M_SURVEY_REMINDER_1  , p0078@example.org, study-team@example.org,              4, Survey reminder, p0078@example.org, 2025-09-03T08:50:42Z
46f303b3-ceb4-4984-a9f2-58c4e041bffa, P0078                , b6b89d7a-05a8-47d2-9847-905dd878a172, Reminder , 3M_SURVEY_REMINDER_2  , p0078@example.org, study-team@example.org,              4, Survey reminder, p0078@example.org, 2025-09-04T08:50:42Z
2eb3eee0-2092-4c32-9804-22801280160e, P0079                , 805ffddd-f881-4b37-a7ad-5d2ea78e57f6, Reminder , 24H_SURVEY_REMINDER_1 , p0079@example.org, study-team@example.org,              1, Survey reminder, p0079@example.org, 2025-12-13T13:26:19Z
2eb3eee0-2092-4c32-9804-22801280160e, P0079                , 8fe2f132-a972-4538-9780-5183899c24fe, Reminder , 24H_SURVEY_REMINDER_2 , p0079@example.org, study-team@example.org,              1, Survey reminder, p0079@example.org, 2025-12-14T13:26:19Z
f074ffbe-8502-4805-a99d-fbf0d81d6f84, P0080                , f334c1ca-d050-4659-b0ea-29f1bc3fb889, Reminder , 3M_SURVEY_REMINDER_1  , p0080@example.org, study-team@example.org,              5, Survey reminder, p0080@example.org, 2025-11-15T00:17:38Z
f074ffbe-8502-4805-a99d-fbf0d81d6f84, P0080                , 279b133e-56ef-45d4-8b2c-ec8dd552e6f9, Reminder , 3M_SURVEY_REMINDER_2  , p0080@example.org, study-team@example.org,              5, Survey reminder, p0080@example.org, 2025-11-16T00:17:38Z
c3cc9c9a-c920-4433-8779-c5fad3824dd6, P0081                , 880452e2-b6ea-4434-b3d1-593c02c0b667, Reminder , 24H_SURVEY_REMINDER_1 , p0081@example.org, study-team@example.org,              2, Survey reminder, p0081@example.org, 2025-08-04T19:50:52Z
2d4584de-eae1-4df1-8811-b9bb32a2713c, P0082                , b0944f70-d94d-41a9-94e5-419da7d9b465, Reminder , 1M_SURVEY_REMINDER_1  , p0082@example.org, study-team@example.org,              2, Survey reminder, p0082@example.org, 2025-08-13T01:56:47Z
2d4584de-eae1-4df1-8811-b9bb32a2713c, P0082                , 6e552c83-0424-465e-bdd6-42d58e2117ee, Reminder , 1M_SURVEY_REMINDER_2  , p0082@example.org, study-team@example.org,              4, Survey reminder, p0082@example.org, 2025-08-14T01:56:47Z
2d4584de-eae1-4df1-8811-b9bb32a2713c, P0082                , aceb1795-ea67-43d1-a495-80a8c99688ca, Reminder , 3M_SURVEY_REMINDER_1  , p0082@example.org, study-team@example.org,              3, Survey reminder, p0082@example.org, 2025-10-12T01:56:47Z
860a3bcb-8efd-4922-b996-1779d5f162d0, P0083                , b71d3e74-aab1-4ab3-853d-72cd8c4c35b8, Reminder , 7D_SURVEY_REMINDER_1  , p0083@example.org, study-team@example.org,              3, Survey reminder, p0083@example.org, 2025-12-11T08:08:01Z
860a3bcb-8efd-4922-b996-1779d5f162d0, P0083                , 78ef7ab4-51d9-490a-a574-b3199cf6c724, Reminder , 1M_SURVEY_REMINDER_1  , p0083@example.org, study-team@example.org,              1, Survey reminder, p0083@example.org, 2026-01-03T08:08:01Z
860a3bcb-8efd-4922-b996-1779d5f162d0, P0083                , 25d96411-73eb-4000-9c49-02ea81c71986, Reminder , 1M_SURVEY_REMINDER_2  , p0083@example.org, study-team@example.org,              1, Survey reminder, p0083@example.org, 2026-01-04T08:08:01Z
c80712ea-dc1c-49a4-915e-82e897b8dcb5, P0084                , 59471366-cfd0-476f-8b18-da929193a2b8, Reminder , 1M_SURVEY_REMINDER_1  , p0084@example.org, study-team@example.org,              4, Survey reminder, p0084@example.org, 2025-03-17T17:22:54Z
4aaa4966-d77d-43ab-94c1-069d5bb903c7, P0085                , b041be4e-639c-499b-8049-e52598003af3, Reminder , 7D_SURVEY_REMINDER_1  , p0085@example.org, study-team@example.org,              4, Survey reminder, p0085@example.org, 2025-06-22T17:25:38Z
4aaa4966-d77d-43ab-94c1-069d5bb903c7, P0085                , ec926197-f5f9-4bf1-8930-da2159aed356, Reminder , 7D_SURVEY_REMINDER_2  , p0085@example.org, study-team@example.org,              3, Survey reminder, p0085@example.org, 2025-06-23T17:25:38Z
4aaa4966-d77d-43ab-94c1-069d5bb903c7, P0085                , 9a852e4e-5fb6-4922-bb41-bf3a5d1ea6f4, Reminder , 7D_SURVEY_REMINDER_3  , p0085@example.org, study-team@example.org,              2, Survey reminder, p0085@example.org, 2025-06-24T17:25:38Z
6a923399-7071-4f8c-b8ec-88a81ad77bea, P0086                , 4a45c2a9-0588-4ff8-a84d-2ac76e38f955, Reminder , 24H_SURVEY_REMINDER_1 , p0086@example.org, study-team@example.org,              2, Survey reminder, p0086@example.org, 2025-07-17T03:36:50Z
6a923399-7071-4f8c-b8ec-88a81ad77bea, P0086                , 36da4835-95f1-46fe-8f39-a1cf115d0b65, Reminder , 4_6M_SURVEY_REMINDER_1, p0086@example.org, study-team@example.org,              2, Survey reminder, p0086@example.org, 2026-01-05T04:36:50Z
6a923399-7071-4f8c-b8ec-88a81ad77bea, P0086                , 181f56da-c71f-42d4-be4e-35496a59c87d, Reminder , 4_6M_SURVEY_REMINDER_2, p0086@example.org, study-team@example.org,              1, Survey reminder, p0086@example.org, 2026-01-06T04:36:50Z
4dd5eca2-21d9-48ba-89d8-1e9f3dc852d8, P0087                , edbb45c6-2a74-41f5-b9e9-5be4387c5fcc, Reminder , 7D_SURVEY_REMINDER_1  , p0087@example.org, study-team@example.org,              1, Survey reminder, p0087@example.org, 2025-11-16T05:18:34Z
4dd5eca2-21d9-48ba-89d8-1e9f3dc852d8, P0087                , 8724d5c2-6978-42a0-bdd9-5356e0390117, Reminder , 7D_SURVEY_REMINDER_2  , p0087@example.org, study-team@example.org,              1, Survey reminder, p0087@example.org, 2025-11-17T05:18:34Z
4dd5eca2-21d9-48ba-89d8-1e9f3dc852d8, P0087                , ec1e5b68-0afe-468a-9d45-820897c6aacc, Reminder , 7D_SURVEY_REMINDER_3  , p0087@example.org, study-team@example.org,              4, Survey reminder, p0087@example.org, 2025-11-18T05:18:34Z
4dd5eca2-21d9-48ba-89d8-1e9f3dc852d8, P0087                , f395f639-52e3-4666-aa10-b9a6a9eb03b4, Reminder , 3M_SURVEY_REMINDER_1  , p0087@example.org, study-team@example.org,              1, Survey reminder, p0087@example.org, 2026-02-07T05:18:34Z
82ad68eb-95a4-4ea2-a5a8-a9ac30b69e25, P0088                , bb4c0f86-8cf5-4141-8bb1-a9380537fb60, Reminder , 24H_SURVEY_REMINDER_1 , p0088@example.org, study-team@example.org,              5, Survey reminder, p0088@example.org, 2025-10-19T19:52:59Z
82ad68eb-95a4-4ea2-a5a8-a9ac30b69e25, P0088                , df597c21-362c-4cc9-b87d-2dac1a204bc1, Reminder , 3M_SURVEY_REMINDER_1  , p0088@example.org, study-team@example.org,              3, Survey reminder, p0088@example.org, 2026-01-17T20:52:59Z
cbfcfd41-c898-4bb4-b426-c60b07a8a656, P0089                , 73713509-a360-4a33-a3f8-d20bdbf3b544, Reminder , 24H_SURVEY_REMINDER_1 , p0089@example.org, study-team@example.org,              2, Survey reminder, p0089@example.org, 2025-12-04T03:44:52Z
cbfcfd41-c898-4bb4-b426-c60b07a8a656, P0089                , b5fbd568-2fc8-4bf0-92b2-2c7f0bd8d04e, Reminder , 7D_SURVEY_REMINDER_1  , p0089@example.org, study-team@example.org,              2, Survey reminder, p0089@example.org, 2025-12-11T03:44:52Z
cbfcfd41-c898-4bb4-b426-c60b07a8a656, P0089                , 06a1cff5-774a-43e9-9de3-7a650b4cff53, Reminder , 7D_SURVEY_REMINDER_2  , p0089@example.org, study-team@example.org,              4, Survey reminder, p0089@example.org, 2025-12-12T03:44:52Z
cbfcfd41-c898-4bb4-b426-c60b07a8a656, P0089                , acd40c57-5e0a-4fef-9d2c-eab2d7db50f3, Reminder , 7D_SURVEY_REMINDER_3  , p0089@example.org, study-team@example.org,              2, Survey reminder, p0089@example.org, 2025-12-13T03:44:52Z
cb2c82e7-a1fa-4dda-990a-fc2a7501db86, P0090                , 9ad9f95b-332d-470e-941b-269c188970c3, Reminder , 4_6M_SURVEY_REMINDER_1, p0090@example.org, study-team@example.org,              5, Survey reminder, p0090@example.org, 2026-02-08T14:57:13Z
832b9391-3f31-46a4-9d8b-66086a62f485, P0092                , d8e17ade-ee56-4fc1-b3d2-45565e7040d2, Reminder , 1M_SURVEY_REMINDER_1  , p0092@example.org, study-team@example.org,              3, Survey reminder, p0092@example.org, 2025-08-10T04:44:46Z
832b9391-3f31-46a4-9d8b-66086a62f485, P0092                , 90a03393-61f9-42f9-85f5-e1cce420baaf, Reminder , 4_6M_SURVEY_REMINDER_1, p0092@example.org, study-team@example.org,              3, Survey reminder, p0092@example.org, 2025-12-22T05:44:46Z
832b9391-3f31-46a4-9d8b-66086a62f485, P0092                , d2cdfee8-144f-4a36-9ec8-75b22c04067f, Reminder , 4_6M_SURVEY_REMINDER_2, p0092@example.org, study-team@example.org,              5, Survey reminder, p0092@example.org, 2025-12-23T05:44:46Z
3bebe902-34ba-4086-848e-b8c5e34ca11e, P0093                , 4655d01e-7bba-4e68-afca-1344ba266a2f, Reminder , 24H_SURVEY_REMINDER_1 , p0093@example.org, study-team@example.org,              5, Survey reminder, p0093@example.org, 2025-06-05T03:01:13Z
67b3b994-84de-4f2a-8c07-085f88fd25b7, P0094                , 7af37d43-cdde-49a9-b798-553eac6bfb71, Reminder , 3M_SURVEY_REMINDER_1  , p0094@example.org, study-team@example.org,              3, Survey reminder, p0094@example.org, 2026-03-23T12:46:51Z
c26ff39f-748c-4639-bcee-ce77ca585f17, P0095                , da175689-6c04-4b0d-bdc6-ff40ea6cf9e0, Reminder , 7D_SURVEY_REMINDER_1  , p0095@example.org, study-team@example.org,              4, Survey reminder, p0095@example.org, 2025-07-31T06:07:33Z
c26ff39f-748c-4639-bcee-ce77ca585f17, P0095                , 578d2001-eac4-468d-bf27-cdcd956ab6fa, Reminder , 7D_SURVEY_REMINDER_2  , p0095@example.org, study-team@example.org,              4, Survey reminder, p0095@example.org, 2025-08-01T06:07:33Z
c26ff39f-748c-4639-bcee-ce77ca585f17, P0095                , 9384fe48-c0de-495e-a477-8d9027b802e0, Reminder , 1M_SURVEY_REMINDER_1  , p0095@example.org, study-team@example.org,              4, Survey reminder, p0095@example.org, 2025-08-23T06:07:33Z
c26ff39f-748c-4639-bcee-ce77ca585f17, P0095                , 7966aa86-f609-4481-9869-51eb68e32bcc, Reminder , 1M_SURVEY_REMINDER_2  , p0095@example.org, study-team@example.org,              1, Survey reminder, p0095@example.org, 2025-08-24T06:07:33Z
c26ff39f-748c-4639-bcee-ce77ca585f17, P0095                , 208c5502-e311-449b-a06b-1673f7d17a73, Reminder , 1M_SURVEY_REMINDER_3  , p0095@example.org, study-team@example.org,              4, Survey reminder, p0095@example.org, 2025-08-25T06:07:33Z
c26ff39f-748c-4639-bcee-ce77ca585f17, P0095                , a5005efc-9b25-438b-afed-b901c91311cf, Reminder , 4_6M_SURVEY_REMINDER_1, p0095@example.org, study-team@example.org,              3, Survey reminder, p0095@example.org, 2026-01-20T07:07:33Z
c26ff39f-748c-4639-bcee-ce77ca585f17, P0095                , 87ae78d5-0526-4ef9-9971-7ecdff9ff980, Reminder , 4_6M_SURVEY_REMINDER_2, p0095@example.org, study-team@example.org,              5, Survey reminder, p0095@example.org, 2026-01-21T07:07:33Z
2ac494c6-975b-4603-888d-ca11bafaad35, P0096                , 18d94d7e-e37a-4f58-b7eb-67e379ff7d2a, Reminder , 24H_SURVEY_REMINDER_1 , p0096@example.org, study-team@example.org,              3, Survey reminder, p0096@example.org, 2025-04-11T22:44:23Z
2ac494c6-975b-4603-888d-ca11bafaad35, P0096                , fbb6b9ab-40a1-48fb-92cd-97737d274bcc, Reminder , 24H_SURVEY_REMINDER_2 , p0096@example.org, study-team@example.org,              4, Survey reminder, p0096@example.org, 2025-04-12T22:44:23Z
2ac494c6-975b-4603-888d-ca11bafaad35, P0096                , 36443894-5a2f-404f-b53b-787678ff49fb, Reminder , 1M_SURVEY_REMINDER_1  , p0096@example.org, study-team@example.org,              4, Survey reminder, p0096@example.org, 2025-05-11T22:44:23Z
2ac494c6-975b-4603-888d-ca11bafaad35, P0096                , 88d9ea6b-03f5-42a6-9462-fd871dba0954, Reminder , 3M_SURVEY_REMINDER_1  , p0096@example.org, study-team@example.org,              1, Survey reminder, p0096@example.org, 2025-07-10T22:44:23Z
2ac494c6-975b-4603-888d-ca11bafaad35, P0096                , 09cf07e6-6ef4-43d3-a999-32d9e68faaf4, Reminder , 4_6M_SURVEY_REMINDER_1, p0096@example.org, study-team@example.org,              1, Survey reminder, p0096@example.org, 2025-08-21T22:44:23Z
37169d44-6169-48a3-b4bc-967e6d34c5bb, P0097                , c4f17cfd-a2cd-407d-a3be-4b2538bb8b22, Reminder , 24H_SURVEY_REMINDER_1 , p0097@example.org, study-team@example.org,              3, Survey reminder, p0097@example.org, 2025-11-25T12:06:39Z
37169d44-6169-48a3-b4bc-967e6d34c5bb, P0097                , ba4b181a-af9d-4ec7-9a19-54b01956213a, Reminder , 24H_SURVEY_REMINDER_2 , p0097@example.org, study-team@example.org,              3, Survey reminder, p0097@example.org, 2025-11-26T12:06:39Z
37169d44-6169-48a3-b4bc-967e6d34c5bb, P0097                , 59dae8c4-045d-42c9-bab7-c1790377e700, Reminder , 3M_SURVEY_REMINDER_1  , p0097@example.org, study-team@example.org,              5, Survey reminder, p0097@example.org, 2026-02-23T12:06:39Z
37169d44-6169-48a3-b4bc-967e6d34c5bb, P0097                , c11d5d08-3b9c-4755-9471-182b21cedc72, Reminder , 3M_SURVEY_REMINDER_2  , p0097@example.org, study-team@example.org,              4, Survey reminder, p0097@example.org, 2026-02-24T12:06:39Z
e9457857-bb30-488b-883f-e2f8bfcb4879, P0098                , 698a3934-dfa7-44cb-8847-c2827271c3bb, Reminder , 1M_SURVEY_REMINDER_1  , p0098@example.org, study-team@example.org,              3, Survey reminder, p0098@example.org, 2025-07-13T14:22:35Z
e9457857-bb30-488b-883f-e2f8bfcb4879, P0098                , 992ebd73-c724-425f-aa1c-3a70e29e9093, Reminder , 1M_SURVEY_REMINDER_2  , p0098@example.org, study-team@example.org,              2, Survey reminder, p0098@example.org, 2025-07-14T14:22:35Z
e9457857-bb30-488b-883f-e2f8bfcb4879, P0098                , 9e89f629-1a91-40ab-9735-eea8ba513af3, Reminder , 3M_SURVEY_REMINDER_1  , p0098@example.org, study-team@example.org,              3, Survey reminder, p0098@example.org, 2025-09-11T14:22:35Z
e9457857-bb30-488b-883f-e2f8bfcb4879, P0098                , c5dddc68-1193-4c2a-a72e-6d3e4853e426, Reminder , 4_6M_SURVEY_REMINDER_1, p0098@example.org, study-team@example.org,              4, Survey reminder, p0098@example.org, 2025-10-13T14:22:35Z
e9457857-bb30-488b-883f-e2f8bfcb4879, P0098                , 5e1f4a39-3126-4fc3-b4bf-f20217754708, Reminder , 4_6M_SURVEY_REMINDER_2, p0098@example.org, study-team@example.org,              1, Survey reminder, p0098@example.org, 2025-10-14T14:22:35Z
d05d5865-c366-4e19-9541-09c2fcc3abdd, P0099                , 7118c1b2-6343-47c0-bc35-dd23dbee3568, Reminder , 4_6M_SURVEY_REMINDER_1, p0099@example.org, study-team@example.org,              4, Survey reminder, p0099@example.org, 2025-12-16T13:52:13Z
bf40fbb2-09b4-4de4-979e-3b017c7ce859, P0100                , 5f339046-bbe6-4a02-b528-7c7ce04b4779, Reminder , 24H_SURVEY_REMINDER_1 , p0100@example.org, study-team@example.org,              1, Survey reminder, p0100@example.org, 2025-12-27T06:07:36Z
bf40fbb2-09b4-4de4-979e-3b017c7ce859, P0100                , 5405b92e-596a-4d27-a874-95841e9e5a39, Reminder , 24H_SURVEY_REMINDER_2 , p0100@example.org, study-team@example.org,              1, Survey reminder, p0100@example.org, 2025-12-28T06:07:36Z
bf40fbb2-09b4-4de4-979e-3b017c7ce859, P0100                , 519a8c50-7e6c-4a23-a5d5-0b8cf4a5548c, Reminder , 24H_SURVEY_REMINDER_3 , p0100@example.org, study-team@example.org,              4, Survey reminder, p0100@example.org, 2025-12-29T06:07:36Z
2182b888-ff9a-4d0c-af68-9032efc746c4, P0101                , f9ead9c6-0dd4-40eb-b736-8633bc545ad5, Reminder , 24H_SURVEY_REMINDER_1 , p0101@example.org, study-team@example.org,              2, Survey reminder, p0101@example.org, 2025-07-06T14:22:57Z
2182b888-ff9a-4d0c-af68-9032efc746c4, P0101                , d53a4b00-8364-473b-aec9-af70d4b00482, Reminder , 24H_SURVEY_REMINDER_2 , p0101@example.org, study-team@example.org,              1, Survey reminder, p0101@example.org, 2025-07-07T14:22:57Z
6d91d440-e8b6-4b5d-b1ee-8ec83e849784, P0102                , 32a06f06-74c8-4793-935e-c63d86a6de45, Reminder , 1M_SURVEY_REMINDER_1  , p0102@example.org, study-team@example.org,              2, Survey reminder, p0102@example.org, 2025-08-18T17:02:36Z
ed17be10-5ef2-4e08-82d7-e9ceaa77a274, P0103                , 1781c056-1c4f-4abc-905e-d87f2ce9143c, Reminder , 7D_SURVEY_REMINDER_1  , p0103@example.org, study-team@example.org,              5, Survey reminder, p0103@example.org, 2025-07-28T15:59:57Z
ed17be10-5ef2-4e08-82d7-e9ceaa77a274, P0103                , 640eae70-cfbd-4d7e-bacb-b9d6f17f3aee, Reminder , 7D_SURVEY_REMINDER_2  , p0103@example.org, study-team@example.org,              1, Survey reminder, p0103@example.org, 2025-07-29T15:59:57Z
ed17be10-5ef2-4e08-82d7-e9ceaa77a274, P0103                , 99525698-fe6f-4e73-9ab1-531d3ea2517f, Reminder , 7D_SURVEY_REMINDER_3  , p0103@example.org, study-team@example.org,              5, Survey reminder, p0103@example.org, 2025-07-30T15:59:57Z
3c75e7d3-e73e-4006-b309-f5913258dcdd, P0104                , 62d96e5c-1fa5-40cb-99ec-3a9142ed9754, Reminder , 24H_SURVEY_REMINDER_1 , p0104@example.org, study-team@example.org,              3, Survey reminder, p0104@example.org, 2025-11-10T05:45:57Z
3c75e7d3-e73e-4006-b309-f5913258dcdd, P0104                , 94df7a42-c443-41d7-b95c-96f48ec665d8, Reminder , 24H_SURVEY_REMINDER_2 , p0104@example.org, study-team@example.org,              5, Survey reminder, p0104@example.org, 2025-11-11T05:45:57Z
3c75e7d3-e73e-4006-b309-f5913258dcdd, P0104                , 205a2a06-bbad-4865-8af5-37837336050d, Reminder , 24H_SURVEY_REMINDER_3 , p0104@example.org, study-team@example.org,              4, Survey reminder, p0104@example.org, 2025-11-12T05:45:57Z
c45fb116-034d-4748-9a8b-12294c0766b5, P0105                , b5c03a06-9a94-4d3a-83b1-c7582417732b, Reminder , 24H_SURVEY_REMINDER_1 , p0105@example.org, study-team@example.org,              1, Survey reminder, p0105@example.org, 2025-01-11T09:31:51Z
c45fb116-034d-4748-9a8b-12294c0766b5, P0105                , b1539c74-b45b-42cb-b035-47037eb3a9d4, Reminder , 24H_SURVEY_REMINDER_2 , p0105@example.org, study-team@example.org,              3, Survey reminder, p0105@example.org, 2025-01-12T09:31:51Z
c45fb116-034d-4748-9a8b-12294c0766b5, P0105                , 326e91e2-b783-40dc-8ead-3be5e9233ea6, Reminder , 7D_SURVEY_REMINDER_1  , p0105@example.org, study-team@example.org,              2, Survey reminder, p0105@example.org, 2025-01-18T09:31:51Z
c45fb116-034d-4748-9a8b-12294c0766b5, P0105                , 9b04d98b-fa00-476f-b09b-8ee8cca35558, Reminder , 4_6M_SURVEY_REMINDER_1, p0105@example.org, study-team@example.org,              1, Survey reminder, p0105@example.org, 2025-06-09T08:31:51Z
8ad6165c-d325-4e3e-9d1b-cef4a0ea2161, P0106                , d35a806d-0290-4f2b-bf87-47077ae4107d, Reminder , 3M_SURVEY_REMINDER_1  , p0106@example.org, study-team@example.org,              4, Survey reminder, p0106@example.org, 2025-11-11T01:12:30Z
8ad6165c-d325-4e3e-9d1b-cef4a0ea2161, P0106                , 97273750-576a-40aa-a248-11b4647ca73a, Reminder , 4_6M_SURVEY_REMINDER_1, p0106@example.org, study-team@example.org,              2, Survey reminder, p0106@example.org, 2026-01-11T01:12:30Z
8ad6165c-d325-4e3e-9d1b-cef4a0ea2161, P0106                , 7aec5a74-611e-4e63-85ce-36dece66d9a6, Reminder , 4_6M_SURVEY_REMINDER_2, p0106@example.org, study-team@example.org,              3, Survey reminder, p0106@example.org, 2026-01-12T01:12:30Z
4737ff54-7cb3-46b4-bf29-403be08eaf85, P0107                , 5988db28-5278-4c2e-9c59-2f7686aa9cb9, Reminder , 24H_SURVEY_REMINDER_1 , p0107@example.org, study-team@example.org,              3, Survey reminder, p0107@example.org, 2025-03-29T16:43:54Z
5b5be5a3-e055-4745-b63f-cbd428dc8ec9, P0108                , 2e545216-5272-4e82-85e0-30676bbb3f4f, Reminder , 3M_SURVEY_REMINDER_1  , p0108@example.org, study-team@example.org,              2, Survey reminder, p0108@example.org, 2026-01-23T23:01:37Z
fd80a43e-a6da-4002-ad35-96722ee14272, P0109                , de4674fd-1c3e-4093-9b8f-a1da8e37be7c, Reminder , 24H_SURVEY_REMINDER_1 , p0109@example.org, study-team@example.org,              5, Survey reminder, p0109@example.org, 2025-02-20T15:21:53Z
fd80a43e-a6da-4002-ad35-96722ee14272, P0109                , a9833d4f-252b-475d-8df3-323f70e1d77b, Reminder , 3M_SURVEY_REMINDER_1  , p0109@example.org, study-team@example.org,              1, Survey reminder, p0109@example.org, 2025-05-21T14:21:53Z
fbdefe74-17f7-4ba7-85ef-64bd5b30cb9b, P0110                , 0aa0d8fe-dafa-49ee-94f1-b6c04426d7a1, Reminder , 3M_SURVEY_REMINDER_1  , p0110@example.org, study-team@example.org,              2, Survey reminder, p0110@example.org, 2026-02-13T06:33:11Z
636e6d9b-0f73-4ea4-8baf-1ac5c158bfaa, P0111                , 5d726bc7-85c1-41a7-9bf1-543ce621b26c, Reminder , 1M_SURVEY_REMINDER_1  , p0111@example.org, study-team@example.org,              1, Survey reminder, p0111@example.org, 2025-02-19T12:40:29Z
636e6d9b-0f73-4ea4-8baf-1ac5c158bfaa, P0111                , c1664913-8b77-4dd1-9da6-baecc273cc7a, Reminder , 4_6M_SURVEY_REMINDER_1, p0111@example.org, study-team@example.org,              1, Survey reminder, p0111@example.org, 2025-06-04T11:40:29Z
f9ecdbec-c624-4136-a82f-9668606b408b, P0112                , 79d68010-afcd-4ae7-89b1-155b5f3ba293, Reminder , 24H_SURVEY_REMINDER_1 , p0112@example.org, study-team@example.org,              3, Survey reminder, p0112@example.org, 2025-10-02T03:56:24Z
f9ecdbec-c624-4136-a82f-9668606b408b, P0112                , 70654bcf-dce8-46ca-8b4e-d26a2752c0ff, Reminder , 1M_SURVEY_REMINDER_1  , p0112@example.org, study-team@example.org,              2, Survey reminder, p0112@example.org, 2025-11-01T03:56:24Z
86142a0c-17b6-44cc-bd67-8c52abfb272d, P0114                , f6009fe9-4b06-45d2-8153-137f6806757f, Reminder , 7D_SURVEY_REMINDER_1  , p0114@example.org, study-team@example.org,              5, Survey reminder, p0114@example.org, 2025-12-18T22:48:47Z
fafdbfd6-777d-422f-9c8d-27a0381598b3, P0115                , 0dda2010-939e-4326-bce8-5d60e015d629, Reminder , 3M_SURVEY_REMINDER_1  , p0115@example.org, study-team@example.org,              4, Survey reminder, p0115@example.org, 2025-12-17T22:21:48Z
fafdbfd6-777d-422f-9c8d-27a0381598b3, P0115                , e4cc3b2c-9274-4dc8-96cd-a34244cf7197, Reminder , 3M_SURVEY_REMINDER_2  , p0115@example.org, study-team@example.org,              1, Survey reminder, p0115@example.org, 2025-12-18T22:21:48Z
c09e27bb-6aac-4869-a1d8-cf96573e7e0e, P0116                , 72388247-8220-457b-9aba-8637710f17fd, Reminder , 24H_SURVEY_REMINDER_1 , p0116@example.org, study-team@example.org,              4, Survey reminder, p0116@example.org, 2025-02-10T09:05:22Z
c09e27bb-6aac-4869-a1d8-cf96573e7e0e, P0116                , ecf8e9fe-64e8-4753-96cc-fe8d1cb77290, Reminder , 7D_SURVEY_REMINDER_1  , p0116@example.org, study-team@example.org,              4, Survey reminder, p0116@example.org, 2025-02-17T09:05:22Z
c09e27bb-6aac-4869-a1d8-cf96573e7e0e, P0116                , 8a8ca4bc-7590-4a55-b17c-62e9607777c7, Reminder , 7D_SURVEY_REMINDER_2  , p0116@example.org, study-team@example.org,              1, Survey reminder, p0116@example.org, 2025-02-18T09:05:22Z
c09e27bb-6aac-4869-a1d8-cf96573e7e0e, P0116                , 689176df-1ef4-4453-a4c3-fcba2d8f80fd, Reminder , 7D_SURVEY_REMINDER_3  , p0116@example.org, study-team@example.org,              3, Survey reminder, p0116@example.org, 2025-02-19T09:05:22Z
9ffc5c42-1f03-4c3e-b224-c375f5b1eddb, P0117                , 7ae844df-5ef8-4ced-b26b-056664befabb, Reminder , 7D_SURVEY_REMINDER_1  , p0117@example.org, study-team@example.org,              4, Survey reminder, p0117@example.org, 2025-10-14T01:47:56Z
9ffc5c42-1f03-4c3e-b224-c375f5b1eddb, P0117                , 17231a7b-d7e7-4953-b5d2-72fa047e7af3, Reminder , 7D_SURVEY_REMINDER_2  , p0117@example.org, study-team@example.org,              1, Survey reminder, p0117@example.org, 2025-10-15T01:47:56Z
9ffc5c42-1f03-4c3e-b224-c375f5b1eddb, P0117                , ca5b24a8-508e-45c0-b8c3-7a2644a06b65, Reminder , 7D_SURVEY_REMINDER_3  , p0117@example.org, study-team@example.org,              5, Survey reminder, p0117@example.org, 2025-10-16T01:47:56Z
9ffc5c42-1f03-4c3e-b224-c375f5b1eddb, P0117                , 8ff3280a-259d-45d9-9b63-6fb3e83c9456, Reminder , 1M_SURVEY_REMINDER_1  , p0117@example.org, study-team@example.org,              5, Survey reminder, p0117@example.org, 2025-11-06T02:47:56Z
9ffc5c42-1f03-4c3e-b224-c375f5b1eddb, P0117                , 7df7106d-8740-42e4-a126-d769f7503208, Reminder , 4_6M_SURVEY_REMINDER_1, p0117@example.org, study-team@example.org,              4, Survey reminder, p0117@example.org, 2026-02-12T02:47:56Z
9ffc5c42-1f03-4c3e-b224-c375f5b1eddb, P0117                , 347e71cb-fd02-4434-bcc0-a4e38845422c, Reminder , 4_6M_SURVEY_REMINDER_2, p0117@example.org, study-team@example.org,              2, Survey reminder, p0117@example.org, 2026-02-13T02:47:56Z
5efdd097-6097-40cd-b4e5-12a293470cbf, P0118                , 8103ab6f-537d-4281-9831-e80886eab042, Reminder , 3M_SURVEY_REMINDER_1  , p0118@example.org, study-team@example.org,              5, Survey reminder, p0118@example.org, 2025-11-29T05:21:18Z
61f0e083-12b5-45e5-b226-8d869d0c0b0d, P0119                , 887b8f51-d7df-4a4c-8a87-ae04dce98562, Reminder , 1M_SURVEY_REMINDER_1  , p0119@example.org, study-team@example.org,              3, Survey reminder, p0119@example.org, 2025-07-17T06:23:42Z
61f0e083-12b5-45e5-b226-8d869d0c0b0d, P0119                , dc48aee3-343c-4654-b038-832b9856835f, Reminder , 1M_SURVEY_REMINDER_2  , p0119@example.org, study-team@example.org,              5, Survey reminder, p0119@example.org, 2025-07-18T06:23:42Z
3fb754fb-198c-45f5-8e9b-674cef89dc93, P0120                , 7c4da52f-ca02-4a9a-a0ae-e3319e122aac, Reminder , 7D_SURVEY_REMINDER_1  , p0120@example.org, study-team@example.org,              1, Survey reminder, p0120@example.org, 2025-07-10T01:06:06Z
3fb754fb-198c-45f5-8e9b-674cef89dc93, P0120                , f7b3ed4f-23f0-44d2-8fcf-1b50b66c27c0, Reminder , 7D_SURVEY_REMINDER_2  , p0120@example.org, study-team@example.org,              5, Survey reminder, p0120@example.org, 2025-07-11T01:06:06Z
3fb754fb-198c-45f5-8e9b-674cef89dc93, P0120                , 2b739a1e-38fe-4433-a93e-a1d17673792e, Reminder , 7D_SURVEY_REMINDER_3  , p0120@example.org, study-team@example.org,              3, Survey reminder, p0120@example.org, 2025-07-12T01:06:06Z
180c06aa-92ed-4cff-ac15-b66dbf398e94, P0121                , f52bb320-71eb-4ccd-8cf6-1624de6a33a9, Reminder , 7D_SURVEY_REMINDER_1  , p0121@example.org, study-team@example.org,              5, Survey reminder, p0121@example.org, 2025-03-04T20:23:22Z
7971749f-55bd-48a2-9497-0228146a262c, P0122                , 0de2a947-b297-4a3b-8a74-bc9009098730, Reminder , 1M_SURVEY_REMINDER_1  , p0122@example.org, study-team@example.org,              1, Survey reminder, p0122@example.org, 2025-08-06T17:37:41Z
7971749f-55bd-48a2-9497-0228146a262c, P0122                , 046c9ddd-5921-40e9-afac-a1476ccbfa97, Reminder , 1M_SURVEY_REMINDER_2  , p0122@example.org, study-team@example.org,              1, Survey reminder, p0122@example.org, 2025-08-07T17:37:41Z
7971749f-55bd-48a2-9497-0228146a262c, P0122                , d2377739-a948-4a30-99ac-a4e2de884b7a, Reminder , 1M_SURVEY_REMINDER_3  , p0122@example.org, study-team@example.org,              1, Survey reminder, p0122@example.org, 2025-08-08T17:37:41Z
7971749f-55bd-48a2-9497-0228146a262c, P0122                , 0a9a373b-0fd8-4058-bdd3-c47951269315, Reminder , 3M_SURVEY_REMINDER_1  , p0122@example.org, study-team@example.org,              2, Survey reminder, p0122@example.org, 2025-10-05T17:37:41Z
7971749f-55bd-48a2-9497-0228146a262c, P0122                , fe8f18fe-6e3c-4eed-9b30-bc66650f23ef, Reminder , 3M_SURVEY_REMINDER_2  , p0122@example.org, study-team@example.org,              2, Survey reminder, p0122@example.org, 2025-10-06T17:37:41Z
cf521abc-9667-45ec-9dab-37a6f3e3e767, P0123                , 5cc257b5-f8d9-44b5-a584-b2965e623fd3, Reminder , 3M_SURVEY_REMINDER_1  , p0123@example.org, study-team@example.org,              1, Survey reminder, p0123@example.org, 2026-03-10T22:20:20Z
cf521abc-9667-45ec-9dab-37a6f3e3e767, P0123                , 6ad4fb04-9e25-4308-8206-d644fd43a45f, Reminder , 3M_SURVEY_REMINDER_2  , p0123@example.org, study-team@example.org,              2, Survey reminder, p0123@example.org, 2026-03-11T22:20:20Z
cf521abc-9667-45ec-9dab-37a6f3e3e767, P0123                , 74fbda46-2966-4a94-a260-715e0d55ef1c, Reminder , 3M_SURVEY_REMINDER_3  , p0123@example.org, study-team@example.org,              3, Survey reminder, p0123@example.org, 2026-03-12T22:20:20Z
4985abef-f7c8-4153-9354-d3643ae35264, P0124                , 353a39df-26ec-4d0a-ac4a-aa0444d39224, Reminder , 24H_SURVEY_REMINDER_1 , p0124@example.org, study-team@example.org,              3, Survey reminder, p0124@example.org, 2025-03-31T09:45:54Z
4985abef-f7c8-4153-9354-d3643ae35264, P0124                , 2e04f30a-649d-4e05-a84b-5058e058664a, Reminder , 7D_SURVEY_REMINDER_1  , p0124@example.org, study-team@example.org,              1, Survey reminder, p0124@example.org, 2025-04-07T09:45:54Z
2ba2ef23-a761-41b3-8c0b-2b76cf5e0fd3, P0125                , 232cb3b0-a4f8-4748-8136-cb47ae55667b, Reminder , 1M_SURVEY_REMINDER_1  , p0125@example.org, study-team@example.org,              3, Survey reminder, p0125@example.org, 2025-12-27T12:07:20Z
2ba2ef23-a761-41b3-8c0b-2b76cf5e0fd3, P0125                , 41a51b33-523a-4424-9e3f-5a391276d526, Reminder , 1M_SURVEY_REMINDER_2  , p0125@example.org, study-team@example.org,              4, Survey reminder, p0125@example.org, 2025-12-28T12:07:20Z
2ba2ef23-a761-41b3-8c0b-2b76cf5e0fd3, P0125                , f6858c39-70d4-4a14-8af2-f1eac776b598, Reminder , 4_6M_SURVEY_REMINDER_1, p0125@example.org, study-team@example.org,              5, Survey reminder, p0125@example.org, 2026-04-17T11:07:20Z
2ba2ef23-a761-41b3-8c0b-2b76cf5e0fd3, P0125                , 54e481c9-62c3-4c21-accf-adbf321fb0b3, Reminder , 4_6M_SURVEY_REMINDER_2, p0125@example.org, study-team@example.org,              1, Survey reminder, p0125@example.org, 2026-04-18T11:07:20Z
58717162-ee01-4b56-a54f-bbf01cc689f2, P0126                , 21e792d6-98a7-45be-9811-8bc4c90f11fd, Reminder , 24H_SURVEY_REMINDER_1 , p0126@example.org, study-team@example.org,              3, Survey reminder, p0126@example.org, 2025-12-11T14:23:33Z
58717162-ee01-4b56-a54f-bbf01cc689f2, P0126                , 932ae394-1877-4ae9-b35e-93d273198757, Reminder , 1M_SURVEY_REMINDER_1  , p0126@example.org, study-team@example.org,              5, Survey reminder, p0126@example.org, 2026-01-10T14:23:33Z
58717162-ee01-4b56-a54f-bbf01cc689f2, P0126                , 38ac6ac1-d99b-4b20-9de5-d7cfb8c6d565, Reminder , 3M_SURVEY_REMINDER_1  , p0126@example.org, study-team@example.org,              4, Survey reminder, p0126@example.org, 2026-03-11T13:23:33Z
086ab6a6-b85d-465a-a673-ddb8a46a9f59, P0127                , 1e725244-f64b-4e61-841d-e718aa8a4e41, Reminder , 1M_SURVEY_REMINDER_1  , p0127@example.org, study-team@example.org,              5, Survey reminder, p0127@example.org, 2025-03-19T21:15:15Z
086ab6a6-b85d-465a-a673-ddb8a46a9f59, P0127                , 206b3ca4-b26e-47f4-9cbc-cbe546137caf, Reminder , 1M_SURVEY_REMINDER_2  , p0127@example.org, study-team@example.org,              1, Survey reminder, p0127@example.org, 2025-03-20T21:15:15Z
086ab6a6-b85d-465a-a673-ddb8a46a9f59, P0127                , 6bdd34a1-364e-4a02-bbe8-a8840b0d07e4, Reminder , 1M_SURVEY_REMINDER_3  , p0127@example.org, study-team@example.org,              5, Survey reminder, p0127@example.org, 2025-03-21T21:15:15Z
81ae2885-2a88-4426-bef2-532eb804f0fe, P0128                , 4b5bb998-df9b-4c9b-a423-3816524c8518, Reminder , 24H_SURVEY_REMINDER_1 , p0128@example.org, study-team@example.org,              4, Survey reminder, p0128@example.org, 2025-09-01T21:00:02Z
81ae2885-2a88-4426-bef2-532eb804f0fe, P0128                , 7baf3755-054f-494c-95e2-adf6d5519550, Reminder , 7D_SURVEY_REMINDER_1  , p0128@example.org, study-team@example.org,              4, Survey reminder, p0128@example.org, 2025-09-08T21:00:02Z
81ae2885-2a88-4426-bef2-532eb804f0fe, P0128                , 6136e4aa-44c1-4d2c-a831-33ea37a797f2, Reminder , 4_6M_SURVEY_REMINDER_1, p0128@example.org, study-team@example.org,              5, Survey reminder, p0128@example.org, 2026-02-03T22:00:02Z
81ae2885-2a88-4426-bef2-532eb804f0fe, P0128                , 20e1552f-6d0c-41d0-ac27-24530b4f814d, Reminder , 4_6M_SURVEY_REMINDER_2, p0128@example.org, study-team@example.org,              3, Survey reminder, p0128@example.org, 2026-02-04T22:00:02Z
81ae2885-2a88-4426-bef2-532eb804f0fe, P0128                , da6f2cc6-301d-4391-8b5d-20bfdf53d013, Reminder , 4_6M_SURVEY_REMINDER_3, p0128@example.org, study-team@example.org,              5, Survey reminder, p0128@example.org, 2026-02-05T22:00:02Z
4bf08555-83c9-4308-aa48-0a119e0475dd, P0129                , b6e972c5-ce03-4ccf-8bcd-96092407a484, Reminder , 3M_SURVEY_REMINDER_1  , p0129@example.org, study-team@example.org,              4, Survey reminder, p0129@example.org, 2025-12-29T16:04:26Z
27cda347-079a-4de3-87fd-1f9d3d9c7a20, P0130                , 7996af54-9a51-493c-8b77-4e003ef1e31b, Reminder , 24H_SURVEY_REMINDER_1 , p0130@example.org, study-team@example.org,              1, Survey reminder, p0130@example.org, 2025-06-27T21:39:31Z
27cda347-079a-4de3-87fd-1f9d3d9c7a20, P0130                , caa4b13f-727a-4438-9e7b-971da72cf8f6, Reminder , 1M_SURVEY_REMINDER_1  , p0130@example.org, study-team@example.org,              4, Survey reminder, p0130@example.org, 2025-07-27T21:39:31Z
27cda347-079a-4de3-87fd-1f9d3d9c7a20, P0130                , 9b828892-22f6-40da-b91b-fc3e2c2cbb3d, Reminder , 4_6M_SURVEY_REMINDER_1, p0130@example.org, study-team@example.org,              4, Survey reminder, p0130@example.org, 2025-12-22T22:39:31Z
d1d8da7e-fc1a-464e-97da-4b160454d64e, P0131                , 308c2d74-3dc8-4754-8d5d-0ef6aca13b14, Reminder , 24H_SURVEY_REMINDER_1 , p0131@example.org, study-team@example.org,              5, Survey reminder, p0131@example.org, 2025-09-20T08:58:09Z
fb1fd1d5-b443-4f39-8b6f-f19d9437358a, P0132                , 8c256a20-a163-4470-a56e-84b88f275c57, Reminder , 7D_SURVEY_REMINDER_1  , p0132@example.org, study-team@example.org,              1, Survey reminder, p0132@example.org, 2025-07-09T19:11:22Z
fb1fd1d5-b443-4f39-8b6f-f19d9437358a, P0132                , 4d3e212f-2e2e-4a0e-a6f0-3cb27732ef41, Reminder , 7D_SURVEY_REMINDER_2  , p0132@example.org, study-team@example.org,              4, Survey reminder, p0132@example.org, 2025-07-10T19:11:22Z
fb1fd1d5-b443-4f39-8b6f-f19d9437358a, P0132                , 507af37f-2a0c-4db5-84ca-545dd7905a68, Reminder , 1M_SURVEY_REMINDER_1  , p0132@example.org, study-team@example.org,              4, Survey reminder, p0132@example.org, 2025-08-01T19:11:22Z
fb1fd1d5-b443-4f39-8b6f-f19d9437358a, P0132                , 34077888-a4dc-4dd5-a9b2-cb548118557c, Reminder , 3M_SURVEY_REMINDER_1  , p0132@example.org, study-team@example.org,              3, Survey reminder, p0132@example.org, 2025-09-30T19:11:22Z
fb1fd1d5-b443-4f39-8b6f-f19d9437358a, P0132                , c1a2fec9-f746-4ef7-8a9a-eb640dc52aa2, Reminder , 3M_SURVEY_REMINDER_2  , p0132@example.org, study-team@example.org,              2, Survey reminder, p0132@example.org, 2025-10-01T19:11:22Z
fb1fd1d5-b443-4f39-8b6f-f19d9437358a, P0132                , 1a4596ca-9fe0-4679-9dbf-bb8d60fae717, Reminder , 3M_SURVEY_REMINDER_3  , p0132@example.org, study-team@example.org,              3, Survey reminder, p0132@example.org, 2025-10-02T19:11:22Z
d8ae5455-3c73-4ae7-95d6-5dbb6ea72e12, P0133                , ae830de9-0d3c-45b2-bcd5-7cefd3ac0021, Reminder , 1M_SURVEY_REMINDER_1  , p0133@example.org, study-team@example.org,              2, Survey reminder, p0133@example.org, 2025-11-05T00:50:53Z
d8ae5455-3c73-4ae7-95d6-5dbb6ea72e12, P0133                , 2484c84a-2c44-4e63-a458-5b7931f21f0c, Reminder , 1M_SURVEY_REMINDER_2  , p0133@example.org, study-team@example.org,              2, Survey reminder, p0133@example.org, 2025-11-06T00:50:53Z
d8ae5455-3c73-4ae7-95d6-5dbb6ea72e12, P0133                , ccdc5177-afeb-4026-b568-8ce286d25962, Reminder , 4_6M_SURVEY_REMINDER_1, p0133@example.org, study-team@example.org,              3, Survey reminder, p0133@example.org, 2026-02-25T00:50:53Z
d8ae5455-3c73-4ae7-95d6-5dbb6ea72e12, P0133                , d6f8b905-f7f5-44de-bc14-4ac7534d5e37, Reminder , 4_6M_SURVEY_REMINDER_2, p0133@example.org, study-team@example.org,              3, Survey reminder, p0133@example.org, 2026-02-26T00:50:53Z
e3c3a77c-bbb7-499d-ab38-a438b8dba160, P0134                , bb12d6c9-5771-4784-9993-0d1c3768eea9, Reminder , 7D_SURVEY_REMINDER_1  , p0134@example.org, study-team@example.org,              4, Survey reminder, p0134@example.org, 2026-01-04T12:14:49Z
e3c3a77c-bbb7-499d-ab38-a438b8dba160, P0134                , 78428972-c285-439b-b1bf-a66f993c4d0d, Reminder , 7D_SURVEY_REMINDER_2  , p0134@example.org, study-team@example.org,              4, Survey reminder, p0134@example.org, 2026-01-05T12:14:49Z
3bf6d2de-1201-4a66-9841-ca5fdd919a60, P0135                , b7453e7e-15d4-47a4-bc5b-41dc87ba28de, Reminder , 24H_SURVEY_REMINDER_1 , p0135@example.org, study-team@example.org,              3, Survey reminder, p0135@example.org, 2025-08-01T09:40:10Z
3bf6d2de-1201-4a66-9841-ca5fdd919a60, P0135                , 538837e7-9efc-490a-8ed5-6f931cf5a078, Reminder , 1M_SURVEY_REMINDER_1  , p0135@example.org, study-team@example.org,              1, Survey reminder, p0135@example.org, 2025-08-31T09:40:10Z
3bf6d2de-1201-4a66-9841-ca5fdd919a60, P0135                , 81af2660-22ff-48bd-8d4a-dcd50ceb7338, Reminder , 1M_SURVEY_REMINDER_2  , p0135@example.org, study-team@example.org,              1, Survey reminder, p0135@example.org, 2025-09-01T09:40:10Z
3bf6d2de-1201-4a66-9841-ca5fdd919a60, P0135                , a98a9f9c-29a1-48cf-b3dc-28c9d6ff65b9, Reminder , 1M_SURVEY_REMINDER_3  , p0135@example.org, study-team@example.org,              3, Survey reminder, p0135@example.org, 2025-09-02T09:40:10Z
3bf6d2de-1201-4a66-9841-ca5fdd919a60, P0135                , aef58ff7-9cdc-4c0c-9764-422559ca3ddc, Reminder , 3M_SURVEY_REMINDER_1  , p0135@example.org, study-team@example.org,              5, Survey reminder, p0135@example.org, 2025-10-30T09:40:10Z
ad085821-1549-4a85-a4fc-8c21e70eca59, P0136                , b235ac22-6ba0-4646-8574-f08dcd8d0e0c, Reminder , 1M_SURVEY_REMINDER_1  , p0136@example.org, study-team@example.org,              5, Survey reminder, p0136@example.org, 2025-05-08T23:33:29Z
aefacd01-9c74-4326-958c-58776dd5310b, P0137                , 6da6e1b2-e309-49ee-9fdc-a22ccaa1a338, Reminder , 24H_SURVEY_REMINDER_1 , p0137@example.org, study-team@example.org,              2, Survey reminder, p0137@example.org, 2025-08-06T21:41:08Z
aefacd01-9c74-4326-958c-58776dd5310b, P0137                , 34d57dba-c502-42c0-be59-040eb1a09ed7, Reminder , 24H_SURVEY_REMINDER_2 , p0137@example.org, study-team@example.org,              5, Survey reminder, p0137@example.org, 2025-08-07T21:41:08Z
82f844ac-a7fb-46b6-88c4-c8efdfa87683, P0138                , c98c7b8f-f43e-4043-ba7c-eee6fa5dd63b, Reminder , 7D_SURVEY_REMINDER_1  , p0138@example.org, study-team@example.org,              2, Survey reminder, p0138@example.org, 2025-06-13T15:40:06Z
82f844ac-a7fb-46b6-88c4-c8efdfa87683, P0138                , 66b0c268-405e-4ca1-890d-8ad1e83eaa28, Reminder , 7D_SURVEY_REMINDER_2  , p0138@example.org, study-team@example.org,              4, Survey reminder, p0138@example.org, 2025-06-14T15:40:06Z
82f844ac-a7fb-46b6-88c4-c8efdfa87683, P0138                , 4341b536-38fd-4ebc-ab0a-2642beec5804, Reminder , 7D_SURVEY_REMINDER_3  , p0138@example.org, study-team@example.org,              5, Survey reminder, p0138@example.org, 2025-06-15T15:40:06Z
82f844ac-a7fb-46b6-88c4-c8efdfa87683, P0138                , b69ff1fa-cf96-4c3e-8be8-1e491c957d64, Reminder , 1M_SURVEY_REMINDER_1  , p0138@example.org, study-team@example.org,              3, Survey reminder, p0138@example.org, 2025-07-06T15:40:06Z
82f844ac-a7fb-46b6-88c4-c8efdfa87683, P0138                , f209eb91-d717-404b-9857-f926724e766d, Reminder , 1M_SURVEY_REMINDER_2  , p0138@example.org, study-team@example.org,              3, Survey reminder, p0138@example.org, 2025-07-07T15:40:06Z
82f844ac-a7fb-46b6-88c4-c8efdfa87683, P0138                , 919ef831-807a-4a84-897d-3528fcbf9746, Reminder , 1M_SURVEY_REMINDER_3  , p0138@example.org, study-team@example.org,              3, Survey reminder, p0138@example.org, 2025-07-08T15:40:06Z
82f844ac-a7fb-46b6-88c4-c8efdfa87683, P0138                , 0e616137-cd6e-420f-8622-0e78962e1d38, Reminder , 3M_SURVEY_REMINDER_1  , p0138@example.org, study-team@example.org,              1, Survey reminder, p0138@example.org, 2025-09-04T15:40:06Z
3969720b-5461-47ed-8f8b-adc1e7a5f4e8, P0139                , 3780a1cd-5dc3-45b3-976b-506971e7bd01, Reminder , 7D_SURVEY_REMINDER_1  , p0139@example.org, study-team@example.org,              2, Survey reminder, p0139@example.org, 2025-09-25T14:34:02Z
3969720b-5461-47ed-8f8b-adc1e7a5f4e8, P0139                , f49bc8d5-45eb-4ad2-bc19-8bea105c3cfd, Reminder , 3M_SURVEY_REMINDER_1  , p0139@example.org, study-team@example.org,              4, Survey reminder, p0139@example.org, 2025-12-17T15:34:02Z
3969720b-5461-47ed-8f8b-adc1e7a5f4e8, P0139                , bd38565d-6ffc-4737-a7cd-c477ad93b6aa, Reminder , 3M_SURVEY_REMINDER_2  , p0139@example.org, study-team@example.org,              3, Survey reminder, p0139@example.org, 2025-12-18T15:34:02Z
3969720b-5461-47ed-8f8b-adc1e7a5f4e8, P0139                , 50d69809-89da-495f-856f-f981ca7d9e0e, Reminder , 3M_SURVEY_REMINDER_3  , p0139@example.org, study-team@example.org,              5, Survey reminder, p0139@example.org, 2025-12-19T15:34:02Z
780ee018-d9f8-4ec9-a0a3-3b44a21b6a30, P0140                , 7f13468c-89e3-4d8c-99c7-8c8c11ee651a, Reminder , 4_6M_SURVEY_REMINDER_1, p0140@example.org, study-team@example.org,              2, Survey reminder, p0140@example.org, 2025-10-07T23:18:08Z
4f1fb45a-435d-4817-a171-e7f4e2d61b3a, P0141                , df9d527f-2ecd-4454-aab2-6523dfcebe93, Reminder , 7D_SURVEY_REMINDER_1  , p0141@example.org, study-team@example.org,              5, Survey reminder, p0141@example.org, 2025-08-09T09:07:22Z
c43210cf-d018-4fcc-9070-86e1f236c285, P0142                , 0a5860ed-853d-4392-b6b8-be05034393af, Reminder , 7D_SURVEY_REMINDER_1  , p0142@example.org, study-team@example.org,              3, Survey reminder, p0142@example.org, 2025-11-15T03:42:11Z
c43210cf-d018-4fcc-9070-86e1f236c285, P0142                , ad066304-4499-4bb2-b3b5-2ad9590a20b3, Reminder , 7D_SURVEY_REMINDER_2  , p0142@example.org, study-team@example.org,              3, Survey reminder, p0142@example.org, 2025-11-16T03:42:11Z
c43210cf-d018-4fcc-9070-86e1f236c285, P0142                , 9d3cb389-7c93-49e5-a70e-fedbc9cec6a2, Reminder , 7D_SURVEY_REMINDER_3  , p0142@example.org, study-team@example.org,              1, Survey reminder, p0142@example.org, 2025-11-17T03:42:11Z
c43210cf-d018-4fcc-9070-86e1f236c285, P0142                , ff88eb1d-7be2-4d6a-a6dc-1dd908278005, Reminder , 3M_SURVEY_REMINDER_1  , p0142@example.org, study-team@example.org,              3, Survey reminder, p0142@example.org, 2026-02-06T03:42:11Z
21f6114b-1f13-4457-8ff6-b194877855f1, P0143                , 9ef660b4-815a-4e48-b52f-bc57e70a2402, Reminder , 1M_SURVEY_REMINDER_1  , p0143@example.org, study-team@example.org,              2, Survey reminder, p0143@example.org, 2025-10-09T17:12:31Z
21f6114b-1f13-4457-8ff6-b194877855f1, P0143                , f3eadaa4-f09d-43e5-9b4f-434c61ee4d2a, Reminder , 3M_SURVEY_REMINDER_1  , p0143@example.org, study-team@example.org,              2, Survey reminder, p0143@example.org, 2025-12-08T18:12:31Z
21f6114b-1f13-4457-8ff6-b194877855f1, P0143                , 99a37275-a265-4c27-9fac-343f53975550, Reminder , 3M_SURVEY_REMINDER_2  , p0143@example.org, study-team@example.org,              2, Survey reminder, p0143@example.org, 2025-12-09T18:12:31Z
21f6114b-1f13-4457-8ff6-b194877855f1, P0143                , 4fbedbf5-a20a-462f-8b76-4bda733e7382, Reminder , 4_6M_SURVEY_REMINDER_1, p0143@example.org, study-team@example.org,              4, Survey reminder, p0143@example.org, 2026-02-20T18:12:31Z
21f6114b-1f13-4457-8ff6-b194877855f1, P0143                , 065d7f71-3c93-4216-a21e-4476901c5f72, Reminder , 4_6M_SURVEY_REMINDER_2, p0143@example.org, study-team@example.org,              4, Survey reminder, p0143@example.org, 2026-02-21T18:12:31Z
a39e4319-30d4-4624-9a99-e471dddebc47, P0144                , 76e1ebf6-b5dd-4d4e-8ff5-883f2f2d862d, Reminder , 3M_SURVEY_REMINDER_1  , p0144@example.org, study-team@example.org,              4, Survey reminder, p0144@example.org, 2025-10-13T10:03:06Z
a39e4319-30d4-4624-9a99-e471dddebc47, P0144                , 9c9e5722-68c0-4ee5-95bc-da713a63036d, Reminder , 3M_SURVEY_REMINDER_2  , p0144@example.org, study-team@example.org,              4, Survey reminder, p0144@example.org, 2025-10-14T10:03:06Z
a39e4319-30d4-4624-9a99-e471dddebc47, P0144                , 8a8dc338-e57f-4a7f-a556-3dac70bf3e17, Reminder , 3M_SURVEY_REMINDER_3  , p0144@example.org, study-team@example.org,              1, Survey reminder, p0144@example.org, 2025-10-15T10:03:06Z
a39e4319-30d4-4624-9a99-e471dddebc47, P0144                , 1b62b90b-3256-496c-927b-d5cfc7383c61, Reminder , 4_6M_SURVEY_REMINDER_1, p0144@example.org, study-team@example.org,              5, Survey reminder, p0144@example.org, 2025-12-21T11:03:06Z
a39e4319-30d4-4624-9a99-e471dddebc47, P0144                , f99090c2-1f64-458a-9e13-4874128062aa, Reminder , 4_6M_SURVEY_REMINDER_2, p0144@example.org, study-team@example.org,              1, Survey reminder, p0144@example.org, 2025-12-22T11:03:06Z
6ab5b7de-f50c-46a9-9ee8-5fb7fb0daec5, P0145                , f66cd477-d408-4576-b9ad-28928160c2ca, Reminder , 1M_SURVEY_REMINDER_1  , p0145@example.org, study-team@example.org,              3, Survey reminder, p0145@example.org, 2025-10-29T16:51:20Z
6ab5b7de-f50c-46a9-9ee8-5fb7fb0daec5, P0145                , 0d296dc6-0a74-4774-a899-6449dc89356d, Reminder , 1M_SURVEY_REMINDER_2  , p0145@example.org, study-team@example.org,              1, Survey reminder, p0145@example.org, 2025-10-30T16:51:20Z
6ab5b7de-f50c-46a9-9ee8-5fb7fb0daec5, P0145                , 148d9dad-f3b7-470f-b124-435c9e751a16, Reminder , 3M_SURVEY_REMINDER_1  , p0145@example.org, study-team@example.org,              3, Survey reminder, p0145@example.org, 2025-12-28T17:51:20Z
6ab5b7de-f50c-46a9-9ee8-5fb7fb0daec5, P0145                , facbd08a-377f-441c-b8f5-ef60ed784776, Reminder , 3M_SURVEY_REMINDER_2  , p0145@example.org, study-team@example.org,              4, Survey reminder, p0145@example.org, 2025-12-29T17:51:20Z
6ab5b7de-f50c-46a9-9ee8-5fb7fb0daec5, P0145                , 14c7d4f0-7908-40ae-8e71-696ba0280b3e, Reminder , 4_6M_SURVEY_REMINDER_1, p0145@example.org, study-team@example.org,              5, Survey reminder, p0145@example.org, 2026-02-06T17:51:20Z
4c783683-a5ca-4b5b-a94f-059da01cf898, P0146                , 83348128-35be-43b6-830d-f55e2a4ebc0a, Reminder , 7D_SURVEY_REMINDER_1  , p0146@example.org, study-team@example.org,              4, Survey reminder, p0146@example.org, 2025-07-13T11:36:49Z
4c783683-a5ca-4b5b-a94f-059da01cf898, P0146                , 36aafca4-032f-429c-b2d6-b883e5b39122, Reminder , 7D_SURVEY_REMINDER_2  , p0146@example.org, study-team@example.org,              1, Survey reminder, p0146@example.org, 2025-07-14T11:36:49Z
4c783683-a5ca-4b5b-a94f-059da01cf898, P0146                , 40f25e5d-e4b4-4f33-9c3c-efc5b9e7979f, Reminder , 7D_SURVEY_REMINDER_3  , p0146@example.org, study-team@example.org,              1, Survey reminder, p0146@example.org, 2025-07-15T11:36:49Z
4c783683-a5ca-4b5b-a94f-059da01cf898, P0146                , 170efae1-4b18-43ec-803e-f393bf9db11b, Reminder , 3M_SURVEY_REMINDER_1  , p0146@example.org, study-team@example.org,              3, Survey reminder, p0146@example.org, 2025-10-04T11:36:49Z
5dd5d951-7804-4010-b1cf-5b28a46602f2, P0147                , 454de1fc-d52a-48ed-bf27-976b4aee4f89, Reminder , 7D_SURVEY_REMINDER_1  , p0147@example.org, study-team@example.org,              4, Survey reminder, p0147@example.org, 2025-11-17T03:10:01Z
5dd5d951-7804-4010-b1cf-5b28a46602f2, P0147                , 9e1da562-f5cc-49cf-bcd4-6ab49eca346d, Reminder , 7D_SURVEY_REMINDER_2  , p0147@example.org, study-team@example.org,              3, Survey reminder, p0147@example.org, 2025-11-18T03:10:01Z
5dd5d951-7804-4010-b1cf-5b28a46602f2, P0147                , 8f2ed92b-f63f-4933-bae4-1b6e3f3416ea, Reminder , 1M_SURVEY_REMINDER_1  , p0147@example.org, study-team@example.org,              5, Survey reminder, p0147@example.org, 2025-12-10T03:10:01Z
5dd5d951-7804-4010-b1cf-5b28a46602f2, P0147                , 2999aae3-72f3-4aec-83f0-594f6ebd52d1, Reminder , 1M_SURVEY_REMINDER_2  , p0147@example.org, study-team@example.org,              5, Survey reminder, p0147@example.org, 2025-12-11T03:10:01Z
0db07907-88ed-4203-8e49-16d45e95ec7a, P0148                , f9bec7ab-18f0-41a5-aa62-5eb2d87cac19, Reminder , 1M_SURVEY_REMINDER_1  , p0148@example.org, study-team@example.org,              1, Survey reminder, p0148@example.org, 2026-01-10T00:40:50Z
0db07907-88ed-4203-8e49-16d45e95ec7a, P0148                , 0e2d78c8-8ed0-4f56-ac8a-a1d0f605e295, Reminder , 1M_SURVEY_REMINDER_2  , p0148@example.org, study-team@example.org,              5, Survey reminder, p0148@example.org, 2026-01-11T00:40:50Z
0db07907-88ed-4203-8e49-16d45e95ec7a, P0148                , 56babc75-d536-499f-afe9-5681cd18a31c, Reminder , 1M_SURVEY_REMINDER_3  , p0148@example.org, study-team@example.org,              4, Survey reminder, p0148@example.org, 2026-01-12T00:40:50Z
0db07907-88ed-4203-8e49-16d45e95ec7a, P0148                , 4425107b-90e1-47ab-b21e-c986f1eb8413, Reminder , 3M_SURVEY_REMINDER_1  , p0148@example.org, study-team@example.org,              5, Survey reminder, p0148@example.org, 2026-03-10T23:40:50Z
0db07907-88ed-4203-8e49-16d45e95ec7a, P0148                , ce163a27-0272-4bc6-b12a-56c9362d462e, Reminder , 4_6M_SURVEY_REMINDER_1, p0148@example.org, study-team@example.org,              2, Survey reminder, p0148@example.org, 2026-05-03T23:40:50Z
0db07907-88ed-4203-8e49-16d45e95ec7a, P0148                , 488d7dd9-aacd-4c6e-b1db-10a49b36387c, Reminder , 4_6M_SURVEY_REMINDER_2, p0148@example.org, study-team@example.org,              4, Survey reminder, p0148@example.org, 2026-05-04T23:40:50Z
7a4366e9-7dc4-402f-ac71-fe85237078b1, P0149                , 0a4a73f6-c2e5-40c7-8761-aa0eaf8f040c, Reminder , 3M_SURVEY_REMINDER_1  , p0149@example.org, study-team@example.org,              2, Survey reminder, p0149@example.org, 2025-09-04T14:26:08Z
7a4366e9-7dc4-402f-ac71-fe85237078b1, P0149                , 7f4d0a33-4b76-4de7-b5fb-5f1793ce8590, Reminder , 4_6M_SURVEY_REMINDER_1, p0149@example.org, study-team@example.org,              2, Survey reminder, p0149@example.org, 2025-12-02T15:26:08Z
cf292ad4-1074-49f8-8832-77c631d8ec07, P0150                , 6ba043e8-e3b5-4ac8-bd72-d49af664b14d, Reminder , 24H_SURVEY_REMINDER_1 , p0150@example.org, study-team@example.org,              5, Survey reminder, p0150@example.org, 2025-06-18T16:29:01Z
cf292ad4-1074-49f8-8832-77c631d8ec07, P0150                , b4a0a25f-2a59-4355-9e28-9c9974871ca5, Reminder , 7D_SURVEY_REMINDER_1  , p0150@example.org, study-team@example.org,              2, Survey reminder, p0150@example.org, 2025-06-25T16:29:01Z
cf292ad4-1074-49f8-8832-77c631d8ec07, P0150                , 2f63a20d-b965-432b-9a0f-0985ad74cc0e, Reminder , 3M_SURVEY_REMINDER_1  , p0150@example.org, study-team@example.org,              4, Survey reminder, p0150@example.org, 2025-09-16T16:29:01Z
cf292ad4-1074-49f8-8832-77c631d8ec07, P0150                , 7e144f6b-e875-4080-a003-d9f6de4670be, Reminder , 3M_SURVEY_REMINDER_2  , p0150@example.org, study-team@example.org,              5, Survey reminder, p0150@example.org, 2025-09-17T16:29:01Z
cf292ad4-1074-49f8-8832-77c631d8ec07, P0150                , 1d2f361a-c0bd-408a-8b43-615ba043c697, Reminder , 4_6M_SURVEY_REMINDER_1, p0150@example.org, study-team@example.org,              5, Survey reminder, p0150@example.org, 2025-11-07T17:29:01Z
cf292ad4-1074-49f8-8832-77c631d8ec07, P0150                , 7e78e24e-7b94-4fe4-af7d-2192d69532bb, Reminder , 4_6M_SURVEY_REMINDER_2, p0150@example.org, study-team@example.org,              1, Survey reminder, p0150@example.org, 2025-11-08T17:29:01Z
cf292ad4-1074-49f8-8832-77c631d8ec07, P0150                , 92cd17ef-b3c5-4004-9da3-c0b09c9fdced, Reminder , 4_6M_SURVEY_REMINDER_3, p0150@example.org, study-team@example.org,              2, Survey reminder, p0150@example.org, 2025-11-09T17:29:01Z
365de387-c420-40fc-a8d7-00f4a0c1fd0f, P0151                , 30fa154a-8b42-4f4f-8156-840522ea4db4, Reminder , 7D_SURVEY_REMINDER_1  , p0151@example.org, study-team@example.org,              5, Survey reminder, p0151@example.org, 2025-03-28T03:44:14Z
365de387-c420-40fc-a8d7-00f4a0c1fd0f, P0151                , 44226aec-5b74-45df-86c3-d7b0694a8ae0, Reminder , 7D_SURVEY_REMINDER_2  , p0151@example.org, study-team@example.org,              1, Survey reminder, p0151@example.org, 2025-03-29T03:44:14Z
365de387-c420-40fc-a8d7-00f4a0c1fd0f, P0151                , 0db78967-8f70-44fb-b438-d77402ae2a9b, Reminder , 7D_SURVEY_REMINDER_3  , p0151@example.org, study-team@example.org,              2, Survey reminder, p0151@example.org, 2025-03-30T03:44:14Z
365de387-c420-40fc-a8d7-00f4a0c1fd0f, P0151                , 35da072e-9f6f-40cf-ac75-a15a09457795, Reminder , 4_6M_SURVEY_REMINDER_1, p0151@example.org, study-team@example.org,              4, Survey reminder, p0151@example.org, 2025-09-15T03:44:14Z
2c138161-7b12-436f-b291-337b51a4b16b, P0153                , 77da2149-6237-4353-ad16-f2fbcfb10129, Reminder , 3M_SURVEY_REMINDER_1  , p0153@example.org, study-team@example.org,              5, Survey reminder, p0153@example.org, 2026-02-18T14:20:15Z
6249d580-4977-45cf-8895-2e941e027475, P0154                , 1cc2811e-3065-4644-9919-cf206616efc9, Reminder , 24H_SURVEY_REMINDER_1 , p0154@example.org, study-team@example.org,              5, Survey reminder, p0154@example.org, 2025-04-15T23:36:18Z
6249d580-4977-45cf-8895-2e941e027475, P0154                , 369031ba-aeb3-4706-bbb5-4faac281cda9, Reminder , 24H_SURVEY_REMINDER_2 , p0154@example.org, study-team@example.org,              4, Survey reminder, p0154@example.org, 2025-04-16T23:36:18Z
6249d580-4977-45cf-8895-2e941e027475, P0154                , e49fd15c-e2cc-4450-a243-377921e62b10, Reminder , 24H_SURVEY_REMINDER_3 , p0154@example.org, study-team@example.org,              4, Survey reminder, p0154@example.org, 2025-04-17T23:36:18Z
6249d580-4977-45cf-8895-2e941e027475, P0154                , b3312535-cf00-4fdb-9f78-419d67288d2b, Reminder , 7D_SURVEY_REMINDER_1  , p0154@example.org, study-team@example.org,              4, Survey reminder, p0154@example.org, 2025-04-22T23:36:18Z
6249d580-4977-45cf-8895-2e941e027475, P0154                , 49b77996-9ecd-4e44-907f-bdebecca48d2, Reminder , 7D_SURVEY_REMINDER_2  , p0154@example.org, study-team@example.org,              5, Survey reminder, p0154@example.org, 2025-04-23T23:36:18Z
6249d580-4977-45cf-8895-2e941e027475, P0154                , eb52f7f3-36f8-4103-84f2-7a0bcb3e21ac, Reminder , 7D_SURVEY_REMINDER_3  , p0154@example.org, study-team@example.org,              1, Survey reminder, p0154@example.org, 2025-04-24T23:36:18Z
6249d580-4977-45cf-8895-2e941e027475, P0154                , 7e3b9a91-eb54-4a5e-8d37-9028fd87d6c6, Reminder , 3M_SURVEY_REMINDER_1  , p0154@example.org, study-team@example.org,              1, Survey reminder, p0154@example.org, 2025-07-14T23:36:18Z
6249d580-4977-45cf-8895-2e941e027475, P0154                , 369fe4e1-3b23-4b79-9ced-0b85e3a4ed9e, Reminder , 3M_SURVEY_REMINDER_2  , p0154@example.org, study-team@example.org,              4, Survey reminder, p0154@example.org, 2025-07-15T23:36:18Z
7a76b2da-965e-426d-a50d-d0ec129892c1, P0155                , 257c1907-6fad-4287-a0ff-e5507ca5aa00, Reminder , 7D_SURVEY_REMINDER_1  , p0155@example.org, study-team@example.org,              4, Survey reminder, p0155@example.org, 2025-01-12T03:28:30Z
7a76b2da-965e-426d-a50d-d0ec129892c1, P0155                , d57e708e-d1d1-4e03-ab1c-8b46116ddb62, Reminder , 1M_SURVEY_REMINDER_1  , p0155@example.org, study-team@example.org,              1, Survey reminder, p0155@example.org, 2025-02-04T03:28:30Z
7a76b2da-965e-426d-a50d-d0ec129892c1, P0155                , a1826b66-6887-435b-a419-83354681608a, Reminder , 3M_SURVEY_REMINDER_1  , p0155@example.org, study-team@example.org,              1, Survey reminder, p0155@example.org, 2025-04-05T02:28:30Z
7a76b2da-965e-426d-a50d-d0ec129892c1, P0155                , 54cf08e6-8df1-4ce7-b760-60d60e8e0b7f, Reminder , 3M_SURVEY_REMINDER_2  , p0155@example.org, study-team@example.org,              1, Survey reminder, p0155@example.org, 2025-04-06T02:28:30Z
7a76b2da-965e-426d-a50d-d0ec129892c1, P0155                , a5536f58-a1ff-43b4-9a9c-7c707076c4a8, Reminder , 4_6M_SURVEY_REMINDER_1, p0155@example.org, study-team@example.org,              1, Survey reminder, p0155@example.org, 2025-06-02T02:28:30Z
fa8598b2-4147-4eb6-b6e6-0b28e07ef51a, P0156                , 921f5fee-0a6d-4460-97f1-8aedb9b3a163, Reminder , 7D_SURVEY_REMINDER_1  , p0156@example.org, study-team@example.org,              5, Survey reminder, p0156@example.org, 2025-01-21T09:36:32Z
fa8598b2-4147-4eb6-b6e6-0b28e07ef51a, P0156                , ce49a855-1b14-4d0c-a8e9-f9d85fdcbcee, Reminder , 7D_SURVEY_REMINDER_2  , p0156@example.org, study-team@example.org,              5, Survey reminder, p0156@example.org, 2025-01-22T09:36:32Z
b551883f-7d73-4130-843e-55a5de486306, P0157                , d2288414-e010-4de9-83c4-a72a2196f8df, Reminder , 1M_SURVEY_REMINDER_1  , p0157@example.org, study-team@example.org,              2, Survey reminder, p0157@example.org, 2025-03-30T16:39:11Z
b551883f-7d73-4130-843e-55a5de486306, P0157                , 9fb8854b-6bca-43fa-b80f-88f63af4e87b, Reminder , 1M_SURVEY_REMINDER_2  , p0157@example.org, study-team@example.org,              1, Survey reminder, p0157@example.org, 2025-03-31T16:39:11Z
b551883f-7d73-4130-843e-55a5de486306, P0157                , 3020f3b4-dece-4915-afff-f6620f373420, Reminder , 3M_SURVEY_REMINDER_1  , p0157@example.org, study-team@example.org,              1, Survey reminder, p0157@example.org, 2025-05-29T16:39:11Z
b551883f-7d73-4130-843e-55a5de486306, P0157                , 8254c58f-223c-4e35-b747-83f720c70f55, Reminder , 3M_SURVEY_REMINDER_2  , p0157@example.org, study-team@example.org,              2, Survey reminder, p0157@example.org, 2025-05-30T16:39:11Z
b551883f-7d73-4130-843e-55a5de486306, P0157                , 9a5527f5-f126-4f20-a4fe-6f4ca5420a6d, Reminder , 4_6M_SURVEY_REMINDER_1, p0157@example.org, study-team@example.org,              4, Survey reminder, p0157@example.org, 2025-07-11T16:39:11Z
b551883f-7d73-4130-843e-55a5de486306, P0157                , 4f03ee17-3e3e-4dba-a9e0-19c9fd2c72bc, Reminder , 4_6M_SURVEY_REMINDER_2, p0157@example.org, study-team@example.org,              5, Survey reminder, p0157@example.org, 2025-07-12T16:39:11Z
21c4b008-1379-42ca-a605-a708130a80fd, P0158                , 75c449de-017c-4ae3-a317-1bb3439698bc, Reminder , 4_6M_SURVEY_REMINDER_1, p0158@example.org, study-team@example.org,              4, Survey reminder, p0158@example.org, 2026-02-17T04:02:28Z
21c4b008-1379-42ca-a605-a708130a80fd, P0158                , 1222c1b0-93e3-4038-b030-327ee1fe077b, Reminder , 4_6M_SURVEY_REMINDER_2, p0158@example.org, study-team@example.org,              1, Survey reminder, p0158@example.org, 2026-02-18T04:02:28Z
21c4b008-1379-42ca-a605-a708130a80fd, P0158                , e2aed9f8-2209-4362-915c-a1bd2cd1f3fe, Reminder , 4_6M_SURVEY_REMINDER_3, p0158@example.org, study-team@example.org,              2, Survey reminder, p0158@example.org, 2026-02-19T04:02:28Z
efcdce13-cdd7-4650-9a22-fc855cfce5d1, P0159                , 9dd2cc5b-eff5-40cc-b925-91b133af54b8, Reminder , 4_6M_SURVEY_REMINDER_1, p0159@example.org, study-team@example.org,              1, Survey reminder, p0159@example.org, 2026-05-04T01:13:57Z
efcdce13-cdd7-4650-9a22-fc855cfce5d1, P0159                , bb50d39e-2cb9-4500-a9da-6fb251a7fb36, Reminder , 4_6M_SURVEY_REMINDER_2, p0159@example.org, study-team@example.org,              5, Survey reminder, p0159@example.org, 2026-05-05T01:13:57Z
efcdce13-cdd7-4650-9a22-fc855cfce5d1, P0159                , af0b741e-7ef5-4330-9411-ca46dfe06520, Reminder , 4_6M_SURVEY_REMINDER_3, p0159@example.org, study-team@example.org,              1, Survey reminder, p0159@example.org, 2026-05-06T01:13:57Z
78b3bd3a-78de-4c0c-8ec6-e32e76bee3b2, P0160                , 89dea1bb-257e-4c87-a41b-30b486bb3e49, Reminder , 1M_SURVEY_REMINDER_1  , p0160@example.org, study-team@example.org,              2, Survey reminder, p0160@example.org, 2025-09-20T10:59:53Z
78b3bd3a-78de-4c0c-8ec6-e32e76bee3b2, P0160                , 85e5b5b5-dda2-45af-82ef-fd2604a32934, Reminder , 4_6M_SURVEY_REMINDER_1, p0160@example.org, study-team@example.org,              1, Survey reminder, p0160@example.org, 2026-02-15T11:59:53Z
78b3bd3a-78de-4c0c-8ec6-e32e76bee3b2, P0160                , 0be2b081-e0cc-4dda-8258-b6f30115097c, Reminder , 4_6M_SURVEY_REMINDER_2, p0160@example.org, study-team@example.org,              3, Survey reminder, p0160@example.org, 2026-02-16T11:59:53Z
78b3bd3a-78de-4c0c-8ec6-e32e76bee3b2, P0160                , c80ddfbd-2874-45d7-bb64-eaaba1c146d2, Reminder , 4_6M_SURVEY_REMINDER_3, p0160@example.org, study-team@example.org,              2, Survey reminder, p0160@example.org, 2026-02-17T11:59:53Z
40a124fe-062b-4c30-87e5-6f355d2c0de7, P0161                , 27f1a204-c2c4-420d-99fd-efa9031c4b9d, Reminder , 3M_SURVEY_REMINDER_1  , p0161@example.org, study-team@example.org,              1, Survey reminder, p0161@example.org, 2025-09-26T10:59:51Z
40a124fe-062b-4c30-87e5-6f355d2c0de7, P0161                , 103516bf-23dd-4a6b-8456-ee911195ba6e, Reminder , 3M_SURVEY_REMINDER_2  , p0161@example.org, study-team@example.org,              3, Survey reminder, p0161@example.org, 2025-09-27T10:59:51Z
40a124fe-062b-4c30-87e5-6f355d2c0de7, P0161                , 39f4450c-1239-4710-af3d-73cd8646240d, Reminder , 3M_SURVEY_REMINDER_3  , p0161@example.org, study-team@example.org,              5, Survey reminder, p0161@example.org, 2025-09-28T10:59:51Z
40a124fe-062b-4c30-87e5-6f355d2c0de7, P0161                , fcd970f8-9549-467a-93a0-e5d48917f292, Reminder , 4_6M_SURVEY_REMINDER_1, p0161@example.org, study-team@example.org,              4, Survey reminder, p0161@example.org, 2025-11-11T11:59:51Z
40a124fe-062b-4c30-87e5-6f355d2c0de7, P0161                , 5b9c6286-1041-4c1e-8b2b-aa31775dff1c, Reminder , 4_6M_SURVEY_REMINDER_2, p0161@example.org, study-team@example.org,              5, Survey reminder, p0161@example.org, 2025-11-12T11:59:51Z
0929136c-6346-4712-b9da-a10efdc6a955, P0162                , 993a7d63-a5c8-43d5-a4bc-de7f29d5302e, Reminder , 1M_SURVEY_REMINDER_1  , p0162@example.org, study-team@example.org,              2, Survey reminder, p0162@example.org, 2025-12-09T14:36:31Z
a545bf4e-fc17-4a0c-90c7-0ba12fee7933, P0163                , c1a36846-3270-4b7e-b555-9df177d700c2, Reminder , 24H_SURVEY_REMINDER_1 , p0163@example.org, study-team@example.org,              1, Survey reminder, p0163@example.org, 2025-07-23T13:41:06Z
a545bf4e-fc17-4a0c-90c7-0ba12fee7933, P0163                , 13406c81-1c8e-4c21-9203-b54b62b9f380, Reminder , 24H_SURVEY_REMINDER_2 , p0163@example.org, study-team@example.org,              3, Survey reminder, p0163@example.org, 2025-07-24T13:41:06Z
a545bf4e-fc17-4a0c-90c7-0ba12fee7933, P0163                , f273825f-e2fd-420a-88ad-d3166614887a, Reminder , 24H_SURVEY_REMINDER_3 , p0163@example.org, study-team@example.org,              3, Survey reminder, p0163@example.org, 2025-07-25T13:41:06Z
a545bf4e-fc17-4a0c-90c7-0ba12fee7933, P0163                , 8ed90307-8136-442d-b7ca-ae70dada64d3, Reminder , 4_6M_SURVEY_REMINDER_1, p0163@example.org, study-team@example.org,              2, Survey reminder, p0163@example.org, 2025-12-03T14:41:06Z
a545bf4e-fc17-4a0c-90c7-0ba12fee7933, P0163                , f3a07649-4aba-4871-8e95-0d03ecad22f9, Reminder , 4_6M_SURVEY_REMINDER_2, p0163@example.org, study-team@example.org,              4, Survey reminder, p0163@example.org, 2025-12-04T14:41:06Z
edb1d54f-8b3f-4d21-9ba2-e0141e9936a4, P0164                , 503eb739-5bf6-493f-b7e0-405e8768a247, Reminder , 24H_SURVEY_REMINDER_1 , p0164@example.org, study-team@example.org,              2, Survey reminder, p0164@example.org, 2025-12-27T12:52:49Z
edb1d54f-8b3f-4d21-9ba2-e0141e9936a4, P0164                , e4a740a5-ecc5-483c-847d-5382329021ef, Reminder , 3M_SURVEY_REMINDER_1  , p0164@example.org, study-team@example.org,              2, Survey reminder, p0164@example.org, 2026-03-27T11:52:49Z
527949ee-363b-475b-8b5c-df13f536420b, P0165                , 32da1a8b-4cf3-426b-9dae-36870e5119c8, Reminder , 4_6M_SURVEY_REMINDER_1, p0165@example.org, study-team@example.org,              3, Survey reminder, p0165@example.org, 2025-12-21T15:38:32Z
f0b24bce-76de-40aa-973c-2132bdc8082d, P0166                , 3a0d0116-f243-4aa5-8db9-17e4c797d718, Reminder , 24H_SURVEY_REMINDER_1 , p0166@example.org, study-team@example.org,              5, Survey reminder, p0166@example.org, 2025-05-21T06:51:13Z
f0b24bce-76de-40aa-973c-2132bdc8082d, P0166                , 0f70d82a-3e31-460f-872e-3abcd6052056, Reminder , 24H_SURVEY_REMINDER_2 , p0166@example.org, study-team@example.org,              4, Survey reminder, p0166@example.org, 2025-05-22T06:51:13Z
f0b24bce-76de-40aa-973c-2132bdc8082d, P0166                , feed352f-7861-4234-93eb-4e01cce7eefc, Reminder , 24H_SURVEY_REMINDER_3 , p0166@example.org, study-team@example.org,              2, Survey reminder, p0166@example.org, 2025-05-23T06:51:13Z
f0b24bce-76de-40aa-973c-2132bdc8082d, P0166                , f56c2c59-cc90-444a-b15e-3e8dc851f5da, Reminder , 1M_SURVEY_REMINDER_1  , p0166@example.org, study-team@example.org,              4, Survey reminder, p0166@example.org, 2025-06-20T06:51:13Z
f0b24bce-76de-40aa-973c-2132bdc8082d, P0166                , 93447753-f5f3-4fe9-af89-520717e867d4, Reminder , 4_6M_SURVEY_REMINDER_1, p0166@example.org, study-team@example.org,              1, Survey reminder, p0166@example.org, 2025-10-02T06:51:13Z
f0b24bce-76de-40aa-973c-2132bdc8082d, P0166                , cac0ada3-da43-4c18-8541-46fb8cab823f, Reminder , 4_6M_SURVEY_REMINDER_2, p0166@example.org, study-team@example.org,              3, Survey reminder, p0166@example.org, 2025-10-03T06:51:13Z
f0b24bce-76de-40aa-973c-2132bdc8082d, P0166                , 1dd9d086-f706-4e3d-9435-bc95dbc36baf, Reminder , 4_6M_SURVEY_REMINDER_3, p0166@example.org, study-team@example.org,              3, Survey reminder, p0166@example.org, 2025-10-04T06:51:13Z
8cd7c97f-45d0-4ff4-a82a-093dbc06d91c, P0167                , 8a18a559-b30b-4244-8245-5ad93b6ca865, Reminder , 3M_SURVEY_REMINDER_1  , p0167@example.org, study-team@example.org,              1, Survey reminder, p0167@example.org, 2026-03-25T09:06:05Z
8cd7c97f-45d0-4ff4-a82a-093dbc06d91c, P0167                , cdccc058-3c63-4273-8423-b5e339808bf0, Reminder , 4_6M_SURVEY_REMINDER_1, p0167@example.org, study-team@example.org,              1, Survey reminder, p0167@example.org, 2026-06-03T09:06:05Z
cdcc5b24-1e7d-466f-a76c-809c3ca57875, P0168                , 22f4a82e-2e1c-4e72-90ae-4aea7edaf482, Reminder , 24H_SURVEY_REMINDER_1 , p0168@example.org, study-team@example.org,              1, Survey reminder, p0168@example.org, 2025-03-20T02:37:46Z
cdcc5b24-1e7d-466f-a76c-809c3ca57875, P0168                , 501865b4-ae48-49aa-8b05-4c144f515838, Reminder , 4_6M_SURVEY_REMINDER_1, p0168@example.org, study-team@example.org,              2, Survey reminder, p0168@example.org, 2025-09-14T02:37:46Z
894ff0c7-1503-4a0c-8509-2d037654e3ad, P0169                , da547c02-7781-4c4a-95f1-e3e1ea9c7918, Reminder , 24H_SURVEY_REMINDER_1 , p0169@example.org, study-team@example.org,              1, Survey reminder, p0169@example.org, 2025-04-12T12:24:50Z
ebb458ce-a375-49f8-9855-e572e2779b3a, P0170                , ecf3cfe4-0c7c-432f-98a1-de71f23aeace, Reminder , 24H_SURVEY_REMINDER_1 , p0170@example.org, study-team@example.org,              1, Survey reminder, p0170@example.org, 2025-09-27T11:57:17Z
ebb458ce-a375-49f8-9855-e572e2779b3a, P0170                , 75687277-134c-4387-8cc8-c1091c746145, Reminder , 24H_SURVEY_REMINDER_2 , p0170@example.org, study-team@example.org,              5, Survey reminder, p0170@example.org, 2025-09-28T11:57:17Z
ebb458ce-a375-49f8-9855-e572e2779b3a, P0170                , 0d2f195b-35c0-450e-a8c2-f234e136af2e, Reminder , 24H_SURVEY_REMINDER_3 , p0170@example.org, study-team@example.org,              4, Survey reminder, p0170@example.org, 2025-09-29T11:57:17Z
ebb458ce-a375-49f8-9855-e572e2779b3a, P0170                , 48fad6b3-87ea-4667-a0bd-e5fe4ac1948c, Reminder , 7D_SURVEY_REMINDER_1  , p0170@example.org, study-team@example.org,              2, Survey reminder, p0170@example.org, 2025-10-04T11:57:17Z
ebb458ce-a375-49f8-9855-e572e2779b3a, P0170                , 2897b9dd-cfe7-4954-b2c3-389db8d97a0f, Reminder , 7D_SURVEY_REMINDER_2  , p0170@example.org, study-team@example.org,              3, Survey reminder, p0170@example.org, 2025-10-05T11:57:17Z
ebb458ce-a375-49f8-9855-e572e2779b3a, P0170                , 3d8c184a-6d58-4855-b5c4-9159a47f3e05, Reminder , 7D_SURVEY_REMINDER_3  , p0170@example.org, study-team@example.org,              4, Survey reminder, p0170@example.org, 2025-10-06T11:57:17Z
ebb458ce-a375-49f8-9855-e572e2779b3a, P0170                , 52df7f7e-9ebb-4f22-9519-9b3ddbee15e5, Reminder , 3M_SURVEY_REMINDER_1  , p0170@example.org, study-team@example.org,              1, Survey reminder, p0170@example.org, 2025-12-26T12:57:17Z
ebb458ce-a375-49f8-9855-e572e2779b3a, P0170                , 53d277a5-ec6e-474d-9f6d-5652ebb2f20b, Reminder , 4_6M_SURVEY_REMINDER_1, p0170@example.org, study-team@example.org,              4, Survey reminder, p0170@example.org, 2026-02-20T12:57:17Z
63864ecf-3d35-429e-a0ee-b7dc2f3d0911, P0171                , b5f88e8b-c4e4-475a-bbdd-ea4ba7ce5982, Reminder , 1M_SURVEY_REMINDER_1  , p0171@example.org, study-team@example.org,              5, Survey reminder, p0171@example.org, 2025-08-08T01:50:26Z
63864ecf-3d35-429e-a0ee-b7dc2f3d0911, P0171                , d7a8e8f4-8e46-4027-907a-a801341519c4, Reminder , 1M_SURVEY_REMINDER_2  , p0171@example.org, study-team@example.org,              4, Survey reminder, p0171@example.org, 2025-08-09T01:50:26Z
63864ecf-3d35-429e-a0ee-b7dc2f3d0911, P0171                , 7a0e02c8-6204-492d-86d4-2200a1ec4452, Reminder , 4_6M_SURVEY_REMINDER_1, p0171@example.org, study-team@example.org,              2, Survey reminder, p0171@example.org, 2025-12-26T02:50:26Z
63864ecf-3d35-429e-a0ee-b7dc2f3d0911, P0171                , 01eebe06-b5e1-4706-b5ab-fcabce39761c, Reminder , 4_6M_SURVEY_REMINDER_2, p0171@example.org, study-team@example.org,              1, Survey reminder, p0171@example.org, 2025-12-27T02:50:26Z
6ce1b220-2206-4575-b03f-41209af5f3e0, P0172                , 31ce9311-be26-4280-81b8-0f3b034c8113, Reminder , 7D_SURVEY_REMINDER_1  , p0172@example.org, study-team@example.org,              1, Survey reminder, p0172@example.org, 2025-07-08T17:33:30Z
6ce1b220-2206-4575-b03f-41209af5f3e0, P0172                , 94f3b2e5-e615-4cb7-ac3a-d371df195914, Reminder , 7D_SURVEY_REMINDER_2  , p0172@example.org, study-team@example.org,              1, Survey reminder, p0172@example.org, 2025-07-09T17:33:30Z
6ce1b220-2206-4575-b03f-41209af5f3e0, P0172                , 2973ba84-4cf6-4d93-8fea-2159b3cb9edd, Reminder , 7D_SURVEY_REMINDER_3  , p0172@example.org, study-team@example.org,              1, Survey reminder, p0172@example.org, 2025-07-10T17:33:30Z
254d021c-3aff-4157-858d-83a29755bc83, P0173                , c229f460-c258-4799-b13f-2e43ba9186f1, Reminder , 24H_SURVEY_REMINDER_1 , p0173@example.org, study-team@example.org,              5, Survey reminder, p0173@example.org, 2025-07-19T01:21:36Z
254d021c-3aff-4157-858d-83a29755bc83, P0173                , 658cc841-42e3-43f7-b99a-0d8584a288f7, Reminder , 24H_SURVEY_REMINDER_2 , p0173@example.org, study-team@example.org,              3, Survey reminder, p0173@example.org, 2025-07-20T01:21:36Z
254d021c-3aff-4157-858d-83a29755bc83, P0173                , 48c1d79d-7e07-4fa9-acb2-9a78c5f2779d, Reminder , 24H_SURVEY_REMINDER_3 , p0173@example.org, study-team@example.org,              1, Survey reminder, p0173@example.org, 2025-07-21T01:21:36Z
254d021c-3aff-4157-858d-83a29755bc83, P0173                , 7bb24468-ddc5-40ab-b65b-b0dad3852fea, Reminder , 7D_SURVEY_REMINDER_1  , p0173@example.org, study-team@example.org,              2, Survey reminder, p0173@example.org, 2025-07-26T01:21:36Z
254d021c-3aff-4157-858d-83a29755bc83, P0173                , 3b739f6d-744f-4a28-9133-4704a2f1d36d, Reminder , 3M_SURVEY_REMINDER_1  , p0173@example.org, study-team@example.org,              5, Survey reminder, p0173@example.org, 2025-10-17T01:21:36Z
e4409f20-e331-4beb-9637-fbf2323bd415, P0174                , 0114619b-f30b-4288-9a2f-7536130c1d42, Reminder , 7D_SURVEY_REMINDER_1  , p0174@example.org, study-team@example.org,              3, Survey reminder, p0174@example.org, 2025-11-02T07:12:05Z
e4409f20-e331-4beb-9637-fbf2323bd415, P0174                , b1eb741e-319e-4385-830b-83534d347146, Reminder , 3M_SURVEY_REMINDER_1  , p0174@example.org, study-team@example.org,              5, Survey reminder, p0174@example.org, 2026-01-24T07:12:05Z
e4409f20-e331-4beb-9637-fbf2323bd415, P0174                , affd3474-65bf-4a92-b29d-d6ddad52060b, Reminder , 3M_SURVEY_REMINDER_2  , p0174@example.org, study-team@example.org,              4, Survey reminder, p0174@example.org, 2026-01-25T07:12:05Z
e4409f20-e331-4beb-9637-fbf2323bd415, P0174                , fff059e4-d688-43b1-bf55-e7e2c9f44d5c, Reminder , 3M_SURVEY_REMINDER_3  , p0174@example.org, study-team@example.org,              4, Survey reminder, p0174@example.org, 2026-01-26T07:12:05Z
e4409f20-e331-4beb-9637-fbf2323bd415, P0174                , 84ecb163-77f5-400c-b314-7d7328696985, Reminder , 4_6M_SURVEY_REMINDER_1, p0174@example.org, study-team@example.org,              5, Survey reminder, p0174@example.org, 2026-03-21T06:12:05Z
e4409f20-e331-4beb-9637-fbf2323bd415, P0174                , 5b13efe4-548f-4d6d-a5ea-3e80799d473a, Reminder , 4_6M_SURVEY_REMINDER_2, p0174@example.org, study-team@example.org,              4, Survey reminder, p0174@example.org, 2026-03-22T06:12:05Z
e4409f20-e331-4beb-9637-fbf2323bd415, P0174                , c71e5cae-224d-49bb-a0a7-ef70fb4f64cf, Reminder , 4_6M_SURVEY_REMINDER_3, p0174@example.org, study-team@example.org,              2, Survey reminder, p0174@example.org, 2026-03-23T06:12:05Z
9fcfd7e3-7ef9-4b56-82d7-84551f63d987, P0175                , 9b481522-2efe-4938-86c4-78645de0ec64, Reminder , 7D_SURVEY_REMINDER_1  , p0175@example.org, study-team@example.org,              4, Survey reminder, p0175@example.org, 2025-11-25T09:30:12Z
9fcfd7e3-7ef9-4b56-82d7-84551f63d987, P0175                , 280c1e22-855a-486f-a767-60488e8ef83d, Reminder , 1M_SURVEY_REMINDER_1  , p0175@example.org, study-team@example.org,              2, Survey reminder, p0175@example.org, 2025-12-18T09:30:12Z
9fcfd7e3-7ef9-4b56-82d7-84551f63d987, P0175                , 05f0ba86-db92-42a3-9f18-8aebaa3879ed, Reminder , 4_6M_SURVEY_REMINDER_1, p0175@example.org, study-team@example.org,              4, Survey reminder, p0175@example.org, 2026-04-25T08:30:12Z
fad339a5-9371-4154-b577-a3ec118f8618, P0176                , a681809e-f847-4c93-9395-0151a0dbaee5, Reminder , 7D_SURVEY_REMINDER_1  , p0176@example.org, study-team@example.org,              5, Survey reminder, p0176@example.org, 2025-07-20T13:50:55Z
fad339a5-9371-4154-b577-a3ec118f8618, P0176                , d67e6e16-b533-498a-983f-f6155731db45, Reminder , 7D_SURVEY_REMINDER_2  , p0176@example.org, study-team@example.org,              3, Survey reminder, p0176@example.org, 2025-07-21T13:50:55Z
fad339a5-9371-4154-b577-a3ec118f8618, P0176                , a883c52a-1891-4904-9bdd-fe91f84c03c4, Reminder , 1M_SURVEY_REMINDER_1  , p0176@example.org, study-team@example.org,              5, Survey reminder, p0176@example.org, 2025-08-12T13:50:55Z
fad339a5-9371-4154-b577-a3ec118f8618, P0176                , 79b3cc1b-18de-4915-9564-1f09a61bd22f, Reminder , 4_6M_SURVEY_REMINDER_1, p0176@example.org, study-team@example.org,              3, Survey reminder, p0176@example.org, 2025-11-26T14:50:55Z
fad339a5-9371-4154-b577-a3ec118f8618, P0176                , b2cbec4e-b2ea-497e-a60f-fc62fc0a3b4a, Reminder , 4_6M_SURVEY_REMINDER_2, p0176@example.org, study-team@example.org,              3, Survey reminder, p0176@example.org, 2025-11-27T14:50:55Z
5103cd40-b672-4925-a836-fd353c3e1341, P0177                , 1173007c-7731-4d9a-97af-b9ac07626be4, Reminder , 24H_SURVEY_REMINDER_1 , p0177@example.org, study-team@example.org,              1, Survey reminder, p0177@example.org, 2025-11-11T07:44:04Z
2087eaff-6c26-4b01-9d5b-d245510e857e, P0178                , dc9552d3-bf2f-43c9-94a9-b737ce5095b3, Reminder , 24H_SURVEY_REMINDER_1 , p0178@example.org, study-team@example.org,              3, Survey reminder, p0178@example.org, 2025-06-19T03:19:13Z
2087eaff-6c26-4b01-9d5b-d245510e857e, P0178                , f8460144-c80b-4f81-8d1c-ba43bf3e43e3, Reminder , 1M_SURVEY_REMINDER_1  , p0178@example.org, study-team@example.org,              1, Survey reminder, p0178@example.org, 2025-07-19T03:19:13Z
2087eaff-6c26-4b01-9d5b-d245510e857e, P0178                , 130c39ac-32c2-4c42-8487-c83491faaf87, Reminder , 1M_SURVEY_REMINDER_2  , p0178@example.org, study-team@example.org,              2, Survey reminder, p0178@example.org, 2025-07-20T03:19:13Z
2087eaff-6c26-4b01-9d5b-d245510e857e, P0178                , 874579b4-7856-408f-b673-5884a329de99, Reminder , 1M_SURVEY_REMINDER_3  , p0178@example.org, study-team@example.org,              2, Survey reminder, p0178@example.org, 2025-07-21T03:19:13Z
2087eaff-6c26-4b01-9d5b-d245510e857e, P0178                , 4a8788a4-c752-43da-85d7-2cee2e919481, Reminder , 3M_SURVEY_REMINDER_1  , p0178@example.org, study-team@example.org,              5, Survey reminder, p0178@example.org, 2025-09-17T03:19:13Z
2087eaff-6c26-4b01-9d5b-d245510e857e, P0178                , a7a35841-6342-4d96-a615-da0ca87c08e1, Reminder , 3M_SURVEY_REMINDER_2  , p0178@example.org, study-team@example.org,              4, Survey reminder, p0178@example.org, 2025-09-18T03:19:13Z
2087eaff-6c26-4b01-9d5b-d245510e857e, P0178                , b05a7b2b-b0ea-435f-887d-a2cc4b33e012, Reminder , 4_6M_SURVEY_REMINDER_1, p0178@example.org, study-team@example.org,              5, Survey reminder, p0178@example.org, 2025-11-17T04:19:13Z
2087eaff-6c26-4b01-9d5b-d245510e857e, P0178                , 98bb4590-8f77-4dc2-ac6f-ec90ee79678e, Reminder , 4_6M_SURVEY_REMINDER_2, p0178@example.org, study-team@example.org,              2, Survey reminder, p0178@example.org, 2025-11-18T04:19:13Z
2087eaff-6c26-4b01-9d5b-d245510e857e, P0178                , 87f8009f-034d-41a7-98b2-7655cf8a24a1, Reminder , 4_6M_SURVEY_REMINDER_3, p0178@example.org, study-team@example.org,              3, Survey reminder, p0178@example.org, 2025-11-19T04:19:13Z
b1df84ff-3fea-419b-a06f-4c757c8fdcba, P0179                , 4d7d6d0a-b6b7-4ad5-abf2-f2e1058f945e, Reminder , 24H_SURVEY_REMINDER_1 , p0179@example.org, study-team@example.org,              2, Survey reminder, p0179@example.org, 2025-08-06T03:26:07Z
b1df84ff-3fea-419b-a06f-4c757c8fdcba, P0179                , 0699051f-616c-44ae-81db-e6bd4ca0a629, Reminder , 3M_SURVEY_REMINDER_1  , p0179@example.org, study-team@example.org,              1, Survey reminder, p0179@example.org, 2025-11-04T04:26:07Z
b1df84ff-3fea-419b-a06f-4c757c8fdcba, P0179                , cb4b94f5-ec08-476d-82d2-1fbc1a319f0c, Reminder , 3M_SURVEY_REMINDER_2  , p0179@example.org, study-team@example.org,              1, Survey reminder, p0179@example.org, 2025-11-05T04:26:07Z
b1df84ff-3fea-419b-a06f-4c757c8fdcba, P0179                , f582bd32-b7ba-406c-9472-4c2cb7480cd8, Reminder , 3M_SURVEY_REMINDER_3  , p0179@example.org, study-team@example.org,              3, Survey reminder, p0179@example.org, 2025-11-06T04:26:07Z
b1df84ff-3fea-419b-a06f-4c757c8fdcba, P0179                , cf2b9cc6-c480-4a61-a43b-b7737e828403, Reminder , 4_6M_SURVEY_REMINDER_1, p0179@example.org, study-team@example.org,              5, Survey reminder, p0179@example.org, 2026-01-15T04:26:07Z
b1df84ff-3fea-419b-a06f-4c757c8fdcba, P0179                , 9331e43c-7b9c-483b-8298-b04ebb6386dd, Reminder , 4_6M_SURVEY_REMINDER_2, p0179@example.org, study-team@example.org,              1, Survey reminder, p0179@example.org, 2026-01-16T04:26:07Z
b1df84ff-3fea-419b-a06f-4c757c8fdcba, P0179                , 5fd63e70-9cd8-4021-ad2c-01ce42c6c819, Reminder , 4_6M_SURVEY_REMINDER_3, p0179@example.org, study-team@example.org,              3, Survey reminder, p0179@example.org, 2026-01-17T04:26:07Z
3dac9f8d-7b0f-426a-bf7a-1d203d30981a, P0180                , b96c7c45-263b-4d25-b9c4-de92ce0003fa, Reminder , 7D_SURVEY_REMINDER_1  , p0180@example.org, study-team@example.org,              5, Survey reminder, p0180@example.org, 2025-09-23T07:58:54Z
03e24b65-c959-455f-8eb2-58c5a8890ad5, P0181                , 39ec657a-5f44-42b2-985f-749a1bd6e440, Reminder , 7D_SURVEY_REMINDER_1  , p0181@example.org, study-team@example.org,              2, Survey reminder, p0181@example.org, 2025-12-26T21:20:32Z
03e24b65-c959-455f-8eb2-58c5a8890ad5, P0181                , 9fd91f3d-cc6e-4e1d-b8eb-cbc493262dce, Reminder , 4_6M_SURVEY_REMINDER_1, p0181@example.org, study-team@example.org,              4, Survey reminder, p0181@example.org, 2026-06-16T20:20:32Z
03e24b65-c959-455f-8eb2-58c5a8890ad5, P0181                , 0acce3be-53b7-484e-a4e8-8f093113784b, Reminder , 4_6M_SURVEY_REMINDER_2, p0181@example.org, study-team@example.org,              2, Survey reminder, p0181@example.org, 2026-06-17T20:20:32Z
9c126754-de5b-4b0b-a654-44239a2564ef, P0182                , 01925e13-0ab9-411e-aff9-c1420d6247d5, Reminder , 24H_SURVEY_REMINDER_1 , p0182@example.org, study-team@example.org,              2, Survey reminder, p0182@example.org, 2025-01-14T14:22:08Z
9c126754-de5b-4b0b-a654-44239a2564ef, P0182                , 1bae7583-9120-4daa-afc7-32003288ad6c, Reminder , 24H_SURVEY_REMINDER_2 , p0182@example.org, study-team@example.org,              2, Survey reminder, p0182@example.org, 2025-01-15T14:22:08Z
9c126754-de5b-4b0b-a654-44239a2564ef, P0182                , 36ee1634-574e-452a-b0a4-c5a994ba2374, Reminder , 24H_SURVEY_REMINDER_3 , p0182@example.org, study-team@example.org,              2, Survey reminder, p0182@example.org, 2025-01-16T14:22:08Z
9c126754-de5b-4b0b-a654-44239a2564ef, P0182                , 082fa700-9142-4edf-b5d2-41539ccb6642, Reminder , 4_6M_SURVEY_REMINDER_1, p0182@example.org, study-team@example.org,              5, Survey reminder, p0182@example.org, 2025-05-28T13:22:08Z
3214e498-43de-43e9-b5be-fd303a2fe425, P0183                , efa1bed9-5909-4ade-8600-067b6ecb305a, Reminder , 24H_SURVEY_REMINDER_1 , p0183@example.org, study-team@example.org,              4, Survey reminder, p0183@example.org, 2025-11-20T10:14:42Z
3214e498-43de-43e9-b5be-fd303a2fe425, P0183                , 515a5874-6f4b-402c-9291-e0cbd247971b, Reminder , 24H_SURVEY_REMINDER_2 , p0183@example.org, study-team@example.org,              4, Survey reminder, p0183@example.org, 2025-11-21T10:14:42Z
3214e498-43de-43e9-b5be-fd303a2fe425, P0183                , 026b7981-9b38-41fb-80e3-6008900196b7, Reminder , 3M_SURVEY_REMINDER_1  , p0183@example.org, study-team@example.org,              4, Survey reminder, p0183@example.org, 2026-02-18T10:14:42Z
3c506462-bff6-4769-858b-610d571b363b, P0184                , cbca4210-28cb-4c70-a065-5460426fb49f, Reminder , 1M_SURVEY_REMINDER_1  , p0184@example.org, study-team@example.org,              3, Survey reminder, p0184@example.org, 2025-05-24T03:38:55Z
3c506462-bff6-4769-858b-610d571b363b, P0184                , 78d5570e-447b-49c4-853a-937f9c57709b, Reminder , 1M_SURVEY_REMINDER_2  , p0184@example.org, study-team@example.org,              2, Survey reminder, p0184@example.org, 2025-05-25T03:38:55Z
3c506462-bff6-4769-858b-610d571b363b, P0184                , 25c6ae1b-d1c5-4c64-a69a-d2018b772f51, Reminder , 1M_SURVEY_REMINDER_3  , p0184@example.org, study-team@example.org,              2, Survey reminder, p0184@example.org, 2025-05-26T03:38:55Z
8bfd1969-cea2-443b-a89c-c520e9ec93f7, P0185                , 2bc75015-c02c-4091-a047-8bbe86ba0159, Reminder , 24H_SURVEY_REMINDER_1 , p0185@example.org, study-team@example.org,              1, Survey reminder, p0185@example.org, 2025-05-04T11:27:59Z
8bfd1969-cea2-443b-a89c-c520e9ec93f7, P0185                , 9d86e21c-25cd-48d8-8954-4d1697828ec6, Reminder , 24H_SURVEY_REMINDER_2 , p0185@example.org, study-team@example.org,              5, Survey reminder, p0185@example.org, 2025-05-05T11:27:59Z
8bfd1969-cea2-443b-a89c-c520e9ec93f7, P0185                , 3c680a09-1a0d-43ee-b478-9a8d17e93b7b, Reminder , 24H_SURVEY_REMINDER_3 , p0185@example.org, study-team@example.org,              1, Survey reminder, p0185@example.org, 2025-05-06T11:27:59Z
8bfd1969-cea2-443b-a89c-c520e9ec93f7, P0185                , 48964c0b-7b31-491a-8713-c2700d1f72b2, Reminder , 3M_SURVEY_REMINDER_1  , p0185@example.org, study-team@example.org,              3, Survey reminder, p0185@example.org, 2025-08-02T11:27:59Z
8bfd1969-cea2-443b-a89c-c520e9ec93f7, P0185                , 7c159bde-96f5-432c-81ba-353a71d101c7, Reminder , 3M_SURVEY_REMINDER_2  , p0185@example.org, study-team@example.org,              2, Survey reminder, p0185@example.org, 2025-08-03T11:27:59Z
8bfd1969-cea2-443b-a89c-c520e9ec93f7, P0185                , bc239c93-61f2-465f-bad2-f410ae110621, Reminder , 3M_SURVEY_REMINDER_3  , p0185@example.org, study-team@example.org,              1, Survey reminder, p0185@example.org, 2025-08-04T11:27:59Z
8bfd1969-cea2-443b-a89c-c520e9ec93f7, P0185                , 77fb4d3e-a3bc-4be9-8289-c95b53f93d3f, Reminder , 4_6M_SURVEY_REMINDER_1, p0185@example.org, study-team@example.org,              1, Survey reminder, p0185@example.org, 2025-09-17T11:27:59Z
de934db8-7da0-4de8-8903-8653a67c6e3a, P0186                , b6815af9-a8aa-4688-85af-a6d7af98a8e0, Reminder , 7D_SURVEY_REMINDER_1  , p0186@example.org, study-team@example.org,              1, Survey reminder, p0186@example.org, 2025-07-05T05:40:02Z
de934db8-7da0-4de8-8903-8653a67c6e3a, P0186                , 41592132-2d9c-443b-8509-d4dec3dcc866, Reminder , 1M_SURVEY_REMINDER_1  , p0186@example.org, study-team@example.org,              4, Survey reminder, p0186@example.org, 2025-07-28T05:40:02Z
f4d96764-dd23-4ae7-907d-dc7e999bdfa2, P0187                , fd5410c9-6560-4d1f-8d25-163472999837, Reminder , 3M_SURVEY_REMINDER_1  , p0187@example.org, study-team@example.org,              3, Survey reminder, p0187@example.org, 2026-03-23T13:18:45Z
f4d96764-dd23-4ae7-907d-dc7e999bdfa2, P0187                , b176c7a7-ebea-4395-b9a7-552859e7cc0f, Reminder , 3M_SURVEY_REMINDER_2  , p0187@example.org, study-team@example.org,              4, Survey reminder, p0187@example.org, 2026-03-24T13:18:45Z
f4d96764-dd23-4ae7-907d-dc7e999bdfa2, P0187                , 4a4cc3ed-caa9-4ed0-a9c8-25ebda062179, Reminder , 4_6M_SURVEY_REMINDER_1, p0187@example.org, study-team@example.org,              2, Survey reminder, p0187@example.org, 2026-06-06T13:18:45Z
019929d8-1eed-4948-bdff-5fc460e1e06b, P0188                , acee2eb3-ec63-4986-bef8-c3c4be23cafd, Reminder , 7D_SURVEY_REMINDER_1  , p0188@example.org, study-team@example.org,              2, Survey reminder, p0188@example.org, 2025-11-19T20:28:36Z
019929d8-1eed-4948-bdff-5fc460e1e06b, P0188                , 46e13345-2e4d-4390-a8a2-2eb96366f4a1, Reminder , 7D_SURVEY_REMINDER_2  , p0188@example.org, study-team@example.org,              3, Survey reminder, p0188@example.org, 2025-11-20T20:28:36Z
019929d8-1eed-4948-bdff-5fc460e1e06b, P0188                , ce9e65f7-893a-48fa-8ac9-225ac89ec28d, Reminder , 7D_SURVEY_REMINDER_3  , p0188@example.org, study-team@example.org,              1, Survey reminder, p0188@example.org, 2025-11-21T20:28:36Z
dea84563-d765-4b5f-8371-df7c90bca240, P0189                , d530dba5-aeaf-4aca-93b3-67a91ef01c45, Reminder , 7D_SURVEY_REMINDER_1  , p0189@example.org, study-team@example.org,              1, Survey reminder, p0189@example.org, 2025-02-15T17:55:13Z
dea84563-d765-4b5f-8371-df7c90bca240, P0189                , 3028d12c-9e35-4707-a72d-42b5d0b81b7c, Reminder , 1M_SURVEY_REMINDER_1  , p0189@example.org, study-team@example.org,              5, Survey reminder, p0189@example.org, 2025-03-10T16:55:13Z
dea84563-d765-4b5f-8371-df7c90bca240, P0189                , efdea6da-dc8e-453a-a264-59f4f3ee026a, Reminder , 1M_SURVEY_REMINDER_2  , p0189@example.org, study-team@example.org,              3, Survey reminder, p0189@example.org, 2025-03-11T16:55:13Z
dea84563-d765-4b5f-8371-df7c90bca240, P0189                , 126662fa-8e3f-4051-af50-0b8a52c19b7e, Reminder , 1M_SURVEY_REMINDER_3  , p0189@example.org, study-team@example.org,              1, Survey reminder, p0189@example.org, 2025-03-12T16:55:13Z
dea84563-d765-4b5f-8371-df7c90bca240, P0189                , b88cd1d2-507c-427d-8cf8-a72d5d6f2ecc, Reminder , 3M_SURVEY_REMINDER_1  , p0189@example.org, study-team@example.org,              2, Survey reminder, p0189@example.org, 2025-05-09T16:55:13Z
dea84563-d765-4b5f-8371-df7c90bca240, P0189                , 56448482-f91c-4e8a-a1ff-3249b2092789, Reminder , 3M_SURVEY_REMINDER_2  , p0189@example.org, study-team@example.org,              5, Survey reminder, p0189@example.org, 2025-05-10T16:55:13Z
dea84563-d765-4b5f-8371-df7c90bca240, P0189                , 4c0f6397-0ab3-4051-9c5c-022d689a60c1, Reminder , 3M_SURVEY_REMINDER_3  , p0189@example.org, study-team@example.org,              4, Survey reminder, p0189@example.org, 2025-05-11T16:55:13Z
b3f78303-73cd-46e6-813b-4313645ebbe5, P0190                , 599c2239-24ff-4e1f-adb8-8e5092652f9a, Reminder , 1M_SURVEY_REMINDER_1  , p0190@example.org, study-team@example.org,              1, Survey reminder, p0190@example.org, 2025-07-20T18:40:05Z
b3f78303-73cd-46e6-813b-4313645ebbe5, P0190                , 4964bc87-a4a1-48b9-ba36-37569ba62bfe, Reminder , 3M_SURVEY_REMINDER_1  , p0190@example.org, study-team@example.org,              1, Survey reminder, p0190@example.org, 2025-09-18T18:40:05Z
b3f78303-73cd-46e6-813b-4313645ebbe5, P0190                , 139880f2-2f84-4fbe-8faf-7ffda5975719, Reminder , 3M_SURVEY_REMINDER_2  , p0190@example.org, study-team@example.org,              4, Survey reminder, p0190@example.org, 2025-09-19T18:40:05Z
b72b6d21-a8bb-47db-b5d3-7162386b9353, P0191                , c4f37a30-338e-430b-81fe-a5ee11781b1f, Reminder , 7D_SURVEY_REMINDER_1  , p0191@example.org, study-team@example.org,              4, Survey reminder, p0191@example.org, 2025-10-03T05:03:31Z
b72b6d21-a8bb-47db-b5d3-7162386b9353, P0191                , 7c808455-3916-4824-bf75-153f9de797f5, Reminder , 4_6M_SURVEY_REMINDER_1, p0191@example.org, study-team@example.org,              1, Survey reminder, p0191@example.org, 2026-02-08T06:03:31Z
60673e53-be52-4aa9-a779-3f29f7a466d0, P0192                , 9e7dc101-86df-4f94-ba8e-6836952969b2, Reminder , 24H_SURVEY_REMINDER_1 , p0192@example.org, study-team@example.org,              5, Survey reminder, p0192@example.org, 2025-10-06T18:26:39Z
60673e53-be52-4aa9-a779-3f29f7a466d0, P0192                , 35d55e96-38ee-42dd-9681-f153a88cbc11, Reminder , 7D_SURVEY_REMINDER_1  , p0192@example.org, study-team@example.org,              3, Survey reminder, p0192@example.org, 2025-10-13T18:26:39Z
60673e53-be52-4aa9-a779-3f29f7a466d0, P0192                , 65124f03-68cc-4a45-9cef-195b3da940a2, Reminder , 7D_SURVEY_REMINDER_2  , p0192@example.org, study-team@example.org,              2, Survey reminder, p0192@example.org, 2025-10-14T18:26:39Z
60673e53-be52-4aa9-a779-3f29f7a466d0, P0192                , fc0a228e-cbcb-4c4e-960b-da0fa1198e1c, Reminder , 3M_SURVEY_REMINDER_1  , p0192@example.org, study-team@example.org,              1, Survey reminder, p0192@example.org, 2026-01-04T19:26:39Z
60673e53-be52-4aa9-a779-3f29f7a466d0, P0192                , 1ce43239-c615-4fa0-a8d2-e7c3be7ee90e, Reminder , 3M_SURVEY_REMINDER_2  , p0192@example.org, study-team@example.org,              4, Survey reminder, p0192@example.org, 2026-01-05T19:26:39Z
a47ae2ac-1575-4d44-bca9-111225b5c679, P0193                , 82a13aaf-fb47-406f-9663-11691a3fdd45, Reminder , 1M_SURVEY_REMINDER_1  , p0193@example.org, study-team@example.org,              3, Survey reminder, p0193@example.org, 2025-12-02T10:31:18Z
a47ae2ac-1575-4d44-bca9-111225b5c679, P0193                , f987eda9-4a03-4d46-b2b1-32eb19885be3, Reminder , 1M_SURVEY_REMINDER_2  , p0193@example.org, study-team@example.org,              4, Survey reminder, p0193@example.org, 2025-12-03T10:31:18Z
f6149e0e-2a67-416d-b5c3-29df7a4f3203, P0194                , 1c1a306d-8a69-497e-9e35-876646aceb60, Reminder , 24H_SURVEY_REMINDER_1 , p0194@example.org, study-team@example.org,              2, Survey reminder, p0194@example.org, 2025-07-20T13:46:18Z
f6149e0e-2a67-416d-b5c3-29df7a4f3203, P0194                , ee6f8615-cf6a-40bd-ae46-b4b1db2e0f37, Reminder , 7D_SURVEY_REMINDER_1  , p0194@example.org, study-team@example.org,              5, Survey reminder, p0194@example.org, 2025-07-27T13:46:18Z
f6149e0e-2a67-416d-b5c3-29df7a4f3203, P0194                , 6512a42a-0ba9-41c7-97a1-818e63f504f4, Reminder , 7D_SURVEY_REMINDER_2  , p0194@example.org, study-team@example.org,              2, Survey reminder, p0194@example.org, 2025-07-28T13:46:18Z
f6149e0e-2a67-416d-b5c3-29df7a4f3203, P0194                , 5d72be3b-1aab-44e7-9bdd-375207860f47, Reminder , 7D_SURVEY_REMINDER_3  , p0194@example.org, study-team@example.org,              1, Survey reminder, p0194@example.org, 2025-07-29T13:46:18Z
f6149e0e-2a67-416d-b5c3-29df7a4f3203, P0194                , 81403de6-7a7b-4fff-a68f-0a25df4cc4d5, Reminder , 4_6M_SURVEY_REMINDER_1, p0194@example.org, study-team@example.org,              2, Survey reminder, p0194@example.org, 2025-12-30T14:46:18Z
d4d73fa9-f6eb-461d-b2bd-708a35b96fef, P0195                , 7d4eb7f0-5b19-43cd-bd26-b73655b160f9, Reminder , 24H_SURVEY_REMINDER_1 , p0195@example.org, study-team@example.org,              4, Survey reminder, p0195@example.org, 2025-04-12T00:29:22Z
d4d73fa9-f6eb-461d-b2bd-708a35b96fef, P0195                , 219ecc15-c988-4a0c-af49-31e84bc47d71, Reminder , 3M_SURVEY_REMINDER_1  , p0195@example.org, study-team@example.org,              3, Survey reminder, p0195@example.org, 2025-07-11T00:29:22Z
d4d73fa9-f6eb-461d-b2bd-708a35b96fef, P0195                , 6d962a62-7625-4fb4-a5f5-0620beca3ef9, Reminder , 3M_SURVEY_REMINDER_2  , p0195@example.org, study-team@example.org,              2, Survey reminder, p0195@example.org, 2025-07-12T00:29:22Z
b8c3f77e-46c6-4290-b87b-aaba9476b0b6, P0196                , 6ec0528b-5298-4fee-b736-3aab7c08e648, Reminder , 7D_SURVEY_REMINDER_1  , p0196@example.org, study-team@example.org,              1, Survey reminder, p0196@example.org, 2025-07-03T09:32:06Z
b8c3f77e-46c6-4290-b87b-aaba9476b0b6, P0196                , 4944b24e-405c-481a-80cd-04ab2d84cb25, Reminder , 4_6M_SURVEY_REMINDER_1, p0196@example.org, study-team@example.org,              2, Survey reminder, p0196@example.org, 2025-10-31T09:32:06Z
26f22487-c3e6-4762-8ec7-2dd1864632a2, P0197                , 8e660c26-79a5-4d93-80f8-6f994d4f9099, Reminder , 1M_SURVEY_REMINDER_1  , p0197@example.org, study-team@example.org,              5, Survey reminder, p0197@example.org, 2026-01-24T14:23:49Z
26f22487-c3e6-4762-8ec7-2dd1864632a2, P0197                , 113b65eb-a2b2-46ed-a760-6ec309ddc6af, Reminder , 1M_SURVEY_REMINDER_2  , p0197@example.org, study-team@example.org,              5, Survey reminder, p0197@example.org, 2026-01-25T14:23:49Z
d08e1823-ff85-4f3b-bd98-231a4e276d3f, P0198                , b4a55d0d-96b1-4989-929b-6ad375ee2295, Reminder , 24H_SURVEY_REMINDER_1 , p0198@example.org, study-team@example.org,              3, Survey reminder, p0198@example.org, 2025-03-13T14:08:49Z
d08e1823-ff85-4f3b-bd98-231a4e276d3f, P0198                , 5d287219-779c-443c-af38-97aaa25c76f8, Reminder , 24H_SURVEY_REMINDER_2 , p0198@example.org, study-team@example.org,              5, Survey reminder, p0198@example.org, 2025-03-14T14:08:49Z
d08e1823-ff85-4f3b-bd98-231a4e276d3f, P0198                , 467e22e9-f36f-48a8-8178-a9971431d92f, Reminder , 24H_SURVEY_REMINDER_3 , p0198@example.org, study-team@example.org,              4, Survey reminder, p0198@example.org, 2025-03-15T14:08:49Z
4d20721a-369c-44fd-a90f-6b2b196aae7e, P0199                , e7667ef4-612e-4381-a0df-2f0ed520f8b0, Reminder , 24H_SURVEY_REMINDER_1 , p0199@example.org, study-team@example.org,              1, Survey reminder, p0199@example.org, 2025-06-15T20:31:59Z
4d20721a-369c-44fd-a90f-6b2b196aae7e, P0199                , 8aeb79d2-deb9-4f4f-af72-c652a3f558c8, Reminder , 7D_SURVEY_REMINDER_1  , p0199@example.org, study-team@example.org,              5, Survey reminder, p0199@example.org, 2025-06-22T20:31:59Z
05745887-b91c-459b-8205-ae10916432c9, P0200                , ae7daa0a-617c-48a4-ab57-02e9a147ac24, Reminder , 3M_SURVEY_REMINDER_1  , p0200@example.org, study-team@example.org,              4, Survey reminder, p0200@example.org, 2026-02-22T17:06:58Z
05745887-b91c-459b-8205-ae10916432c9, P0200                , b3bc1afc-b05e-40b5-a2e1-d2705351d430, Reminder , 3M_SURVEY_REMINDER_2  , p0200@example.org, study-team@example.org,              1, Survey reminder, p0200@example.org, 2026-02-23T17:06:58Z
536ee717-ba21-40b2-8b7d-d230ee603501, P0201                , 90170c89-cd2e-497f-8a15-4686b86e4887, Reminder , 24H_SURVEY_REMINDER_1 , p0201@example.org, study-team@example.org,              2, Survey reminder, p0201@example.org, 2025-10-11T05:13:16Z
536ee717-ba21-40b2-8b7d-d230ee603501, P0201                , c91a2c74-1847-4cdd-9aee-7384df89b3ff, Reminder , 1M_SURVEY_REMINDER_1  , p0201@example.org, study-team@example.org,              5, Survey reminder, p0201@example.org, 2025-11-10T06:13:16Z
90022626-8be1-45f6-be88-39dab8a4051c, P0202                , 00986949-a215-41ef-9d22-6f56b60fe012, Reminder , 7D_SURVEY_REMINDER_1  , p0202@example.org, study-team@example.org,              4, Survey reminder, p0202@example.org, 2025-07-13T13:58:30Z
90022626-8be1-45f6-be88-39dab8a4051c, P0202                , c839ddee-16e1-447f-a548-8532d39f18cd, Reminder , 7D_SURVEY_REMINDER_2  , p0202@example.org, study-team@example.org,              2, Survey reminder, p0202@example.org, 2025-07-14T13:58:30Z
90022626-8be1-45f6-be88-39dab8a4051c, P0202                , 3c21bde0-4e9c-4079-84bb-ea73fce656d1, Reminder , 7D_SURVEY_REMINDER_3  , p0202@example.org, study-team@example.org,              4, Survey reminder, p0202@example.org, 2025-07-15T13:58:30Z
90022626-8be1-45f6-be88-39dab8a4051c, P0202                , e59a70f3-e2c1-49b0-a2e3-d54d48268f4d, Reminder , 1M_SURVEY_REMINDER_1  , p0202@example.org, study-team@example.org,              2, Survey reminder, p0202@example.org, 2025-08-05T13:58:30Z
90022626-8be1-45f6-be88-39dab8a4051c, P0202                , d862f9be-06e6-4a8d-bee5-6d2339ebb6b3, Reminder , 1M_SURVEY_REMINDER_2  , p0202@example.org, study-team@example.org,              5, Survey reminder, p0202@example.org, 2025-08-06T13:58:30Z
90022626-8be1-45f6-be88-39dab8a4051c, P0202                , e2199ea7-d59d-4416-844a-72cfea86ff3e, Reminder , 4_6M_SURVEY_REMINDER_1, p0202@example.org, study-team@example.org,              2, Survey reminder, p0202@example.org, 2025-11-15T14:58:30Z
90022626-8be1-45f6-be88-39dab8a4051c, P0202                , 7d9e30f7-454c-40ef-ad8b-a3aad16b0c32, Reminder , 4_6M_SURVEY_REMINDER_2, p0202@example.org, study-team@example.org,              2, Survey reminder, p0202@example.org, 2025-11-16T14:58:30Z
bf4725bd-1c39-4649-8b7d-7f05cf31aeb4, P0203                , 7ce4afeb-2c61-4bcb-a123-a22bb21aee8d, Reminder , 1M_SURVEY_REMINDER_1  , p0203@example.org, study-team@example.org,              3, Survey reminder, p0203@example.org, 2025-02-25T12:16:57Z
bfec3a82-ad28-4a60-bddd-304754276df2, P0204                , 614ea27d-ecf9-4b38-9a54-74ae76cd419c, Reminder , 7D_SURVEY_REMINDER_1  , p0204@example.org, study-team@example.org,              3, Survey reminder, p0204@example.org, 2025-09-17T08:54:57Z
ac12a7cf-577d-41d7-85f2-faab86a7d88b, P0205                , 1958058d-00da-4cd0-a182-48b5c5defbdb, Reminder , 24H_SURVEY_REMINDER_1 , p0205@example.org, study-team@example.org,              2, Survey reminder, p0205@example.org, 2025-04-14T23:39:09Z
ac12a7cf-577d-41d7-85f2-faab86a7d88b, P0205                , 21ba664f-6794-4c3f-9fa2-cc0da903922b, Reminder , 24H_SURVEY_REMINDER_2 , p0205@example.org, study-team@example.org,              2, Survey reminder, p0205@example.org, 2025-04-15T23:39:09Z
ac12a7cf-577d-41d7-85f2-faab86a7d88b, P0205                , d68f71d9-cf84-431d-a5b1-9abac198517b, Reminder , 24H_SURVEY_REMINDER_3 , p0205@example.org, study-team@example.org,              4, Survey reminder, p0205@example.org, 2025-04-16T23:39:09Z
ac12a7cf-577d-41d7-85f2-faab86a7d88b, P0205                , da9b50ce-7dbc-480e-b920-b150c77a3147, Reminder , 7D_SURVEY_REMINDER_1  , p0205@example.org, study-team@example.org,              4, Survey reminder, p0205@example.org, 2025-04-21T23:39:09Z
ac12a7cf-577d-41d7-85f2-faab86a7d88b, P0205                , d8e0bb3d-63e5-48b7-93e7-72ade46a0e3f, Reminder , 3M_SURVEY_REMINDER_1  , p0205@example.org, study-team@example.org,              1, Survey reminder, p0205@example.org, 2025-07-13T23:39:09Z
ac12a7cf-577d-41d7-85f2-faab86a7d88b, P0205                , 6d3b4c5b-b901-4992-a242-3018e505eb06, Reminder , 3M_SURVEY_REMINDER_2  , p0205@example.org, study-team@example.org,              1, Survey reminder, p0205@example.org, 2025-07-14T23:39:09Z
c0e862ec-fdb2-4c72-ba8e-51cc435fa72e, P0206                , 3b271f81-521d-4e87-b2b0-53eafd9de152, Reminder , 7D_SURVEY_REMINDER_1  , p0206@example.org, study-team@example.org,              2, Survey reminder, p0206@example.org, 2025-12-25T08:02:09Z
c0e862ec-fdb2-4c72-ba8e-51cc435fa72e, P0206                , fe94e9aa-45e4-4b61-bd5b-b81f18cd22ce, Reminder , 7D_SURVEY_REMINDER_2  , p0206@example.org, study-team@example.org,              1, Survey reminder, p0206@example.org, 2025-12-26T08:02:09Z
c5ec03c2-21dc-4e4d-af21-33cdd7e6cc42, P0207                , be85e5f8-d5b6-4ff6-ad37-62e2b76c2628, Reminder , 24H_SURVEY_REMINDER_1 , p0207@example.org, study-team@example.org,              3, Survey reminder, p0207@example.org, 2025-07-14T01:37:35Z
c5ec03c2-21dc-4e4d-af21-33cdd7e6cc42, P0207                , 47c4c099-2f57-4125-9187-e7d05ac48b9b, Reminder , 7D_SURVEY_REMINDER_1  , p0207@example.org, study-team@example.org,              5, Survey reminder, p0207@example.org, 2025-07-21T01:37:35Z
c5ec03c2-21dc-4e4d-af21-33cdd7e6cc42, P0207                , d38d210c-d162-4aa0-9633-6a19b318f258, Reminder , 7D_SURVEY_REMINDER_2  , p0207@example.org, study-team@example.org,              1, Survey reminder, p0207@example.org, 2025-07-22T01:37:35Z
c5ec03c2-21dc-4e4d-af21-33cdd7e6cc42, P0207                , 583418af-ef3f-4c16-a3f9-e37f94ec7575, Reminder , 3M_SURVEY_REMINDER_1  , p0207@example.org, study-team@example.org,              4, Survey reminder, p0207@example.org, 2025-10-12T01:37:35Z
1462cb6f-9735-4f23-b552-bbe78bfd8967, P0208                , 9addc1e7-cc09-4c86-974c-6b562a57842b, Reminder , 24H_SURVEY_REMINDER_1 , p0208@example.org, study-team@example.org,              1, Survey reminder, p0208@example.org, 2025-05-25T05:51:30Z
1462cb6f-9735-4f23-b552-bbe78bfd8967, P0208                , b7a8ef65-9bad-4dda-8ed1-2c7cb722146a, Reminder , 7D_SURVEY_REMINDER_1  , p0208@example.org, study-team@example.org,              4, Survey reminder, p0208@example.org, 2025-06-01T05:51:30Z
1462cb6f-9735-4f23-b552-bbe78bfd8967, P0208                , 4a9446e4-61ee-4ba6-832f-e1cf9522f59f, Reminder , 7D_SURVEY_REMINDER_2  , p0208@example.org, study-team@example.org,              3, Survey reminder, p0208@example.org, 2025-06-02T05:51:30Z
1462cb6f-9735-4f23-b552-bbe78bfd8967, P0208                , e3ec07e6-4a03-472a-a936-4aff5f0068f2, Reminder , 3M_SURVEY_REMINDER_1  , p0208@example.org, study-team@example.org,              4, Survey reminder, p0208@example.org, 2025-08-23T05:51:30Z
1462cb6f-9735-4f23-b552-bbe78bfd8967, P0208                , 9563ab04-c4c7-4d60-b9df-a8a497ae894e, Reminder , 3M_SURVEY_REMINDER_2  , p0208@example.org, study-team@example.org,              5, Survey reminder, p0208@example.org, 2025-08-24T05:51:30Z
cd8c948d-502e-4833-bf7c-e58732e6e180, P0209                , 0a823d32-68c0-4799-a2f1-f0feb3d5328f, Reminder , 24H_SURVEY_REMINDER_1 , p0209@example.org, study-team@example.org,              1, Survey reminder, p0209@example.org, 2025-02-08T01:58:06Z
cd8c948d-502e-4833-bf7c-e58732e6e180, P0209                , 320fcc27-50b2-43af-b888-b8822ed88977, Reminder , 24H_SURVEY_REMINDER_2 , p0209@example.org, study-team@example.org,              2, Survey reminder, p0209@example.org, 2025-02-09T01:58:06Z
cd8c948d-502e-4833-bf7c-e58732e6e180, P0209                , 3c1400c5-0809-4517-bae1-a729cb2118be, Reminder , 24H_SURVEY_REMINDER_3 , p0209@example.org, study-team@example.org,              2, Survey reminder, p0209@example.org, 2025-02-10T01:58:06Z
cd8c948d-502e-4833-bf7c-e58732e6e180, P0209                , cb8cc18e-b1c7-46a9-aded-52a5d2b5fc69, Reminder , 1M_SURVEY_REMINDER_1  , p0209@example.org, study-team@example.org,              5, Survey reminder, p0209@example.org, 2025-03-10T00:58:06Z
da80a69b-7865-4050-b4e1-dbc864b3cd73, P0210                , bcb9b105-a325-44ed-b261-bfe26530b836, Reminder , 1M_SURVEY_REMINDER_1  , p0210@example.org, study-team@example.org,              3, Survey reminder, p0210@example.org, 2025-04-17T01:41:13Z
7ce421d8-57a2-4485-a239-129a447f2609, P0211                , cbcda600-93d3-4a5a-bc72-b5284a9d05f1, Reminder , 7D_SURVEY_REMINDER_1  , p0211@example.org, study-team@example.org,              3, Survey reminder, p0211@example.org, 2025-10-25T19:41:29Z
7ce421d8-57a2-4485-a239-129a447f2609, P0211                , 62012e09-66d8-4c58-a237-4e1526107bd4, Reminder , 7D_SURVEY_REMINDER_2  , p0211@example.org, study-team@example.org,              2, Survey reminder, p0211@example.org, 2025-10-26T19:41:29Z
7ce421d8-57a2-4485-a239-129a447f2609, P0211                , fd29d140-1665-462d-8bfd-e79f797e0570, Reminder , 7D_SURVEY_REMINDER_3  , p0211@example.org, study-team@example.org,              1, Survey reminder, p0211@example.org, 2025-10-27T19:41:29Z
7ce421d8-57a2-4485-a239-129a447f2609, P0211                , 6fea3813-1b3a-4bba-a3fa-b27cb3098671, Reminder , 4_6M_SURVEY_REMINDER_1, p0211@example.org, study-team@example.org,              1, Survey reminder, p0211@example.org, 2026-02-27T20:41:29Z
4aa24097-59e3-440e-8fec-fc31f804d78f, P0212                , 53ba2cfe-3c92-440b-b69c-1804ca7bdf9e, Reminder , 3M_SURVEY_REMINDER_1  , p0212@example.org, study-team@example.org,              2, Survey reminder, p0212@example.org, 2026-02-28T05:26:47Z
4aa24097-59e3-440e-8fec-fc31f804d78f, P0212                , 80580f50-a483-4af1-aa8f-933efa704e60, Reminder , 3M_SURVEY_REMINDER_2  , p0212@example.org, study-team@example.org,              4, Survey reminder, p0212@example.org, 2026-03-01T05:26:47Z
4aa24097-59e3-440e-8fec-fc31f804d78f, P0212                , 45b53952-5be8-400a-9392-21aa4beb9518, Reminder , 4_6M_SURVEY_REMINDER_1, p0212@example.org, study-team@example.org,              3, Survey reminder, p0212@example.org, 2026-04-03T04:26:47Z
4aa24097-59e3-440e-8fec-fc31f804d78f, P0212                , 1ff499a1-1747-4889-ad5e-85bb34b58dae, Reminder , 4_6M_SURVEY_REMINDER_2, p0212@example.org, study-team@example.org,              5, Survey reminder, p0212@example.org, 2026-04-04T04:26:47Z
6df109b2-103b-4bf0-9aa1-c0197d3b12b9, P0214                , 396f66d4-e297-413f-a8f8-3001e4b0fe8a, Reminder , 24H_SURVEY_REMINDER_1 , p0214@example.org, study-team@example.org,              2, Survey reminder, p0214@example.org, 2025-02-27T09:10:12Z
6df109b2-103b-4bf0-9aa1-c0197d3b12b9, P0214                , 1d4e4b10-799e-4fe2-a86f-124298945289, Reminder , 24H_SURVEY_REMINDER_2 , p0214@example.org, study-team@example.org,              1, Survey reminder, p0214@example.org, 2025-02-28T09:10:12Z
6df109b2-103b-4bf0-9aa1-c0197d3b12b9, P0214                , 31188a84-d180-45f8-ba5b-311c878c124e, Reminder , 1M_SURVEY_REMINDER_1  , p0214@example.org, study-team@example.org,              5, Survey reminder, p0214@example.org, 2025-03-29T08:10:12Z
6df109b2-103b-4bf0-9aa1-c0197d3b12b9, P0214                , 136ec4a4-005d-4a4e-8d64-75c9a2c904a3, Reminder , 1M_SURVEY_REMINDER_2  , p0214@example.org, study-team@example.org,              1, Survey reminder, p0214@example.org, 2025-03-30T08:10:12Z
6df109b2-103b-4bf0-9aa1-c0197d3b12b9, P0214                , 0099cba0-8e72-4602-8416-51e7f88e9f13, Reminder , 4_6M_SURVEY_REMINDER_1, p0214@example.org, study-team@example.org,              4, Survey reminder, p0214@example.org, 2025-07-05T08:10:12Z
6df109b2-103b-4bf0-9aa1-c0197d3b12b9, P0214                , 90af51a0-6ac4-429a-8f64-39747090a7f9, Reminder , 4_6M_SURVEY_REMINDER_2, p0214@example.org, study-team@example.org,              4, Survey reminder, p0214@example.org, 2025-07-06T08:10:12Z
513d3b91-78ba-4ecb-96ea-f59eebd7084d, P0215                , ee769718-0589-4ed1-b08d-d183249794c5, Reminder , 7D_SURVEY_REMINDER_1  , p0215@example.org, study-team@example.org,              4, Survey reminder, p0215@example.org, 2025-07-02T00:40:17Z
513d3b91-78ba-4ecb-96ea-f59eebd7084d, P0215                , f8d03323-0f86-43bc-8bc0-6099a02fd24e, Reminder , 1M_SURVEY_REMINDER_1  , p0215@example.org, study-team@example.org,              1, Survey reminder, p0215@example.org, 2025-07-25T00:40:17Z
513d3b91-78ba-4ecb-96ea-f59eebd7084d, P0215                , 0a47770e-1aa6-46d1-be76-1f5ed5d31a8f, Reminder , 1M_SURVEY_REMINDER_2  , p0215@example.org, study-team@example.org,              5, Survey reminder, p0215@example.org, 2025-07-26T00:40:17Z
513d3b91-78ba-4ecb-96ea-f59eebd7084d, P0215                , f3f025b5-810c-4b23-95b8-284bd2630f1e, Reminder , 1M_SURVEY_REMINDER_3  , p0215@example.org, study-team@example.org,              5, Survey reminder, p0215@example.org, 2025-07-27T00:40:17Z
513d3b91-78ba-4ecb-96ea-f59eebd7084d, P0215                , 8e10eefd-3e49-4af1-87d1-75a2187d28d9, Reminder , 3M_SURVEY_REMINDER_1  , p0215@example.org, study-team@example.org,              5, Survey reminder, p0215@example.org, 2025-09-23T00:40:17Z
295b037d-4a35-455f-af9c-c6175c635e1c, P0218                , eb16c944-ba3a-4ec3-b0c9-8f9348c71161, Reminder , 7D_SURVEY_REMINDER_1  , p0218@example.org, study-team@example.org,              3, Survey reminder, p0218@example.org, 2025-02-13T08:04:56Z
82a17b00-e8a1-4458-a3b5-95134df6e649, P0219                , c8afb36a-61c2-4d01-96e5-c97d8d475045, Reminder , 3M_SURVEY_REMINDER_1  , p0219@example.org, study-team@example.org,              3, Survey reminder, p0219@example.org, 2025-04-01T14:00:09Z
40342a16-356d-4aa7-a69f-0d9cff57b9a6, P0220                , b195211d-3459-43ed-8ceb-ab9bd30cdf86, Reminder , 24H_SURVEY_REMINDER_1 , p0220@example.org, study-team@example.org,              4, Survey reminder, p0220@example.org, 2025-06-25T17:46:47Z
40342a16-356d-4aa7-a69f-0d9cff57b9a6, P0220                , 57f1c944-fe0d-4e17-a579-eb71551c107a, Reminder , 7D_SURVEY_REMINDER_1  , p0220@example.org, study-team@example.org,              3, Survey reminder, p0220@example.org, 2025-07-02T17:46:47Z
40342a16-356d-4aa7-a69f-0d9cff57b9a6, P0220                , ae671aa0-4c7f-436c-9fdc-a5b468ce3099, Reminder , 7D_SURVEY_REMINDER_2  , p0220@example.org, study-team@example.org,              2, Survey reminder, p0220@example.org, 2025-07-03T17:46:47Z
40342a16-356d-4aa7-a69f-0d9cff57b9a6, P0220                , 20529021-ffa4-4cd8-813a-ea750d9eef68, Reminder , 1M_SURVEY_REMINDER_1  , p0220@example.org, study-team@example.org,              2, Survey reminder, p0220@example.org, 2025-07-25T17:46:47Z
b30b5d04-25aa-4323-a39d-7dac3cfeedb9, P0221                , 1f494abd-65b5-43d0-a801-cd2b2c61f61a, Reminder , 1M_SURVEY_REMINDER_1  , p0221@example.org, study-team@example.org,              2, Survey reminder, p0221@example.org, 2025-09-13T23:57:55Z
b30b5d04-25aa-4323-a39d-7dac3cfeedb9, P0221                , 7983982f-486d-47ee-9876-8ac36f31ec8d, Reminder , 1M_SURVEY_REMINDER_2  , p0221@example.org, study-team@example.org,              1, Survey reminder, p0221@example.org, 2025-09-14T23:57:55Z
b30b5d04-25aa-4323-a39d-7dac3cfeedb9, P0221                , 30339569-b455-49e7-9cae-06917d3d931d, Reminder , 3M_SURVEY_REMINDER_1  , p0221@example.org, study-team@example.org,              2, Survey reminder, p0221@example.org, 2025-11-13T00:57:55Z
b30b5d04-25aa-4323-a39d-7dac3cfeedb9, P0221                , f0da9527-6572-46b6-a362-2e05d0b8f4b3, Reminder , 3M_SURVEY_REMINDER_2  , p0221@example.org, study-team@example.org,              2, Survey reminder, p0221@example.org, 2025-11-14T00:57:55Z
b30b5d04-25aa-4323-a39d-7dac3cfeedb9, P0221                , 7620726b-9a02-40db-8b79-f12504d4b820, Reminder , 3M_SURVEY_REMINDER_3  , p0221@example.org, study-team@example.org,              5, Survey reminder, p0221@example.org, 2025-11-15T00:57:55Z
885459a0-f2a6-4ae7-b052-dae49bf2a331, P0222                , d04e0a66-032a-4969-89c6-b0ee51ec9841, Reminder , 3M_SURVEY_REMINDER_1  , p0222@example.org, study-team@example.org,              1, Survey reminder, p0222@example.org, 2025-10-30T18:36:04Z
96097fc3-c46b-400e-956b-41ede0061768, P0223                , 13678b0a-7814-4d4e-a68b-fb16aeefa2ea, Reminder , 4_6M_SURVEY_REMINDER_1, p0223@example.org, study-team@example.org,              3, Survey reminder, p0223@example.org, 2026-05-18T12:32:24Z
96097fc3-c46b-400e-956b-41ede0061768, P0223                , 9c245b5e-ede0-4c28-96b5-2b1133de3e5b, Reminder , 4_6M_SURVEY_REMINDER_2, p0223@example.org, study-team@example.org,              2, Survey reminder, p0223@example.org, 2026-05-19T12:32:24Z
96097fc3-c46b-400e-956b-41ede0061768, P0223                , 8269ccd1-8d43-4d0b-b8d3-93437a137b7e, Reminder , 4_6M_SURVEY_REMINDER_3, p0223@example.org, study-team@example.org,              4, Survey reminder, p0223@example.org, 2026-05-20T12:32:24Z
4aefb69f-be70-4a44-9ee7-81088615412f, P0224                , b0a862d3-ecb1-456c-964e-a12481b78850, Reminder , 24H_SURVEY_REMINDER_1 , p0224@example.org, study-team@example.org,              4, Survey reminder, p0224@example.org, 2025-11-22T08:24:10Z
4aefb69f-be70-4a44-9ee7-81088615412f, P0224                , c877f4ff-7cf3-4e3e-827c-504fb5831caa, Reminder , 24H_SURVEY_REMINDER_2 , p0224@example.org, study-team@example.org,              1, Survey reminder, p0224@example.org, 2025-11-23T08:24:10Z
4aefb69f-be70-4a44-9ee7-81088615412f, P0224                , 55991cb3-b743-4694-880d-70f62c6342fc, Reminder , 7D_SURVEY_REMINDER_1  , p0224@example.org, study-team@example.org,              5, Survey reminder, p0224@example.org, 2025-11-29T08:24:10Z
7084590c-7eae-4c82-a38a-607f12d4a617, P0225                , f93424a5-9166-496d-a6cd-3e064b6f18b2, Reminder , 4_6M_SURVEY_REMINDER_1, p0225@example.org, study-team@example.org,              1, Survey reminder, p0225@example.org, 2025-06-26T18:14:07Z
31e9c7bc-affd-463a-b08e-cd8bb2e708d8, P0226                , b9815858-2494-457d-9186-bdc8263a0b47, Reminder , 1M_SURVEY_REMINDER_1  , p0226@example.org, study-team@example.org,              4, Survey reminder, p0226@example.org, 2025-09-25T10:52:00Z
31e9c7bc-affd-463a-b08e-cd8bb2e708d8, P0226                , 19da8f3a-8829-4c8d-8d73-9fd94b41b09a, Reminder , 1M_SURVEY_REMINDER_2  , p0226@example.org, study-team@example.org,              1, Survey reminder, p0226@example.org, 2025-09-26T10:52:00Z
31e9c7bc-affd-463a-b08e-cd8bb2e708d8, P0226                , 76ff6e47-dcf6-4800-8548-3111095cac5f, Reminder , 4_6M_SURVEY_REMINDER_1, p0226@example.org, study-team@example.org,              5, Survey reminder, p0226@example.org, 2026-02-01T11:52:00Z
6a33d975-94d4-4e72-b818-85f3045768e0, P0227                , 52af663c-3a4c-4af8-b5d5-b0e41b05354e, Reminder , 3M_SURVEY_REMINDER_1  , p0227@example.org, study-team@example.org,              1, Survey reminder, p0227@example.org, 2026-02-03T19:29:11Z
6a33d975-94d4-4e72-b818-85f3045768e0, P0227                , 9dfb551a-98fb-4d15-9200-dd17c04bc6d5, Reminder , 4_6M_SURVEY_REMINDER_1, p0227@example.org, study-team@example.org,              1, Survey reminder, p0227@example.org, 2026-04-06T18:29:11Z
6a33d975-94d4-4e72-b818-85f3045768e0, P0227                , 6d6d645f-9d66-4b24-9cf9-91995d37a12e, Reminder , 4_6M_SURVEY_REMINDER_2, p0227@example.org, study-team@example.org,              1, Survey reminder, p0227@example.org, 2026-04-07T18:29:11Z
89eb4f4f-8917-4932-ae54-16d5a0457420, P0228                , 0fc9f734-b54c-4639-b034-d61598e29688, Reminder , 1M_SURVEY_REMINDER_1  , p0228@example.org, study-team@example.org,              2, Survey reminder, p0228@example.org, 2025-04-18T16:52:52Z
89eb4f4f-8917-4932-ae54-16d5a0457420, P0228                , 06cbaf66-97d8-4d3c-817b-247671deb544, Reminder , 3M_SURVEY_REMINDER_1  , p0228@example.org, study-team@example.org,              2, Survey reminder, p0228@example.org, 2025-06-17T16:52:52Z
89eb4f4f-8917-4932-ae54-16d5a0457420, P0228                , 4d054066-eca6-48dd-8c1a-9c04cb5dcb2b, Reminder , 3M_SURVEY_REMINDER_2  , p0228@example.org, study-team@example.org,              3, Survey reminder, p0228@example.org, 2025-06-18T16:52:52Z
89eb4f4f-8917-4932-ae54-16d5a0457420, P0228                , f74df9c3-44ee-4736-9fdc-7e71382e2d81, Reminder , 4_6M_SURVEY_REMINDER_1, p0228@example.org, study-team@example.org,              4, Survey reminder, p0228@example.org, 2025-08-10T16:52:52Z
6af34475-3297-4a6e-b7ce-e80505c96439, P0229                , 66ab2693-cb28-4ae4-b232-685cbb05f016, Reminder , 1M_SURVEY_REMINDER_1  , p0229@example.org, study-team@example.org,              1, Survey reminder, p0229@example.org, 2025-05-07T18:01:20Z
6af34475-3297-4a6e-b7ce-e80505c96439, P0229                , 52b45e7a-6b42-469a-b898-036a44cbbbdd, Reminder , 1M_SURVEY_REMINDER_2  , p0229@example.org, study-team@example.org,              1, Survey reminder, p0229@example.org, 2025-05-08T18:01:20Z
2cdf20b5-3c78-41bd-85ea-4b6af486ac4d, P0231                , 3aee3146-d172-4ec6-a3f3-8ef81fac9343, Reminder , 7D_SURVEY_REMINDER_1  , p0231@example.org, study-team@example.org,              1, Survey reminder, p0231@example.org, 2025-09-06T16:50:37Z
2cdf20b5-3c78-41bd-85ea-4b6af486ac4d, P0231                , 1c69fbd9-f67c-4773-affe-fd13430a04ef, Reminder , 7D_SURVEY_REMINDER_2  , p0231@example.org, study-team@example.org,              2, Survey reminder, p0231@example.org, 2025-09-07T16:50:37Z
2cdf20b5-3c78-41bd-85ea-4b6af486ac4d, P0231                , 5eda3cfb-cc99-4534-9676-cdaf19768e06, Reminder , 1M_SURVEY_REMINDER_1  , p0231@example.org, study-team@example.org,              1, Survey reminder, p0231@example.org, 2025-09-29T16:50:37Z
2cdf20b5-3c78-41bd-85ea-4b6af486ac4d, P0231                , 512e4b78-2f47-4c42-8fbc-12514f6eb199, Reminder , 1M_SURVEY_REMINDER_2  , p0231@example.org, study-team@example.org,              3, Survey reminder, p0231@example.org, 2025-09-30T16:50:37Z
2cdf20b5-3c78-41bd-85ea-4b6af486ac4d, P0231                , 5f67b9af-879f-44da-afa2-08f66fdb975b, Reminder , 4_6M_SURVEY_REMINDER_1, p0231@example.org, study-team@example.org,              1, Survey reminder, p0231@example.org, 2026-01-11T17:50:37Z
2cdf20b5-3c78-41bd-85ea-4b6af486ac4d, P0231                , 21557f96-0dac-49cf-a6b7-ddb9efc60812, Reminder , 4_6M_SURVEY_REMINDER_2, p0231@example.org, study-team@example.org,              2, Survey reminder, p0231@example.org, 2026-01-12T17:50:37Z
2cdf20b5-3c78-41bd-85ea-4b6af486ac4d, P0231                , 12f54013-d82b-4f4f-bd1c-1c92291d7cb8, Reminder , 4_6M_SURVEY_REMINDER_3, p0231@example.org, study-team@example.org,              2, Survey reminder, p0231@example.org, 2026-01-13T17:50:37Z
98a10254-9069-40d9-957f-d99d4aa7ec9b, P0232                , 763150ba-e56c-4dc9-a80b-0566e9c6266e, Reminder , 24H_SURVEY_REMINDER_1 , p0232@example.org, study-team@example.org,              3, Survey reminder, p0232@example.org, 2025-01-18T21:15:39Z
98a10254-9069-40d9-957f-d99d4aa7ec9b, P0232                , 78a8cad9-c4b5-48bf-8b93-5200983f11dc, Reminder , 3M_SURVEY_REMINDER_1  , p0232@example.org, study-team@example.org,              5, Survey reminder, p0232@example.org, 2025-04-18T20:15:39Z
98a10254-9069-40d9-957f-d99d4aa7ec9b, P0232                , 1ea03348-e0ff-48a9-ad58-8a2c69344bbc, Reminder , 4_6M_SURVEY_REMINDER_1, p0232@example.org, study-team@example.org,              5, Survey reminder, p0232@example.org, 2025-07-01T20:15:39Z
98a10254-9069-40d9-957f-d99d4aa7ec9b, P0232                , b72ab499-56df-4fbd-90aa-0e0a64b8e645, Reminder , 4_6M_SURVEY_REMINDER_2, p0232@example.org, study-team@example.org,              2, Survey reminder, p0232@example.org, 2025-07-02T20:15:39Z
25ec5c42-8dd6-4ed7-b65e-c29c7fb19ffa, P0233                , 2dd29511-7860-46a5-bcda-1b1a96a65b46, Reminder , 24H_SURVEY_REMINDER_1 , p0233@example.org, study-team@example.org,              5, Survey reminder, p0233@example.org, 2025-10-20T11:48:17Z
25ec5c42-8dd6-4ed7-b65e-c29c7fb19ffa, P0233                , a8f98a68-1f5e-4950-b5ab-d5fb0b8f9930, Reminder , 3M_SURVEY_REMINDER_1  , p0233@example.org, study-team@example.org,              4, Survey reminder, p0233@example.org, 2026-01-18T12:48:17Z
25ec5c42-8dd6-4ed7-b65e-c29c7fb19ffa, P0233                , 4f86f63b-3995-4709-a823-892783943c8f, Reminder , 3M_SURVEY_REMINDER_2  , p0233@example.org, study-team@example.org,              3, Survey reminder, p0233@example.org, 2026-01-19T12:48:17Z
25ec5c42-8dd6-4ed7-b65e-c29c7fb19ffa, P0233                , 2c5fd69e-308d-4619-b50a-37cfe7c2f335, Reminder , 3M_SURVEY_REMINDER_3  , p0233@example.org, study-team@example.org,              3, Survey reminder, p0233@example.org, 2026-01-20T12:48:17Z
25ec5c42-8dd6-4ed7-b65e-c29c7fb19ffa, P0233                , 5ca59b2b-9d49-4f75-81d9-aede4bacdbd0, Reminder , 4_6M_SURVEY_REMINDER_1, p0233@example.org, study-team@example.org,              5, Survey reminder, p0233@example.org, 2026-04-15T11:48:17Z
4df4d6eb-ffd4-49f9-ac6d-00be78b4af6a, P0234                , 7a71eafe-ab0c-479a-a193-1f1d25f1f45b, Reminder , 1M_SURVEY_REMINDER_1  , p0234@example.org, study-team@example.org,              3, Survey reminder, p0234@example.org, 2025-08-31T17:16:42Z
4df4d6eb-ffd4-49f9-ac6d-00be78b4af6a, P0234                , 51fe1248-4b68-43f3-96e0-77ff1b802b70, Reminder , 1M_SURVEY_REMINDER_2  , p0234@example.org, study-team@example.org,              2, Survey reminder, p0234@example.org, 2025-09-01T17:16:42Z
4df4d6eb-ffd4-49f9-ac6d-00be78b4af6a, P0234                , 1c8f9a1f-c1b2-4217-95c8-6945d87b2cc2, Reminder , 1M_SURVEY_REMINDER_3  , p0234@example.org, study-team@example.org,              3, Survey reminder, p0234@example.org, 2025-09-02T17:16:42Z
4df4d6eb-ffd4-49f9-ac6d-00be78b4af6a, P0234                , 82006031-519b-4860-8c48-48882651ce14, Reminder , 3M_SURVEY_REMINDER_1  , p0234@example.org, study-team@example.org,              5, Survey reminder, p0234@example.org, 2025-10-30T17:16:42Z
ccef23e0-6e55-4bba-80c0-9ad3b2e882d0, P0235                , 1b234e0a-0b0d-48b2-b68c-4fbe7b99327b, Reminder , 24H_SURVEY_REMINDER_1 , p0235@example.org, study-team@example.org,              4, Survey reminder, p0235@example.org, 2025-04-15T18:56:57Z
ccef23e0-6e55-4bba-80c0-9ad3b2e882d0, P0235                , 69787a1d-8365-43d6-8d76-864f3450aab0, Reminder , 1M_SURVEY_REMINDER_1  , p0235@example.org, study-team@example.org,              1, Survey reminder, p0235@example.org, 2025-05-15T18:56:57Z
479acc0e-8d16-4c04-a768-cb1c579650d4, P0236                , e6c2a155-a514-4297-be67-b97e18b0231f, Reminder , 3M_SURVEY_REMINDER_1  , p0236@example.org, study-team@example.org,              2, Survey reminder, p0236@example.org, 2025-12-17T03:40:00Z
e578ecb0-8250-44eb-9423-df3ec101241d, P0237                , cc4ddc5c-f457-4174-927c-8f32f8da3781, Reminder , 24H_SURVEY_REMINDER_1 , p0237@example.org, study-team@example.org,              3, Survey reminder, p0237@example.org, 2025-10-22T17:55:28Z
e578ecb0-8250-44eb-9423-df3ec101241d, P0237                , bc101501-3d8d-41ff-b595-c3d5062a977c, Reminder , 1M_SURVEY_REMINDER_1  , p0237@example.org, study-team@example.org,              3, Survey reminder, p0237@example.org, 2025-11-21T18:55:28Z
2af0d524-4dd0-4a77-bf34-36498b2790f1, P0239                , e061d7b5-32a7-431d-9651-7440edd75fe0, Reminder , 1M_SURVEY_REMINDER_1  , p0239@example.org, study-team@example.org,              1, Survey reminder, p0239@example.org, 2025-06-19T05:49:32Z
2af0d524-4dd0-4a77-bf34-36498b2790f1, P0239                , 00c886a8-8c0b-4014-8eeb-b8e4439896c4, Reminder , 1M_SURVEY_REMINDER_2  , p0239@example.org, study-team@example.org,              1, Survey reminder, p0239@example.org, 2025-06-20T05:49:32Z
2af0d524-4dd0-4a77-bf34-36498b2790f1, P0239                , c25199ba-6b9c-49c7-9eac-0e2818c7b790, Reminder , 1M_SURVEY_REMINDER_3  , p0239@example.org, study-team@example.org,              4, Survey reminder, p0239@example.org, 2025-06-21T05:49:32Z
2af0d524-4dd0-4a77-bf34-36498b2790f1, P0239                , 67a8298e-9028-4e00-882c-3864f27a21d6, Reminder , 3M_SURVEY_REMINDER_1  , p0239@example.org, study-team@example.org,              3, Survey reminder, p0239@example.org, 2025-08-18T05:49:32Z
4d7aff12-83e4-4a59-808f-f92388e199a8, P0240                , 783c6ecd-d832-4d41-bd2a-7c357095deff, Reminder , 1M_SURVEY_REMINDER_1  , p0240@example.org, study-team@example.org,              4, Survey reminder, p0240@example.org, 2025-04-01T14:29:04Z
4d7aff12-83e4-4a59-808f-f92388e199a8, P0240                , e0ef590e-98e7-4732-bb0e-c437f3196d4d, Reminder , 4_6M_SURVEY_REMINDER_1, p0240@example.org, study-team@example.org,              4, Survey reminder, p0240@example.org, 2025-08-27T14:29:04Z
4d7aff12-83e4-4a59-808f-f92388e199a8, P0240                , 0a4bc661-c45f-4e66-9cf7-43ed6ced5416, Reminder , 4_6M_SURVEY_REMINDER_2, p0240@example.org, study-team@example.org,              4, Survey reminder, p0240@example.org, 2025-08-28T14:29:04Z
4d7aff12-83e4-4a59-808f-f92388e199a8, P0240                , 9c84e093-f2e9-4d58-ac48-bc5fd253abbf, Reminder , 4_6M_SURVEY_REMINDER_3, p0240@example.org, study-team@example.org,              1, Survey reminder, p0240@example.org, 2025-08-29T14:29:04Z
c9060b3f-1a05-40cf-8bc9-5b50baed9999, P0241                , 9b65f5c3-7960-4140-b44f-65769a476181, Reminder , 4_6M_SURVEY_REMINDER_1, p0241@example.org, study-team@example.org,              3, Survey reminder, p0241@example.org, 2025-06-21T11:50:01Z
c9060b3f-1a05-40cf-8bc9-5b50baed9999, P0241                , 6c0ae81c-da7a-44d4-b129-d935d262602c, Reminder , 4_6M_SURVEY_REMINDER_2, p0241@example.org, study-team@example.org,              3, Survey reminder, p0241@example.org, 2025-06-22T11:50:01Z
c9060b3f-1a05-40cf-8bc9-5b50baed9999, P0241                , aad5a0b7-f61b-4a86-be89-36ec0f745204, Reminder , 4_6M_SURVEY_REMINDER_3, p0241@example.org, study-team@example.org,              5, Survey reminder, p0241@example.org, 2025-06-23T11:50:01Z
669631e1-9419-4cf6-904e-f1f6538e59aa, P0242                , 898d22cb-a305-4f13-b5c3-cfa78e289fdd, Reminder , 1M_SURVEY_REMINDER_1  , p0242@example.org, study-team@example.org,              1, Survey reminder, p0242@example.org, 2025-06-02T05:30:22Z
669631e1-9419-4cf6-904e-f1f6538e59aa, P0242                , 170499e7-2d5e-482e-bf47-f05a49060f5e, Reminder , 1M_SURVEY_REMINDER_2  , p0242@example.org, study-team@example.org,              2, Survey reminder, p0242@example.org, 2025-06-03T05:30:22Z
a92f63de-dbd1-4a4e-bd70-fd1f4eb03580, P0243                , b5b928dd-a566-4a6b-8597-fad27bf6c63a, Reminder , 24H_SURVEY_REMINDER_1 , p0243@example.org, study-team@example.org,              3, Survey reminder, p0243@example.org, 2025-09-16T14:21:18Z
a92f63de-dbd1-4a4e-bd70-fd1f4eb03580, P0243                , fe834019-510f-41b1-8dd9-c6d99b622eb0, Reminder , 7D_SURVEY_REMINDER_1  , p0243@example.org, study-team@example.org,              2, Survey reminder, p0243@example.org, 2025-09-23T14:21:18Z
a92f63de-dbd1-4a4e-bd70-fd1f4eb03580, P0243                , 6ebb4614-983f-49f3-8c9a-539bd31aee04, Reminder , 1M_SURVEY_REMINDER_1  , p0243@example.org, study-team@example.org,              1, Survey reminder, p0243@example.org, 2025-10-16T14:21:18Z
a92f63de-dbd1-4a4e-bd70-fd1f4eb03580, P0243                , ea1f298c-8dd4-497c-b51b-51135e0e2788, Reminder , 1M_SURVEY_REMINDER_2  , p0243@example.org, study-team@example.org,              3, Survey reminder, p0243@example.org, 2025-10-17T14:21:18Z
a92f63de-dbd1-4a4e-bd70-fd1f4eb03580, P0243                , 612e8d41-2cad-4341-b3bf-da7e8287ec91, Reminder , 3M_SURVEY_REMINDER_1  , p0243@example.org, study-team@example.org,              5, Survey reminder, p0243@example.org, 2025-12-15T15:21:18Z
a92f63de-dbd1-4a4e-bd70-fd1f4eb03580, P0243                , 2dd390d6-2b39-4ce3-9648-7288215c571c, Reminder , 3M_SURVEY_REMINDER_2  , p0243@example.org, study-team@example.org,              4, Survey reminder, p0243@example.org, 2025-12-16T15:21:18Z
a92f63de-dbd1-4a4e-bd70-fd1f4eb03580, P0243                , 4fd56941-8fc9-453a-aa5b-69e0e2d08929, Reminder , 3M_SURVEY_REMINDER_3  , p0243@example.org, study-team@example.org,              5, Survey reminder, p0243@example.org, 2025-12-17T15:21:18Z
673ebfeb-3a94-4dfe-b711-cc29291ebdef, P0246                , 9bd1d095-895f-40d7-913f-7f695d2c4cc9, Reminder , 24H_SURVEY_REMINDER_1 , p0246@example.org, study-team@example.org,              1, Survey reminder, p0246@example.org, 2025-10-27T08:31:38Z
673ebfeb-3a94-4dfe-b711-cc29291ebdef, P0246                , 50b47c56-1d0a-41a0-ba21-4f8bf25c999b, Reminder , 24H_SURVEY_REMINDER_2 , p0246@example.org, study-team@example.org,              4, Survey reminder, p0246@example.org, 2025-10-28T08:31:38Z
673ebfeb-3a94-4dfe-b711-cc29291ebdef, P0246                , 104503e3-9fb2-4707-bd8d-c61ee5fda8a9, Reminder , 7D_SURVEY_REMINDER_1  , p0246@example.org, study-team@example.org,              4, Survey reminder, p0246@example.org, 2025-11-03T09:31:38Z
673ebfeb-3a94-4dfe-b711-cc29291ebdef, P0246                , 2bd064dc-77c8-44df-8bd2-853c88a751a1, Reminder , 1M_SURVEY_REMINDER_1  , p0246@example.org, study-team@example.org,              4, Survey reminder, p0246@example.org, 2025-11-26T09:31:38Z
673ebfeb-3a94-4dfe-b711-cc29291ebdef, P0246                , 0afeae4a-4d5c-4a33-a301-95bd220f0e36, Reminder , 1M_SURVEY_REMINDER_2  , p0246@example.org, study-team@example.org,              3, Survey reminder, p0246@example.org, 2025-11-27T09:31:38Z
593e45a7-c14f-4f5d-ba72-8e8f40383059, P0247                , d1776323-466a-4bd6-a1fc-d6a0461eb8b7, Reminder , 3M_SURVEY_REMINDER_1  , p0247@example.org, study-team@example.org,              1, Survey reminder, p0247@example.org, 2026-03-27T04:50:49Z
5ff4ee2c-2144-4cb2-a820-af313fa877ac, P0248                , d125cbb9-e696-4d7f-88b4-4f545b05e310, Reminder , 24H_SURVEY_REMINDER_1 , p0248@example.org, study-team@example.org,              2, Survey reminder, p0248@example.org, 2025-12-01T19:19:03Z
5ff4ee2c-2144-4cb2-a820-af313fa877ac, P0248                , 73c6649b-0424-4111-b966-66ef2543c575, Reminder , 24H_SURVEY_REMINDER_2 , p0248@example.org, study-team@example.org,              5, Survey reminder, p0248@example.org, 2025-12-02T19:19:03Z
5ff4ee2c-2144-4cb2-a820-af313fa877ac, P0248                , 9a6696b8-15e4-41c9-8198-91ccef42bbb0, Reminder , 1M_SURVEY_REMINDER_1  , p0248@example.org, study-team@example.org,              4, Survey reminder, p0248@example.org, 2025-12-31T19:19:03Z
5ff4ee2c-2144-4cb2-a820-af313fa877ac, P0248                , e115700c-cd83-4963-bb84-b59082abe20c, Reminder , 1M_SURVEY_REMINDER_2  , p0248@example.org, study-team@example.org,              2, Survey reminder, p0248@example.org, 2026-01-01T19:19:03Z
5ff4ee2c-2144-4cb2-a820-af313fa877ac, P0248                , 93937d57-2e46-4741-9294-4402c89ea0c7, Reminder , 1M_SURVEY_REMINDER_3  , p0248@example.org, study-team@example.org,              2, Survey reminder, p0248@example.org, 2026-01-02T19:19:03Z
5ff4ee2c-2144-4cb2-a820-af313fa877ac, P0248                , dab49c6f-80b9-4922-9b75-8c07e4e00f7c, Reminder , 3M_SURVEY_REMINDER_1  , p0248@example.org, study-team@example.org,              3, Survey reminder, p0248@example.org, 2026-03-01T19:19:03Z
5ff4ee2c-2144-4cb2-a820-af313fa877ac, P0248                , 14d82d81-4534-47b6-8411-8fdbe1c44709, Reminder , 4_6M_SURVEY_REMINDER_1, p0248@example.org, study-team@example.org,              2, Survey reminder, p0248@example.org, 2026-04-21T18:19:03Z
5ff4ee2c-2144-4cb2-a820-af313fa877ac, P0248                , 021f0630-f45e-439c-a064-ba87827b8d1f, Reminder , 4_6M_SURVEY_REMINDER_2, p0248@example.org, study-team@example.org,              2, Survey reminder, p0248@example.org, 2026-04-22T18:19:03Z
0e5700c8-cec9-4e87-9da5-9010479fce82, P0249                , 3c98e761-c45a-49eb-aa02-dbdeb9a810a9, Reminder , 7D_SURVEY_REMINDER_1  , p0249@example.org, study-team@example.org,              2, Survey reminder, p0249@example.org, 2025-07-18T13:40:38Z
0e5700c8-cec9-4e87-9da5-9010479fce82, P0249                , 27bf0cd0-a5a5-4240-ac87-c5feaa92e361, Reminder , 7D_SURVEY_REMINDER_2  , p0249@example.org, study-team@example.org,              5, Survey reminder, p0249@example.org, 2025-07-19T13:40:38Z
0e5700c8-cec9-4e87-9da5-9010479fce82, P0249                , aa0e62d4-d22f-4432-8698-82bc96c3faca, Reminder , 4_6M_SURVEY_REMINDER_1, p0249@example.org, study-team@example.org,              2, Survey reminder, p0249@example.org, 2025-12-15T14:40:38Z
f06a5416-2d6a-4b9b-a3ac-78091760e4bb, P0250                , b4779a63-8066-41d5-b91b-5efaae288079, Reminder , 24H_SURVEY_REMINDER_1 , p0250@example.org, study-team@example.org,              4, Survey reminder, p0250@example.org, 2025-09-26T09:00:21Z
f06a5416-2d6a-4b9b-a3ac-78091760e4bb, P0250                , c7831f5b-1164-4565-918b-3b71d81ecd7d, Reminder , 24H_SURVEY_REMINDER_2 , p0250@example.org, study-team@example.org,              1, Survey reminder, p0250@example.org, 2025-09-27T09:00:21Z
f06a5416-2d6a-4b9b-a3ac-78091760e4bb, P0250                , 79e19c92-2f55-494a-a5b2-41144db8ccc3, Reminder , 24H_SURVEY_REMINDER_3 , p0250@example.org, study-team@example.org,              3, Survey reminder, p0250@example.org, 2025-09-28T09:00:21Z
f06a5416-2d6a-4b9b-a3ac-78091760e4bb, P0250                , fab2673c-d200-48eb-8b85-844e7b4b500f, Reminder , 1M_SURVEY_REMINDER_1  , p0250@example.org, study-team@example.org,              3, Survey reminder, p0250@example.org, 2025-10-26T09:00:21Z
f06a5416-2d6a-4b9b-a3ac-78091760e4bb, P0250                , bcf88a21-8f91-4998-a1e7-b9b859eb980a, Reminder , 3M_SURVEY_REMINDER_1  , p0250@example.org, study-team@example.org,              2, Survey reminder, p0250@example.org, 2025-12-25T10:00:21Z
f06a5416-2d6a-4b9b-a3ac-78091760e4bb, P0250                , 5ca58bd0-9189-47f9-bfe1-d27496601b1d, Reminder , 4_6M_SURVEY_REMINDER_1, p0250@example.org, study-team@example.org,              2, Survey reminder, p0250@example.org, 2026-01-28T10:00:21Z
1d669808-eb26-42f5-814e-342267eca01b, P0251                , db887414-11ba-48d5-9d09-f18b56389249, Reminder , 24H_SURVEY_REMINDER_1 , p0251@example.org, study-team@example.org,              4, Survey reminder, p0251@example.org, 2025-10-08T07:17:59Z
1d669808-eb26-42f5-814e-342267eca01b, P0251                , 1d562bdc-e91e-4d43-b716-030de63ec34f, Reminder , 1M_SURVEY_REMINDER_1  , p0251@example.org, study-team@example.org,              5, Survey reminder, p0251@example.org, 2025-11-07T08:17:59Z
1d669808-eb26-42f5-814e-342267eca01b, P0251                , caa47f10-ca0d-45cf-b495-bba96b479fc5, Reminder , 4_6M_SURVEY_REMINDER_1, p0251@example.org, study-team@example.org,              4, Survey reminder, p0251@example.org, 2026-02-23T08:17:59Z
1d669808-eb26-42f5-814e-342267eca01b, P0251                , fc23fdac-adf9-4a57-8cb5-e272b19d8b48, Reminder , 4_6M_SURVEY_REMINDER_2, p0251@example.org, study-team@example.org,              1, Survey reminder, p0251@example.org, 2026-02-24T08:17:59Z
1d669808-eb26-42f5-814e-342267eca01b, P0251                , 27292b9b-3012-4c4a-9a32-5bfba8fe15f4, Reminder , 4_6M_SURVEY_REMINDER_3, p0251@example.org, study-team@example.org,              5, Survey reminder, p0251@example.org, 2026-02-25T08:17:59Z
1909a985-6faf-4dbf-a28d-531f133134d7, P0252                , 86351080-42cd-4395-8fac-bbb6954302d8, Reminder , 3M_SURVEY_REMINDER_1  , p0252@example.org, study-team@example.org,              3, Survey reminder, p0252@example.org, 2026-03-31T14:16:05Z
1ab0dd27-2a45-4586-a8ff-1b6ce3501b09, P0253                , 8268c621-e5c7-4628-af4a-36dbd5f27d48, Reminder , 24H_SURVEY_REMINDER_1 , p0253@example.org, study-team@example.org,              4, Survey reminder, p0253@example.org, 2025-02-22T22:02:14Z
1ab0dd27-2a45-4586-a8ff-1b6ce3501b09, P0253                , 65a91710-7064-40f9-b925-d428908235a3, Reminder , 7D_SURVEY_REMINDER_1  , p0253@example.org, study-team@example.org,              4, Survey reminder, p0253@example.org, 2025-03-01T22:02:14Z
1ab0dd27-2a45-4586-a8ff-1b6ce3501b09, P0253                , 5737a68f-3f2a-403a-8703-5830d3226165, Reminder , 7D_SURVEY_REMINDER_2  , p0253@example.org, study-team@example.org,              3, Survey reminder, p0253@example.org, 2025-03-02T22:02:14Z
1ab0dd27-2a45-4586-a8ff-1b6ce3501b09, P0253                , f858cf3a-d1d0-4470-bfb8-e8fd462d6461, Reminder , 1M_SURVEY_REMINDER_1  , p0253@example.org, study-team@example.org,              1, Survey reminder, p0253@example.org, 2025-03-24T21:02:14Z
2b43c2df-73dc-4209-ba10-82909be0357d, P0254                , 4c1807c1-6337-46a6-a136-e8a4ccd33b2b, Reminder , 3M_SURVEY_REMINDER_1  , p0254@example.org, study-team@example.org,              5, Survey reminder, p0254@example.org, 2025-10-30T11:16:00Z
08328c8b-5726-41d0-a1f4-4df0e7b58c8b, P0255                , ec8b93cb-156d-4aff-a66e-81eb3a33fbb6, Reminder , 24H_SURVEY_REMINDER_1 , p0255@example.org, study-team@example.org,              1, Survey reminder, p0255@example.org, 2025-03-29T01:50:41Z
08328c8b-5726-41d0-a1f4-4df0e7b58c8b, P0255                , 28d14c83-d97d-4198-858b-3582ba9b67bc, Reminder , 24H_SURVEY_REMINDER_2 , p0255@example.org, study-team@example.org,              2, Survey reminder, p0255@example.org, 2025-03-30T01:50:41Z
08328c8b-5726-41d0-a1f4-4df0e7b58c8b, P0255                , ecbdca2d-58eb-4fd8-8064-a246372b22a5, Reminder , 1M_SURVEY_REMINDER_1  , p0255@example.org, study-team@example.org,              5, Survey reminder, p0255@example.org, 2025-04-28T01:50:41Z
08328c8b-5726-41d0-a1f4-4df0e7b58c8b, P0255                , 886d7dca-312e-416e-bfd4-752f00a3c30b, Reminder , 1M_SURVEY_REMINDER_2  , p0255@example.org, study-team@example.org,              4, Survey reminder, p0255@example.org, 2025-04-29T01:50:41Z
08328c8b-5726-41d0-a1f4-4df0e7b58c8b, P0255                , 03efa36f-c9cd-4ae1-8e64-e68a12949f89, Reminder , 4_6M_SURVEY_REMINDER_1, p0255@example.org, study-team@example.org,              1, Survey reminder, p0255@example.org, 2025-09-09T01:50:41Z
2c2640c2-c8d5-46b0-8fbe-5d8004e324f6, P0256                , 95987324-bb10-4153-9520-6be2e000d5e6, Reminder , 1M_SURVEY_REMINDER_1  , p0256@example.org, study-team@example.org,              1, Survey reminder, p0256@example.org, 2025-08-03T04:32:03Z
984caa35-ff7f-430c-9e52-84373a6a4b08, P0257                , 8c99b2a3-b7bf-45ff-827b-bbb8fd377d01, Reminder , 4_6M_SURVEY_REMINDER_1, p0257@example.org, study-team@example.org,              1, Survey reminder, p0257@example.org, 2025-12-17T20:57:18Z
984caa35-ff7f-430c-9e52-84373a6a4b08, P0257                , 304cb7b2-4d4e-43e2-a2bf-7c40c40dc5a0, Reminder , 4_6M_SURVEY_REMINDER_2, p0257@example.org, study-team@example.org,              3, Survey reminder, p0257@example.org, 2025-12-18T20:57:18Z
ab1947fe-b754-4746-92d8-88c825fe3ea0, P0258                , 1a7adc3d-eeb6-40e4-92e0-bc46359cbe7c, Reminder , 7D_SURVEY_REMINDER_1  , p0258@example.org, study-team@example.org,              5, Survey reminder, p0258@example.org, 2025-02-28T12:01:57Z
ab1947fe-b754-4746-92d8-88c825fe3ea0, P0258                , 9157bd33-1150-4297-a772-7ffe6024a857, Reminder , 7D_SURVEY_REMINDER_2  , p0258@example.org, study-team@example.org,              3, Survey reminder, p0258@example.org, 2025-03-01T12:01:57Z
6922ba7d-53fc-4d44-b1d3-b6eeed66179a, P0259                , b0869bc4-d133-4676-b248-ee0cc40094c4, Reminder , 3M_SURVEY_REMINDER_1  , p0259@example.org, study-team@example.org,              4, Survey reminder, p0259@example.org, 2025-11-19T20:02:37Z
6922ba7d-53fc-4d44-b1d3-b6eeed66179a, P0259                , 6a1cee4e-74ac-46d7-9ab7-b368ca127347, Reminder , 3M_SURVEY_REMINDER_2  , p0259@example.org, study-team@example.org,              1, Survey reminder, p0259@example.org, 2025-11-20T20:02:37Z
e4486b6d-7272-4e57-bfff-5ac26decb5af, P0260                , c3fb5586-4e7e-4caa-81eb-aef08fffe1db, Reminder , 24H_SURVEY_REMINDER_1 , p0260@example.org, study-team@example.org,              2, Survey reminder, p0260@example.org, 2025-12-07T17:51:44Z
7cb8f780-ca51-4583-a5a1-81998a73ede4, P0261                , d1c62e77-d502-4d7c-9bfa-9632f6fac233, Reminder , 7D_SURVEY_REMINDER_1  , p0261@example.org, study-team@example.org,              5, Survey reminder, p0261@example.org, 2025-10-04T11:00:31Z
7cb8f780-ca51-4583-a5a1-81998a73ede4, P0261                , 1bf73f4a-114a-4bcb-bb53-826a34b42c99, Reminder , 7D_SURVEY_REMINDER_2  , p0261@example.org, study-team@example.org,              5, Survey reminder, p0261@example.org, 2025-10-05T11:00:31Z
7cb8f780-ca51-4583-a5a1-81998a73ede4, P0261                , 1db6799e-449e-4336-b8b8-3b9902762696, Reminder , 3M_SURVEY_REMINDER_1  , p0261@example.org, study-team@example.org,              2, Survey reminder, p0261@example.org, 2025-12-26T12:00:31Z
607d04a3-a4fa-4175-a440-82df351e4e2c, P0262                , d13ca8c5-a9af-4c6c-93b9-c4fa6feb54d7, Reminder , 24H_SURVEY_REMINDER_1 , p0262@example.org, study-team@example.org,              1, Survey reminder, p0262@example.org, 2025-07-16T12:21:09Z
607d04a3-a4fa-4175-a440-82df351e4e2c, P0262                , 8cf8d673-be62-4c13-bd13-9b0efd561f56, Reminder , 24H_SURVEY_REMINDER_2 , p0262@example.org, study-team@example.org,              5, Survey reminder, p0262@example.org, 2025-07-17T12:21:09Z
607d04a3-a4fa-4175-a440-82df351e4e2c, P0262                , 1f3eed19-f2ef-464d-8786-ff3df6d9c6ba, Reminder , 24H_SURVEY_REMINDER_3 , p0262@example.org, study-team@example.org,              2, Survey reminder, p0262@example.org, 2025-07-18T12:21:09Z
737c899d-af3c-46b6-9bcf-ae588baf2522, P0263                , 937ad7e6-11d5-40fd-b4f5-1d432849cc1d, Reminder , 24H_SURVEY_REMINDER_1 , p0263@example.org, study-team@example.org,              3, Survey reminder, p0263@example.org, 2025-04-24T09:20:37Z
737c899d-af3c-46b6-9bcf-ae588baf2522, P0263                , 0e301b89-23f6-43ab-a383-875d1b644631, Reminder , 24H_SURVEY_REMINDER_2 , p0263@example.org, study-team@example.org,              1, Survey reminder, p0263@example.org, 2025-04-25T09:20:37Z
737c899d-af3c-46b6-9bcf-ae588baf2522, P0263                , 55d2a382-0563-4617-93f2-1d9460f5cba2, Reminder , 24H_SURVEY_REMINDER_3 , p0263@example.org, study-team@example.org,              1, Survey reminder, p0263@example.org, 2025-04-26T09:20:37Z
aebc24d9-f7bd-4009-bc36-a7da7ab01982, P0264                , f098e507-cbbf-4ff2-87a2-60b10e8cabb1, Reminder , 7D_SURVEY_REMINDER_1  , p0264@example.org, study-team@example.org,              3, Survey reminder, p0264@example.org, 2025-02-10T07:58:58Z
aebc24d9-f7bd-4009-bc36-a7da7ab01982, P0264                , 687c9aef-2beb-4c08-b4e5-e81d628464da, Reminder , 7D_SURVEY_REMINDER_2  , p0264@example.org, study-team@example.org,              4, Survey reminder, p0264@example.org, 2025-02-11T07:58:58Z
aebc24d9-f7bd-4009-bc36-a7da7ab01982, P0264                , 4f3e7444-1e80-4e80-98cb-9097c6bfa9db, Reminder , 4_6M_SURVEY_REMINDER_1, p0264@example.org, study-team@example.org,              4, Survey reminder, p0264@example.org, 2025-08-01T06:58:58Z
aebc24d9-f7bd-4009-bc36-a7da7ab01982, P0264                , 9e2fdfe5-ef46-4188-a440-d5d6f153e223, Reminder , 4_6M_SURVEY_REMINDER_2, p0264@example.org, study-team@example.org,              2, Survey reminder, p0264@example.org, 2025-08-02T06:58:58Z
4f7ee3cd-fb4d-42e1-b2b5-6ec4b9ee3ef3, P0265                , 9eab7b63-7c38-42a1-9f5b-d25897520ef7, Reminder , 4_6M_SURVEY_REMINDER_1, p0265@example.org, study-team@example.org,              3, Survey reminder, p0265@example.org, 2025-11-13T18:59:24Z
21c9369b-1ab7-4ac4-a9f0-7cbdb8360d0d, P0266                , 73675a28-1de8-48cf-983a-2a45a1f21fea, Reminder , 3M_SURVEY_REMINDER_1  , p0266@example.org, study-team@example.org,              5, Survey reminder, p0266@example.org, 2025-12-17T04:23:29Z
21c9369b-1ab7-4ac4-a9f0-7cbdb8360d0d, P0266                , 8c6321df-3df7-4819-a6c4-d20cc327e26f, Reminder , 3M_SURVEY_REMINDER_2  , p0266@example.org, study-team@example.org,              3, Survey reminder, p0266@example.org, 2025-12-18T04:23:29Z
3f474acf-5ea1-4eed-b288-eb1a9d0d9fb9, P0268                , 1b7760db-f833-4281-9334-762751615994, Reminder , 24H_SURVEY_REMINDER_1 , p0268@example.org, study-team@example.org,              3, Survey reminder, p0268@example.org, 2025-12-30T16:21:40Z
3f474acf-5ea1-4eed-b288-eb1a9d0d9fb9, P0268                , 50c8f618-044b-4f2b-ae72-451349bd38c6, Reminder , 3M_SURVEY_REMINDER_1  , p0268@example.org, study-team@example.org,              5, Survey reminder, p0268@example.org, 2026-03-30T15:21:40Z
1f38cab0-7170-4db6-97e1-c92fe0f31cb9, P0269                , 1f8d3085-761e-4e70-adc3-8b57845bdd76, Reminder , 24H_SURVEY_REMINDER_1 , p0269@example.org, study-team@example.org,              2, Survey reminder, p0269@example.org, 2025-02-23T02:31:32Z
1f38cab0-7170-4db6-97e1-c92fe0f31cb9, P0269                , 8f51eb11-7fed-46b1-9a9b-18020965af9b, Reminder , 1M_SURVEY_REMINDER_1  , p0269@example.org, study-team@example.org,              2, Survey reminder, p0269@example.org, 2025-03-25T01:31:32Z
1f38cab0-7170-4db6-97e1-c92fe0f31cb9, P0269                , 113fffe2-0ca4-495d-a51d-e907e5b7c6dd, Reminder , 1M_SURVEY_REMINDER_2  , p0269@example.org, study-team@example.org,              3, Survey reminder, p0269@example.org, 2025-03-26T01:31:32Z
1f38cab0-7170-4db6-97e1-c92fe0f31cb9, P0269                , 003150dc-5c70-4581-89a7-81723a32b284, Reminder , 4_6M_SURVEY_REMINDER_1, p0269@example.org, study-team@example.org,              5, Survey reminder, p0269@example.org, 2025-08-12T01:31:32Z
1f38cab0-7170-4db6-97e1-c92fe0f31cb9, P0269                , a14e7605-95b8-494e-8095-b307021ede62, Reminder , 4_6M_SURVEY_REMINDER_2, p0269@example.org, study-team@example.org,              3, Survey reminder, p0269@example.org, 2025-08-13T01:31:32Z
1f38cab0-7170-4db6-97e1-c92fe0f31cb9, P0269                , 9c1ebc64-b1c2-4e9c-a1bc-86c49b314517, Reminder , 4_6M_SURVEY_REMINDER_3, p0269@example.org, study-team@example.org,              1, Survey reminder, p0269@example.org, 2025-08-14T01:31:32Z
e86c700f-bcc2-4a7a-b248-28af4d44c618, P0270                , 49335559-b16c-40cb-9f49-97aafd10d6cd, Reminder , 24H_SURVEY_REMINDER_1 , p0270@example.org, study-team@example.org,              5, Survey reminder, p0270@example.org, 2025-11-01T18:10:45Z
e86c700f-bcc2-4a7a-b248-28af4d44c618, P0270                , 795e3323-d2ee-4176-bb99-19b0e5b4927b, Reminder , 24H_SURVEY_REMINDER_2 , p0270@example.org, study-team@example.org,              2, Survey reminder, p0270@example.org, 2025-11-02T19:10:45Z
a597a573-22c1-4405-a252-2cf8ef214852, P0271                , 06f42656-dae8-4161-8d33-3f09eb0889b6, Reminder , 1M_SURVEY_REMINDER_1  , p0271@example.org, study-team@example.org,              3, Survey reminder, p0271@example.org, 2025-12-01T09:36:31Z
a597a573-22c1-4405-a252-2cf8ef214852, P0271                , 1a392c43-3cc4-4e10-bf59-dff2b923d324, Reminder , 1M_SURVEY_REMINDER_2  , p0271@example.org, study-team@example.org,              5, Survey reminder, p0271@example.org, 2025-12-02T09:36:31Z
a597a573-22c1-4405-a252-2cf8ef214852, P0271                , b0cd8869-3a0e-4b1e-adaa-1c51af0f0b96, Reminder , 1M_SURVEY_REMINDER_3  , p0271@example.org, study-team@example.org,              1, Survey reminder, p0271@example.org, 2025-12-03T09:36:31Z
b6c492f4-147c-428d-8e89-3be2064d19b2, P0272                , 3c4d4579-286d-4e52-9a2b-15c80c5a9ffe, Reminder , 1M_SURVEY_REMINDER_1  , p0272@example.org, study-team@example.org,              4, Survey reminder, p0272@example.org, 2026-01-21T21:34:36Z
b6c492f4-147c-428d-8e89-3be2064d19b2, P0272                , 1057a0d1-c9b8-4396-932c-9a30a38bcb13, Reminder , 1M_SURVEY_REMINDER_2  , p0272@example.org, study-team@example.org,              5, Survey reminder, p0272@example.org, 2026-01-22T21:34:36Z
b6c492f4-147c-428d-8e89-3be2064d19b2, P0272                , 93c57809-614f-41ef-8641-84c7c6898e2f, Reminder , 4_6M_SURVEY_REMINDER_1, p0272@example.org, study-team@example.org,              4, Survey reminder, p0272@example.org, 2026-05-19T20:34:36Z
b6c492f4-147c-428d-8e89-3be2064d19b2, P0272                , e9cb2dde-e023-4d79-bd50-51b954d2cf28, Reminder , 4_6M_SURVEY_REMINDER_2, p0272@example.org, study-team@example.org,              4, Survey reminder, p0272@example.org, 2026-05-20T20:34:36Z
a578eb75-3911-4714-b945-5a3f83dcecaa, P0273                , 606cb90b-fc12-4a1a-b6b4-17932e580402, Reminder , 7D_SURVEY_REMINDER_1  , p0273@example.org, study-team@example.org,              1, Survey reminder, p0273@example.org, 2025-08-24T02:11:46Z
a578eb75-3911-4714-b945-5a3f83dcecaa, P0273                , f98de770-f9cb-415a-a24d-795cc1f63edb, Reminder , 4_6M_SURVEY_REMINDER_1, p0273@example.org, study-team@example.org,              3, Survey reminder, p0273@example.org, 2026-02-13T03:11:46Z
a578eb75-3911-4714-b945-5a3f83dcecaa, P0273                , 071f5d0b-37ea-47ba-b01f-5c2b3eb6eb5d, Reminder , 4_6M_SURVEY_REMINDER_2, p0273@example.org, study-team@example.org,              3, Survey reminder, p0273@example.org, 2026-02-14T03:11:46Z
07e37b59-cf75-4447-849f-d2a3b037c393, P0274                , 078db894-8a94-46fa-bd10-97680775c336, Reminder , 24H_SURVEY_REMINDER_1 , p0274@example.org, study-team@example.org,              2, Survey reminder, p0274@example.org, 2025-04-30T08:10:31Z
cafa2fce-0d7a-49a6-b862-711d4ca202c4, P0275                , be5f6176-e44f-4450-b5e4-8767713d7eaa, Reminder , 24H_SURVEY_REMINDER_1 , p0275@example.org, study-team@example.org,              4, Survey reminder, p0275@example.org, 2025-07-17T16:07:58Z
cafa2fce-0d7a-49a6-b862-711d4ca202c4, P0275                , f70c9df8-4aaa-4f8e-8229-ddb22076c63b, Reminder , 7D_SURVEY_REMINDER_1  , p0275@example.org, study-team@example.org,              5, Survey reminder, p0275@example.org, 2025-07-24T16:07:58Z
cafa2fce-0d7a-49a6-b862-711d4ca202c4, P0275                , 76f7cf9e-6e0c-49fc-b70f-206e12a0d56a, Reminder , 3M_SURVEY_REMINDER_1  , p0275@example.org, study-team@example.org,              2, Survey reminder, p0275@example.org, 2025-10-15T16:07:58Z
cafa2fce-0d7a-49a6-b862-711d4ca202c4, P0275                , d198d6ee-e2cf-4b58-b86e-3a1f269b5e4a, Reminder , 3M_SURVEY_REMINDER_2  , p0275@example.org, study-team@example.org,              3, Survey reminder, p0275@example.org, 2025-10-16T16:07:58Z
cafa2fce-0d7a-49a6-b862-711d4ca202c4, P0275                , 801fdbd3-4887-45d0-b673-8ab26b1f10c5, Reminder , 3M_SURVEY_REMINDER_3  , p0275@example.org, study-team@example.org,              5, Survey reminder, p0275@example.org, 2025-10-17T16:07:58Z
671e5026-6e48-443e-b24d-072b142929cc, P0276                , f52a651e-aea5-46e7-a805-e733e9997826, Reminder , 24H_SURVEY_REMINDER_1 , p0276@example.org, study-team@example.org,              2, Survey reminder, p0276@example.org, 2025-06-10T12:29:29Z
671e5026-6e48-443e-b24d-072b142929cc, P0276                , c25ed15d-1871-458a-a557-aac16f521d56, Reminder , 1M_SURVEY_REMINDER_1  , p0276@example.org, study-team@example.org,              1, Survey reminder, p0276@example.org, 2025-07-10T12:29:29Z
671e5026-6e48-443e-b24d-072b142929cc, P0276                , 82580e9e-c208-4a96-a792-4cae4f9f44c5, Reminder , 1M_SURVEY_REMINDER_2  , p0276@example.org, study-team@example.org,              1, Survey reminder, p0276@example.org, 2025-07-11T12:29:29Z
dfb6fee1-49b8-40dc-ac6e-16934278c992, P0277                , b6f57114-1daf-4de0-a3e9-60a28816664d, Reminder , 1M_SURVEY_REMINDER_1  , p0277@example.org, study-team@example.org,              5, Survey reminder, p0277@example.org, 2025-07-02T02:52:05Z
dfb6fee1-49b8-40dc-ac6e-16934278c992, P0277                , 7eda8be6-09e2-490d-a5f3-b9c01279fa5e, Reminder , 1M_SURVEY_REMINDER_2  , p0277@example.org, study-team@example.org,              5, Survey reminder, p0277@example.org, 2025-07-03T02:52:05Z
dfb6fee1-49b8-40dc-ac6e-16934278c992, P0277                , a4f01c8c-b207-43bb-8cf4-63b7874b5f8b, Reminder , 1M_SURVEY_REMINDER_3  , p0277@example.org, study-team@example.org,              3, Survey reminder, p0277@example.org, 2025-07-04T02:52:05Z
dfb6fee1-49b8-40dc-ac6e-16934278c992, P0277                , 24e3a223-5516-416c-b4a5-6ae69f3d18f7, Reminder , 4_6M_SURVEY_REMINDER_1, p0277@example.org, study-team@example.org,              5, Survey reminder, p0277@example.org, 2025-11-11T03:52:05Z
dfb6fee1-49b8-40dc-ac6e-16934278c992, P0277                , e182b999-1075-414c-81e3-096bf64c9d48, Reminder , 4_6M_SURVEY_REMINDER_2, p0277@example.org, study-team@example.org,              2, Survey reminder, p0277@example.org, 2025-11-12T03:52:05Z
856cf640-c38d-46a4-91c3-3b322d6d714c, P0278                , bdfd1741-7cca-4539-a088-23301ea5023a, Reminder , 1M_SURVEY_REMINDER_1  , p0278@example.org, study-team@example.org,              1, Survey reminder, p0278@example.org, 2025-12-11T08:04:03Z
856cf640-c38d-46a4-91c3-3b322d6d714c, P0278                , 6ca79e9d-5641-4c7a-aa97-25a178a61bad, Reminder , 1M_SURVEY_REMINDER_2  , p0278@example.org, study-team@example.org,              5, Survey reminder, p0278@example.org, 2025-12-12T08:04:03Z
856cf640-c38d-46a4-91c3-3b322d6d714c, P0278                , 17987254-559e-4c7b-b8c3-d341fb218540, Reminder , 3M_SURVEY_REMINDER_1  , p0278@example.org, study-team@example.org,              5, Survey reminder, p0278@example.org, 2026-02-09T08:04:03Z
b691ae26-1901-4b19-a9b2-ad0d36a53503, P0279                , 8d02a7f6-b05d-481c-b9b9-127242785b39, Reminder , 24H_SURVEY_REMINDER_1 , p0279@example.org, study-team@example.org,              2, Survey reminder, p0279@example.org, 2025-02-28T05:28:01Z
b691ae26-1901-4b19-a9b2-ad0d36a53503, P0279                , 9913a09f-e39a-45de-9f01-5e5327ff7125, Reminder , 24H_SURVEY_REMINDER_2 , p0279@example.org, study-team@example.org,              4, Survey reminder, p0279@example.org, 2025-03-01T05:28:01Z
b691ae26-1901-4b19-a9b2-ad0d36a53503, P0279                , 754305f0-3ee9-474b-b37e-1e9e027c961c, Reminder , 4_6M_SURVEY_REMINDER_1, p0279@example.org, study-team@example.org,              1, Survey reminder, p0279@example.org, 2025-08-13T04:28:01Z
c2d1a12c-39af-4f1c-8640-7f8c25505a04, P0280                , 87b7ad80-25cf-4c0a-8a11-e8158789e45e, Reminder , 24H_SURVEY_REMINDER_1 , p0280@example.org, study-team@example.org,              5, Survey reminder, p0280@example.org, 2025-07-22T11:02:52Z
c2d1a12c-39af-4f1c-8640-7f8c25505a04, P0280                , 1bc10035-1ba1-461d-b29f-23d0fb7f4777, Reminder , 24H_SURVEY_REMINDER_2 , p0280@example.org, study-team@example.org,              3, Survey reminder, p0280@example.org, 2025-07-23T11:02:52Z
1ed0c43b-4bc7-4fbe-8650-4a523181a521, P0281                , c5247ed2-6be0-49cd-bbda-02c0da819542, Reminder , 7D_SURVEY_REMINDER_1  , p0281@example.org, study-team@example.org,              4, Survey reminder, p0281@example.org, 2025-11-17T21:56:02Z
1ed0c43b-4bc7-4fbe-8650-4a523181a521, P0281                , 507bc498-6f9f-4c9f-b718-e2921f754ae4, Reminder , 7D_SURVEY_REMINDER_2  , p0281@example.org, study-team@example.org,              3, Survey reminder, p0281@example.org, 2025-11-18T21:56:02Z
1ed0c43b-4bc7-4fbe-8650-4a523181a521, P0281                , d601764b-3659-45ce-91e2-567f9cb07e71, Reminder , 4_6M_SURVEY_REMINDER_1, p0281@example.org, study-team@example.org,              4, Survey reminder, p0281@example.org, 2026-04-12T20:56:02Z
1ed0c43b-4bc7-4fbe-8650-4a523181a521, P0281                , 4a6ee0f6-3fac-4c70-a963-3829e987480c, Reminder , 4_6M_SURVEY_REMINDER_2, p0281@example.org, study-team@example.org,              5, Survey reminder, p0281@example.org, 2026-04-13T20:56:02Z
1ed0c43b-4bc7-4fbe-8650-4a523181a521, P0281                , b157f7bf-ee21-4cd3-acc8-fcf738a7953a, Reminder , 4_6M_SURVEY_REMINDER_3, p0281@example.org, study-team@example.org,              3, Survey reminder, p0281@example.org, 2026-04-14T20:56:02Z
23a24264-882f-4b57-9c9c-5451df60f30b, P0282                , 5dece511-dd08-40fe-a914-c902ca742508, Reminder , 24H_SURVEY_REMINDER_1 , p0282@example.org, study-team@example.org,              5, Survey reminder, p0282@example.org, 2025-03-18T21:21:29Z
23a24264-882f-4b57-9c9c-5451df60f30b, P0282                , 5a090df3-5ea0-4806-b470-7e10740542db, Reminder , 7D_SURVEY_REMINDER_1  , p0282@example.org, study-team@example.org,              3, Survey reminder, p0282@example.org, 2025-03-25T21:21:29Z
23a24264-882f-4b57-9c9c-5451df60f30b, P0282                , 19d89fa8-fe86-4e5e-a316-635b1fb423e8, Reminder , 1M_SURVEY_REMINDER_1  , p0282@example.org, study-team@example.org,              5, Survey reminder, p0282@example.org, 2025-04-17T21:21:29Z
23a24264-882f-4b57-9c9c-5451df60f30b, P0282                , f647fa7a-96ac-4152-a17c-c313602149f9, Reminder , 4_6M_SURVEY_REMINDER_1, p0282@example.org, study-team@example.org,              4, Survey reminder, p0282@example.org, 2025-07-16T21:21:29Z
ed2a08e5-ad32-46ed-81ba-e8b9e8f19962, P0285                , ea7fdf89-d461-4820-83fb-3d9a0f6711a4, Reminder , 7D_SURVEY_REMINDER_1  , p0285@example.org, study-team@example.org,              1, Survey reminder, p0285@example.org, 2025-02-18T18:14:54Z
ed2a08e5-ad32-46ed-81ba-e8b9e8f19962, P0285                , 8fa0cda5-9646-480f-bff7-a973c0280236, Reminder , 3M_SURVEY_REMINDER_1  , p0285@example.org, study-team@example.org,              1, Survey reminder, p0285@example.org, 2025-05-12T17:14:54Z
e4531655-f4d6-494d-a1dd-e4e5c69b2949, P0286                , eee051e1-e749-4d1b-b8b1-15efbc8512e9, Reminder , 7D_SURVEY_REMINDER_1  , p0286@example.org, study-team@example.org,              5, Survey reminder, p0286@example.org, 2025-06-08T16:59:40Z
e4531655-f4d6-494d-a1dd-e4e5c69b2949, P0286                , a90924d7-ead1-4e9d-aa76-b7ee707469a8, Reminder , 1M_SURVEY_REMINDER_1  , p0286@example.org, study-team@example.org,              3, Survey reminder, p0286@example.org, 2025-07-01T16:59:40Z
b3c402fc-a420-48bf-99b1-4a8720c7b2ea, P0287                , 333bdec9-e564-469e-a899-5ba23f313798, Reminder , 3M_SURVEY_REMINDER_1  , p0287@example.org, study-team@example.org,              5, Survey reminder, p0287@example.org, 2026-03-12T06:37:53Z
b3c402fc-a420-48bf-99b1-4a8720c7b2ea, P0287                , da1ca7a7-acd2-4b1a-81dc-b7dab28c516b, Reminder , 3M_SURVEY_REMINDER_2  , p0287@example.org, study-team@example.org,              3, Survey reminder, p0287@example.org, 2026-03-13T06:37:53Z
f396132b-7181-4ecb-86d3-b2668b488686, P0288                , f77e7f1c-090b-4b6d-b078-e1f34742f218, Reminder , 3M_SURVEY_REMINDER_1  , p0288@example.org, study-team@example.org,              4, Survey reminder, p0288@example.org, 2025-04-30T00:27:23Z
f396132b-7181-4ecb-86d3-b2668b488686, P0288                , 5f3819fc-da64-457a-9305-a7fc0a8880d6, Reminder , 3M_SURVEY_REMINDER_2  , p0288@example.org, study-team@example.org,              2, Survey reminder, p0288@example.org, 2025-05-01T00:27:23Z
f396132b-7181-4ecb-86d3-b2668b488686, P0288                , 2731dfbe-cd60-465c-acd2-3c904bbf0fa5, Reminder , 4_6M_SURVEY_REMINDER_1, p0288@example.org, study-team@example.org,              4, Survey reminder, p0288@example.org, 2025-06-05T00:27:23Z
31746d32-b253-46f5-9d49-5d96c7588668, P0289                , a88121fa-b62a-47a4-9e84-0594da52551f, Reminder , 24H_SURVEY_REMINDER_1 , p0289@example.org, study-team@example.org,              4, Survey reminder, p0289@example.org, 2025-01-21T11:51:41Z
31746d32-b253-46f5-9d49-5d96c7588668, P0289                , d7b63e6b-69a6-4e9f-87b7-9d32752a410f, Reminder , 24H_SURVEY_REMINDER_2 , p0289@example.org, study-team@example.org,              2, Survey reminder, p0289@example.org, 2025-01-22T11:51:41Z
31746d32-b253-46f5-9d49-5d96c7588668, P0289                , 3608f000-4bd2-473b-b5b4-7478110b8aef, Reminder , 24H_SURVEY_REMINDER_3 , p0289@example.org, study-team@example.org,              4, Survey reminder, p0289@example.org, 2025-01-23T11:51:41Z
ca6af0c0-9379-4046-9716-9331cdfdf8b0, P0290                , c74e999f-f4b2-46c9-ab36-7285bb387aa1, Reminder , 7D_SURVEY_REMINDER_1  , p0290@example.org, study-team@example.org,              1, Survey reminder, p0290@example.org, 2025-11-28T08:35:09Z
ca6af0c0-9379-4046-9716-9331cdfdf8b0, P0290                , 77d1267a-49dc-4da9-9524-3aa14037d68b, Reminder , 4_6M_SURVEY_REMINDER_1, p0290@example.org, study-team@example.org,              4, Survey reminder, p0290@example.org, 2026-04-15T07:35:09Z
ca6af0c0-9379-4046-9716-9331cdfdf8b0, P0290                , a90fcd4d-e3a4-4455-b095-4123268c1e1f, Reminder , 4_6M_SURVEY_REMINDER_2, p0290@example.org, study-team@example.org,              1, Survey reminder, p0290@example.org, 2026-04-16T07:35:09Z
ca6af0c0-9379-4046-9716-9331cdfdf8b0, P0290                , b468e61c-a0a6-4da1-8305-1f4c5cbcebd7, Reminder , 4_6M_SURVEY_REMINDER_3, p0290@example.org, study-team@example.org,              2, Survey reminder, p0290@example.org, 2026-04-17T07:35:09Z
95e315e3-8f43-45a8-a9a0-837288657244, P0291                , 0cb72026-ec83-4c10-8a69-ac682ceca53e, Reminder , 24H_SURVEY_REMINDER_1 , p0291@example.org, study-team@example.org,              5, Survey reminder, p0291@example.org, 2025-05-16T06:26:56Z
95e315e3-8f43-45a8-a9a0-837288657244, P0291                , 730bf8de-b522-4f53-800c-e3ea1f3ac09c, Reminder , 24H_SURVEY_REMINDER_2 , p0291@example.org, study-team@example.org,              3, Survey reminder, p0291@example.org, 2025-05-17T06:26:56Z
a18199ce-f644-4898-a32a-642f26055392, P0292                , 174e69da-912b-43a1-b9ff-69d2468842eb, Reminder , 24H_SURVEY_REMINDER_1 , p0292@example.org, study-team@example.org,              5, Survey reminder, p0292@example.org, 2025-09-09T11:42:14Z
a18199ce-f644-4898-a32a-642f26055392, P0292                , 9a7e8977-8fde-417e-9580-df2c3f0814c2, Reminder , 24H_SURVEY_REMINDER_2 , p0292@example.org, study-team@example.org,              3, Survey reminder, p0292@example.org, 2025-09-10T11:42:14Z
a18199ce-f644-4898-a32a-642f26055392, P0292                , efd03aff-8faa-45a0-9cd3-ad243545a001, Reminder , 3M_SURVEY_REMINDER_1  , p0292@example.org, study-team@example.org,              1, Survey reminder, p0292@example.org, 2025-12-08T12:42:14Z
a18199ce-f644-4898-a32a-642f26055392, P0292                , d75845ac-73a8-4e89-9561-42991174c3cb, Reminder , 3M_SURVEY_REMINDER_2  , p0292@example.org, study-team@example.org,              2, Survey reminder, p0292@example.org, 2025-12-09T12:42:14Z
a18199ce-f644-4898-a32a-642f26055392, P0292                , 1fefd2f4-1dcf-4cf5-8490-f129a820ec87, Reminder , 4_6M_SURVEY_REMINDER_1, p0292@example.org, study-team@example.org,              3, Survey reminder, p0292@example.org, 2026-02-20T12:42:14Z
a18199ce-f644-4898-a32a-642f26055392, P0292                , 4ad89850-bea1-449d-8324-b58e079cc498, Reminder , 4_6M_SURVEY_REMINDER_2, p0292@example.org, study-team@example.org,              3, Survey reminder, p0292@example.org, 2026-02-21T12:42:14Z
07dc8990-f63b-4da1-9f6e-7319ec2ecc13, P0293                , f8480ed1-d782-41c6-8405-c265bf0d2a9f, Reminder , 24H_SURVEY_REMINDER_1 , p0293@example.org, study-team@example.org,              4, Survey reminder, p0293@example.org, 2025-05-18T17:57:40Z
07dc8990-f63b-4da1-9f6e-7319ec2ecc13, P0293                , 2099c49f-9563-42c9-9cb8-4bc8776c7182, Reminder , 24H_SURVEY_REMINDER_2 , p0293@example.org, study-team@example.org,              3, Survey reminder, p0293@example.org, 2025-05-19T17:57:40Z
07dc8990-f63b-4da1-9f6e-7319ec2ecc13, P0293                , 1c1d0ea3-5f1f-47e8-81aa-74619c2bd7cf, Reminder , 24H_SURVEY_REMINDER_3 , p0293@example.org, study-team@example.org,              1, Survey reminder, p0293@example.org, 2025-05-20T17:57:40Z
07dc8990-f63b-4da1-9f6e-7319ec2ecc13, P0293                , 9492a011-aaf6-4796-83a9-f0afdc426a15, Reminder , 1M_SURVEY_REMINDER_1  , p0293@example.org, study-team@example.org,              2, Survey reminder, p0293@example.org, 2025-06-17T17:57:40Z
07dc8990-f63b-4da1-9f6e-7319ec2ecc13, P0293                , 35ce3d0b-7519-4e09-8779-dafa50d69bdc, Reminder , 1M_SURVEY_REMINDER_2  , p0293@example.org, study-team@example.org,              5, Survey reminder, p0293@example.org, 2025-06-18T17:57:40Z
07dc8990-f63b-4da1-9f6e-7319ec2ecc13, P0293                , c29c227d-562b-417d-b090-2d14244d8491, Reminder , 1M_SURVEY_REMINDER_3  , p0293@example.org, study-team@example.org,              3, Survey reminder, p0293@example.org, 2025-06-19T17:57:40Z
3e6efba3-ceb7-40c0-8d87-736a396d1a4c, P0294                , d0327252-3b52-465b-ad41-3383c0696aed, Reminder , 24H_SURVEY_REMINDER_1 , p0294@example.org, study-team@example.org,              4, Survey reminder, p0294@example.org, 2025-12-30T11:35:12Z
3e6efba3-ceb7-40c0-8d87-736a396d1a4c, P0294                , 853dd1cf-442d-4afe-a754-a364d3d70b8a, Reminder , 24H_SURVEY_REMINDER_2 , p0294@example.org, study-team@example.org,              2, Survey reminder, p0294@example.org, 2025-12-31T11:35:12Z
3e6efba3-ceb7-40c0-8d87-736a396d1a4c, P0294                , 797f53a8-c4df-4b0a-9a43-ccf130a2923d, Reminder , 24H_SURVEY_REMINDER_3 , p0294@example.org, study-team@example.org,              1, Survey reminder, p0294@example.org, 2026-01-01T11:35:12Z
2c378517-f52c-45cd-9904-4188db09d512, P0296                , 576b412c-c155-4d79-b7e5-5eb516b47b66, Reminder , 4_6M_SURVEY_REMINDER_1, p0296@example.org, study-team@example.org,              3, Survey reminder, p0296@example.org, 2025-06-13T12:23:26Z
4b0976fc-5e48-4505-8629-b52fb5bf0ad2, P0297                , b82ee17c-5f9d-4f56-bd3c-3efea58903c4, Reminder , 24H_SURVEY_REMINDER_1 , p0297@example.org, study-team@example.org,              5, Survey reminder, p0297@example.org, 2025-01-11T11:27:09Z
4b0976fc-5e48-4505-8629-b52fb5bf0ad2, P0297                , 2969f4d7-667c-4bf1-95bc-4747e55b476e, Reminder , 7D_SURVEY_REMINDER_1  , p0297@example.org, study-team@example.org,              4, Survey reminder, p0297@example.org, 2025-01-18T11:27:09Z
4b0976fc-5e48-4505-8629-b52fb5bf0ad2, P0297                , 0652b26c-844b-4f88-a7b0-8a6b5813e41a, Reminder , 7D_SURVEY_REMINDER_2  , p0297@example.org, study-team@example.org,              1, Survey reminder, p0297@example.org, 2025-01-19T11:27:09Z
4b0976fc-5e48-4505-8629-b52fb5bf0ad2, P0297                , 3f3ed3da-0989-4935-8274-009051aa23a7, Reminder , 7D_SURVEY_REMINDER_3  , p0297@example.org, study-team@example.org,              4, Survey reminder, p0297@example.org, 2025-01-20T11:27:09Z
d9d97df4-bc06-4b57-8c3a-aee430f02ac5, P0299                , 6529f31c-38c0-4b51-8b88-d94db818c16d, Reminder , 1M_SURVEY_REMINDER_1  , p0299@example.org, study-team@example.org,              5, Survey reminder, p0299@example.org, 2025-08-04T08:52:39Z
d9d97df4-bc06-4b57-8c3a-aee430f02ac5, P0299                , 02a13cd0-9d75-4fa4-80b9-8af6bdc2921b, Reminder , 3M_SURVEY_REMINDER_1  , p0299@example.org, study-team@example.org,              5, Survey reminder, p0299@example.org, 2025-10-03T08:52:39Z
d9d97df4-bc06-4b57-8c3a-aee430f02ac5, P0299                , 49aaf28c-57c9-4ef5-bf64-877d1e69e824, Reminder , 3M_SURVEY_REMINDER_2  , p0299@example.org, study-team@example.org,              3, Survey reminder, p0299@example.org, 2025-10-04T08:52:39Z
0c8a230a-86e7-4549-ab23-49b52a2d2c13, P0300                , f211bfaa-9472-4946-b300-ded9dfa742bb, Reminder , 3M_SURVEY_REMINDER_1  , p0300@example.org, study-team@example.org,              1, Survey reminder, p0300@example.org, 2025-08-06T18:57:12Z
0c8a230a-86e7-4549-ab23-49b52a2d2c13, P0300                , 5092aed8-4346-4a79-a664-bed29cf1c2cf, Reminder , 3M_SURVEY_REMINDER_2  , p0300@example.org, study-team@example.org,              4, Survey reminder, p0300@example.org, 2025-08-07T18:57:12Z
e27ee634-4ff7-4ac6-80b0-75ca4e23fd27, P0301                , 8012bc40-55d5-4a8e-a4d1-19c13eea78a4, Reminder , 3M_SURVEY_REMINDER_1  , p0301@example.org, study-team@example.org,              2, Survey reminder, p0301@example.org, 2025-12-22T17:06:50Z
a281cdef-66ed-492f-bea6-78e8e7e65780, P0302                , e18ec01c-81ba-49c2-951d-52364c2415dd, Reminder , 7D_SURVEY_REMINDER_1  , p0302@example.org, study-team@example.org,              1, Survey reminder, p0302@example.org, 2025-05-06T10:26:02Z
c73605f2-fdf9-4271-8657-14b7950bce57, P0303                , a6d12eb8-e1b4-419f-857f-6670839bdccb, Reminder , 24H_SURVEY_REMINDER_1 , p0303@example.org, study-team@example.org,              2, Survey reminder, p0303@example.org, 2025-06-25T07:37:14Z
c73605f2-fdf9-4271-8657-14b7950bce57, P0303                , 10e9d856-6e5d-4b32-be32-c4399ffe93c9, Reminder , 24H_SURVEY_REMINDER_2 , p0303@example.org, study-team@example.org,              3, Survey reminder, p0303@example.org, 2025-06-26T07:37:14Z
c73605f2-fdf9-4271-8657-14b7950bce57, P0303                , 3d9b9957-21ec-4d51-8e96-6bfdf217d446, Reminder , 24H_SURVEY_REMINDER_3 , p0303@example.org, study-team@example.org,              2, Survey reminder, p0303@example.org, 2025-06-27T07:37:14Z
c73605f2-fdf9-4271-8657-14b7950bce57, P0303                , 72d4ba21-5d39-4a8f-9c71-7eb32230bb73, Reminder , 1M_SURVEY_REMINDER_1  , p0303@example.org, study-team@example.org,              1, Survey reminder, p0303@example.org, 2025-07-25T07:37:14Z
c73605f2-fdf9-4271-8657-14b7950bce57, P0303                , e53368fb-222e-4963-a468-89c73bef5226, Reminder , 1M_SURVEY_REMINDER_2  , p0303@example.org, study-team@example.org,              4, Survey reminder, p0303@example.org, 2025-07-26T07:37:14Z
c73605f2-fdf9-4271-8657-14b7950bce57, P0303                , 0cc3af71-79fc-4bab-9b53-770ed031feac, Reminder , 4_6M_SURVEY_REMINDER_1, p0303@example.org, study-team@example.org,              1, Survey reminder, p0303@example.org, 2025-10-28T07:37:14Z
09601e05-069b-4a72-a5d2-3dfc5da44223, P0304                , 7b085df7-004e-4d80-8daa-63e8a624e573, Reminder , 24H_SURVEY_REMINDER_1 , p0304@example.org, study-team@example.org,              2, Survey reminder, p0304@example.org, 2025-05-08T02:56:49Z
09601e05-069b-4a72-a5d2-3dfc5da44223, P0304                , 93854d39-6bc1-4db6-8955-b0ecc8717974, Reminder , 3M_SURVEY_REMINDER_1  , p0304@example.org, study-team@example.org,              1, Survey reminder, p0304@example.org, 2025-08-06T02:56:49Z
09601e05-069b-4a72-a5d2-3dfc5da44223, P0304                , 3e0ab924-4f20-455a-9fda-d097da7f5862, Reminder , 3M_SURVEY_REMINDER_2  , p0304@example.org, study-team@example.org,              4, Survey reminder, p0304@example.org, 2025-08-07T02:56:49Z
09601e05-069b-4a72-a5d2-3dfc5da44223, P0304                , 07d5b06c-a4e2-47b6-b429-6eb519a488ba, Reminder , 3M_SURVEY_REMINDER_3  , p0304@example.org, study-team@example.org,              1, Survey reminder, p0304@example.org, 2025-08-08T02:56:49Z
09601e05-069b-4a72-a5d2-3dfc5da44223, P0304                , 17866468-ebdf-4a42-95aa-3c5cb2a88275, Reminder , 4_6M_SURVEY_REMINDER_1, p0304@example.org, study-team@example.org,              5, Survey reminder, p0304@example.org, 2025-10-25T02:56:49Z
20ce1c3a-ad30-4238-9f96-df0c03544724, P0305                , 54a512b5-4d63-4c86-8a84-3dc28f84b161, Reminder , 3M_SURVEY_REMINDER_1  , p0305@example.org, study-team@example.org,              4, Survey reminder, p0305@example.org, 2026-03-22T10:42:15Z
c4b4e563-3ba1-4b69-b37f-b3439de1baf9, P0306                , 48d715d2-e265-4e6f-901a-217ef5aea4fb, Reminder , 24H_SURVEY_REMINDER_1 , p0306@example.org, study-team@example.org,              1, Survey reminder, p0306@example.org, 2025-02-17T16:17:06Z
c4b4e563-3ba1-4b69-b37f-b3439de1baf9, P0306                , a049af84-ce25-4538-acca-7ef07659f12a, Reminder , 24H_SURVEY_REMINDER_2 , p0306@example.org, study-team@example.org,              2, Survey reminder, p0306@example.org, 2025-02-18T16:17:06Z
c4b4e563-3ba1-4b69-b37f-b3439de1baf9, P0306                , 06d146e3-c0be-4380-bacf-a8b0862c6d1e, Reminder , 7D_SURVEY_REMINDER_1  , p0306@example.org, study-team@example.org,              4, Survey reminder, p0306@example.org, 2025-02-24T16:17:06Z
c4b4e563-3ba1-4b69-b37f-b3439de1baf9, P0306                , 8b2eaea2-3c4e-46cc-8897-cf0f138b7bda, Reminder , 1M_SURVEY_REMINDER_1  , p0306@example.org, study-team@example.org,              1, Survey reminder, p0306@example.org, 2025-03-19T15:17:06Z
d94905d3-2cef-477e-9f8a-1133a85b2a95, P0307                , 3d117c0e-8e95-4bba-b405-e7d8d200a4e1, Reminder , 4_6M_SURVEY_REMINDER_1, p0307@example.org, study-team@example.org,              1, Survey reminder, p0307@example.org, 2026-01-08T18:41:37Z
7963a906-ad57-41a6-8609-f3a67114b545, P0309                , 89c75fed-5be4-4c7f-a2d5-ecebf326339d, Reminder , 24H_SURVEY_REMINDER_1 , p0309@example.org, study-team@example.org,              2, Survey reminder, p0309@example.org, 2025-08-11T11:52:34Z
7963a906-ad57-41a6-8609-f3a67114b545, P0309                , 37e46f47-50a3-42b0-970e-8c7f566fa6dc, Reminder , 24H_SURVEY_REMINDER_2 , p0309@example.org, study-team@example.org,              2, Survey reminder, p0309@example.org, 2025-08-12T11:52:34Z
7963a906-ad57-41a6-8609-f3a67114b545, P0309                , 9f8cafa4-9c5c-4199-be42-62514558f498, Reminder , 24H_SURVEY_REMINDER_3 , p0309@example.org, study-team@example.org,              3, Survey reminder, p0309@example.org, 2025-08-13T11:52:34Z
0a03acc0-a081-4976-a23a-d5da1252fe0f, P0310                , e68385a0-5cd3-4700-8d3f-278b9f27afa7, Reminder , 24H_SURVEY_REMINDER_1 , p0310@example.org, study-team@example.org,              1, Survey reminder, p0310@example.org, 2025-08-29T17:50:03Z
0a03acc0-a081-4976-a23a-d5da1252fe0f, P0310                , 55040f20-570b-44fb-a158-8469855e9016, Reminder , 24H_SURVEY_REMINDER_2 , p0310@example.org, study-team@example.org,              4, Survey reminder, p0310@example.org, 2025-08-30T17:50:03Z
0a03acc0-a081-4976-a23a-d5da1252fe0f, P0310                , 2901baf8-a03a-4253-8057-c7231ca2bf9b, Reminder , 7D_SURVEY_REMINDER_1  , p0310@example.org, study-team@example.org,              3, Survey reminder, p0310@example.org, 2025-09-05T17:50:03Z
0a03acc0-a081-4976-a23a-d5da1252fe0f, P0310                , 658206a6-bc3b-4cf4-9c7d-c2d54083bd20, Reminder , 7D_SURVEY_REMINDER_2  , p0310@example.org, study-team@example.org,              4, Survey reminder, p0310@example.org, 2025-09-06T17:50:03Z
0a03acc0-a081-4976-a23a-d5da1252fe0f, P0310                , 1e258b24-9145-4393-b77a-04d44fa7edd7, Reminder , 7D_SURVEY_REMINDER_3  , p0310@example.org, study-team@example.org,              2, Survey reminder, p0310@example.org, 2025-09-07T17:50:03Z
0a03acc0-a081-4976-a23a-d5da1252fe0f, P0310                , f89b1739-6b21-4033-ab66-dcc62f3c03c6, Reminder , 1M_SURVEY_REMINDER_1  , p0310@example.org, study-team@example.org,              2, Survey reminder, p0310@example.org, 2025-09-28T17:50:03Z
7e76c583-aefc-4b2b-a028-ec10ae7cbd04, P0311                , 900ec616-6d8d-4ec9-87ac-254f51b75fd8, Reminder , 7D_SURVEY_REMINDER_1  , p0311@example.org, study-team@example.org,              4, Survey reminder, p0311@example.org, 2025-11-17T03:34:48Z
7e76c583-aefc-4b2b-a028-ec10ae7cbd04, P0311                , 0c041fe9-8ec9-4dcf-a3b2-6c781b3ee361, Reminder , 1M_SURVEY_REMINDER_1  , p0311@example.org, study-team@example.org,              2, Survey reminder, p0311@example.org, 2025-12-10T03:34:48Z
7e76c583-aefc-4b2b-a028-ec10ae7cbd04, P0311                , 175f6d87-0706-47b7-97ae-5d95c0ca90c7, Reminder , 3M_SURVEY_REMINDER_1  , p0311@example.org, study-team@example.org,              2, Survey reminder, p0311@example.org, 2026-02-08T03:34:48Z
2a27eab8-5ead-4edf-9827-e78c58347180, P0312                , 4024bbd4-850e-4f30-bc5f-afb550807718, Reminder , 7D_SURVEY_REMINDER_1  , p0312@example.org, study-team@example.org,              1, Survey reminder, p0312@example.org, 2025-03-15T19:21:39Z
2a27eab8-5ead-4edf-9827-e78c58347180, P0312                , 26fd932a-7ee8-4b98-8097-3ca979392911, Reminder , 4_6M_SURVEY_REMINDER_1, p0312@example.org, study-team@example.org,              1, Survey reminder, p0312@example.org, 2025-08-14T19:21:39Z
2a27eab8-5ead-4edf-9827-e78c58347180, P0312                , 118ed291-67b1-4c2a-a40f-ebf680b9bf1c, Reminder , 4_6M_SURVEY_REMINDER_2, p0312@example.org, study-team@example.org,              4, Survey reminder, p0312@example.org, 2025-08-15T19:21:39Z
315bdd01-264c-4e54-a8b0-82a209e84b01, P0313                , 18aabe95-fb56-4c66-a353-ae6104bb6324, Reminder , 4_6M_SURVEY_REMINDER_1, p0313@example.org, study-team@example.org,              1, Survey reminder, p0313@example.org, 2025-08-14T06:22:21Z
d5fc957f-d1ec-42bd-8567-42e90b68ba22, P0314                , 00cdb100-c4b9-4856-aa7d-d22e34524d40, Reminder , 7D_SURVEY_REMINDER_1  , p0314@example.org, study-team@example.org,              1, Survey reminder, p0314@example.org, 2025-08-26T02:58:04Z
d5fc957f-d1ec-42bd-8567-42e90b68ba22, P0314                , 9191b26d-af7a-47d1-9624-3bfc76704a96, Reminder , 7D_SURVEY_REMINDER_2  , p0314@example.org, study-team@example.org,              3, Survey reminder, p0314@example.org, 2025-08-27T02:58:04Z
d5fc957f-d1ec-42bd-8567-42e90b68ba22, P0314                , 412b27ce-84ac-4104-a9a5-b52d3acb9b9f, Reminder , 3M_SURVEY_REMINDER_1  , p0314@example.org, study-team@example.org,              5, Survey reminder, p0314@example.org, 2025-11-17T03:58:04Z
c63f3718-db2c-41bd-975f-edaf2010fc37, P0315                , 997262c6-4a4f-404b-938f-f29983f756aa, Reminder , 1M_SURVEY_REMINDER_1  , p0315@example.org, study-team@example.org,              4, Survey reminder, p0315@example.org, 2025-08-21T07:09:33Z
c63f3718-db2c-41bd-975f-edaf2010fc37, P0315                , 165caa8e-3e8f-40f9-904e-4111dfd9d1b4, Reminder , 3M_SURVEY_REMINDER_1  , p0315@example.org, study-team@example.org,              5, Survey reminder, p0315@example.org, 2025-10-20T07:09:33Z
085f51f2-8443-44d3-b73e-7b66e296c27d, P0318                , a47d64e1-6d5c-41c9-a5b2-ae320943ce00, Reminder , 3M_SURVEY_REMINDER_1  , p0318@example.org, study-team@example.org,              1, Survey reminder, p0318@example.org, 2025-11-29T14:59:12Z
56475e66-c3b7-468e-8eca-48a1777a721f, P0319                , 4c3e0089-2631-4b44-a973-86d2ab3566d0, Reminder , 4_6M_SURVEY_REMINDER_1, p0319@example.org, study-team@example.org,              2, Survey reminder, p0319@example.org, 2025-10-27T03:39:33Z
a0cfb88d-8234-48ae-8437-32ca63017c6f, P0320                , 295151c7-3221-422e-aaf2-1fa7490fb893, Reminder , 1M_SURVEY_REMINDER_1  , p0320@example.org, study-team@example.org,              1, Survey reminder, p0320@example.org, 2025-07-28T16:29:42Z
8304f575-85f8-49a5-92c4-d6eaa99c0e83, P0321                , e46396da-0d80-4d40-80f5-246f0bed0c3e, Reminder , 24H_SURVEY_REMINDER_1 , p0321@example.org, study-team@example.org,              3, Survey reminder, p0321@example.org, 2025-08-21T19:49:09Z
8304f575-85f8-49a5-92c4-d6eaa99c0e83, P0321                , 899d4472-c9a7-4848-952a-205b29036c8b, Reminder , 7D_SURVEY_REMINDER_1  , p0321@example.org, study-team@example.org,              5, Survey reminder, p0321@example.org, 2025-08-28T19:49:09Z
8304f575-85f8-49a5-92c4-d6eaa99c0e83, P0321                , ab62c386-7678-4437-8c8d-52df9108a5d1, Reminder , 7D_SURVEY_REMINDER_2  , p0321@example.org, study-team@example.org,              2, Survey reminder, p0321@example.org, 2025-08-29T19:49:09Z
cd510047-0413-48e4-95f3-c14a9c1479e1, P0322                , 9317e802-fb13-41cd-9df6-45ac645bfb7e, Reminder , 24H_SURVEY_REMINDER_1 , p0322@example.org, study-team@example.org,              3, Survey reminder, p0322@example.org, 2025-04-02T02:46:08Z
cd510047-0413-48e4-95f3-c14a9c1479e1, P0322                , 7d17b1bb-6ae6-496e-ae33-dd2594340084, Reminder , 4_6M_SURVEY_REMINDER_1, p0322@example.org, study-team@example.org,              3, Survey reminder, p0322@example.org, 2025-09-24T02:46:08Z
cd510047-0413-48e4-95f3-c14a9c1479e1, P0322                , c4747c2d-9df2-4e53-ba52-ef44fe54222d, Reminder , 4_6M_SURVEY_REMINDER_2, p0322@example.org, study-team@example.org,              3, Survey reminder, p0322@example.org, 2025-09-25T02:46:08Z
cd510047-0413-48e4-95f3-c14a9c1479e1, P0322                , 60cdbda3-86f9-4296-ad18-4a5270c22e63, Reminder , 4_6M_SURVEY_REMINDER_3, p0322@example.org, study-team@example.org,              1, Survey reminder, p0322@example.org, 2025-09-26T02:46:08Z
c3d2eb77-ff2b-490f-8b58-d97805f28513, P0323                , acca6344-e2d0-4704-b856-b240a8e0c214, Reminder , 24H_SURVEY_REMINDER_1 , p0323@example.org, study-team@example.org,              4, Survey reminder, p0323@example.org, 2025-09-22T00:04:15Z
c3d2eb77-ff2b-490f-8b58-d97805f28513, P0323                , d95a47b9-7ac2-4438-8340-d07643868d40, Reminder , 24H_SURVEY_REMINDER_2 , p0323@example.org, study-team@example.org,              5, Survey reminder, p0323@example.org, 2025-09-23T00:04:15Z
c3d2eb77-ff2b-490f-8b58-d97805f28513, P0323                , 62e9b93f-b895-4fee-9e46-7168d06e1948, Reminder , 24H_SURVEY_REMINDER_3 , p0323@example.org, study-team@example.org,              5, Survey reminder, p0323@example.org, 2025-09-24T00:04:15Z
c3d2eb77-ff2b-490f-8b58-d97805f28513, P0323                , 53944bb3-b371-4b36-80d1-7af9c3a964c8, Reminder , 7D_SURVEY_REMINDER_1  , p0323@example.org, study-team@example.org,              2, Survey reminder, p0323@example.org, 2025-09-29T00:04:15Z
c3d2eb77-ff2b-490f-8b58-d97805f28513, P0323                , e4f972ba-ba3c-4753-9d5e-0319bc5379bb, Reminder , 7D_SURVEY_REMINDER_2  , p0323@example.org, study-team@example.org,              5, Survey reminder, p0323@example.org, 2025-09-30T00:04:15Z
c3d2eb77-ff2b-490f-8b58-d97805f28513, P0323                , eeb7fcca-a164-4eec-b534-1028bc4cf1e7, Reminder , 4_6M_SURVEY_REMINDER_1, p0323@example.org, study-team@example.org,              1, Survey reminder, p0323@example.org, 2026-02-20T01:04:15Z
e729f36b-2b39-4db1-a2c3-e4522e09bd75, P0324                , b37a2846-b641-4b46-b892-054e99fcac49, Reminder , 4_6M_SURVEY_REMINDER_1, p0324@example.org, study-team@example.org,              1, Survey reminder, p0324@example.org, 2026-02-05T14:54:54Z
efe8e19c-577c-474a-8e37-51761dad1478, P0325                , 1b6e7386-1dfb-41bb-8254-9640bbb0adfd, Reminder , 3M_SURVEY_REMINDER_1  , p0325@example.org, study-team@example.org,              2, Survey reminder, p0325@example.org, 2025-04-28T11:52:27Z
efe8e19c-577c-474a-8e37-51761dad1478, P0325                , 22d473ee-8429-466a-80b2-b45a012cda59, Reminder , 3M_SURVEY_REMINDER_2  , p0325@example.org, study-team@example.org,              4, Survey reminder, p0325@example.org, 2025-04-29T11:52:27Z
efe8e19c-577c-474a-8e37-51761dad1478, P0325                , 04f30a41-d829-490d-9561-41630a34a6c9, Reminder , 4_6M_SURVEY_REMINDER_1, p0325@example.org, study-team@example.org,              3, Survey reminder, p0325@example.org, 2025-07-12T11:52:27Z
607efef2-72b0-4330-8558-268c628c2d1a, P0326                , 61ff59be-0f1f-48ef-8f3f-aa7c720ba18a, Reminder , 1M_SURVEY_REMINDER_1  , p0326@example.org, study-team@example.org,              4, Survey reminder, p0326@example.org, 2025-09-01T01:43:01Z
607efef2-72b0-4330-8558-268c628c2d1a, P0326                , 1a082e91-14dc-42ae-88ad-2c676be97828, Reminder , 1M_SURVEY_REMINDER_2  , p0326@example.org, study-team@example.org,              1, Survey reminder, p0326@example.org, 2025-09-02T01:43:01Z
607efef2-72b0-4330-8558-268c628c2d1a, P0326                , 28446ea4-6e3e-4331-94b6-27e0456aff36, Reminder , 4_6M_SURVEY_REMINDER_1, p0326@example.org, study-team@example.org,              1, Survey reminder, p0326@example.org, 2026-01-08T02:43:01Z
607efef2-72b0-4330-8558-268c628c2d1a, P0326                , 0690ad22-990c-4e3e-b71d-6812d1960168, Reminder , 4_6M_SURVEY_REMINDER_2, p0326@example.org, study-team@example.org,              5, Survey reminder, p0326@example.org, 2026-01-09T02:43:01Z
607efef2-72b0-4330-8558-268c628c2d1a, P0326                , 651f5aa9-7c8d-4eea-9cc4-53a2ef0c0e43, Reminder , 4_6M_SURVEY_REMINDER_3, p0326@example.org, study-team@example.org,              2, Survey reminder, p0326@example.org, 2026-01-10T02:43:01Z
09df5e41-bbc3-4d14-b5d8-7d30b417295c, P0327                , 9bf5d374-a591-4d13-9bb8-6a984a2024a2, Reminder , 7D_SURVEY_REMINDER_1  , p0327@example.org, study-team@example.org,              3, Survey reminder, p0327@example.org, 2025-06-12T12:25:18Z
09df5e41-bbc3-4d14-b5d8-7d30b417295c, P0327                , 3c1f94ea-0512-4fae-9054-15db1e029881, Reminder , 3M_SURVEY_REMINDER_1  , p0327@example.org, study-team@example.org,              3, Survey reminder, p0327@example.org, 2025-09-03T12:25:18Z
09df5e41-bbc3-4d14-b5d8-7d30b417295c, P0327                , a9acc563-ce93-49cb-bd9c-b55fc95e84cf, Reminder , 4_6M_SURVEY_REMINDER_1, p0327@example.org, study-team@example.org,              2, Survey reminder, p0327@example.org, 2025-11-05T13:25:18Z
09df5e41-bbc3-4d14-b5d8-7d30b417295c, P0327                , 4483b9ad-1852-4970-9875-8dcb4197083b, Reminder , 4_6M_SURVEY_REMINDER_2, p0327@example.org, study-team@example.org,              3, Survey reminder, p0327@example.org, 2025-11-06T13:25:18Z
09df5e41-bbc3-4d14-b5d8-7d30b417295c, P0327                , 7872e1d1-05a1-45a4-82e2-0d64ebbfe271, Reminder , 4_6M_SURVEY_REMINDER_3, p0327@example.org, study-team@example.org,              4, Survey reminder, p0327@example.org, 2025-11-07T13:25:18Z
e1d261df-ffed-41b4-85c5-c785fff17b89, P0328                , da9e2f31-f04a-402f-ab35-4fe199b0a98d, Reminder , 24H_SURVEY_REMINDER_1 , p0328@example.org, study-team@example.org,              2, Survey reminder, p0328@example.org, 2025-01-14T19:20:04Z
e1d261df-ffed-41b4-85c5-c785fff17b89, P0328                , e2c94554-8acf-4113-9ecb-75d5c4e7235c, Reminder , 4_6M_SURVEY_REMINDER_1, p0328@example.org, study-team@example.org,              5, Survey reminder, p0328@example.org, 2025-05-30T18:20:04Z
e1d261df-ffed-41b4-85c5-c785fff17b89, P0328                , 774b962d-4774-42d1-8db5-52abd814fde2, Reminder , 4_6M_SURVEY_REMINDER_2, p0328@example.org, study-team@example.org,              4, Survey reminder, p0328@example.org, 2025-05-31T18:20:04Z
b5eff270-2af3-4cd6-8404-7b6c681d52f8, P0329                , ece86454-ebfe-4c80-be3d-cacb9356f41b, Reminder , 1M_SURVEY_REMINDER_1  , p0329@example.org, study-team@example.org,              1, Survey reminder, p0329@example.org, 2025-04-17T10:08:37Z
b5eff270-2af3-4cd6-8404-7b6c681d52f8, P0329                , 9146f1bc-2bc4-40af-b599-0b9097f0f416, Reminder , 3M_SURVEY_REMINDER_1  , p0329@example.org, study-team@example.org,              3, Survey reminder, p0329@example.org, 2025-06-16T10:08:37Z
b5eff270-2af3-4cd6-8404-7b6c681d52f8, P0329                , 39ec6c61-92e1-407d-9001-b1954932c831, Reminder , 3M_SURVEY_REMINDER_2  , p0329@example.org, study-team@example.org,              3, Survey reminder, p0329@example.org, 2025-06-17T10:08:37Z
b07b956d-4956-46ec-87e4-f32522dfa601, P0330                , e7281d60-1127-4b8b-8207-ee96b6bcec9f, Reminder , 24H_SURVEY_REMINDER_1 , p0330@example.org, study-team@example.org,              2, Survey reminder, p0330@example.org, 2025-09-09T20:38:00Z
b07b956d-4956-46ec-87e4-f32522dfa601, P0330                , fc382baf-fe37-4aee-bfd4-cef699e1bcea, Reminder , 24H_SURVEY_REMINDER_2 , p0330@example.org, study-team@example.org,              3, Survey reminder, p0330@example.org, 2025-09-10T20:38:00Z
b07b956d-4956-46ec-87e4-f32522dfa601, P0330                , a7ca13ab-38ef-4b5a-99a7-4f8cd1accf03, Reminder , 4_6M_SURVEY_REMINDER_1, p0330@example.org, study-team@example.org,              3, Survey reminder, p0330@example.org, 2026-01-17T21:38:00Z
eb68f45f-8193-4fd5-b10d-fdc40e8975fa, P0332                , 4c0a8230-00ee-4ab3-b0f6-94d70e64e570, Reminder , 1M_SURVEY_REMINDER_1  , p0332@example.org, study-team@example.org,              2, Survey reminder, p0332@example.org, 2025-04-08T19:52:37Z
eb68f45f-8193-4fd5-b10d-fdc40e8975fa, P0332                , db38c076-db19-464c-88b0-def9c3f8a3cc, Reminder , 1M_SURVEY_REMINDER_2  , p0332@example.org, study-team@example.org,              5, Survey reminder, p0332@example.org, 2025-04-09T19:52:37Z
650a3f4d-d698-459b-b7ce-eeb67d40552b, P0334                , 1873d04f-2d1f-49f1-887a-aebaa4e8c926, Reminder , 24H_SURVEY_REMINDER_1 , p0334@example.org, study-team@example.org,              4, Survey reminder, p0334@example.org, 2025-09-10T05:57:26Z
650a3f4d-d698-459b-b7ce-eeb67d40552b, P0334                , 3abff276-9f9f-4dcb-b174-3d60fb5c9f6f, Reminder , 24H_SURVEY_REMINDER_2 , p0334@example.org, study-team@example.org,              3, Survey reminder, p0334@example.org, 2025-09-11T05:57:26Z
650a3f4d-d698-459b-b7ce-eeb67d40552b, P0334                , 23df62c8-60fe-4ad9-a48d-e1d5281847a0, Reminder , 3M_SURVEY_REMINDER_1  , p0334@example.org, study-team@example.org,              5, Survey reminder, p0334@example.org, 2025-12-09T06:57:26Z
650a3f4d-d698-459b-b7ce-eeb67d40552b, P0334                , 4deb382a-fc89-49b6-8a2e-211916e41953, Reminder , 3M_SURVEY_REMINDER_2  , p0334@example.org, study-team@example.org,              3, Survey reminder, p0334@example.org, 2025-12-10T06:57:26Z
650a3f4d-d698-459b-b7ce-eeb67d40552b, P0334                , 53428c9d-47f0-4993-a1ab-125af0a79914, Reminder , 3M_SURVEY_REMINDER_3  , p0334@example.org, study-team@example.org,              4, Survey reminder, p0334@example.org, 2025-12-11T06:57:26Z
0c07deb0-ca92-4bd9-9681-110bceb5360a, P0335                , bcb65604-e89a-4b60-8102-58006e79d715, Reminder , 24H_SURVEY_REMINDER_1 , p0335@example.org, study-team@example.org,              3, Survey reminder, p0335@example.org, 2025-08-01T01:35:58Z
0c07deb0-ca92-4bd9-9681-110bceb5360a, P0335                , c464b1fc-dedd-4413-bd85-60222eec49a1, Reminder , 24H_SURVEY_REMINDER_2 , p0335@example.org, study-team@example.org,              2, Survey reminder, p0335@example.org, 2025-08-02T01:35:58Z
a094ac28-ee39-4537-a0a1-3f98b015bf73, P0336                , 34adee78-e18c-4396-96c4-92bcfdcc8c21, Reminder , 1M_SURVEY_REMINDER_1  , p0336@example.org, study-team@example.org,              1, Survey reminder, p0336@example.org, 2026-01-28T02:09:16Z
f62b86eb-64cc-40ad-a09b-bfab9b988246, P0337                , 785d9ef0-a8fb-4f70-8a98-544e5f0d5684, Reminder , 24H_SURVEY_REMINDER_1 , p0337@example.org, study-team@example.org,              3, Survey reminder, p0337@example.org, 2025-11-23T08:52:17Z
f62b86eb-64cc-40ad-a09b-bfab9b988246, P0337                , c163b3c6-de39-4f1c-bd8a-a938ef85cbd0, Reminder , 7D_SURVEY_REMINDER_1  , p0337@example.org, study-team@example.org,              5, Survey reminder, p0337@example.org, 2025-11-30T08:52:17Z
f62b86eb-64cc-40ad-a09b-bfab9b988246, P0337                , 2f5d8e3b-79ce-4413-8c4c-a9f928ec10c3, Reminder , 7D_SURVEY_REMINDER_2  , p0337@example.org, study-team@example.org,              3, Survey reminder, p0337@example.org, 2025-12-01T08:52:17Z
f62b86eb-64cc-40ad-a09b-bfab9b988246, P0337                , fe7244c5-19f1-4a7a-a356-4c04a6d79cc2, Reminder , 7D_SURVEY_REMINDER_3  , p0337@example.org, study-team@example.org,              3, Survey reminder, p0337@example.org, 2025-12-02T08:52:17Z
cb706e6b-eed5-4b62-bd5e-1a546439a799, P0338                , 2ccb0d78-eb3f-4200-83b3-745227538d8e, Reminder , 7D_SURVEY_REMINDER_1  , p0338@example.org, study-team@example.org,              2, Survey reminder, p0338@example.org, 2025-01-27T06:08:52Z
cb706e6b-eed5-4b62-bd5e-1a546439a799, P0338                , 368a4d1c-09ee-4eec-b831-131e79a914b9, Reminder , 7D_SURVEY_REMINDER_2  , p0338@example.org, study-team@example.org,              4, Survey reminder, p0338@example.org, 2025-01-28T06:08:52Z
cb706e6b-eed5-4b62-bd5e-1a546439a799, P0338                , ab96fbf9-c215-4527-a73b-0e6a0e55226d, Reminder , 7D_SURVEY_REMINDER_3  , p0338@example.org, study-team@example.org,              4, Survey reminder, p0338@example.org, 2025-01-29T06:08:52Z
cb706e6b-eed5-4b62-bd5e-1a546439a799, P0338                , 0d5b75ae-0720-4413-b646-d77da9778f0e, Reminder , 1M_SURVEY_REMINDER_1  , p0338@example.org, study-team@example.org,              3, Survey reminder, p0338@example.org, 2025-02-19T06:08:52Z
cb706e6b-eed5-4b62-bd5e-1a546439a799, P0338                , c4972513-bdac-49f5-9356-17de3d545d22, Reminder , 1M_SURVEY_REMINDER_2  , p0338@example.org, study-team@example.org,              3, Survey reminder, p0338@example.org, 2025-02-20T06:08:52Z
591200ea-93eb-4c61-845b-244b3689fd39, P0339                , 67c767df-8c31-428d-9759-e72c531f2bd9, Reminder , 24H_SURVEY_REMINDER_1 , p0339@example.org, study-team@example.org,              2, Survey reminder, p0339@example.org, 2025-06-25T23:17:02Z
591200ea-93eb-4c61-845b-244b3689fd39, P0339                , 45c21221-bb33-4cf8-8248-0d069b3a00c1, Reminder , 4_6M_SURVEY_REMINDER_1, p0339@example.org, study-team@example.org,              1, Survey reminder, p0339@example.org, 2025-11-19T00:17:02Z
591200ea-93eb-4c61-845b-244b3689fd39, P0339                , 7746baa0-7480-4177-a25a-070524b40db0, Reminder , 4_6M_SURVEY_REMINDER_2, p0339@example.org, study-team@example.org,              3, Survey reminder, p0339@example.org, 2025-11-20T00:17:02Z
6d553a1f-ae01-4759-bf2e-974dd68fea72, P0340                , dd51df9b-aad9-404b-bfd2-8e25fa2cddec, Reminder , 3M_SURVEY_REMINDER_1  , p0340@example.org, study-team@example.org,              3, Survey reminder, p0340@example.org, 2026-03-04T16:14:33Z
6d553a1f-ae01-4759-bf2e-974dd68fea72, P0340                , 48b31a79-08bf-47fd-815e-8ff9775c44cf, Reminder , 3M_SURVEY_REMINDER_2  , p0340@example.org, study-team@example.org,              5, Survey reminder, p0340@example.org, 2026-03-05T16:14:33Z
6d553a1f-ae01-4759-bf2e-974dd68fea72, P0340                , 8f7b09a9-f01c-4c37-90e4-2c24b220199b, Reminder , 4_6M_SURVEY_REMINDER_1, p0340@example.org, study-team@example.org,              3, Survey reminder, p0340@example.org, 2026-05-10T15:14:33Z
6d553a1f-ae01-4759-bf2e-974dd68fea72, P0340                , 6e3ddac9-09e4-4ecc-8154-9452376b3685, Reminder , 4_6M_SURVEY_REMINDER_2, p0340@example.org, study-team@example.org,              5, Survey reminder, p0340@example.org, 2026-05-11T15:14:33Z
6d553a1f-ae01-4759-bf2e-974dd68fea72, P0340                , 44a5c285-462e-424a-aa9d-61d612c734b9, Reminder , 4_6M_SURVEY_REMINDER_3, p0340@example.org, study-team@example.org,              2, Survey reminder, p0340@example.org, 2026-05-12T15:14:33Z
488fa566-4714-49f4-9a9e-deb5abb9d319, P0341                , 57f0f5f0-7af9-4ab5-9abc-708b755e0180, Reminder , 24H_SURVEY_REMINDER_1 , p0341@example.org, study-team@example.org,              3, Survey reminder, p0341@example.org, 2025-10-21T14:24:45Z
488fa566-4714-49f4-9a9e-deb5abb9d319, P0341                , 396d8af9-d6ba-4377-a76f-3dbe18601913, Reminder , 24H_SURVEY_REMINDER_2 , p0341@example.org, study-team@example.org,              5, Survey reminder, p0341@example.org, 2025-10-22T14:24:45Z
488fa566-4714-49f4-9a9e-deb5abb9d319, P0341                , 0fe9bec7-eb12-4add-b426-2ad7af352d16, Reminder , 24H_SURVEY_REMINDER_3 , p0341@example.org, study-team@example.org,              3, Survey reminder, p0341@example.org, 2025-10-23T14:24:45Z
284ab260-6795-4458-aa8e-869fed5838de, P0342                , 8cfdbfd9-b7f7-4254-b163-c48f7481fbc2, Reminder , 24H_SURVEY_REMINDER_1 , p0342@example.org, study-team@example.org,              1, Survey reminder, p0342@example.org, 2025-09-07T09:11:19Z
284ab260-6795-4458-aa8e-869fed5838de, P0342                , 4bb9444a-b613-4f9f-b48b-34b561f89f3f, Reminder , 24H_SURVEY_REMINDER_2 , p0342@example.org, study-team@example.org,              2, Survey reminder, p0342@example.org, 2025-09-08T09:11:19Z
284ab260-6795-4458-aa8e-869fed5838de, P0342                , 9868bcea-5d71-4179-8afb-3bb5ab310263, Reminder , 24H_SURVEY_REMINDER_3 , p0342@example.org, study-team@example.org,              1, Survey reminder, p0342@example.org, 2025-09-09T09:11:19Z
3bd07a78-1be9-4e94-acf1-e4b88ba7b2e3, P0343                , 04c1115e-8f6b-41a9-9578-bf7ae1f24285, Reminder , 7D_SURVEY_REMINDER_1  , p0343@example.org, study-team@example.org,              3, Survey reminder, p0343@example.org, 2025-03-22T17:13:43Z
3bd07a78-1be9-4e94-acf1-e4b88ba7b2e3, P0343                , a55bddab-eb8e-43fd-b833-71a68e7cc35d, Reminder , 7D_SURVEY_REMINDER_2  , p0343@example.org, study-team@example.org,              4, Survey reminder, p0343@example.org, 2025-03-23T17:13:43Z
3bd07a78-1be9-4e94-acf1-e4b88ba7b2e3, P0343                , acef4808-ad6e-4cca-9bf5-713d50ba6f41, Reminder , 7D_SURVEY_REMINDER_3  , p0343@example.org, study-team@example.org,              2, Survey reminder, p0343@example.org, 2025-03-24T17:13:43Z
acfabf04-5a4f-4c5b-906f-83518b954d3f, P0344                , fdc3c2eb-1e27-4ba2-aa80-1ab02e7cb53c, Reminder , 1M_SURVEY_REMINDER_1  , p0344@example.org, study-team@example.org,              5, Survey reminder, p0344@example.org, 2025-08-07T09:43:52Z
2a3925cf-cdcc-4d0a-8436-ad35617971d0, P0345                , 2eb165fb-1abf-4a7c-995b-d353f8fb8a44, Reminder , 24H_SURVEY_REMINDER_1 , p0345@example.org, study-team@example.org,              5, Survey reminder, p0345@example.org, 2025-10-04T14:30:02Z
2a3925cf-cdcc-4d0a-8436-ad35617971d0, P0345                , 1fce098c-12f1-4ab4-b926-c3f6a784849c, Reminder , 7D_SURVEY_REMINDER_1  , p0345@example.org, study-team@example.org,              4, Survey reminder, p0345@example.org, 2025-10-11T14:30:02Z
2a3925cf-cdcc-4d0a-8436-ad35617971d0, P0345                , 62f98e3f-4892-49a4-bc0f-5d1d6a4188cc, Reminder , 3M_SURVEY_REMINDER_1  , p0345@example.org, study-team@example.org,              3, Survey reminder, p0345@example.org, 2026-01-02T15:30:02Z
2a3925cf-cdcc-4d0a-8436-ad35617971d0, P0345                , dff675a5-02bd-4c0d-91cb-15ca677f25d6, Reminder , 4_6M_SURVEY_REMINDER_1, p0345@example.org, study-team@example.org,              2, Survey reminder, p0345@example.org, 2026-02-04T15:30:02Z
e58e8a32-1872-48c4-a7bc-3ff93989fa99, P0346                , bb6ac76c-4083-4e2d-aeed-70047d010e59, Reminder , 3M_SURVEY_REMINDER_1  , p0346@example.org, study-team@example.org,              1, Survey reminder, p0346@example.org, 2025-12-21T02:20:27Z
6d84d440-f322-437e-b522-bf92b5a59de2, P0347                , dedf368d-cfcd-48e1-ad95-9cbf2f9c3511, Reminder , 7D_SURVEY_REMINDER_1  , p0347@example.org, study-team@example.org,              2, Survey reminder, p0347@example.org, 2025-12-15T10:51:17Z
6d84d440-f322-437e-b522-bf92b5a59de2, P0347                , 8e7889fd-b203-47f7-b0ee-ea091752670c, Reminder , 7D_SURVEY_REMINDER_2  , p0347@example.org, study-team@example.org,              4, Survey reminder, p0347@example.org, 2025-12-16T10:51:17Z
8fce5461-df84-4ed4-afcb-7abf01b82f53, P0348                , d1dd7e9d-efdd-4238-81ca-8635846ff521, Reminder , 3M_SURVEY_REMINDER_1  , p0348@example.org, study-team@example.org,              1, Survey reminder, p0348@example.org, 2025-04-09T10:48:03Z
59942e73-d159-49f8-a4fa-694bb2bd1902, P0349                , a423ee92-8c97-41db-94f1-4be8a02733f7, Reminder , 4_6M_SURVEY_REMINDER_1, p0349@example.org, study-team@example.org,              3, Survey reminder, p0349@example.org, 2025-07-25T15:40:41Z
efdc6b3f-0b9b-42b6-bbf3-d97dc3916c69, P0351                , f2c2220a-e4cd-46ed-8666-54d7b0aab305, Reminder , 7D_SURVEY_REMINDER_1  , p0351@example.org, study-team@example.org,              4, Survey reminder, p0351@example.org, 2025-08-02T07:22:30Z
efdc6b3f-0b9b-42b6-bbf3-d97dc3916c69, P0351                , ad65f8db-429e-4496-b653-e4cc4fce32a1, Reminder , 7D_SURVEY_REMINDER_2  , p0351@example.org, study-team@example.org,              4, Survey reminder, p0351@example.org, 2025-08-03T07:22:30Z
efdc6b3f-0b9b-42b6-bbf3-d97dc3916c69, P0351                , ff19d9f2-a3a2-4c9a-83cf-b624cd5c883f, Reminder , 7D_SURVEY_REMINDER_3  , p0351@example.org, study-team@example.org,              1, Survey reminder, p0351@example.org, 2025-08-04T07:22:30Z
efdc6b3f-0b9b-42b6-bbf3-d97dc3916c69, P0351                , 7e2b1666-1bf4-454c-823b-1441e1584d5b, Reminder , 1M_SURVEY_REMINDER_1  , p0351@example.org, study-team@example.org,              1, Survey reminder, p0351@example.org, 2025-08-25T07:22:30Z
efdc6b3f-0b9b-42b6-bbf3-d97dc3916c69, P0351                , 8bbf0056-f8b9-49e0-89ec-36ec4105304a, Reminder , 4_6M_SURVEY_REMINDER_1, p0351@example.org, study-team@example.org,              3, Survey reminder, p0351@example.org, 2025-12-20T08:22:30Z
1eb60a74-a40a-4436-b28a-52147ba10374, P0352                , 12273850-92b6-4b3f-b52a-b9cdd64dc328, Reminder , 24H_SURVEY_REMINDER_1 , p0352@example.org, study-team@example.org,              2, Survey reminder, p0352@example.org, 2025-03-27T10:39:33Z
1eb60a74-a40a-4436-b28a-52147ba10374, P0352                , 348466f8-63aa-4f4e-80a1-629e8fbb1280, Reminder , 1M_SURVEY_REMINDER_1  , p0352@example.org, study-team@example.org,              3, Survey reminder, p0352@example.org, 2025-04-26T10:39:33Z
1eb60a74-a40a-4436-b28a-52147ba10374, P0352                , 0c987431-290f-4e56-931e-671c6302f19d, Reminder , 1M_SURVEY_REMINDER_2  , p0352@example.org, study-team@example.org,              4, Survey reminder, p0352@example.org, 2025-04-27T10:39:33Z
1eb60a74-a40a-4436-b28a-52147ba10374, P0352                , 56132822-bddc-40cf-868d-2919bc338b94, Reminder , 1M_SURVEY_REMINDER_3  , p0352@example.org, study-team@example.org,              1, Survey reminder, p0352@example.org, 2025-04-28T10:39:33Z
743751a1-b5f2-49de-9bbf-44042c6bdcfc, P0353                , 57769ddd-4c42-403e-8a20-61fc03099bc4, Reminder , 24H_SURVEY_REMINDER_1 , p0353@example.org, study-team@example.org,              1, Survey reminder, p0353@example.org, 2025-11-02T13:33:01Z
743751a1-b5f2-49de-9bbf-44042c6bdcfc, P0353                , 4cf463cb-8013-4dc0-8ee7-35ce138e7573, Reminder , 24H_SURVEY_REMINDER_2 , p0353@example.org, study-team@example.org,              5, Survey reminder, p0353@example.org, 2025-11-03T13:33:01Z
2a6ad266-eb26-4bee-a2af-d32064d78984, P0354                , 13d14082-0a8d-4a18-a800-9a79833a62a1, Reminder , 1M_SURVEY_REMINDER_1  , p0354@example.org, study-team@example.org,              4, Survey reminder, p0354@example.org, 2026-01-09T08:03:18Z
d9463037-afc6-48b3-9a87-2b6de83246c9, P0355                , c94ae0f3-2105-4120-951e-7bbabd8b2f26, Reminder , 7D_SURVEY_REMINDER_1  , p0355@example.org, study-team@example.org,              3, Survey reminder, p0355@example.org, 2025-07-28T05:25:27Z
d9463037-afc6-48b3-9a87-2b6de83246c9, P0355                , 38bec0ae-3767-4c7c-9b74-a407e40e5c69, Reminder , 3M_SURVEY_REMINDER_1  , p0355@example.org, study-team@example.org,              1, Survey reminder, p0355@example.org, 2025-10-19T05:25:27Z
b079d03f-d895-42cc-b753-ffd75201ea10, P0356                , 21616513-0b5b-4bf3-83e4-17321273b7dc, Reminder , 24H_SURVEY_REMINDER_1 , p0356@example.org, study-team@example.org,              1, Survey reminder, p0356@example.org, 2025-12-14T23:25:51Z
b079d03f-d895-42cc-b753-ffd75201ea10, P0356                , dce35ca3-78fb-4548-aa35-e97e3348166b, Reminder , 7D_SURVEY_REMINDER_1  , p0356@example.org, study-team@example.org,              3, Survey reminder, p0356@example.org, 2025-12-21T23:25:51Z
dbf620c3-8205-47ae-ace9-e1cdfc548f70, P0357                , 7724722c-c42d-49eb-a9c2-20128f3d8b13, Reminder , 24H_SURVEY_REMINDER_1 , p0357@example.org, study-team@example.org,              3, Survey reminder, p0357@example.org, 2025-02-24T00:40:05Z
dbf620c3-8205-47ae-ace9-e1cdfc548f70, P0357                , 27a40336-d1cb-4dd5-a7c9-634a2197f5f3, Reminder , 7D_SURVEY_REMINDER_1  , p0357@example.org, study-team@example.org,              2, Survey reminder, p0357@example.org, 2025-03-03T00:40:05Z
dbf620c3-8205-47ae-ace9-e1cdfc548f70, P0357                , 20ee4e8f-5cd8-428b-8450-dc6a2a3f4a38, Reminder , 7D_SURVEY_REMINDER_2  , p0357@example.org, study-team@example.org,              1, Survey reminder, p0357@example.org, 2025-03-04T00:40:05Z
dbf620c3-8205-47ae-ace9-e1cdfc548f70, P0357                , f2c4007a-1dc9-4ced-8c07-a48a61236b80, Reminder , 4_6M_SURVEY_REMINDER_1, p0357@example.org, study-team@example.org,              4, Survey reminder, p0357@example.org, 2025-07-17T23:40:05Z
25895338-7a36-4b19-be50-b2c97e7a9b21, P0358                , cfe0d172-7f09-4055-997e-2873664cb774, Reminder , 7D_SURVEY_REMINDER_1  , p0358@example.org, study-team@example.org,              1, Survey reminder, p0358@example.org, 2025-03-11T18:57:28Z
25895338-7a36-4b19-be50-b2c97e7a9b21, P0358                , 6982fdbd-202f-444e-a43c-c74f6ad6fb0a, Reminder , 7D_SURVEY_REMINDER_2  , p0358@example.org, study-team@example.org,              1, Survey reminder, p0358@example.org, 2025-03-12T18:57:28Z
25895338-7a36-4b19-be50-b2c97e7a9b21, P0358                , 60435dcd-7ca4-4ccc-b211-257a1d4f1fe2, Reminder , 3M_SURVEY_REMINDER_1  , p0358@example.org, study-team@example.org,              4, Survey reminder, p0358@example.org, 2025-06-02T18:57:28Z
25895338-7a36-4b19-be50-b2c97e7a9b21, P0358                , aa3f580a-3fff-4541-8d1c-c66be2895c16, Reminder , 3M_SURVEY_REMINDER_2  , p0358@example.org, study-team@example.org,              4, Survey reminder, p0358@example.org, 2025-06-03T18:57:28Z
8f7a36c4-6ea7-4f5c-b981-ca008689b74e, P0359                , 6cf86f43-4e18-4dea-a85e-e536e8401cdc, Reminder , 7D_SURVEY_REMINDER_1  , p0359@example.org, study-team@example.org,              4, Survey reminder, p0359@example.org, 2025-09-22T07:03:09Z
8f7a36c4-6ea7-4f5c-b981-ca008689b74e, P0359                , 5876ea14-deb0-4041-ab88-ea5d77a19d03, Reminder , 7D_SURVEY_REMINDER_2  , p0359@example.org, study-team@example.org,              1, Survey reminder, p0359@example.org, 2025-09-23T07:03:09Z
8f7a36c4-6ea7-4f5c-b981-ca008689b74e, P0359                , c6120790-bd33-4ed1-958f-aa05a6a0941e, Reminder , 1M_SURVEY_REMINDER_1  , p0359@example.org, study-team@example.org,              2, Survey reminder, p0359@example.org, 2025-10-15T07:03:09Z
8f7a36c4-6ea7-4f5c-b981-ca008689b74e, P0359                , 84fd0411-2058-4cb4-93cd-47813c2706f8, Reminder , 1M_SURVEY_REMINDER_2  , p0359@example.org, study-team@example.org,              4, Survey reminder, p0359@example.org, 2025-10-16T07:03:09Z
8f7a36c4-6ea7-4f5c-b981-ca008689b74e, P0359                , 28fd0a10-524f-4f66-913b-451a9216916a, Reminder , 1M_SURVEY_REMINDER_3  , p0359@example.org, study-team@example.org,              2, Survey reminder, p0359@example.org, 2025-10-17T07:03:09Z
a78e5faf-1d92-4142-bd1d-824b5429c61b, P0360                , e1fc4e59-3661-48c6-b7c4-67df1139a56c, Reminder , 24H_SURVEY_REMINDER_1 , p0360@example.org, study-team@example.org,              5, Survey reminder, p0360@example.org, 2025-11-25T11:09:04Z
a78e5faf-1d92-4142-bd1d-824b5429c61b, P0360                , 563adc5d-2446-4f7e-bb44-3cc5be87f906, Reminder , 1M_SURVEY_REMINDER_1  , p0360@example.org, study-team@example.org,              1, Survey reminder, p0360@example.org, 2025-12-25T11:09:04Z
a78e5faf-1d92-4142-bd1d-824b5429c61b, P0360                , c01af679-8747-4b9c-b84f-71a5e52a0c2e, Reminder , 3M_SURVEY_REMINDER_1  , p0360@example.org, study-team@example.org,              1, Survey reminder, p0360@example.org, 2026-02-23T11:09:04Z
a78e5faf-1d92-4142-bd1d-824b5429c61b, P0360                , b2769de9-6fd3-4dff-93b8-599e40ac5c77, Reminder , 3M_SURVEY_REMINDER_2  , p0360@example.org, study-team@example.org,              1, Survey reminder, p0360@example.org, 2026-02-24T11:09:04Z
a78e5faf-1d92-4142-bd1d-824b5429c61b, P0360                , d12c6245-9709-461a-8f0d-46f83307374c, Reminder , 3M_SURVEY_REMINDER_3  , p0360@example.org, study-team@example.org,              3, Survey reminder, p0360@example.org, 2026-02-25T11:09:04Z
a8574ed5-7170-4267-8315-4e35eee497fd, P0361                , 02b1a422-adf2-4ce9-9ad2-88670fd31162, Reminder , 1M_SURVEY_REMINDER_1  , p0361@example.org, study-team@example.org,              2, Survey reminder, p0361@example.org, 2025-04-13T17:42:09Z
a8574ed5-7170-4267-8315-4e35eee497fd, P0361                , 550758ce-3d9b-4c75-a7eb-f4a0851cd576, Reminder , 3M_SURVEY_REMINDER_1  , p0361@example.org, study-team@example.org,              4, Survey reminder, p0361@example.org, 2025-06-12T17:42:09Z
a8574ed5-7170-4267-8315-4e35eee497fd, P0361                , 498e3ed0-beea-4140-85de-3952757e52d5, Reminder , 3M_SURVEY_REMINDER_2  , p0361@example.org, study-team@example.org,              3, Survey reminder, p0361@example.org, 2025-06-13T17:42:09Z
a8574ed5-7170-4267-8315-4e35eee497fd, P0361                , f4bca758-01ee-45e7-9974-dc30736ff9ea, Reminder , 3M_SURVEY_REMINDER_3  , p0361@example.org, study-team@example.org,              4, Survey reminder, p0361@example.org, 2025-06-14T17:42:09Z
a8574ed5-7170-4267-8315-4e35eee497fd, P0361                , 3f624cde-ccf4-4c5f-999e-04526f918d58, Reminder , 4_6M_SURVEY_REMINDER_1, p0361@example.org, study-team@example.org,              5, Survey reminder, p0361@example.org, 2025-08-20T17:42:09Z
a8574ed5-7170-4267-8315-4e35eee497fd, P0361                , 3b2508ae-886a-44bd-b7d3-f5d685cfc6c0, Reminder , 4_6M_SURVEY_REMINDER_2, p0361@example.org, study-team@example.org,              3, Survey reminder, p0361@example.org, 2025-08-21T17:42:09Z
fadfad5a-5730-45dc-9f35-2e0de8d889f8, P0362                , 1be6a6a8-aa0e-49f8-bb09-3f95a984f156, Reminder , 24H_SURVEY_REMINDER_1 , p0362@example.org, study-team@example.org,              5, Survey reminder, p0362@example.org, 2025-06-01T22:48:20Z
fadfad5a-5730-45dc-9f35-2e0de8d889f8, P0362                , e4cf052b-cc6e-4dbf-a277-9c0477830893, Reminder , 7D_SURVEY_REMINDER_1  , p0362@example.org, study-team@example.org,              5, Survey reminder, p0362@example.org, 2025-06-08T22:48:20Z
fadfad5a-5730-45dc-9f35-2e0de8d889f8, P0362                , b5bd17c7-6daa-45ba-b891-d269dd5d4f7f, Reminder , 7D_SURVEY_REMINDER_2  , p0362@example.org, study-team@example.org,              1, Survey reminder, p0362@example.org, 2025-06-09T22:48:20Z
fadfad5a-5730-45dc-9f35-2e0de8d889f8, P0362                , 9023b3f2-827e-44f2-8a50-c24c2d66837b, Reminder , 4_6M_SURVEY_REMINDER_1, p0362@example.org, study-team@example.org,              1, Survey reminder, p0362@example.org, 2025-11-23T23:48:20Z
fadfad5a-5730-45dc-9f35-2e0de8d889f8, P0362                , 3242cb4c-c5d5-4382-9b5c-25b2789c5f79, Reminder , 4_6M_SURVEY_REMINDER_2, p0362@example.org, study-team@example.org,              5, Survey reminder, p0362@example.org, 2025-11-24T23:48:20Z
fadfad5a-5730-45dc-9f35-2e0de8d889f8, P0362                , aa4b35e1-1a84-4007-8ec1-df47da64fb93, Reminder , 4_6M_SURVEY_REMINDER_3, p0362@example.org, study-team@example.org,              3, Survey reminder, p0362@example.org, 2025-11-25T23:48:20Z
fc3daad5-8173-47dd-aff8-2495e57f3273, P0364                , ebf2e9fd-6782-47f9-93fc-5b66dc26733f, Reminder , 7D_SURVEY_REMINDER_1  , p0364@example.org, study-team@example.org,              2, Survey reminder, p0364@example.org, 2025-06-22T16:35:51Z
fc3daad5-8173-47dd-aff8-2495e57f3273, P0364                , a62310be-fe85-49e0-8acc-ca1a318ac26c, Reminder , 7D_SURVEY_REMINDER_2  , p0364@example.org, study-team@example.org,              2, Survey reminder, p0364@example.org, 2025-06-23T16:35:51Z
2ca4477d-01a4-416b-94a7-1e01aa8594b1, P0365                , ca4641da-eb52-465e-9ae6-00099c75847b, Reminder , 24H_SURVEY_REMINDER_1 , p0365@example.org, study-team@example.org,              4, Survey reminder, p0365@example.org, 2025-07-27T12:01:48Z
06114f0b-3851-4f57-89ac-dd9fb695a2bf, P0366                , 32d5ac4a-3e96-490f-9379-b98fb96bbe50, Reminder , 24H_SURVEY_REMINDER_1 , p0366@example.org, study-team@example.org,              1, Survey reminder, p0366@example.org, 2025-06-11T07:34:36Z
ed571bf2-0ecb-4969-b47b-208c71c656be, P0367                , 40012bf6-c25a-43fe-8f7f-d9f19c6f33c7, Reminder , 3M_SURVEY_REMINDER_1  , p0367@example.org, study-team@example.org,              3, Survey reminder, p0367@example.org, 2026-03-04T15:46:58Z
ed571bf2-0ecb-4969-b47b-208c71c656be, P0367                , c80b8191-796d-479a-a034-f75df42d7a29, Reminder , 3M_SURVEY_REMINDER_2  , p0367@example.org, study-team@example.org,              1, Survey reminder, p0367@example.org, 2026-03-05T15:46:58Z
ed571bf2-0ecb-4969-b47b-208c71c656be, P0367                , 6641a3ec-e09d-4c1c-bd6e-c1bf45cf732c, Reminder , 3M_SURVEY_REMINDER_3  , p0367@example.org, study-team@example.org,              5, Survey reminder, p0367@example.org, 2026-03-06T15:46:58Z
78052071-09dd-4373-a873-4c751bc759d2, P0368                , 03fb8b30-7991-45bd-83c0-9ed9de265247, Reminder , 24H_SURVEY_REMINDER_1 , p0368@example.org, study-team@example.org,              2, Survey reminder, p0368@example.org, 2025-02-01T02:09:41Z
78052071-09dd-4373-a873-4c751bc759d2, P0368                , a10a6773-c2a7-4720-b298-ba2e247167da, Reminder , 24H_SURVEY_REMINDER_2 , p0368@example.org, study-team@example.org,              2, Survey reminder, p0368@example.org, 2025-02-02T02:09:41Z
78052071-09dd-4373-a873-4c751bc759d2, P0368                , 3ac4511d-b1cc-4b64-8f04-0b1bc26f66aa, Reminder , 24H_SURVEY_REMINDER_3 , p0368@example.org, study-team@example.org,              5, Survey reminder, p0368@example.org, 2025-02-03T02:09:41Z
78052071-09dd-4373-a873-4c751bc759d2, P0368                , fe7cfa10-5db2-4d02-98d6-131eedc552f1, Reminder , 1M_SURVEY_REMINDER_1  , p0368@example.org, study-team@example.org,              4, Survey reminder, p0368@example.org, 2025-03-03T02:09:41Z
78052071-09dd-4373-a873-4c751bc759d2, P0368                , c597b07b-d0a6-4419-8cec-c565ee2ec5b3, Reminder , 1M_SURVEY_REMINDER_2  , p0368@example.org, study-team@example.org,              4, Survey reminder, p0368@example.org, 2025-03-04T02:09:41Z
78052071-09dd-4373-a873-4c751bc759d2, P0368                , ec65f65e-a9c5-42f3-9efa-65e1561353d4, Reminder , 1M_SURVEY_REMINDER_3  , p0368@example.org, study-team@example.org,              2, Survey reminder, p0368@example.org, 2025-03-05T02:09:41Z
8e3bba86-f9a9-421a-9d9f-51f0a9a64877, P0370                , ef994579-8893-435d-a2fc-16f75a7e04a6, Reminder , 3M_SURVEY_REMINDER_1  , p0370@example.org, study-team@example.org,              1, Survey reminder, p0370@example.org, 2025-07-28T21:58:07Z
8e3bba86-f9a9-421a-9d9f-51f0a9a64877, P0370                , 560b134d-1344-4140-aa40-67d40b9bfeaa, Reminder , 3M_SURVEY_REMINDER_2  , p0370@example.org, study-team@example.org,              2, Survey reminder, p0370@example.org, 2025-07-29T21:58:07Z
8e3bba86-f9a9-421a-9d9f-51f0a9a64877, P0370                , 82ca442a-728d-42c4-ac4f-36beb90245ea, Reminder , 4_6M_SURVEY_REMINDER_1, p0370@example.org, study-team@example.org,              2, Survey reminder, p0370@example.org, 2025-09-06T21:58:07Z
c85452d6-6333-4b90-82bc-314cc6bf776d, P0371                , 7b6c9808-cf25-4afd-a8a9-ecf87a7c007a, Reminder , 1M_SURVEY_REMINDER_1  , p0371@example.org, study-team@example.org,              1, Survey reminder, p0371@example.org, 2025-04-14T04:49:38Z
c85452d6-6333-4b90-82bc-314cc6bf776d, P0371                , f859e964-95de-4ff4-936f-a49b75f294bd, Reminder , 1M_SURVEY_REMINDER_2  , p0371@example.org, study-team@example.org,              4, Survey reminder, p0371@example.org, 2025-04-15T04:49:38Z
c85452d6-6333-4b90-82bc-314cc6bf776d, P0371                , c551f3f3-0ac1-4829-82f8-59df0e11affc, Reminder , 3M_SURVEY_REMINDER_1  , p0371@example.org, study-team@example.org,              5, Survey reminder, p0371@example.org, 2025-06-13T04:49:38Z
cb53a3fc-7669-44d9-bd7e-7bed4bd25275, P0372                , ead558c2-3280-43c7-bdf1-bf529f83a227, Reminder , 24H_SURVEY_REMINDER_1 , p0372@example.org, study-team@example.org,              3, Survey reminder, p0372@example.org, 2025-05-15T02:56:08Z
cb53a3fc-7669-44d9-bd7e-7bed4bd25275, P0372                , 5c3153f2-c1d1-4a66-9f02-407519e39ac2, Reminder , 24H_SURVEY_REMINDER_2 , p0372@example.org, study-team@example.org,              1, Survey reminder, p0372@example.org, 2025-05-16T02:56:08Z
cb53a3fc-7669-44d9-bd7e-7bed4bd25275, P0372                , 5d68191d-420a-4bd9-9bae-25bafc0cdba6, Reminder , 24H_SURVEY_REMINDER_3 , p0372@example.org, study-team@example.org,              3, Survey reminder, p0372@example.org, 2025-05-17T02:56:08Z
cb53a3fc-7669-44d9-bd7e-7bed4bd25275, P0372                , 41b2971d-8cff-470a-a0b5-09867e319b40, Reminder , 7D_SURVEY_REMINDER_1  , p0372@example.org, study-team@example.org,              1, Survey reminder, p0372@example.org, 2025-05-22T02:56:08Z
cb53a3fc-7669-44d9-bd7e-7bed4bd25275, P0372                , f781d335-e528-441d-b2e7-d288a02e0243, Reminder , 3M_SURVEY_REMINDER_1  , p0372@example.org, study-team@example.org,              1, Survey reminder, p0372@example.org, 2025-08-13T02:56:08Z
cb53a3fc-7669-44d9-bd7e-7bed4bd25275, P0372                , 5cc971dc-9560-4118-81ca-3fffa629098a, Reminder , 3M_SURVEY_REMINDER_2  , p0372@example.org, study-team@example.org,              1, Survey reminder, p0372@example.org, 2025-08-14T02:56:08Z
cb53a3fc-7669-44d9-bd7e-7bed4bd25275, P0372                , c2acbcb6-cbac-4c7b-8328-8a5d2b19fe04, Reminder , 3M_SURVEY_REMINDER_3  , p0372@example.org, study-team@example.org,              5, Survey reminder, p0372@example.org, 2025-08-15T02:56:08Z
cb53a3fc-7669-44d9-bd7e-7bed4bd25275, P0372                , 223855f4-3388-4f5c-a7d0-37e140e86d6e, Reminder , 4_6M_SURVEY_REMINDER_1, p0372@example.org, study-team@example.org,              1, Survey reminder, p0372@example.org, 2025-10-25T02:56:08Z
7fbdf7d0-f1ad-45a8-baf2-0f0a69e8f301, P0373                , 76b48b03-8953-40e3-b033-3c75fa2f8c7c, Reminder , 24H_SURVEY_REMINDER_1 , p0373@example.org, study-team@example.org,              2, Survey reminder, p0373@example.org, 2025-03-10T08:16:59Z
7fbdf7d0-f1ad-45a8-baf2-0f0a69e8f301, P0373                , 5ba6c391-191b-474d-b264-205aa88c8bc3, Reminder , 7D_SURVEY_REMINDER_1  , p0373@example.org, study-team@example.org,              2, Survey reminder, p0373@example.org, 2025-03-17T08:16:59Z
7fbdf7d0-f1ad-45a8-baf2-0f0a69e8f301, P0373                , a06da68f-f614-4c54-a600-398bff151a40, Reminder , 3M_SURVEY_REMINDER_1  , p0373@example.org, study-team@example.org,              4, Survey reminder, p0373@example.org, 2025-06-08T08:16:59Z
7fbdf7d0-f1ad-45a8-baf2-0f0a69e8f301, P0373                , 97ad24ab-ffba-4791-9360-677052ddf54e, Reminder , 3M_SURVEY_REMINDER_2  , p0373@example.org, study-team@example.org,              2, Survey reminder, p0373@example.org, 2025-06-09T08:16:59Z
7fbdf7d0-f1ad-45a8-baf2-0f0a69e8f301, P0373                , c6de75ef-3247-48ea-8a58-b6806ba0a0d7, Reminder , 3M_SURVEY_REMINDER_3  , p0373@example.org, study-team@example.org,              5, Survey reminder, p0373@example.org, 2025-06-10T08:16:59Z
b5406036-a793-4708-8e65-59e0434ef4fc, P0374                , 60227041-889b-4599-a7d4-3db2b437eb84, Reminder , 7D_SURVEY_REMINDER_1  , p0374@example.org, study-team@example.org,              4, Survey reminder, p0374@example.org, 2025-04-20T19:28:53Z
b5406036-a793-4708-8e65-59e0434ef4fc, P0374                , 4f8a0bb7-1754-4665-aa8d-236f61bef32f, Reminder , 3M_SURVEY_REMINDER_1  , p0374@example.org, study-team@example.org,              2, Survey reminder, p0374@example.org, 2025-07-12T19:28:53Z
ac01b18e-3d15-41af-b185-252b63568f08, P0375                , ac698eda-8749-4a6a-861d-cf2260b9840d, Reminder , 4_6M_SURVEY_REMINDER_1, p0375@example.org, study-team@example.org,              1, Survey reminder, p0375@example.org, 2025-11-28T17:00:42Z
ac01b18e-3d15-41af-b185-252b63568f08, P0375                , 56f9acc3-42b8-488b-9b62-4e263f342a21, Reminder , 4_6M_SURVEY_REMINDER_2, p0375@example.org, study-team@example.org,              4, Survey reminder, p0375@example.org, 2025-11-29T17:00:42Z
3afcde89-292c-4fd7-919f-3a38202202ba, P0376                , d3e64c01-7f41-4575-8dd9-2996976cf45d, Reminder , 24H_SURVEY_REMINDER_1 , p0376@example.org, study-team@example.org,              4, Survey reminder, p0376@example.org, 2025-07-13T17:59:56Z
4b1f57e5-ae05-4a35-a9d7-27fec749d4f5, P0378                , 024a9edb-5153-4bfb-9854-4ce3d9c9f6ca, Reminder , 1M_SURVEY_REMINDER_1  , p0378@example.org, study-team@example.org,              3, Survey reminder, p0378@example.org, 2025-12-14T01:18:10Z
4b1f57e5-ae05-4a35-a9d7-27fec749d4f5, P0378                , cd6ac3a9-708d-49db-a015-88f231c0b307, Reminder , 1M_SURVEY_REMINDER_2  , p0378@example.org, study-team@example.org,              2, Survey reminder, p0378@example.org, 2025-12-15T01:18:10Z
4b1f57e5-ae05-4a35-a9d7-27fec749d4f5, P0378                , 91721c5e-e3fd-4577-a4af-c86330beb09c, Reminder , 1M_SURVEY_REMINDER_3  , p0378@example.org, study-team@example.org,              1, Survey reminder, p0378@example.org, 2025-12-16T01:18:10Z
47c28fc8-0842-49fe-8f9d-22318e63beca, P0379                , 1dcf8e71-0b06-466c-a057-5fd9794dd3ac, Reminder , 1M_SURVEY_REMINDER_1  , p0379@example.org, study-team@example.org,              2, Survey reminder, p0379@example.org, 2025-07-11T22:57:42Z
47c28fc8-0842-49fe-8f9d-22318e63beca, P0379                , 003d99f0-7c13-4b22-ad89-e80416ccd4f0, Reminder , 1M_SURVEY_REMINDER_2  , p0379@example.org, study-team@example.org,              5, Survey reminder, p0379@example.org, 2025-07-12T22:57:42Z
47c28fc8-0842-49fe-8f9d-22318e63beca, P0379                , d1ecc452-13fc-4fd5-9069-d444bb9e295b, Reminder , 4_6M_SURVEY_REMINDER_1, p0379@example.org, study-team@example.org,              4, Survey reminder, p0379@example.org, 2025-10-31T22:57:42Z
f7d5112a-9e3e-434c-abd3-5c6fe32bea45, P0380                , 16b047d4-3f4c-4b00-b960-20c3218e9147, Reminder , 4_6M_SURVEY_REMINDER_1, p0380@example.org, study-team@example.org,              2, Survey reminder, p0380@example.org, 2025-08-28T05:17:22Z
86c76e10-7964-46b2-93c8-1bd26ff843eb, P0381                , 244b6744-9789-4d8f-9e7b-b96d49ee1e68, Reminder , 24H_SURVEY_REMINDER_1 , p0381@example.org, study-team@example.org,              3, Survey reminder, p0381@example.org, 2025-07-02T03:17:30Z
86c76e10-7964-46b2-93c8-1bd26ff843eb, P0381                , 6b932ee5-4165-4d92-9a1e-f7ea7965679f, Reminder , 24H_SURVEY_REMINDER_2 , p0381@example.org, study-team@example.org,              3, Survey reminder, p0381@example.org, 2025-07-03T03:17:30Z
86c76e10-7964-46b2-93c8-1bd26ff843eb, P0381                , 327b7df0-9430-44a2-8efc-bed989ca84a6, Reminder , 7D_SURVEY_REMINDER_1  , p0381@example.org, study-team@example.org,              2, Survey reminder, p0381@example.org, 2025-07-09T03:17:30Z
86c76e10-7964-46b2-93c8-1bd26ff843eb, P0381                , dad52aab-e407-4183-8616-3733c370bb83, Reminder , 7D_SURVEY_REMINDER_2  , p0381@example.org, study-team@example.org,              4, Survey reminder, p0381@example.org, 2025-07-10T03:17:30Z
86c76e10-7964-46b2-93c8-1bd26ff843eb, P0381                , 7b5b26ad-a1ae-499a-8d3a-63dae2bc8c3e, Reminder , 7D_SURVEY_REMINDER_3  , p0381@example.org, study-team@example.org,              2, Survey reminder, p0381@example.org, 2025-07-11T03:17:30Z
86c76e10-7964-46b2-93c8-1bd26ff843eb, P0381                , 2c5d2c67-c865-468e-915d-8cfdb4a99bf8, Reminder , 1M_SURVEY_REMINDER_1  , p0381@example.org, study-team@example.org,              1, Survey reminder, p0381@example.org, 2025-08-01T03:17:30Z
86c76e10-7964-46b2-93c8-1bd26ff843eb, P0381                , a9cbc11f-be3a-4b35-aa8e-1dd37aada45a, Reminder , 1M_SURVEY_REMINDER_2  , p0381@example.org, study-team@example.org,              5, Survey reminder, p0381@example.org, 2025-08-02T03:17:30Z
86c76e10-7964-46b2-93c8-1bd26ff843eb, P0381                , 0db22586-1844-4f76-929c-6b25cf9f5978, Reminder , 1M_SURVEY_REMINDER_3  , p0381@example.org, study-team@example.org,              1, Survey reminder, p0381@example.org, 2025-08-03T03:17:30Z
86c76e10-7964-46b2-93c8-1bd26ff843eb, P0381                , 862df9e6-2ada-4225-8da0-e160acdb2646, Reminder , 3M_SURVEY_REMINDER_1  , p0381@example.org, study-team@example.org,              3, Survey reminder, p0381@example.org, 2025-09-30T03:17:30Z
86c76e10-7964-46b2-93c8-1bd26ff843eb, P0381                , a445012a-7f8c-4f54-8914-71cfa16e1493, Reminder , 3M_SURVEY_REMINDER_2  , p0381@example.org, study-team@example.org,              3, Survey reminder, p0381@example.org, 2025-10-01T03:17:30Z
86c76e10-7964-46b2-93c8-1bd26ff843eb, P0381                , 48a8578e-15a0-410a-acbe-41a913c29826, Reminder , 4_6M_SURVEY_REMINDER_1, p0381@example.org, study-team@example.org,              1, Survey reminder, p0381@example.org, 2025-11-20T04:17:30Z
5a1d8197-1745-472b-9048-7e58165c4b0c, P0382                , b560a468-058b-48b9-bb13-dd0957955499, Reminder , 7D_SURVEY_REMINDER_1  , p0382@example.org, study-team@example.org,              5, Survey reminder, p0382@example.org, 2025-03-18T05:24:58Z
5a1d8197-1745-472b-9048-7e58165c4b0c, P0382                , 7bafe126-dda2-4f64-8733-8ee6a0640b5e, Reminder , 7D_SURVEY_REMINDER_2  , p0382@example.org, study-team@example.org,              1, Survey reminder, p0382@example.org, 2025-03-19T05:24:58Z
5a1d8197-1745-472b-9048-7e58165c4b0c, P0382                , bb9a54b9-2085-42b1-abaf-91779eb0319c, Reminder , 3M_SURVEY_REMINDER_1  , p0382@example.org, study-team@example.org,              4, Survey reminder, p0382@example.org, 2025-06-09T05:24:58Z
5a1d8197-1745-472b-9048-7e58165c4b0c, P0382                , b1740fb4-c6d6-42c1-b9ca-4c108224ad1c, Reminder , 3M_SURVEY_REMINDER_2  , p0382@example.org, study-team@example.org,              3, Survey reminder, p0382@example.org, 2025-06-10T05:24:58Z
5a1d8197-1745-472b-9048-7e58165c4b0c, P0382                , c32bc70f-73b7-4b26-a689-526ab3bfae24, Reminder , 3M_SURVEY_REMINDER_3  , p0382@example.org, study-team@example.org,              1, Survey reminder, p0382@example.org, 2025-06-11T05:24:58Z
d994739e-03b2-44d8-b3e8-0ef038407869, P0383                , e430053b-2806-4fd1-9ac9-c4c04c2f14b7, Reminder , 24H_SURVEY_REMINDER_1 , p0383@example.org, study-team@example.org,              3, Survey reminder, p0383@example.org, 2025-05-08T00:35:03Z
d994739e-03b2-44d8-b3e8-0ef038407869, P0383                , fcaea7e5-4a78-4757-aaa8-91e927463588, Reminder , 24H_SURVEY_REMINDER_2 , p0383@example.org, study-team@example.org,              1, Survey reminder, p0383@example.org, 2025-05-09T00:35:03Z
d994739e-03b2-44d8-b3e8-0ef038407869, P0383                , 0b4bba04-ca99-46ea-8f42-e8900deb4a4e, Reminder , 7D_SURVEY_REMINDER_1  , p0383@example.org, study-team@example.org,              4, Survey reminder, p0383@example.org, 2025-05-15T00:35:03Z
d994739e-03b2-44d8-b3e8-0ef038407869, P0383                , 51492329-c798-4bd8-a4d2-bd601f4898a9, Reminder , 7D_SURVEY_REMINDER_2  , p0383@example.org, study-team@example.org,              2, Survey reminder, p0383@example.org, 2025-05-16T00:35:03Z
d994739e-03b2-44d8-b3e8-0ef038407869, P0383                , 6ae064dc-8734-45ad-aea8-a22ba9c560e7, Reminder , 1M_SURVEY_REMINDER_1  , p0383@example.org, study-team@example.org,              4, Survey reminder, p0383@example.org, 2025-06-07T00:35:03Z
d994739e-03b2-44d8-b3e8-0ef038407869, P0383                , 386e13e8-402f-4633-9769-e58271890ae0, Reminder , 1M_SURVEY_REMINDER_2  , p0383@example.org, study-team@example.org,              3, Survey reminder, p0383@example.org, 2025-06-08T00:35:03Z
d994739e-03b2-44d8-b3e8-0ef038407869, P0383                , 55ab58b0-6fc0-47b3-a87b-2da2f1bbeffc, Reminder , 3M_SURVEY_REMINDER_1  , p0383@example.org, study-team@example.org,              3, Survey reminder, p0383@example.org, 2025-08-06T00:35:03Z
57d51b75-64e8-4108-baf2-9767319e0def, P0384                , 6191c51d-76b3-4bc3-8d61-c09be421a41e, Reminder , 24H_SURVEY_REMINDER_1 , p0384@example.org, study-team@example.org,              5, Survey reminder, p0384@example.org, 2025-07-22T04:33:44Z
57d51b75-64e8-4108-baf2-9767319e0def, P0384                , 1d4c28af-520e-46fa-806a-6e20067b2ed7, Reminder , 1M_SURVEY_REMINDER_1  , p0384@example.org, study-team@example.org,              1, Survey reminder, p0384@example.org, 2025-08-21T04:33:44Z
483c982d-4da8-4b21-9518-dfd0312621c9, P0385                , 37c38926-27a6-4148-892d-0d3a83c2fb1b, Reminder , 3M_SURVEY_REMINDER_1  , p0385@example.org, study-team@example.org,              2, Survey reminder, p0385@example.org, 2025-10-05T17:03:57Z
4923f2a9-4e66-4d93-958c-6265319cbafa, P0386                , 510c2d48-056a-4c5c-9b9a-043053f970e1, Reminder , 24H_SURVEY_REMINDER_1 , p0386@example.org, study-team@example.org,              2, Survey reminder, p0386@example.org, 2025-06-23T03:49:16Z
4b957e17-0fde-42c8-b91a-ecf578fee5b8, P0387                , 2eae2c1e-7109-4d0d-9894-45c79317efc5, Reminder , 7D_SURVEY_REMINDER_1  , p0387@example.org, study-team@example.org,              4, Survey reminder, p0387@example.org, 2025-02-24T04:28:25Z
4b957e17-0fde-42c8-b91a-ecf578fee5b8, P0387                , 266e3702-1c96-4550-a293-2cea80c639c2, Reminder , 7D_SURVEY_REMINDER_2  , p0387@example.org, study-team@example.org,              5, Survey reminder, p0387@example.org, 2025-02-25T04:28:25Z
4b957e17-0fde-42c8-b91a-ecf578fee5b8, P0387                , 10440f42-5dd5-474b-99cd-a109a621b501, Reminder , 7D_SURVEY_REMINDER_3  , p0387@example.org, study-team@example.org,              4, Survey reminder, p0387@example.org, 2025-02-26T04:28:25Z
4b957e17-0fde-42c8-b91a-ecf578fee5b8, P0387                , 1dcf5c53-52d1-4ba1-9ab7-545447439356, Reminder , 1M_SURVEY_REMINDER_1  , p0387@example.org, study-team@example.org,              1, Survey reminder, p0387@example.org, 2025-03-19T03:28:25Z
4b957e17-0fde-42c8-b91a-ecf578fee5b8, P0387                , fc511e23-f318-4d16-bf9d-8fb8b31e0275, Reminder , 1M_SURVEY_REMINDER_2  , p0387@example.org, study-team@example.org,              2, Survey reminder, p0387@example.org, 2025-03-20T03:28:25Z
40474e23-9ded-495b-a5f6-78bc78f1764c, P0388                , 4d54b7b2-463c-4e69-82cf-5bcf76b631e7, Reminder , 7D_SURVEY_REMINDER_1  , p0388@example.org, study-team@example.org,              2, Survey reminder, p0388@example.org, 2025-08-01T06:21:06Z
40474e23-9ded-495b-a5f6-78bc78f1764c, P0388                , 39c6401f-a75d-40a4-a921-a4e3010ce766, Reminder , 7D_SURVEY_REMINDER_2  , p0388@example.org, study-team@example.org,              4, Survey reminder, p0388@example.org, 2025-08-02T06:21:06Z
40474e23-9ded-495b-a5f6-78bc78f1764c, P0388                , 85c2c264-70d8-42c8-8f87-270b92dbaa77, Reminder , 3M_SURVEY_REMINDER_1  , p0388@example.org, study-team@example.org,              1, Survey reminder, p0388@example.org, 2025-10-23T06:21:06Z
f6d94d7e-a87c-4865-9a9f-a884a24e3883, P0389                , 86804995-8660-46bc-92e9-da751d32ed24, Reminder , 24H_SURVEY_REMINDER_1 , p0389@example.org, study-team@example.org,              3, Survey reminder, p0389@example.org, 2025-11-06T21:52:53Z
f6d94d7e-a87c-4865-9a9f-a884a24e3883, P0389                , 2652a325-741f-4b62-9128-65aeac8d50c0, Reminder , 24H_SURVEY_REMINDER_2 , p0389@example.org, study-team@example.org,              1, Survey reminder, p0389@example.org, 2025-11-07T21:52:53Z
f6d94d7e-a87c-4865-9a9f-a884a24e3883, P0389                , 2ca96cbf-c294-4620-95af-287df3e83588, Reminder , 24H_SURVEY_REMINDER_3 , p0389@example.org, study-team@example.org,              3, Survey reminder, p0389@example.org, 2025-11-08T21:52:53Z
f6d94d7e-a87c-4865-9a9f-a884a24e3883, P0389                , f48db24e-3b53-4096-857a-58b5e3a52aa4, Reminder , 1M_SURVEY_REMINDER_1  , p0389@example.org, study-team@example.org,              2, Survey reminder, p0389@example.org, 2025-12-06T21:52:53Z
f6d94d7e-a87c-4865-9a9f-a884a24e3883, P0389                , 3e722f17-b397-4c9a-b090-34e488a8bf4c, Reminder , 1M_SURVEY_REMINDER_2  , p0389@example.org, study-team@example.org,              2, Survey reminder, p0389@example.org, 2025-12-07T21:52:53Z
f6d94d7e-a87c-4865-9a9f-a884a24e3883, P0389                , 149e0ff1-dde9-4c44-a99c-393a4523a511, Reminder , 3M_SURVEY_REMINDER_1  , p0389@example.org, study-team@example.org,              3, Survey reminder, p0389@example.org, 2026-02-04T21:52:53Z
f6d94d7e-a87c-4865-9a9f-a884a24e3883, P0389                , 15aab09b-b76d-4fcb-b686-71217c61cf58, Reminder , 3M_SURVEY_REMINDER_2  , p0389@example.org, study-team@example.org,              3, Survey reminder, p0389@example.org, 2026-02-05T21:52:53Z
f6d94d7e-a87c-4865-9a9f-a884a24e3883, P0389                , 575bcf84-ccff-4b62-b14c-f2741feca520, Reminder , 3M_SURVEY_REMINDER_3  , p0389@example.org, study-team@example.org,              1, Survey reminder, p0389@example.org, 2026-02-06T21:52:53Z
91251029-c86b-46f2-b7c2-ef784bd94343, P0390                , 758deac5-029f-482c-a57c-a9ee1d1ec4af, Reminder , 24H_SURVEY_REMINDER_1 , p0390@example.org, study-team@example.org,              2, Survey reminder, p0390@example.org, 2025-07-24T06:33:24Z
8244f7af-e235-4612-960d-425f3d5e2795, P0392                , f28487c9-0739-4eaa-91d3-a7a8b0e47a37, Reminder , 24H_SURVEY_REMINDER_1 , p0392@example.org, study-team@example.org,              1, Survey reminder, p0392@example.org, 2025-04-17T20:18:49Z
f30cb9c8-452f-4126-8a6f-cb4dc3ce0af9, P0393                , a8734c87-e5be-4fa3-8a8b-f7b7a41131fa, Reminder , 24H_SURVEY_REMINDER_1 , p0393@example.org, study-team@example.org,              4, Survey reminder, p0393@example.org, 2025-11-14T12:05:58Z
f30cb9c8-452f-4126-8a6f-cb4dc3ce0af9, P0393                , 7d9b86b8-f878-440f-879f-3cdc5ea61aca, Reminder , 7D_SURVEY_REMINDER_1  , p0393@example.org, study-team@example.org,              3, Survey reminder, p0393@example.org, 2025-11-21T12:05:58Z
f0754fe2-f64f-4dc8-a071-5eef1ff04a9d, P0394                , 1e9b81c4-793f-485c-8f52-edbb705f5dda, Reminder , 1M_SURVEY_REMINDER_1  , p0394@example.org, study-team@example.org,              2, Survey reminder, p0394@example.org, 2025-03-09T06:25:39Z
f0754fe2-f64f-4dc8-a071-5eef1ff04a9d, P0394                , fe42f398-0c81-4c92-8241-5c0321c3cb47, Reminder , 3M_SURVEY_REMINDER_1  , p0394@example.org, study-team@example.org,              1, Survey reminder, p0394@example.org, 2025-05-08T05:25:39Z
f0754fe2-f64f-4dc8-a071-5eef1ff04a9d, P0394                , 2c8b117c-6801-4b66-9f11-9cabbb308044, Reminder , 3M_SURVEY_REMINDER_2  , p0394@example.org, study-team@example.org,              5, Survey reminder, p0394@example.org, 2025-05-09T05:25:39Z
f0754fe2-f64f-4dc8-a071-5eef1ff04a9d, P0394                , b144c1dd-de64-41e7-b66f-46e89c96b244, Reminder , 4_6M_SURVEY_REMINDER_1, p0394@example.org, study-team@example.org,              2, Survey reminder, p0394@example.org, 2025-06-10T05:25:39Z
f0754fe2-f64f-4dc8-a071-5eef1ff04a9d, P0394                , 78938841-48d9-4f60-b1fa-04d09f0eab0d, Reminder , 4_6M_SURVEY_REMINDER_2, p0394@example.org, study-team@example.org,              3, Survey reminder, p0394@example.org, 2025-06-11T05:25:39Z
f0754fe2-f64f-4dc8-a071-5eef1ff04a9d, P0394                , 81664946-24ec-455b-be9a-ebb17327164d, Reminder , 4_6M_SURVEY_REMINDER_3, p0394@example.org, study-team@example.org,              4, Survey reminder, p0394@example.org, 2025-06-12T05:25:39Z
1daff0b5-b473-4105-b8bb-d8d2cdcd51bb, P0395                , 9a61fd3b-a4be-4ae7-9775-90f44579833a, Reminder , 3M_SURVEY_REMINDER_1  , p0395@example.org, study-team@example.org,              3, Survey reminder, p0395@example.org, 2026-02-24T19:43:44Z
a3b0a3e9-6a0c-47e2-995f-47e6cabe9d18, P0396                , 38b0f3c0-f76f-4b2a-9f03-c86db5ec7f9f, Reminder , 7D_SURVEY_REMINDER_1  , p0396@example.org, study-team@example.org,              1, Survey reminder, p0396@example.org, 2025-04-01T17:43:04Z
a3b0a3e9-6a0c-47e2-995f-47e6cabe9d18, P0396                , 29898412-0347-415b-8c17-08f4a3d11dda, Reminder , 7D_SURVEY_REMINDER_2  , p0396@example.org, study-team@example.org,              3, Survey reminder, p0396@example.org, 2025-04-02T17:43:04Z
a3b0a3e9-6a0c-47e2-995f-47e6cabe9d18, P0396                , f0140975-b7e6-44d3-91c1-78529e4a8d88, Reminder , 7D_SURVEY_REMINDER_3  , p0396@example.org, study-team@example.org,              3, Survey reminder, p0396@example.org, 2025-04-03T17:43:04Z
a3b0a3e9-6a0c-47e2-995f-47e6cabe9d18, P0396                , 4b2689e6-bcef-49b8-8699-7cdc25050f44, Reminder , 1M_SURVEY_REMINDER_1  , p0396@example.org, study-team@example.org,              4, Survey reminder, p0396@example.org, 2025-04-24T17:43:04Z
a3b0a3e9-6a0c-47e2-995f-47e6cabe9d18, P0396                , 96a14d72-2646-495d-b46f-4c74cd63ebba, Reminder , 1M_SURVEY_REMINDER_2  , p0396@example.org, study-team@example.org,              3, Survey reminder, p0396@example.org, 2025-04-25T17:43:04Z
a3b0a3e9-6a0c-47e2-995f-47e6cabe9d18, P0396                , 4d5be956-f69d-4be7-a6ab-4b92fecf84ce, Reminder , 1M_SURVEY_REMINDER_3  , p0396@example.org, study-team@example.org,              1, Survey reminder, p0396@example.org, 2025-04-26T17:43:04Z
a3b0a3e9-6a0c-47e2-995f-47e6cabe9d18, P0396                , 501a493d-cffd-477a-9b52-ed40ea6cef69, Reminder , 3M_SURVEY_REMINDER_1  , p0396@example.org, study-team@example.org,              3, Survey reminder, p0396@example.org, 2025-06-23T17:43:04Z
193f7ae6-dfdf-450c-a327-0c74c7c728d6, P0397                , 24a78cbc-c52e-4b5c-8bd0-69a52ba110f0, Reminder , 1M_SURVEY_REMINDER_1  , p0397@example.org, study-team@example.org,              2, Survey reminder, p0397@example.org, 2025-05-01T08:12:18Z
193f7ae6-dfdf-450c-a327-0c74c7c728d6, P0397                , e7be433e-1aec-4058-8bca-98cac5edc5d4, Reminder , 1M_SURVEY_REMINDER_2  , p0397@example.org, study-team@example.org,              3, Survey reminder, p0397@example.org, 2025-05-02T08:12:18Z
193f7ae6-dfdf-450c-a327-0c74c7c728d6, P0397                , 39cc4d28-1c10-4ca9-9dfc-d8a46c74d810, Reminder , 3M_SURVEY_REMINDER_1  , p0397@example.org, study-team@example.org,              2, Survey reminder, p0397@example.org, 2025-06-30T08:12:18Z
193f7ae6-dfdf-450c-a327-0c74c7c728d6, P0397                , 88374b02-269a-45ef-9bd4-5ca36914ef20, Reminder , 3M_SURVEY_REMINDER_2  , p0397@example.org, study-team@example.org,              4, Survey reminder, p0397@example.org, 2025-07-01T08:12:18Z
c2394f69-4149-41bf-b24f-363d3e6b2b71, P0398                , 56a2acee-bb60-4870-9859-f6e2ba274c3c, Reminder , 1M_SURVEY_REMINDER_1  , p0398@example.org, study-team@example.org,              2, Survey reminder, p0398@example.org, 2025-02-02T10:44:02Z
8ce90ed1-8624-48a5-b3ba-e68d8f6cb35a, P0400                , 0e3c8214-25c4-422a-b5f9-c9c85cd8fa5a, Reminder , 24H_SURVEY_REMINDER_1 , p0400@example.org, study-team@example.org,              3, Survey reminder, p0400@example.org, 2025-12-08T18:20:50Z
8ce90ed1-8624-48a5-b3ba-e68d8f6cb35a, P0400                , bddac399-4d6b-4180-a0b9-9cc1224f33b0, Reminder , 7D_SURVEY_REMINDER_1  , p0400@example.org, study-team@example.org,              4, Survey reminder, p0400@example.org, 2025-12-15T18:20:50Z
8ce90ed1-8624-48a5-b3ba-e68d8f6cb35a, P0400                , 406b8469-b69b-43f9-b0f5-c845232fe603, Reminder , 7D_SURVEY_REMINDER_2  , p0400@example.org, study-team@example.org,              2, Survey reminder, p0400@example.org, 2025-12-16T18:20:50Z
73a2efa5-2b91-4b72-95c2-fb6ccaabf4d8, P0401                , a9e56340-9b52-43c0-93d3-09b40777e861, Reminder , 3M_SURVEY_REMINDER_1  , p0401@example.org, study-team@example.org,              1, Survey reminder, p0401@example.org, 2025-09-24T20:39:15Z
73a2efa5-2b91-4b72-95c2-fb6ccaabf4d8, P0401                , 079f2c16-a716-4b83-8a20-70768b52924b, Reminder , 3M_SURVEY_REMINDER_2  , p0401@example.org, study-team@example.org,              4, Survey reminder, p0401@example.org, 2025-09-25T20:39:15Z
6f560654-d77d-4dad-8922-d0f8233ecfe8, P0402                , ccd510a0-855f-40d0-b739-1ea1f8bece4c, Reminder , 1M_SURVEY_REMINDER_1  , p0402@example.org, study-team@example.org,              2, Survey reminder, p0402@example.org, 2025-10-09T06:10:29Z
6f560654-d77d-4dad-8922-d0f8233ecfe8, P0402                , 98cf7d82-ca28-4e3a-bf8e-4a1f6d601c84, Reminder , 1M_SURVEY_REMINDER_2  , p0402@example.org, study-team@example.org,              4, Survey reminder, p0402@example.org, 2025-10-10T06:10:29Z
6f560654-d77d-4dad-8922-d0f8233ecfe8, P0402                , bfbf46b1-dfd4-4765-850e-1acd469c624a, Reminder , 1M_SURVEY_REMINDER_3  , p0402@example.org, study-team@example.org,              5, Survey reminder, p0402@example.org, 2025-10-11T06:10:29Z
6f560654-d77d-4dad-8922-d0f8233ecfe8, P0402                , 0505d199-bfb9-4cb4-b7f6-02af2a75b33a, Reminder , 3M_SURVEY_REMINDER_1  , p0402@example.org, study-team@example.org,              1, Survey reminder, p0402@example.org, 2025-12-08T07:10:29Z
6f560654-d77d-4dad-8922-d0f8233ecfe8, P0402                , bbd0ce57-7fb6-445d-95d4-7d14fa49f4d0, Reminder , 3M_SURVEY_REMINDER_2  , p0402@example.org, study-team@example.org,              1, Survey reminder, p0402@example.org, 2025-12-09T07:10:29Z
a7368190-714d-47fe-8322-54c52278f634, P0403                , ce9b54c8-b39d-46df-9d0f-f283800730e3, Reminder , 7D_SURVEY_REMINDER_1  , p0403@example.org, study-team@example.org,              3, Survey reminder, p0403@example.org, 2025-05-16T19:57:08Z
a7368190-714d-47fe-8322-54c52278f634, P0403                , ba37ecfb-eddc-42d9-8881-653dfbf06537, Reminder , 4_6M_SURVEY_REMINDER_1, p0403@example.org, study-team@example.org,              5, Survey reminder, p0403@example.org, 2025-10-22T19:57:08Z
85e40ba7-0ca4-41a6-a97c-dc5cffcb60bb, P0404                , 97d790e6-4fdc-40d8-986e-cfd052eaa717, Reminder , 24H_SURVEY_REMINDER_1 , p0404@example.org, study-team@example.org,              5, Survey reminder, p0404@example.org, 2025-06-08T22:52:00Z
85e40ba7-0ca4-41a6-a97c-dc5cffcb60bb, P0404                , 34149364-8a77-43e9-b3ba-2c6adc6d8ad1, Reminder , 24H_SURVEY_REMINDER_2 , p0404@example.org, study-team@example.org,              5, Survey reminder, p0404@example.org, 2025-06-09T22:52:00Z
85e40ba7-0ca4-41a6-a97c-dc5cffcb60bb, P0404                , e1614b5f-2b10-42d1-b0ac-788ef4c89a1e, Reminder , 4_6M_SURVEY_REMINDER_1, p0404@example.org, study-team@example.org,              2, Survey reminder, p0404@example.org, 2025-11-08T23:52:00Z
72ea18ab-f178-41d5-be97-11baf6f70517, P0405                , 290a4662-d740-47a1-8494-919d3f73e9f3, Reminder , 24H_SURVEY_REMINDER_1 , p0405@example.org, study-team@example.org,              5, Survey reminder, p0405@example.org, 2025-08-01T04:20:13Z
0a2daf81-92c6-4126-b954-970891e78ad3, P0406                , 58611754-710b-4da5-9fcb-affdf18aab3b, Reminder , 24H_SURVEY_REMINDER_1 , p0406@example.org, study-team@example.org,              5, Survey reminder, p0406@example.org, 2025-11-01T17:01:20Z
0a2daf81-92c6-4126-b954-970891e78ad3, P0406                , f31cfd3f-b6f9-4fdd-8344-07cda4ef8dff, Reminder , 24H_SURVEY_REMINDER_2 , p0406@example.org, study-team@example.org,              2, Survey reminder, p0406@example.org, 2025-11-02T18:01:20Z
0a2daf81-92c6-4126-b954-970891e78ad3, P0406                , 0e5a12fa-d033-4596-bb38-ecee204e68e2, Reminder , 7D_SURVEY_REMINDER_1  , p0406@example.org, study-team@example.org,              4, Survey reminder, p0406@example.org, 2025-11-08T18:01:20Z
0a2daf81-92c6-4126-b954-970891e78ad3, P0406                , 8a6d0161-5e79-4661-937c-0d93c73cf3d4, Reminder , 7D_SURVEY_REMINDER_2  , p0406@example.org, study-team@example.org,              3, Survey reminder, p0406@example.org, 2025-11-09T18:01:20Z
0a2daf81-92c6-4126-b954-970891e78ad3, P0406                , ee87f0c3-57ad-4c35-9aa3-99cae9ec807c, Reminder , 7D_SURVEY_REMINDER_3  , p0406@example.org, study-team@example.org,              2, Survey reminder, p0406@example.org, 2025-11-10T18:01:20Z
0a2daf81-92c6-4126-b954-970891e78ad3, P0406                , 08708147-cf66-42b5-b32f-545ab4cec67e, Reminder , 3M_SURVEY_REMINDER_1  , p0406@example.org, study-team@example.org,              1, Survey reminder, p0406@example.org, 2026-01-30T18:01:20Z
5ee5cade-20e7-4e37-b091-3a70dd0fed98, P0408                , bdde56a8-0d18-48cc-b6c3-8b34dd45e9a5, Reminder , 1M_SURVEY_REMINDER_1  , p0408@example.org, study-team@example.org,              4, Survey reminder, p0408@example.org, 2025-12-27T10:51:40Z
9386f8e9-97d1-444c-ab40-176fd33a2deb, P0409                , ff396dc1-f9b7-4dc4-972c-516a6aacfa24, Reminder , 3M_SURVEY_REMINDER_1  , p0409@example.org, study-team@example.org,              1, Survey reminder, p0409@example.org, 2026-02-24T06:09:25Z
8eb8b07e-e2d0-4490-a925-9b41dc3a99ae, P0410                , 65d0ea12-decb-42b7-bdc0-75fa8dd16470, Reminder , 7D_SURVEY_REMINDER_1  , p0410@example.org, study-team@example.org,              1, Survey reminder, p0410@example.org, 2025-09-25T20:34:46Z
8eb8b07e-e2d0-4490-a925-9b41dc3a99ae, P0410                , cefb2bcc-7e44-461a-b17e-f498acbfaf22, Reminder , 7D_SURVEY_REMINDER_2  , p0410@example.org, study-team@example.org,              1, Survey reminder, p0410@example.org, 2025-09-26T20:34:46Z
8eb8b07e-e2d0-4490-a925-9b41dc3a99ae, P0410                , bd18b68d-bcb0-441c-8971-ff85c5b6abc2, Reminder , 4_6M_SURVEY_REMINDER_1, p0410@example.org, study-team@example.org,              4, Survey reminder, p0410@example.org, 2026-01-25T21:34:46Z
0a8d4cbf-d6e8-4003-bfc2-b30283114f4f, P0411                , ababcc4f-732c-48f6-9f2c-b92b0fc3210d, Reminder , 3M_SURVEY_REMINDER_1  , p0411@example.org, study-team@example.org,              4, Survey reminder, p0411@example.org, 2025-06-11T08:34:45Z
0a8d4cbf-d6e8-4003-bfc2-b30283114f4f, P0411                , 515f0df7-90a8-4a85-9908-b83f0a1cd9dd, Reminder , 4_6M_SURVEY_REMINDER_1, p0411@example.org, study-team@example.org,              1, Survey reminder, p0411@example.org, 2025-08-30T08:34:45Z
2bbb414b-3e5f-4b1c-b00f-c60baef89268, P0412                , 5dfba259-faf1-48d4-b9c5-5081f933b2fe, Reminder , 24H_SURVEY_REMINDER_1 , p0412@example.org, study-team@example.org,              2, Survey reminder, p0412@example.org, 2025-01-12T02:23:19Z
2bbb414b-3e5f-4b1c-b00f-c60baef89268, P0412                , d0449d7d-6829-4c51-ba2f-9a145f56f80b, Reminder , 24H_SURVEY_REMINDER_2 , p0412@example.org, study-team@example.org,              4, Survey reminder, p0412@example.org, 2025-01-13T02:23:19Z
2bbb414b-3e5f-4b1c-b00f-c60baef89268, P0412                , 17e9e54b-0060-44d0-aad4-a591148c99c0, Reminder , 7D_SURVEY_REMINDER_1  , p0412@example.org, study-team@example.org,              1, Survey reminder, p0412@example.org, 2025-01-19T02:23:19Z
2bbb414b-3e5f-4b1c-b00f-c60baef89268, P0412                , 44db92bc-8461-4061-a2a0-4e88a7269502, Reminder , 3M_SURVEY_REMINDER_1  , p0412@example.org, study-team@example.org,              3, Survey reminder, p0412@example.org, 2025-04-12T01:23:19Z
2bbb414b-3e5f-4b1c-b00f-c60baef89268, P0412                , 8ba1e635-b567-4d0a-95f1-b99bad5fb905, Reminder , 3M_SURVEY_REMINDER_2  , p0412@example.org, study-team@example.org,              1, Survey reminder, p0412@example.org, 2025-04-13T01:23:19Z
2bbb414b-3e5f-4b1c-b00f-c60baef89268, P0412                , 7f4ffe5b-fe6a-4048-8b8a-03f3839f2441, Reminder , 4_6M_SURVEY_REMINDER_1, p0412@example.org, study-team@example.org,              3, Survey reminder, p0412@example.org, 2025-06-27T01:23:19Z
d672293f-efcd-47c0-b332-b49e2db16dcf, P0413                , e01b3e8f-644d-4a77-8fa1-5a023083aa97, Reminder , 1M_SURVEY_REMINDER_1  , p0413@example.org, study-team@example.org,              4, Survey reminder, p0413@example.org, 2025-06-17T04:25:17Z
d2111c56-4ef7-456e-af7a-78bf302e1fed, P0414                , 3193e3ab-cf9d-4e4b-9a9c-a36c9e06bcaf, Reminder , 24H_SURVEY_REMINDER_1 , p0414@example.org, study-team@example.org,              1, Survey reminder, p0414@example.org, 2025-11-26T07:20:08Z
0f93defe-873d-4fd9-92bf-4c9096f161c7, P0416                , bb733570-5863-46f4-8a34-e095e8e7d61d, Reminder , 7D_SURVEY_REMINDER_1  , p0416@example.org, study-team@example.org,              2, Survey reminder, p0416@example.org, 2025-05-25T02:06:21Z
0f93defe-873d-4fd9-92bf-4c9096f161c7, P0416                , ae5bc4c5-36df-4a23-8766-a2f655d7a614, Reminder , 7D_SURVEY_REMINDER_2  , p0416@example.org, study-team@example.org,              2, Survey reminder, p0416@example.org, 2025-05-26T02:06:21Z
758e248a-5a2b-47b6-a723-c549bce8d2ac, P0417                , 9a2c317d-f539-45bb-81fa-ada1438f3ade, Reminder , 4_6M_SURVEY_REMINDER_1, p0417@example.org, study-team@example.org,              4, Survey reminder, p0417@example.org, 2026-01-31T19:15:06Z
758e248a-5a2b-47b6-a723-c549bce8d2ac, P0417                , a6a29292-047d-4b5b-8a7b-d2f452b8351f, Reminder , 4_6M_SURVEY_REMINDER_2, p0417@example.org, study-team@example.org,              3, Survey reminder, p0417@example.org, 2026-02-01T19:15:06Z
758e248a-5a2b-47b6-a723-c549bce8d2ac, P0417                , c9a8aaa5-d91e-4c79-8798-d9b742120ddc, Reminder , 4_6M_SURVEY_REMINDER_3, p0417@example.org, study-team@example.org,              1, Survey reminder, p0417@example.org, 2026-02-02T19:15:06Z
c61fb93a-dd58-41db-8007-576e45a5882a, P0418                , e01337ca-48c9-4c9c-855a-c7b203c4fc5c, Reminder , 24H_SURVEY_REMINDER_1 , p0418@example.org, study-team@example.org,              5, Survey reminder, p0418@example.org, 2025-09-25T08:46:37Z
c61fb93a-dd58-41db-8007-576e45a5882a, P0418                , 36e6ab4d-c79c-4a18-bf00-03e0adad223d, Reminder , 7D_SURVEY_REMINDER_1  , p0418@example.org, study-team@example.org,              2, Survey reminder, p0418@example.org, 2025-10-02T08:46:37Z
49645155-73c0-496f-9b86-5a773da5de11, P0419                , a079f2de-7ad6-44df-b5c6-7a911677691f, Reminder , 7D_SURVEY_REMINDER_1  , p0419@example.org, study-team@example.org,              2, Survey reminder, p0419@example.org, 2025-08-18T18:31:53Z
49645155-73c0-496f-9b86-5a773da5de11, P0419                , 0f6e9a6a-9c71-4f62-9f9e-fccfceab764d, Reminder , 1M_SURVEY_REMINDER_1  , p0419@example.org, study-team@example.org,              4, Survey reminder, p0419@example.org, 2025-09-10T18:31:53Z
49645155-73c0-496f-9b86-5a773da5de11, P0419                , a493971c-55bd-416c-81a9-109175965274, Reminder , 1M_SURVEY_REMINDER_2  , p0419@example.org, study-team@example.org,              5, Survey reminder, p0419@example.org, 2025-09-11T18:31:53Z
49645155-73c0-496f-9b86-5a773da5de11, P0419                , 80e8065a-9f67-468b-9810-19184368dd95, Reminder , 4_6M_SURVEY_REMINDER_1, p0419@example.org, study-team@example.org,              5, Survey reminder, p0419@example.org, 2025-12-22T19:31:53Z
49645155-73c0-496f-9b86-5a773da5de11, P0419                , 7f97f4cd-a715-4628-ab12-44f4d669d136, Reminder , 4_6M_SURVEY_REMINDER_2, p0419@example.org, study-team@example.org,              5, Survey reminder, p0419@example.org, 2025-12-23T19:31:53Z
a11e653c-a268-4530-b6b7-f3e48735d702, P0421                , a3e4d81e-b0bd-4b0d-987b-7e2e4f44e913, Reminder , 7D_SURVEY_REMINDER_1  , p0421@example.org, study-team@example.org,              4, Survey reminder, p0421@example.org, 2025-08-05T14:03:42Z
a11e653c-a268-4530-b6b7-f3e48735d702, P0421                , b6ae3504-396e-49a8-869a-1f378eaeef49, Reminder , 1M_SURVEY_REMINDER_1  , p0421@example.org, study-team@example.org,              3, Survey reminder, p0421@example.org, 2025-08-28T14:03:42Z
a11e653c-a268-4530-b6b7-f3e48735d702, P0421                , e037a8b1-7af6-41c3-92a5-ded3e6452e34, Reminder , 3M_SURVEY_REMINDER_1  , p0421@example.org, study-team@example.org,              5, Survey reminder, p0421@example.org, 2025-10-27T14:03:42Z
a11e653c-a268-4530-b6b7-f3e48735d702, P0421                , eee8389c-3a7a-40ed-b6e2-b69aede85bfa, Reminder , 3M_SURVEY_REMINDER_2  , p0421@example.org, study-team@example.org,              1, Survey reminder, p0421@example.org, 2025-10-28T14:03:42Z
a11e653c-a268-4530-b6b7-f3e48735d702, P0421                , 60e94b9c-ec8d-46ef-b80f-73372c7b6d3c, Reminder , 3M_SURVEY_REMINDER_3  , p0421@example.org, study-team@example.org,              4, Survey reminder, p0421@example.org, 2025-10-29T14:03:42Z
b5fc5341-4bdb-4f0c-99e5-883236e4fb80, P0422                , a88a7dc3-bcfe-4b2d-8abc-026a2eaf27a3, Reminder , 24H_SURVEY_REMINDER_1 , p0422@example.org, study-team@example.org,              2, Survey reminder, p0422@example.org, 2025-03-26T14:19:48Z
b5fc5341-4bdb-4f0c-99e5-883236e4fb80, P0422                , 50042135-7b77-473b-b701-dc5291a541b6, Reminder , 24H_SURVEY_REMINDER_2 , p0422@example.org, study-team@example.org,              1, Survey reminder, p0422@example.org, 2025-03-27T14:19:48Z
b5fc5341-4bdb-4f0c-99e5-883236e4fb80, P0422                , b73170fd-47e9-4f86-aac7-f04db6339563, Reminder , 1M_SURVEY_REMINDER_1  , p0422@example.org, study-team@example.org,              5, Survey reminder, p0422@example.org, 2025-04-25T14:19:48Z
b5fc5341-4bdb-4f0c-99e5-883236e4fb80, P0422                , 5125338c-85c4-4072-a4b9-1f2482d22782, Reminder , 1M_SURVEY_REMINDER_2  , p0422@example.org, study-team@example.org,              3, Survey reminder, p0422@example.org, 2025-04-26T14:19:48Z
b5fc5341-4bdb-4f0c-99e5-883236e4fb80, P0422                , ecf0f7fa-31ca-4481-88b4-5105d57157ca, Reminder , 3M_SURVEY_REMINDER_1  , p0422@example.org, study-team@example.org,              5, Survey reminder, p0422@example.org, 2025-06-24T14:19:48Z
f3a20290-0922-4302-98cb-1dafd0f951f9, P0423                , bead726a-83a2-4a31-a09f-e7a9e2171ca7, Reminder , 24H_SURVEY_REMINDER_1 , p0423@example.org, study-team@example.org,              2, Survey reminder, p0423@example.org, 2025-02-13T03:25:33Z
f3a20290-0922-4302-98cb-1dafd0f951f9, P0423                , dcd1bba5-35da-4813-99de-26011b07c8d7, Reminder , 24H_SURVEY_REMINDER_2 , p0423@example.org, study-team@example.org,              3, Survey reminder, p0423@example.org, 2025-02-14T03:25:33Z
f3a20290-0922-4302-98cb-1dafd0f951f9, P0423                , 6b3f8dc8-5e4c-49d0-a861-b76943c2467b, Reminder , 3M_SURVEY_REMINDER_1  , p0423@example.org, study-team@example.org,              1, Survey reminder, p0423@example.org, 2025-05-14T02:25:33Z
571a8687-ffb5-403d-8932-e1bb90d00c51, P0424                , 53e9d9e0-bbc6-431f-901e-41e467893b05, Reminder , 24H_SURVEY_REMINDER_1 , p0424@example.org, study-team@example.org,              5, Survey reminder, p0424@example.org, 2025-08-30T14:08:18Z
571a8687-ffb5-403d-8932-e1bb90d00c51, P0424                , 77ff8614-8458-4fa8-8755-9e4bb3e9080e, Reminder , 24H_SURVEY_REMINDER_2 , p0424@example.org, study-team@example.org,              2, Survey reminder, p0424@example.org, 2025-08-31T14:08:18Z
571a8687-ffb5-403d-8932-e1bb90d00c51, P0424                , 4d0b2efb-fe5f-4a64-bed7-f56aebeb68e8, Reminder , 24H_SURVEY_REMINDER_3 , p0424@example.org, study-team@example.org,              2, Survey reminder, p0424@example.org, 2025-09-01T14:08:18Z
571a8687-ffb5-403d-8932-e1bb90d00c51, P0424                , 6b45e36d-01b0-4e30-bfdd-69a612503090, Reminder , 3M_SURVEY_REMINDER_1  , p0424@example.org, study-team@example.org,              5, Survey reminder, p0424@example.org, 2025-11-28T15:08:18Z
571a8687-ffb5-403d-8932-e1bb90d00c51, P0424                , ebeec58a-0261-40fb-9ad4-4bc746d63088, Reminder , 3M_SURVEY_REMINDER_2  , p0424@example.org, study-team@example.org,              4, Survey reminder, p0424@example.org, 2025-11-29T15:08:18Z
571a8687-ffb5-403d-8932-e1bb90d00c51, P0424                , 94928479-01b7-43ad-a09f-b830999a1dc3, Reminder , 3M_SURVEY_REMINDER_3  , p0424@example.org, study-team@example.org,              2, Survey reminder, p0424@example.org, 2025-11-30T15:08:18Z
026fc606-2fe8-4a69-ad29-03a72f9c2f67, P0425                , aa703a5e-ca10-494f-8ca7-aff3bdd7f47d, Reminder , 4_6M_SURVEY_REMINDER_1, p0425@example.org, study-team@example.org,              3, Survey reminder, p0425@example.org, 2026-04-04T13:43:44Z
0ef434bb-4ea0-4496-bd65-9af751c644a8, P0426                , 0434ec65-8776-43d6-a425-24049762f909, Reminder , 7D_SURVEY_REMINDER_1  , p0426@example.org, study-team@example.org,              2, Survey reminder, p0426@example.org, 2025-04-27T10:11:57Z
0ef434bb-4ea0-4496-bd65-9af751c644a8, P0426                , d01668c5-6950-4ba6-ba06-1a4ce3fb2729, Reminder , 7D_SURVEY_REMINDER_2  , p0426@example.org, study-team@example.org,              5, Survey reminder, p0426@example.org, 2025-04-28T10:11:57Z
0ef434bb-4ea0-4496-bd65-9af751c644a8, P0426                , 98188da3-8da5-41cf-8e9f-60c7c545a50d, Reminder , 7D_SURVEY_REMINDER_3  , p0426@example.org, study-team@example.org,              4, Survey reminder, p0426@example.org, 2025-04-29T10:11:57Z
395f7a09-d4a6-4f72-b018-32ea06bbfd59, P0427                , 8c5c7c08-e596-431b-907a-2cb12a9f1c3c, Reminder , 24H_SURVEY_REMINDER_1 , p0427@example.org, study-team@example.org,              2, Survey reminder, p0427@example.org, 2025-08-05T08:26:15Z
395f7a09-d4a6-4f72-b018-32ea06bbfd59, P0427                , 1e86b220-6201-42ce-944b-eda806140e61, Reminder , 7D_SURVEY_REMINDER_1  , p0427@example.org, study-team@example.org,              3, Survey reminder, p0427@example.org, 2025-08-12T08:26:15Z
395f7a09-d4a6-4f72-b018-32ea06bbfd59, P0427                , 33579c58-8d2f-437f-8fc1-50abe71d6ca5, Reminder , 3M_SURVEY_REMINDER_1  , p0427@example.org, study-team@example.org,              5, Survey reminder, p0427@example.org, 2025-11-03T09:26:15Z
395f7a09-d4a6-4f72-b018-32ea06bbfd59, P0427                , 2f287ced-2518-4568-a26c-883471c1e612, Reminder , 3M_SURVEY_REMINDER_2  , p0427@example.org, study-team@example.org,              5, Survey reminder, p0427@example.org, 2025-11-04T09:26:15Z
b2a50b1c-4bcc-4600-98cf-9981b7f09cec, P0428                , 845b0dfe-1f4c-4afb-a843-a74c69a68eb5, Reminder , 3M_SURVEY_REMINDER_1  , p0428@example.org, study-team@example.org,              3, Survey reminder, p0428@example.org, 2026-01-18T07:07:50Z
600c1651-5da1-4fd4-b144-21c2e848097a, P0430                , 2081b976-3bce-46af-bdad-9e46ef64747e, Reminder , 4_6M_SURVEY_REMINDER_1, p0430@example.org, study-team@example.org,              2, Survey reminder, p0430@example.org, 2026-03-13T09:08:49Z
600c1651-5da1-4fd4-b144-21c2e848097a, P0430                , 1c4cdff6-39fb-4c7f-b72b-303e321a0ab7, Reminder , 4_6M_SURVEY_REMINDER_2, p0430@example.org, study-team@example.org,              5, Survey reminder, p0430@example.org, 2026-03-14T09:08:49Z
600c1651-5da1-4fd4-b144-21c2e848097a, P0430                , 2058943b-39cd-4ff4-9957-66ca874308e1, Reminder , 4_6M_SURVEY_REMINDER_3, p0430@example.org, study-team@example.org,              3, Survey reminder, p0430@example.org, 2026-03-15T09:08:49Z
d7bf1d28-f1da-49bb-bdaf-631aa2dbc37f, P0431                , d60965f0-c5f8-40fd-a97f-f74ad8d93c0f, Reminder , 24H_SURVEY_REMINDER_1 , p0431@example.org, study-team@example.org,              4, Survey reminder, p0431@example.org, 2025-03-25T18:41:16Z
d7bf1d28-f1da-49bb-bdaf-631aa2dbc37f, P0431                , 6b0f0429-30d4-4845-981d-03b6dc9ec94b, Reminder , 7D_SURVEY_REMINDER_1  , p0431@example.org, study-team@example.org,              2, Survey reminder, p0431@example.org, 2025-04-01T18:41:16Z
d7bf1d28-f1da-49bb-bdaf-631aa2dbc37f, P0431                , 4b9c2690-9175-4d59-9c61-07898bed6420, Reminder , 3M_SURVEY_REMINDER_1  , p0431@example.org, study-team@example.org,              1, Survey reminder, p0431@example.org, 2025-06-23T18:41:16Z
d7bf1d28-f1da-49bb-bdaf-631aa2dbc37f, P0431                , 71f89204-d777-4dd7-b492-a91bf38466de, Reminder , 3M_SURVEY_REMINDER_2  , p0431@example.org, study-team@example.org,              5, Survey reminder, p0431@example.org, 2025-06-24T18:41:16Z
d7bf1d28-f1da-49bb-bdaf-631aa2dbc37f, P0431                , 02687d42-e3fc-48aa-b232-62eace060c84, Reminder , 3M_SURVEY_REMINDER_3  , p0431@example.org, study-team@example.org,              2, Survey reminder, p0431@example.org, 2025-06-25T18:41:16Z
f30ed78a-3c5d-44cd-908e-1163c592bef5, P0432                , 97ca51bd-4dbf-4d4e-9010-009bf6db4a71, Reminder , 7D_SURVEY_REMINDER_1  , p0432@example.org, study-team@example.org,              4, Survey reminder, p0432@example.org, 2025-08-17T19:15:20Z
dc1f1910-83a7-42c7-95c7-bd43a10155cf, P0433                , 1d99ed25-2e0a-40c0-859e-027072c74679, Reminder , 1M_SURVEY_REMINDER_1  , p0433@example.org, study-team@example.org,              1, Survey reminder, p0433@example.org, 2025-05-25T22:48:45Z
dc1f1910-83a7-42c7-95c7-bd43a10155cf, P0433                , 20418cbb-6c74-4ea8-b006-957b28c1a808, Reminder , 1M_SURVEY_REMINDER_2  , p0433@example.org, study-team@example.org,              3, Survey reminder, p0433@example.org, 2025-05-26T22:48:45Z
dc1f1910-83a7-42c7-95c7-bd43a10155cf, P0433                , e39b1c56-54d6-4207-bd88-f7db9590ccdc, Reminder , 1M_SURVEY_REMINDER_3  , p0433@example.org, study-team@example.org,              1, Survey reminder, p0433@example.org, 2025-05-27T22:48:45Z
d267b947-0edb-4a4b-a78a-f8609c8c7386, P0434                , c5d1858b-c72c-4594-ba46-f2af6bc3c3f2, Reminder , 7D_SURVEY_REMINDER_1  , p0434@example.org, study-team@example.org,              3, Survey reminder, p0434@example.org, 2025-08-15T01:58:37Z
d267b947-0edb-4a4b-a78a-f8609c8c7386, P0434                , dda226cf-6f5d-400b-aafb-ea3e16dd648c, Reminder , 7D_SURVEY_REMINDER_2  , p0434@example.org, study-team@example.org,              4, Survey reminder, p0434@example.org, 2025-08-16T01:58:37Z
9d2df97c-e7d1-400f-946b-2687212117e8, P0435                , 9de4d168-0345-49a6-a4b8-0019d77ad952, Reminder , 7D_SURVEY_REMINDER_1  , p0435@example.org, study-team@example.org,              5, Survey reminder, p0435@example.org, 2025-04-22T14:53:16Z
9d2df97c-e7d1-400f-946b-2687212117e8, P0435                , beecdea7-c15f-4172-a2c3-a50a143ff8bb, Reminder , 4_6M_SURVEY_REMINDER_1, p0435@example.org, study-team@example.org,              2, Survey reminder, p0435@example.org, 2025-10-01T14:53:16Z
69947818-41ce-49e1-a004-a335c2e274bd, P0436                , 3a1366d5-ed68-4153-ad74-caae319b6304, Reminder , 24H_SURVEY_REMINDER_1 , p0436@example.org, study-team@example.org,              2, Survey reminder, p0436@example.org, 2025-09-18T19:43:32Z
69947818-41ce-49e1-a004-a335c2e274bd, P0436                , 24245f08-4ad1-4660-a898-5f66925998a4, Reminder , 24H_SURVEY_REMINDER_2 , p0436@example.org, study-team@example.org,              1, Survey reminder, p0436@example.org, 2025-09-19T19:43:32Z
9797bf7e-b57e-4a44-a6c0-821bc8ebea63, P0437                , b87a0414-ecfc-43ba-bd58-64ec40267bd3, Reminder , 24H_SURVEY_REMINDER_1 , p0437@example.org, study-team@example.org,              1, Survey reminder, p0437@example.org, 2025-08-05T07:49:34Z
9797bf7e-b57e-4a44-a6c0-821bc8ebea63, P0437                , 8d7b7a38-f096-457d-835e-0d8262bb1eb2, Reminder , 1M_SURVEY_REMINDER_1  , p0437@example.org, study-team@example.org,              5, Survey reminder, p0437@example.org, 2025-09-04T07:49:34Z
926ca5af-08a6-4642-b85e-7f535344c76b, P0438                , 5a5c3115-fe02-4c21-993c-f2ba5a9c3d4a, Reminder , 3M_SURVEY_REMINDER_1  , p0438@example.org, study-team@example.org,              1, Survey reminder, p0438@example.org, 2025-05-23T00:05:57Z
926ca5af-08a6-4642-b85e-7f535344c76b, P0438                , 0beb4683-8efa-487d-b6c7-8ab67465a8e4, Reminder , 3M_SURVEY_REMINDER_2  , p0438@example.org, study-team@example.org,              1, Survey reminder, p0438@example.org, 2025-05-24T00:05:57Z
926ca5af-08a6-4642-b85e-7f535344c76b, P0438                , 7f9ec8df-068d-45d2-9991-c78584857fa5, Reminder , 3M_SURVEY_REMINDER_3  , p0438@example.org, study-team@example.org,              1, Survey reminder, p0438@example.org, 2025-05-25T00:05:57Z
9565f66d-2b12-48d1-bd12-3302f6399727, P0439                , e8d3bb24-dc05-4303-a7ae-04c4942d5476, Reminder , 7D_SURVEY_REMINDER_1  , p0439@example.org, study-team@example.org,              5, Survey reminder, p0439@example.org, 2025-02-16T22:38:39Z
9565f66d-2b12-48d1-bd12-3302f6399727, P0439                , 6cb816e1-12d9-42b0-88ba-57339f9e1407, Reminder , 7D_SURVEY_REMINDER_2  , p0439@example.org, study-team@example.org,              4, Survey reminder, p0439@example.org, 2025-02-17T22:38:39Z
e630a8e9-922a-4467-a797-fce07c715169, P0440                , 10e9d8d1-4f9c-42fb-a641-346d57bb9ea0, Reminder , 7D_SURVEY_REMINDER_1  , p0440@example.org, study-team@example.org,              4, Survey reminder, p0440@example.org, 2025-11-08T01:29:30Z
e630a8e9-922a-4467-a797-fce07c715169, P0440                , 02751c23-0929-4630-9fb2-fd5f136db176, Reminder , 7D_SURVEY_REMINDER_2  , p0440@example.org, study-team@example.org,              1, Survey reminder, p0440@example.org, 2025-11-09T01:29:30Z
e630a8e9-922a-4467-a797-fce07c715169, P0440                , acadaebf-6214-41f6-8bc6-e26477a90be6, Reminder , 1M_SURVEY_REMINDER_1  , p0440@example.org, study-team@example.org,              5, Survey reminder, p0440@example.org, 2025-12-01T01:29:30Z
e630a8e9-922a-4467-a797-fce07c715169, P0440                , 304f52d1-2011-4796-83da-c0f7ebca291b, Reminder , 1M_SURVEY_REMINDER_2  , p0440@example.org, study-team@example.org,              5, Survey reminder, p0440@example.org, 2025-12-02T01:29:30Z
fdba3052-b7a8-4ee2-b6b9-9f73af108b3d, P0442                , 92a6d0ca-90c9-4068-bd3f-2e6ffce9d9fe, Reminder , 7D_SURVEY_REMINDER_1  , p0442@example.org, study-team@example.org,              2, Survey reminder, p0442@example.org, 2025-02-14T23:48:28Z
fdba3052-b7a8-4ee2-b6b9-9f73af108b3d, P0442                , d44cfc25-baa5-43a8-9d2b-16dc77347b09, Reminder , 7D_SURVEY_REMINDER_2  , p0442@example.org, study-team@example.org,              2, Survey reminder, p0442@example.org, 2025-02-15T23:48:28Z
fdba3052-b7a8-4ee2-b6b9-9f73af108b3d, P0442                , 8c554684-8d92-474d-b12e-fd9a7fe1070c, Reminder , 7D_SURVEY_REMINDER_3  , p0442@example.org, study-team@example.org,              5, Survey reminder, p0442@example.org, 2025-02-16T23:48:28Z
fdba3052-b7a8-4ee2-b6b9-9f73af108b3d, P0442                , 6d392a67-3d4b-4c9b-846d-ea697f30cd1b, Reminder , 4_6M_SURVEY_REMINDER_1, p0442@example.org, study-team@example.org,              2, Survey reminder, p0442@example.org, 2025-06-25T22:48:28Z
feb0e951-8b7b-4028-b842-54c8c870f2fe, P0444                , 8f693277-e620-4709-9572-86d71e484be0, Reminder , 4_6M_SURVEY_REMINDER_1, p0444@example.org, study-team@example.org,              5, Survey reminder, p0444@example.org, 2025-07-20T00:24:28Z
feb0e951-8b7b-4028-b842-54c8c870f2fe, P0444                , 2421c67b-fd7e-4d31-9c01-eda4879e6bb3, Reminder , 4_6M_SURVEY_REMINDER_2, p0444@example.org, study-team@example.org,              2, Survey reminder, p0444@example.org, 2025-07-21T00:24:28Z
ff21fa3f-86d0-4b41-8a54-d380a34f4ce1, P0445                , afcb4cb7-24e7-40fe-b3f1-5cf25ae101c8, Reminder , 24H_SURVEY_REMINDER_1 , p0445@example.org, study-team@example.org,              3, Survey reminder, p0445@example.org, 2025-02-11T17:19:58Z
ff21fa3f-86d0-4b41-8a54-d380a34f4ce1, P0445                , 08a73c6b-03b5-42f4-91f9-14e68b5e5b99, Reminder , 24H_SURVEY_REMINDER_2 , p0445@example.org, study-team@example.org,              4, Survey reminder, p0445@example.org, 2025-02-12T17:19:58Z
ff21fa3f-86d0-4b41-8a54-d380a34f4ce1, P0445                , 9796e9cf-c546-463d-a52f-2dd55d50c331, Reminder , 24H_SURVEY_REMINDER_3 , p0445@example.org, study-team@example.org,              5, Survey reminder, p0445@example.org, 2025-02-13T17:19:58Z
ff21fa3f-86d0-4b41-8a54-d380a34f4ce1, P0445                , 7549954c-0228-438b-8bfd-c1eb81ad0006, Reminder , 3M_SURVEY_REMINDER_1  , p0445@example.org, study-team@example.org,              3, Survey reminder, p0445@example.org, 2025-05-12T16:19:58Z
ff21fa3f-86d0-4b41-8a54-d380a34f4ce1, P0445                , 2090c723-25cf-4f82-8baf-1bc60f357d87, Reminder , 3M_SURVEY_REMINDER_2  , p0445@example.org, study-team@example.org,              5, Survey reminder, p0445@example.org, 2025-05-13T16:19:58Z
ae5de905-9d99-45c5-b52c-05e38ac9cecc, P0446                , d1c39d84-ba14-4921-8284-6ef5125290aa, Reminder , 3M_SURVEY_REMINDER_1  , p0446@example.org, study-team@example.org,              5, Survey reminder, p0446@example.org, 2025-12-23T09:27:05Z
ae5de905-9d99-45c5-b52c-05e38ac9cecc, P0446                , cfc60aaf-c72d-4308-b535-cf854783dae4, Reminder , 3M_SURVEY_REMINDER_2  , p0446@example.org, study-team@example.org,              3, Survey reminder, p0446@example.org, 2025-12-24T09:27:05Z
ab2bce44-d1eb-4aa8-b3d3-09344cd40a9f, P0447                , 41ab4c06-0c84-43a8-899b-842ff8970a25, Reminder , 24H_SURVEY_REMINDER_1 , p0447@example.org, study-team@example.org,              5, Survey reminder, p0447@example.org, 2025-01-25T00:13:13Z
ab2bce44-d1eb-4aa8-b3d3-09344cd40a9f, P0447                , 99783a25-c96d-405a-9281-7a903e23d8f9, Reminder , 24H_SURVEY_REMINDER_2 , p0447@example.org, study-team@example.org,              2, Survey reminder, p0447@example.org, 2025-01-26T00:13:13Z
ab2bce44-d1eb-4aa8-b3d3-09344cd40a9f, P0447                , c11058f1-1203-41bf-b19b-c2676c0c86d3, Reminder , 1M_SURVEY_REMINDER_1  , p0447@example.org, study-team@example.org,              4, Survey reminder, p0447@example.org, 2025-02-24T00:13:13Z
e8d1e7dd-b37b-4eae-8207-d2474fd64a85, P0448                , 08364a4a-1367-4e9c-9028-b76280d5142e, Reminder , 4_6M_SURVEY_REMINDER_1, p0448@example.org, study-team@example.org,              3, Survey reminder, p0448@example.org, 2026-04-19T07:27:06Z
e8d1e7dd-b37b-4eae-8207-d2474fd64a85, P0448                , f114948e-cfc7-498c-b67a-c48a0aedff10, Reminder , 4_6M_SURVEY_REMINDER_2, p0448@example.org, study-team@example.org,              3, Survey reminder, p0448@example.org, 2026-04-20T07:27:06Z
e8d1e7dd-b37b-4eae-8207-d2474fd64a85, P0448                , 1e9b6ceb-5f67-4e8e-a702-d924ce9e3519, Reminder , 4_6M_SURVEY_REMINDER_3, p0448@example.org, study-team@example.org,              1, Survey reminder, p0448@example.org, 2026-04-21T07:27:06Z
72ab5e87-4fd2-44da-a029-dcb20b9691dd, P0449                , b238b237-f3a4-43d0-8b24-32d7de2895eb, Reminder , 7D_SURVEY_REMINDER_1  , p0449@example.org, study-team@example.org,              3, Survey reminder, p0449@example.org, 2025-05-26T20:31:49Z
72ab5e87-4fd2-44da-a029-dcb20b9691dd, P0449                , 11d436be-59c4-43c0-8b44-02e9d1ca3459, Reminder , 1M_SURVEY_REMINDER_1  , p0449@example.org, study-team@example.org,              1, Survey reminder, p0449@example.org, 2025-06-18T20:31:49Z
977ca4a8-7fd6-4d70-aaa6-69b6f2ecb6be, P0450                , 2409f6e9-3eec-48b9-b8da-3849577f2c55, Reminder , 7D_SURVEY_REMINDER_1  , p0450@example.org, study-team@example.org,              4, Survey reminder, p0450@example.org, 2025-10-16T00:52:32Z
977ca4a8-7fd6-4d70-aaa6-69b6f2ecb6be, P0450                , 6c595474-e9ef-4588-aafa-720a1f586521, Reminder , 7D_SURVEY_REMINDER_2  , p0450@example.org, study-team@example.org,              1, Survey reminder, p0450@example.org, 2025-10-17T00:52:32Z
977ca4a8-7fd6-4d70-aaa6-69b6f2ecb6be, P0450                , 354de4aa-bce3-4b67-bb48-90e78d0de603, Reminder , 1M_SURVEY_REMINDER_1  , p0450@example.org, study-team@example.org,              2, Survey reminder, p0450@example.org, 2025-11-08T01:52:32Z
977ca4a8-7fd6-4d70-aaa6-69b6f2ecb6be, P0450                , 147fa9d9-31c6-4f12-85d8-a299796e4167, Reminder , 4_6M_SURVEY_REMINDER_1, p0450@example.org, study-team@example.org,              4, Survey reminder, p0450@example.org, 2026-02-13T01:52:32Z
977ca4a8-7fd6-4d70-aaa6-69b6f2ecb6be, P0450                , 684cf283-8f97-433f-ba43-f50dae4abedb, Reminder , 4_6M_SURVEY_REMINDER_2, p0450@example.org, study-team@example.org,              4, Survey reminder, p0450@example.org, 2026-02-14T01:52:32Z
0164e8ff-5df3-4b59-a3a5-a9b779e9001f, P0451                , 4f873b97-29ce-41f7-a03d-6c5d98025772, Reminder , 1M_SURVEY_REMINDER_1  , p0451@example.org, study-team@example.org,              4, Survey reminder, p0451@example.org, 2025-12-09T03:08:44Z
0164e8ff-5df3-4b59-a3a5-a9b779e9001f, P0451                , d45f03ba-e7a6-4953-aadf-f70634b80692, Reminder , 1M_SURVEY_REMINDER_2  , p0451@example.org, study-team@example.org,              2, Survey reminder, p0451@example.org, 2025-12-10T03:08:44Z
0164e8ff-5df3-4b59-a3a5-a9b779e9001f, P0451                , d04d55bd-e4f4-4b55-90cd-1ab80a53fd85, Reminder , 1M_SURVEY_REMINDER_3  , p0451@example.org, study-team@example.org,              2, Survey reminder, p0451@example.org, 2025-12-11T03:08:44Z
0164e8ff-5df3-4b59-a3a5-a9b779e9001f, P0451                , 8113075f-3718-44c3-95c3-a23fb15a5796, Reminder , 3M_SURVEY_REMINDER_1  , p0451@example.org, study-team@example.org,              1, Survey reminder, p0451@example.org, 2026-02-07T03:08:44Z
78be8bdc-33fd-4ccd-8ee1-d9eaf4fcd028, P0454                , 1ce1492c-b5ee-4e05-a0a4-6ad35800ebbc, Reminder , 7D_SURVEY_REMINDER_1  , p0454@example.org, study-team@example.org,              1, Survey reminder, p0454@example.org, 2025-09-10T04:50:25Z
300fd5be-fbdc-45a6-ae88-0d267b45f995, P0456                , 5d146ac6-18fa-4d78-a98c-c708a959fdf2, Reminder , 4_6M_SURVEY_REMINDER_1, p0456@example.org, study-team@example.org,              3, Survey reminder, p0456@example.org, 2025-11-17T07:06:41Z
a9781f16-e344-4c70-8763-eda03f97a652, P0458                , e560cea5-8c23-4603-aa19-19ae20b4e5aa, Reminder , 24H_SURVEY_REMINDER_1 , p0458@example.org, study-team@example.org,              2, Survey reminder, p0458@example.org, 2025-04-18T23:50:29Z
a9781f16-e344-4c70-8763-eda03f97a652, P0458                , c8967829-eb84-44ef-98ac-752c8bb6b3cc, Reminder , 1M_SURVEY_REMINDER_1  , p0458@example.org, study-team@example.org,              5, Survey reminder, p0458@example.org, 2025-05-18T23:50:29Z
a9781f16-e344-4c70-8763-eda03f97a652, P0458                , 55edd746-0ae9-4850-9fff-565ac613d0a5, Reminder , 1M_SURVEY_REMINDER_2  , p0458@example.org, study-team@example.org,              4, Survey reminder, p0458@example.org, 2025-05-19T23:50:29Z
a9781f16-e344-4c70-8763-eda03f97a652, P0458                , d07da2f6-9aa4-483d-9d4a-13f79913ab5e, Reminder , 3M_SURVEY_REMINDER_1  , p0458@example.org, study-team@example.org,              4, Survey reminder, p0458@example.org, 2025-07-17T23:50:29Z
a9781f16-e344-4c70-8763-eda03f97a652, P0458                , 16b549ba-1585-450b-894a-ede35790410d, Reminder , 4_6M_SURVEY_REMINDER_1, p0458@example.org, study-team@example.org,              2, Survey reminder, p0458@example.org, 2025-09-29T23:50:29Z
540b4896-403f-4a90-8064-ce2f34ba7b83, P0459                , 22f12d22-fe18-4fbe-9feb-f0d030deaf7b, Reminder , 24H_SURVEY_REMINDER_1 , p0459@example.org, study-team@example.org,              3, Survey reminder, p0459@example.org, 2025-08-17T21:34:38Z
540b4896-403f-4a90-8064-ce2f34ba7b83, P0459                , 7b14552e-8b9b-45e7-90cf-6c04e9e34f42, Reminder , 1M_SURVEY_REMINDER_1  , p0459@example.org, study-team@example.org,              4, Survey reminder, p0459@example.org, 2025-09-16T21:34:38Z
04c54d51-8275-4ce8-8554-2d534b09edf3, P0460                , 193d9c64-ec67-4e5a-afee-2e62910e905c, Reminder , 24H_SURVEY_REMINDER_1 , p0460@example.org, study-team@example.org,              4, Survey reminder, p0460@example.org, 2025-11-22T18:03:37Z
04c54d51-8275-4ce8-8554-2d534b09edf3, P0460                , fc119483-8a1b-45c3-9d8c-925e732bce9f, Reminder , 7D_SURVEY_REMINDER_1  , p0460@example.org, study-team@example.org,              4, Survey reminder, p0460@example.org, 2025-11-29T18:03:37Z
04c54d51-8275-4ce8-8554-2d534b09edf3, P0460                , 82923754-3008-47cd-8dd3-0cfd2249100b, Reminder , 4_6M_SURVEY_REMINDER_1, p0460@example.org, study-team@example.org,              3, Survey reminder, p0460@example.org, 2026-04-06T17:03:37Z
04c54d51-8275-4ce8-8554-2d534b09edf3, P0460                , 2453a229-711e-448f-96ac-d39d62b9d470, Reminder , 4_6M_SURVEY_REMINDER_2, p0460@example.org, study-team@example.org,              5, Survey reminder, p0460@example.org, 2026-04-07T17:03:37Z
04c54d51-8275-4ce8-8554-2d534b09edf3, P0460                , 212b75dc-4a5e-4fc8-9b1d-7337af55738b, Reminder , 4_6M_SURVEY_REMINDER_3, p0460@example.org, study-team@example.org,              4, Survey reminder, p0460@example.org, 2026-04-08T17:03:37Z
974c0cef-9321-40f2-9300-4efb7ca68590, P0461                , c80d364e-5650-4f70-b262-21642a4b7d4a, Reminder , 3M_SURVEY_REMINDER_1  , p0461@example.org, study-team@example.org,              3, Survey reminder, p0461@example.org, 2025-04-26T07:44:22Z
974c0cef-9321-40f2-9300-4efb7ca68590, P0461                , d668e2dd-5dc5-42ff-8101-9acc75789929, Reminder , 3M_SURVEY_REMINDER_2  , p0461@example.org, study-team@example.org,              4, Survey reminder, p0461@example.org, 2025-04-27T07:44:22Z
974c0cef-9321-40f2-9300-4efb7ca68590, P0461                , 6ce57d20-6efe-483f-be88-e7e50840be65, Reminder , 4_6M_SURVEY_REMINDER_1, p0461@example.org, study-team@example.org,              4, Survey reminder, p0461@example.org, 2025-06-24T07:44:22Z
f370825c-fa5c-4ee8-bd99-ccb3bb354423, P0463                , 769ba0d8-373a-4228-a1ee-574b5812719e, Reminder , 7D_SURVEY_REMINDER_1  , p0463@example.org, study-team@example.org,              3, Survey reminder, p0463@example.org, 2026-01-05T10:10:50Z
f370825c-fa5c-4ee8-bd99-ccb3bb354423, P0463                , b60ff12e-d3f9-4b3f-80cf-c88bd53ead6b, Reminder , 1M_SURVEY_REMINDER_1  , p0463@example.org, study-team@example.org,              1, Survey reminder, p0463@example.org, 2026-01-28T10:10:50Z
f370825c-fa5c-4ee8-bd99-ccb3bb354423, P0463                , d8a9a328-824b-42ac-aa4c-dd2d047926ae, Reminder , 3M_SURVEY_REMINDER_1  , p0463@example.org, study-team@example.org,              2, Survey reminder, p0463@example.org, 2026-03-29T09:10:50Z
f370825c-fa5c-4ee8-bd99-ccb3bb354423, P0463                , f05d662a-6d6d-4773-b1c4-c08d9135284d, Reminder , 4_6M_SURVEY_REMINDER_1, p0463@example.org, study-team@example.org,              1, Survey reminder, p0463@example.org, 2026-06-26T09:10:50Z
f370825c-fa5c-4ee8-bd99-ccb3bb354423, P0463                , 31109265-4a7d-4255-87a9-cd22241e0d29, Reminder , 4_6M_SURVEY_REMINDER_2, p0463@example.org, study-team@example.org,              4, Survey reminder, p0463@example.org, 2026-06-27T09:10:50Z
f370825c-fa5c-4ee8-bd99-ccb3bb354423, P0463                , ffaa2286-d80b-49dd-b506-fe0c3ea3a5de, Reminder , 4_6M_SURVEY_REMINDER_3, p0463@example.org, study-team@example.org,              2, Survey reminder, p0463@example.org, 2026-06-28T09:10:50Z
bb5cdf17-e1b8-4a06-bd90-20aab11b8c88, P0464                , c3a68e9e-38a2-4468-8bc2-cb62cc174370, Reminder , 3M_SURVEY_REMINDER_1  , p0464@example.org, study-team@example.org,              5, Survey reminder, p0464@example.org, 2025-08-01T16:18:34Z
bb5cdf17-e1b8-4a06-bd90-20aab11b8c88, P0464                , 4499a8d7-90eb-49d4-a198-1e482531d80a, Reminder , 3M_SURVEY_REMINDER_2  , p0464@example.org, study-team@example.org,              4, Survey reminder, p0464@example.org, 2025-08-02T16:18:34Z
f4d29d91-8d6c-4c25-9c70-6ecb5509fa72, P0465                , 888cb1d2-bc22-40e2-9e56-3ada05334d0e, Reminder , 24H_SURVEY_REMINDER_1 , p0465@example.org, study-team@example.org,              3, Survey reminder, p0465@example.org, 2025-03-05T05:16:49Z
f4d29d91-8d6c-4c25-9c70-6ecb5509fa72, P0465                , a9d33a34-b7a3-46ff-ad3a-29ba8fc573f6, Reminder , 24H_SURVEY_REMINDER_2 , p0465@example.org, study-team@example.org,              2, Survey reminder, p0465@example.org, 2025-03-06T05:16:49Z
c5d89af1-a656-452c-a996-4e335ecc233b, P0466                , 99fbac72-e20d-4556-97aa-b64ea3cd59ff, Reminder , 3M_SURVEY_REMINDER_1  , p0466@example.org, study-team@example.org,              1, Survey reminder, p0466@example.org, 2025-07-11T19:23:02Z
fe0c9489-b9a0-458a-b4b3-7f396543e793, P0467                , c7f5fca6-571a-44d9-930e-6217fa8b6062, Reminder , 4_6M_SURVEY_REMINDER_1, p0467@example.org, study-team@example.org,              2, Survey reminder, p0467@example.org, 2025-08-09T23:15:28Z
37441823-731e-4b49-b4e6-a098fcde0878, P0468                , 9a15c479-f526-43df-91f7-673e8d503352, Reminder , 1M_SURVEY_REMINDER_1  , p0468@example.org, study-team@example.org,              2, Survey reminder, p0468@example.org, 2025-02-24T23:05:01Z
37441823-731e-4b49-b4e6-a098fcde0878, P0468                , d7661f69-982f-4acf-8c5b-1206db59b6f3, Reminder , 1M_SURVEY_REMINDER_2  , p0468@example.org, study-team@example.org,              3, Survey reminder, p0468@example.org, 2025-02-25T23:05:01Z
37441823-731e-4b49-b4e6-a098fcde0878, P0468                , bcccfe6f-8828-4392-a8fc-03f9893ae5a9, Reminder , 1M_SURVEY_REMINDER_3  , p0468@example.org, study-team@example.org,              3, Survey reminder, p0468@example.org, 2025-02-26T23:05:01Z
37441823-731e-4b49-b4e6-a098fcde0878, P0468                , 95349c09-73ae-4722-83d7-849fb37b96b6, Reminder , 4_6M_SURVEY_REMINDER_1, p0468@example.org, study-team@example.org,              1, Survey reminder, p0468@example.org, 2025-07-19T22:05:01Z
71081554-f146-4e43-ab9a-14029c1bb284, P0470                , b6cccf19-9fe7-4e62-8fcd-ece6c2135e23, Reminder , 24H_SURVEY_REMINDER_1 , p0470@example.org, study-team@example.org,              4, Survey reminder, p0470@example.org, 2025-06-10T08:47:34Z
71081554-f146-4e43-ab9a-14029c1bb284, P0470                , 5bc272ac-594d-49a1-8533-6335f567177c, Reminder , 7D_SURVEY_REMINDER_1  , p0470@example.org, study-team@example.org,              1, Survey reminder, p0470@example.org, 2025-06-17T08:47:34Z
71081554-f146-4e43-ab9a-14029c1bb284, P0470                , 790a9887-eab9-4947-807a-b65caa0748fb, Reminder , 7D_SURVEY_REMINDER_2  , p0470@example.org, study-team@example.org,              5, Survey reminder, p0470@example.org, 2025-06-18T08:47:34Z
71081554-f146-4e43-ab9a-14029c1bb284, P0470                , a6847fd4-38e6-4354-a8c3-9454880f8f38, Reminder , 7D_SURVEY_REMINDER_3  , p0470@example.org, study-team@example.org,              4, Survey reminder, p0470@example.org, 2025-06-19T08:47:34Z
71081554-f146-4e43-ab9a-14029c1bb284, P0470                , 5efff57a-983f-4592-b8d5-aaab5003fbc6, Reminder , 3M_SURVEY_REMINDER_1  , p0470@example.org, study-team@example.org,              5, Survey reminder, p0470@example.org, 2025-09-08T08:47:34Z
a32a4492-bf9d-4752-bbf7-72b61340aa51, P0471                , 26307df4-b202-46e3-bd1d-5a652e3966a7, Reminder , 7D_SURVEY_REMINDER_1  , p0471@example.org, study-team@example.org,              4, Survey reminder, p0471@example.org, 2025-12-11T01:18:47Z
a32a4492-bf9d-4752-bbf7-72b61340aa51, P0471                , e9300206-b891-4120-97b2-c471e84d05a7, Reminder , 7D_SURVEY_REMINDER_2  , p0471@example.org, study-team@example.org,              3, Survey reminder, p0471@example.org, 2025-12-12T01:18:47Z
a32a4492-bf9d-4752-bbf7-72b61340aa51, P0471                , a1c7e29f-c4a2-4bef-aa4d-3d3446c0e89f, Reminder , 3M_SURVEY_REMINDER_1  , p0471@example.org, study-team@example.org,              2, Survey reminder, p0471@example.org, 2026-03-04T01:18:47Z
ce167566-955a-424e-92ea-3f56347d0938, P0472                , c52c9daa-6f77-4d75-8dd9-7874421883e3, Reminder , 24H_SURVEY_REMINDER_1 , p0472@example.org, study-team@example.org,              3, Survey reminder, p0472@example.org, 2025-12-16T07:28:44Z
ce167566-955a-424e-92ea-3f56347d0938, P0472                , 130ace55-3b63-4701-bfbb-e28e62ae119a, Reminder , 1M_SURVEY_REMINDER_1  , p0472@example.org, study-team@example.org,              2, Survey reminder, p0472@example.org, 2026-01-15T07:28:44Z
ce167566-955a-424e-92ea-3f56347d0938, P0472                , 42fdf3d3-989c-44d1-9a80-50e603ec24b0, Reminder , 1M_SURVEY_REMINDER_2  , p0472@example.org, study-team@example.org,              2, Survey reminder, p0472@example.org, 2026-01-16T07:28:44Z
ce167566-955a-424e-92ea-3f56347d0938, P0472                , f4128d12-0994-4b9a-be4d-8e55a6d1457a, Reminder , 4_6M_SURVEY_REMINDER_1, p0472@example.org, study-team@example.org,              4, Survey reminder, p0472@example.org, 2026-05-16T06:28:44Z
e640c13b-9db3-4826-a92c-4e8720627b01, P0473                , 39b73196-1fc7-46fa-849e-b0151f2faba4, Reminder , 4_6M_SURVEY_REMINDER_1, p0473@example.org, study-team@example.org,              5, Survey reminder, p0473@example.org, 2026-05-05T22:22:46Z
e640c13b-9db3-4826-a92c-4e8720627b01, P0473                , 7d1a1134-a915-4b58-b28a-dbab8a01fd23, Reminder , 4_6M_SURVEY_REMINDER_2, p0473@example.org, study-team@example.org,              2, Survey reminder, p0473@example.org, 2026-05-06T22:22:46Z
e640c13b-9db3-4826-a92c-4e8720627b01, P0473                , dd7b2005-cffc-45f7-9736-78e90e879fb2, Reminder , 4_6M_SURVEY_REMINDER_3, p0473@example.org, study-team@example.org,              1, Survey reminder, p0473@example.org, 2026-05-07T22:22:46Z
d322fd02-64c1-4bda-8944-e96749a40d06, P0474                , 1db0199c-6f95-4825-915f-72942bf0ac98, Reminder , 24H_SURVEY_REMINDER_1 , p0474@example.org, study-team@example.org,              2, Survey reminder, p0474@example.org, 2025-10-30T04:06:58Z
d322fd02-64c1-4bda-8944-e96749a40d06, P0474                , bb75bec2-2e77-46bc-aa41-6153a875ee43, Reminder , 24H_SURVEY_REMINDER_2 , p0474@example.org, study-team@example.org,              3, Survey reminder, p0474@example.org, 2025-10-31T04:06:58Z
d322fd02-64c1-4bda-8944-e96749a40d06, P0474                , 14b2bf7b-c075-4567-a2ce-b81d48e9a8b5, Reminder , 7D_SURVEY_REMINDER_1  , p0474@example.org, study-team@example.org,              4, Survey reminder, p0474@example.org, 2025-11-06T05:06:58Z
d322fd02-64c1-4bda-8944-e96749a40d06, P0474                , 69f9315f-a582-4172-afa4-e48df75ec90d, Reminder , 7D_SURVEY_REMINDER_2  , p0474@example.org, study-team@example.org,              1, Survey reminder, p0474@example.org, 2025-11-07T05:06:58Z
d322fd02-64c1-4bda-8944-e96749a40d06, P0474                , 90b840bb-fcf6-4ba3-a0b1-afdd1ee26350, Reminder , 7D_SURVEY_REMINDER_3  , p0474@example.org, study-team@example.org,              4, Survey reminder, p0474@example.org, 2025-11-08T05:06:58Z
d322fd02-64c1-4bda-8944-e96749a40d06, P0474                , 57c7a7e7-e7b7-4482-b6b6-4e897300e929, Reminder , 3M_SURVEY_REMINDER_1  , p0474@example.org, study-team@example.org,              1, Survey reminder, p0474@example.org, 2026-01-28T05:06:58Z
5decdf96-60c4-470a-964f-47212892b602, P0475                , f3cb843c-ad32-44e2-a892-b2034bea79a5, Reminder , 24H_SURVEY_REMINDER_1 , p0475@example.org, study-team@example.org,              1, Survey reminder, p0475@example.org, 2025-04-11T07:48:49Z
5decdf96-60c4-470a-964f-47212892b602, P0475                , bf39e151-7a8e-4463-9f81-55d868825656, Reminder , 24H_SURVEY_REMINDER_2 , p0475@example.org, study-team@example.org,              2, Survey reminder, p0475@example.org, 2025-04-12T07:48:49Z
5decdf96-60c4-470a-964f-47212892b602, P0475                , e51249c3-a9b3-428f-9137-aa6e8ab48b72, Reminder , 7D_SURVEY_REMINDER_1  , p0475@example.org, study-team@example.org,              3, Survey reminder, p0475@example.org, 2025-04-18T07:48:49Z
5decdf96-60c4-470a-964f-47212892b602, P0475                , 8c30633a-451b-4a61-bce8-93be7181e98f, Reminder , 3M_SURVEY_REMINDER_1  , p0475@example.org, study-team@example.org,              3, Survey reminder, p0475@example.org, 2025-07-10T07:48:49Z
5decdf96-60c4-470a-964f-47212892b602, P0475                , 16b39281-7256-410d-a21d-7a4c2278ca27, Reminder , 3M_SURVEY_REMINDER_2  , p0475@example.org, study-team@example.org,              2, Survey reminder, p0475@example.org, 2025-07-11T07:48:49Z
5decdf96-60c4-470a-964f-47212892b602, P0475                , 1afac964-e410-4938-aed4-dfe494a77dc3, Reminder , 3M_SURVEY_REMINDER_3  , p0475@example.org, study-team@example.org,              2, Survey reminder, p0475@example.org, 2025-07-12T07:48:49Z
9cb5084a-1a00-49f3-9d95-6fb74307ed51, P0476                , 06f87f8b-efff-41fc-b43c-a919a8566dce, Reminder , 7D_SURVEY_REMINDER_1  , p0476@example.org, study-team@example.org,              4, Survey reminder, p0476@example.org, 2025-06-18T11:41:30Z
9cb5084a-1a00-49f3-9d95-6fb74307ed51, P0476                , 34c00b8e-2d45-4c06-bcc9-5ea3d7fc756c, Reminder , 7D_SURVEY_REMINDER_2  , p0476@example.org, study-team@example.org,              1, Survey reminder, p0476@example.org, 2025-06-19T11:41:30Z
8b81e2bf-2f65-418c-ab89-5133bfcb0815, P0477                , 7b3185a4-bc45-4073-a6f9-d0b1a0eddb23, Reminder , 7D_SURVEY_REMINDER_1  , p0477@example.org, study-team@example.org,              3, Survey reminder, p0477@example.org, 2025-01-14T12:49:34Z
8b81e2bf-2f65-418c-ab89-5133bfcb0815, P0477                , 7e7827ad-72a4-4c97-a901-5aa5069a754d, Reminder , 3M_SURVEY_REMINDER_1  , p0477@example.org, study-team@example.org,              1, Survey reminder, p0477@example.org, 2025-04-07T11:49:34Z
8b81e2bf-2f65-418c-ab89-5133bfcb0815, P0477                , ced12724-69f3-453b-b0fd-24a93d50dcfc, Reminder , 3M_SURVEY_REMINDER_2  , p0477@example.org, study-team@example.org,              5, Survey reminder, p0477@example.org, 2025-04-08T11:49:34Z
e4dfb6df-906f-44de-86ce-8629fd816397, P0478                , b80b6389-3ffd-4987-b835-e02c9eee3323, Reminder , 7D_SURVEY_REMINDER_1  , p0478@example.org, study-team@example.org,              5, Survey reminder, p0478@example.org, 2025-01-30T19:11:28Z
9e9ab39d-05e4-4413-ba4a-389ecff5e93a, P0479                , fee57d3d-ca4c-49f9-9ff0-8c8d3701eb28, Reminder , 1M_SURVEY_REMINDER_1  , p0479@example.org, study-team@example.org,              1, Survey reminder, p0479@example.org, 2025-03-09T22:59:12Z
28650309-01b9-4c3d-aa41-0c9a5a0bc59b, P0481                , a446651a-3f8f-490d-b08c-41cfd69bde9a, Reminder , 24H_SURVEY_REMINDER_1 , p0481@example.org, study-team@example.org,              1, Survey reminder, p0481@example.org, 2025-01-10T11:10:33Z
28650309-01b9-4c3d-aa41-0c9a5a0bc59b, P0481                , b5218969-c30b-4587-a5b2-8fbd1d08aeb5, Reminder , 24H_SURVEY_REMINDER_2 , p0481@example.org, study-team@example.org,              1, Survey reminder, p0481@example.org, 2025-01-11T11:10:33Z
28650309-01b9-4c3d-aa41-0c9a5a0bc59b, P0481                , da8a4e5b-d6c8-4fa4-9f6b-5cb556ebbe97, Reminder , 24H_SURVEY_REMINDER_3 , p0481@example.org, study-team@example.org,              4, Survey reminder, p0481@example.org, 2025-01-12T11:10:33Z
28650309-01b9-4c3d-aa41-0c9a5a0bc59b, P0481                , 050bba3f-53fa-4d37-8e3f-2a090d863dd1, Reminder , 1M_SURVEY_REMINDER_1  , p0481@example.org, study-team@example.org,              2, Survey reminder, p0481@example.org, 2025-02-09T11:10:33Z
26dbe47d-ae4e-45e3-be92-1c964b8abe76, P0482                , 9ff027b1-a07f-4062-81de-b7196fb86c34, Reminder , 24H_SURVEY_REMINDER_1 , p0482@example.org, study-team@example.org,              3, Survey reminder, p0482@example.org, 2025-05-01T20:39:35Z
26dbe47d-ae4e-45e3-be92-1c964b8abe76, P0482                , 29973b23-7168-4f4c-ae89-f4477e2d1f13, Reminder , 7D_SURVEY_REMINDER_1  , p0482@example.org, study-team@example.org,              2, Survey reminder, p0482@example.org, 2025-05-08T20:39:35Z
26dbe47d-ae4e-45e3-be92-1c964b8abe76, P0482                , d6c038c2-1ca6-43d0-a6ed-bf9108fbc414, Reminder , 7D_SURVEY_REMINDER_2  , p0482@example.org, study-team@example.org,              2, Survey reminder, p0482@example.org, 2025-05-09T20:39:35Z
26dbe47d-ae4e-45e3-be92-1c964b8abe76, P0482                , c624a6f1-1df6-4a5b-a3d2-7bd439704065, Reminder , 7D_SURVEY_REMINDER_3  , p0482@example.org, study-team@example.org,              2, Survey reminder, p0482@example.org, 2025-05-10T20:39:35Z
a0438346-2296-4605-89e8-57dc7226ee99, P0483                , 6b7298f4-d354-441b-9d72-42f1bdcda613, Reminder , 7D_SURVEY_REMINDER_1  , p0483@example.org, study-team@example.org,              2, Survey reminder, p0483@example.org, 2025-02-25T07:38:26Z
a0438346-2296-4605-89e8-57dc7226ee99, P0483                , ade616e9-58a2-4321-aa55-fcb87048dc99, Reminder , 3M_SURVEY_REMINDER_1  , p0483@example.org, study-team@example.org,              3, Survey reminder, p0483@example.org, 2025-05-19T06:38:26Z
a0438346-2296-4605-89e8-57dc7226ee99, P0483                , d52f3511-b719-450d-a06e-94a402e943f4, Reminder , 3M_SURVEY_REMINDER_2  , p0483@example.org, study-team@example.org,              4, Survey reminder, p0483@example.org, 2025-05-20T06:38:26Z
a0438346-2296-4605-89e8-57dc7226ee99, P0483                , d657105f-7ad0-4b8e-8c4d-6759a56321d4, Reminder , 4_6M_SURVEY_REMINDER_1, p0483@example.org, study-team@example.org,              2, Survey reminder, p0483@example.org, 2025-07-30T06:38:26Z
a0438346-2296-4605-89e8-57dc7226ee99, P0483                , d08a1e90-07be-4be1-99ec-9fb3e17b949a, Reminder , 4_6M_SURVEY_REMINDER_2, p0483@example.org, study-team@example.org,              5, Survey reminder, p0483@example.org, 2025-07-31T06:38:26Z
a0438346-2296-4605-89e8-57dc7226ee99, P0483                , 4e5ef234-b26f-4180-9e61-c6465bce97e6, Reminder , 4_6M_SURVEY_REMINDER_3, p0483@example.org, study-team@example.org,              5, Survey reminder, p0483@example.org, 2025-08-01T06:38:26Z
8d346a7f-a188-4c6e-a529-170d92d78f2d, P0484                , 9edcdbb4-2569-44dc-b6c0-ff2f1a5ecd71, Reminder , 24H_SURVEY_REMINDER_1 , p0484@example.org, study-team@example.org,              5, Survey reminder, p0484@example.org, 2025-02-06T23:56:29Z
8d346a7f-a188-4c6e-a529-170d92d78f2d, P0484                , 97becd85-c729-4e56-a1a1-bfe93cf66050, Reminder , 24H_SURVEY_REMINDER_2 , p0484@example.org, study-team@example.org,              1, Survey reminder, p0484@example.org, 2025-02-07T23:56:29Z
8d346a7f-a188-4c6e-a529-170d92d78f2d, P0484                , 8e21059a-80b4-460e-9f09-d6844dee2e20, Reminder , 24H_SURVEY_REMINDER_3 , p0484@example.org, study-team@example.org,              4, Survey reminder, p0484@example.org, 2025-02-08T23:56:29Z
8d346a7f-a188-4c6e-a529-170d92d78f2d, P0484                , e10babbb-340a-4cf8-8f54-4f19839ff309, Reminder , 1M_SURVEY_REMINDER_1  , p0484@example.org, study-team@example.org,              2, Survey reminder, p0484@example.org, 2025-03-08T23:56:29Z
c30cde6b-ef68-4f00-9233-73ba882632c6, P0485                , 0716b43b-0312-4178-bb6b-5d1fcf2a713b, Reminder , 4_6M_SURVEY_REMINDER_1, p0485@example.org, study-team@example.org,              1, Survey reminder, p0485@example.org, 2026-01-30T21:22:29Z
c30cde6b-ef68-4f00-9233-73ba882632c6, P0485                , 88cd5f4c-cf04-45bc-8797-888d951731ac, Reminder , 4_6M_SURVEY_REMINDER_2, p0485@example.org, study-team@example.org,              2, Survey reminder, p0485@example.org, 2026-01-31T21:22:29Z
6266d2fc-0c86-4084-998c-533af9990551, P0487                , 53982937-bf1f-429f-be62-14de17e44291, Reminder , 24H_SURVEY_REMINDER_1 , p0487@example.org, study-team@example.org,              5, Survey reminder, p0487@example.org, 2025-08-13T09:12:04Z
6266d2fc-0c86-4084-998c-533af9990551, P0487                , 9e3355a5-e658-4486-a676-bbf6db916f03, Reminder , 1M_SURVEY_REMINDER_1  , p0487@example.org, study-team@example.org,              2, Survey reminder, p0487@example.org, 2025-09-12T09:12:04Z
d5bbb75f-ccf8-4034-ae15-e6385bc10114, P0488                , 03142722-2cee-4535-980e-b2115acac7e8, Reminder , 1M_SURVEY_REMINDER_1  , p0488@example.org, study-team@example.org,              2, Survey reminder, p0488@example.org, 2026-01-30T02:11:45Z
d5bbb75f-ccf8-4034-ae15-e6385bc10114, P0488                , 74d03f89-ec78-4587-8d51-4d76c2ee3f10, Reminder , 1M_SURVEY_REMINDER_2  , p0488@example.org, study-team@example.org,              2, Survey reminder, p0488@example.org, 2026-01-31T02:11:45Z
36efff6c-bd14-446d-9eeb-fa7848ae20f7, P0489                , ce196e3c-5750-40bd-91b8-ba4e3ee6f0ca, Reminder , 1M_SURVEY_REMINDER_1  , p0489@example.org, study-team@example.org,              1, Survey reminder, p0489@example.org, 2025-12-30T12:56:10Z
36efff6c-bd14-446d-9eeb-fa7848ae20f7, P0489                , b71780c7-1f41-4eff-b6b7-a25ea62c5436, Reminder , 1M_SURVEY_REMINDER_2  , p0489@example.org, study-team@example.org,              3, Survey reminder, p0489@example.org, 2025-12-31T12:56:10Z
36efff6c-bd14-446d-9eeb-fa7848ae20f7, P0489                , ee9a74b4-9494-4484-9237-109d0aa7a8c9, Reminder , 4_6M_SURVEY_REMINDER_1, p0489@example.org, study-team@example.org,              4, Survey reminder, p0489@example.org, 2026-05-22T11:56:10Z
de897d6c-e15a-4111-9951-2b38fb567f26, P0490                , 6ffacac4-8811-4460-8e5d-fc36e218d627, Reminder , 3M_SURVEY_REMINDER_1  , p0490@example.org, study-team@example.org,              3, Survey reminder, p0490@example.org, 2025-08-15T13:06:16Z
de897d6c-e15a-4111-9951-2b38fb567f26, P0490                , e7cc6e67-0f07-44b2-a711-ab4d4ea142f1, Reminder , 4_6M_SURVEY_REMINDER_1, p0490@example.org, study-team@example.org,              2, Survey reminder, p0490@example.org, 2025-10-24T13:06:16Z
64e9ec8d-e722-4dea-8e69-6de0c0201e34, P0491                , 7d0c32de-b969-4d7a-a386-8177556d7f16, Reminder , 1M_SURVEY_REMINDER_1  , p0491@example.org, study-team@example.org,              5, Survey reminder, p0491@example.org, 2025-06-02T19:46:58Z
64e9ec8d-e722-4dea-8e69-6de0c0201e34, P0491                , bdac4a88-7948-4b1b-94d3-f6fed6c49984, Reminder , 3M_SURVEY_REMINDER_1  , p0491@example.org, study-team@example.org,              4, Survey reminder, p0491@example.org, 2025-08-01T19:46:58Z
64e9ec8d-e722-4dea-8e69-6de0c0201e34, P0491                , 72bc907c-a095-49c7-be7d-28570671eba3, Reminder , 3M_SURVEY_REMINDER_2  , p0491@example.org, study-team@example.org,              3, Survey reminder, p0491@example.org, 2025-08-02T19:46:58Z
64e9ec8d-e722-4dea-8e69-6de0c0201e34, P0491                , dba4de67-6406-4c1d-9ff9-e6eb176c0184, Reminder , 4_6M_SURVEY_REMINDER_1, p0491@example.org, study-team@example.org,              4, Survey reminder, p0491@example.org, 2025-10-13T19:46:58Z
c6a3dcd8-b296-490d-9ee3-95a6f8d0b666, P0492                , 35c63101-7404-4c1f-901c-82bdd98827a9, Reminder , 7D_SURVEY_REMINDER_1  , p0492@example.org, study-team@example.org,              5, Survey reminder, p0492@example.org, 2025-11-07T08:52:05Z
c6a3dcd8-b296-490d-9ee3-95a6f8d0b666, P0492                , dbe6cf54-27eb-4627-a79c-a2e325075c51, Reminder , 1M_SURVEY_REMINDER_1  , p0492@example.org, study-team@example.org,              4, Survey reminder, p0492@example.org, 2025-11-30T08:52:05Z
c6a3dcd8-b296-490d-9ee3-95a6f8d0b666, P0492                , 9b42f4ed-837f-41e4-b29b-6056af9f779e, Reminder , 4_6M_SURVEY_REMINDER_1, p0492@example.org, study-team@example.org,              1, Survey reminder, p0492@example.org, 2026-04-06T07:52:05Z
c6a3dcd8-b296-490d-9ee3-95a6f8d0b666, P0492                , e4d4bb39-15ac-42f3-ae77-1481dc35f2bd, Reminder , 4_6M_SURVEY_REMINDER_2, p0492@example.org, study-team@example.org,              4, Survey reminder, p0492@example.org, 2026-04-07T07:52:05Z
cd672c38-d65c-4cc3-a70a-4003d8238b5d, P0493                , 2bbf83c6-a314-4b57-93fb-7683a0c5be9c, Reminder , 7D_SURVEY_REMINDER_1  , p0493@example.org, study-team@example.org,              2, Survey reminder, p0493@example.org, 2025-07-04T14:39:11Z
cd672c38-d65c-4cc3-a70a-4003d8238b5d, P0493                , 235f33f8-b78f-4b97-9e70-cf78899a2f39, Reminder , 7D_SURVEY_REMINDER_2  , p0493@example.org, study-team@example.org,              5, Survey reminder, p0493@example.org, 2025-07-05T14:39:11Z
cd672c38-d65c-4cc3-a70a-4003d8238b5d, P0493                , b3462a26-e937-4963-bace-e22ec05ceece, Reminder , 1M_SURVEY_REMINDER_1  , p0493@example.org, study-team@example.org,              1, Survey reminder, p0493@example.org, 2025-07-27T14:39:11Z
cd672c38-d65c-4cc3-a70a-4003d8238b5d, P0493                , 0e4df934-ff41-4270-80db-2db97516a4bc, Reminder , 3M_SURVEY_REMINDER_1  , p0493@example.org, study-team@example.org,              1, Survey reminder, p0493@example.org, 2025-09-25T14:39:11Z
447dfefe-f278-434b-a6e9-e81d183c1225, P0494                , aab06c03-07b1-448d-b2bc-aa1f99ab7820, Reminder , 24H_SURVEY_REMINDER_1 , p0494@example.org, study-team@example.org,              3, Survey reminder, p0494@example.org, 2025-08-25T08:02:08Z
447dfefe-f278-434b-a6e9-e81d183c1225, P0494                , aeabf1b4-b4bc-4d2d-b42a-0087e6e86e98, Reminder , 7D_SURVEY_REMINDER_1  , p0494@example.org, study-team@example.org,              1, Survey reminder, p0494@example.org, 2025-09-01T08:02:08Z
447dfefe-f278-434b-a6e9-e81d183c1225, P0494                , d7d2cab7-5ec5-4e63-80bc-9d53103bb749, Reminder , 1M_SURVEY_REMINDER_1  , p0494@example.org, study-team@example.org,              4, Survey reminder, p0494@example.org, 2025-09-24T08:02:08Z
02dc1fa7-117d-4c22-9e56-0d6cc1d1430a, P0496                , 359010c8-6233-4ef8-b4b2-25d21d1337a2, Reminder , 24H_SURVEY_REMINDER_1 , p0496@example.org, study-team@example.org,              2, Survey reminder, p0496@example.org, 2025-09-12T18:24:50Z
02dc1fa7-117d-4c22-9e56-0d6cc1d1430a, P0496                , 8abe9669-46f9-4e23-ab05-22e34daa1e1a, Reminder , 24H_SURVEY_REMINDER_2 , p0496@example.org, study-team@example.org,              3, Survey reminder, p0496@example.org, 2025-09-13T18:24:50Z
e393d81f-6a66-40d2-95cf-f347dbd71624, P0497                , 8047dcdd-56fe-4452-9d2e-7fb3ff2e7049, Reminder , 24H_SURVEY_REMINDER_1 , p0497@example.org, study-team@example.org,              1, Survey reminder, p0497@example.org, 2025-10-05T20:59:12Z
e393d81f-6a66-40d2-95cf-f347dbd71624, P0497                , 2f3675fe-1e50-4bee-87ca-1d03ad97b96f, Reminder , 24H_SURVEY_REMINDER_2 , p0497@example.org, study-team@example.org,              1, Survey reminder, p0497@example.org, 2025-10-06T20:59:12Z
e393d81f-6a66-40d2-95cf-f347dbd71624, P0497                , 7e4d0b25-0893-4090-8bf8-bd59954ff363, Reminder , 24H_SURVEY_REMINDER_3 , p0497@example.org, study-team@example.org,              2, Survey reminder, p0497@example.org, 2025-10-07T20:59:12Z
ce6ce84e-94c2-4f81-aa4b-7aef9ec6e1cb, P0498                , 60a35539-e068-450f-b570-c37066333c70, Reminder , 24H_SURVEY_REMINDER_1 , p0498@example.org, study-team@example.org,              5, Survey reminder, p0498@example.org, 2025-08-28T09:34:25Z
ce6ce84e-94c2-4f81-aa4b-7aef9ec6e1cb, P0498                , 714823c4-6278-4389-b112-46dbc69a7ae1, Reminder , 4_6M_SURVEY_REMINDER_1, p0498@example.org, study-team@example.org,              4, Survey reminder, p0498@example.org, 2026-02-09T10:34:25Z
cec42e0d-5c6b-4329-980c-0e29e0ba111f, P0499                , 638247cf-ce02-4ae8-a223-6f21da3a17a7, Reminder , 24H_SURVEY_REMINDER_1 , p0499@example.org, study-team@example.org,              2, Survey reminder, p0499@example.org, 2025-01-16T07:17:42Z
cec42e0d-5c6b-4329-980c-0e29e0ba111f, P0499                , a1671b68-8907-47db-8519-0bdc7b840cfd, Reminder , 7D_SURVEY_REMINDER_1  , p0499@example.org, study-team@example.org,              2, Survey reminder, p0499@example.org, 2025-01-23T07:17:42Z
cec42e0d-5c6b-4329-980c-0e29e0ba111f, P0499                , 6b5b4b17-3d03-4f4a-b984-6fb72e16e516, Reminder , 7D_SURVEY_REMINDER_2  , p0499@example.org, study-team@example.org,              1, Survey reminder, p0499@example.org, 2025-01-24T07:17:42Z
cec42e0d-5c6b-4329-980c-0e29e0ba111f, P0499                , 76a66ca1-24ff-4da5-ba87-405604b2f3f7, Reminder , 4_6M_SURVEY_REMINDER_1, p0499@example.org, study-team@example.org,              5, Survey reminder, p0499@example.org, 2025-07-02T06:17:42Z
fb4cb801-b7fe-4d47-9d8c-67e12e2e90c4, P0500                , 19b29f8b-bc8f-4c3c-b7f9-a0b2d2325cc4, Reminder , 7D_SURVEY_REMINDER_1  , p0500@example.org, study-team@example.org,              1, Survey reminder, p0500@example.org, 2026-01-02T16:14:48Z
fb4cb801-b7fe-4d47-9d8c-67e12e2e90c4, P0500                , 8533a189-90cb-4259-ac02-89eb48578866, Reminder , 1M_SURVEY_REMINDER_1  , p0500@example.org, study-team@example.org,              3, Survey reminder, p0500@example.org, 2026-01-25T16:14:48Z
fb4cb801-b7fe-4d47-9d8c-67e12e2e90c4, P0500                , 535eb470-ad6a-4fca-9925-76d5bf737a4a, Reminder , 1M_SURVEY_REMINDER_2  , p0500@example.org, study-team@example.org,              3, Survey reminder, p0500@example.org, 2026-01-26T16:14:48Z
2358658d-4c56-4b78-850d-55f7bd526a78, P0501                , 142c2f15-fc95-46c3-b266-d9c500a06cdc, Reminder , 1M_SURVEY_REMINDER_1  , p0501@example.org, study-team@example.org,              3, Survey reminder, p0501@example.org, 2025-07-07T11:20:14Z
c0c2540f-158e-46d4-a72d-1b8dc3b6e7d6, P0502                , 3e99b91e-5d61-4044-9460-69544fcaca4e, Reminder , 24H_SURVEY_REMINDER_1 , p0502@example.org, study-team@example.org,              5, Survey reminder, p0502@example.org, 2025-05-04T05:56:08Z
c0c2540f-158e-46d4-a72d-1b8dc3b6e7d6, P0502                , 9fce654a-53f5-4c29-a3a7-f9cdc43da24d, Reminder , 7D_SURVEY_REMINDER_1  , p0502@example.org, study-team@example.org,              5, Survey reminder, p0502@example.org, 2025-05-11T05:56:08Z
c0c2540f-158e-46d4-a72d-1b8dc3b6e7d6, P0502                , dd9cb253-09c8-4809-8fa7-3434499b613e, Reminder , 7D_SURVEY_REMINDER_2  , p0502@example.org, study-team@example.org,              5, Survey reminder, p0502@example.org, 2025-05-12T05:56:08Z
c0c2540f-158e-46d4-a72d-1b8dc3b6e7d6, P0502                , cd83124c-69db-433b-8701-5c8818d1cb85, Reminder , 7D_SURVEY_REMINDER_3  , p0502@example.org, study-team@example.org,              4, Survey reminder, p0502@example.org, 2025-05-13T05:56:08Z
c0c2540f-158e-46d4-a72d-1b8dc3b6e7d6, P0502                , d23f3bbc-de57-4ece-8dfd-f134a5b291b4, Reminder , 3M_SURVEY_REMINDER_1  , p0502@example.org, study-team@example.org,              1, Survey reminder, p0502@example.org, 2025-08-02T05:56:08Z
b652e1f5-055a-4ea1-8c9b-daf120ee912c, P0504                , 8002f40e-dfeb-49e1-8450-9bb9fcab3a7e, Reminder , 7D_SURVEY_REMINDER_1  , p0504@example.org, study-team@example.org,              2, Survey reminder, p0504@example.org, 2025-04-02T05:53:01Z
b652e1f5-055a-4ea1-8c9b-daf120ee912c, P0504                , 5ba71337-29b2-479c-873f-d2e6bf2d8e57, Reminder , 7D_SURVEY_REMINDER_2  , p0504@example.org, study-team@example.org,              5, Survey reminder, p0504@example.org, 2025-04-03T05:53:01Z
b652e1f5-055a-4ea1-8c9b-daf120ee912c, P0504                , f7493b25-a773-4d6d-ab8a-3778a629308b, Reminder , 7D_SURVEY_REMINDER_3  , p0504@example.org, study-team@example.org,              5, Survey reminder, p0504@example.org, 2025-04-04T05:53:01Z
b652e1f5-055a-4ea1-8c9b-daf120ee912c, P0504                , 2a18cc5a-ca47-468c-addf-671c80c5b1b1, Reminder , 3M_SURVEY_REMINDER_1  , p0504@example.org, study-team@example.org,              1, Survey reminder, p0504@example.org, 2025-06-24T05:53:01Z
b652e1f5-055a-4ea1-8c9b-daf120ee912c, P0504                , c3c6cb5a-32e6-4a72-a8f4-93bbedc82e6f, Reminder , 3M_SURVEY_REMINDER_2  , p0504@example.org, study-team@example.org,              2, Survey reminder, p0504@example.org, 2025-06-25T05:53:01Z
b652e1f5-055a-4ea1-8c9b-daf120ee912c, P0504                , 1191b2ae-d2d9-41f9-8f22-cc5d5bbdb45a, Reminder , 3M_SURVEY_REMINDER_3  , p0504@example.org, study-team@example.org,              5, Survey reminder, p0504@example.org, 2025-06-26T05:53:01Z
f82840d0-bcd8-436e-9919-d7bd62c2c175, P0505                , afef8b74-a05c-43ec-86bf-e98319a0a622, Reminder , 7D_SURVEY_REMINDER_1  , p0505@example.org, study-team@example.org,              1, Survey reminder, p0505@example.org, 2025-08-27T05:01:30Z
f82840d0-bcd8-436e-9919-d7bd62c2c175, P0505                , c6576619-2b07-4e3a-af46-8129e075d0fe, Reminder , 3M_SURVEY_REMINDER_1  , p0505@example.org, study-team@example.org,              5, Survey reminder, p0505@example.org, 2025-11-18T06:01:30Z
f82840d0-bcd8-436e-9919-d7bd62c2c175, P0505                , 05c3f8f0-13de-4f4f-91a4-505631953e3d, Reminder , 3M_SURVEY_REMINDER_2  , p0505@example.org, study-team@example.org,              1, Survey reminder, p0505@example.org, 2025-11-19T06:01:30Z
f82840d0-bcd8-436e-9919-d7bd62c2c175, P0505                , fc176c91-2198-4f2b-ae37-922619f7aca3, Reminder , 4_6M_SURVEY_REMINDER_1, p0505@example.org, study-team@example.org,              5, Survey reminder, p0505@example.org, 2026-02-03T06:01:30Z
5de4f606-43a9-418f-9ab8-a8583c9faae1, P0506                , 5df9e434-96e0-405f-ad4a-e0f0d4cae5a1, Reminder , 24H_SURVEY_REMINDER_1 , p0506@example.org, study-team@example.org,              3, Survey reminder, p0506@example.org, 2025-06-30T04:24:13Z
5de4f606-43a9-418f-9ab8-a8583c9faae1, P0506                , 206126ef-a487-452d-89a6-2a25fa0fae5f, Reminder , 3M_SURVEY_REMINDER_1  , p0506@example.org, study-team@example.org,              4, Survey reminder, p0506@example.org, 2025-09-28T04:24:13Z
4e7a0a2c-7a3e-4624-8e0c-d699bfed305b, P0507                , e94096c3-69cf-4e0c-9876-020985756328, Reminder , 3M_SURVEY_REMINDER_1  , p0507@example.org, study-team@example.org,              5, Survey reminder, p0507@example.org, 2025-09-13T23:46:17Z
e5e3fd33-78a7-4375-b8a3-554dcd2666b6, P0508                , 311274f2-2472-4ab6-ae16-8b286523862c, Reminder , 24H_SURVEY_REMINDER_1 , p0508@example.org, study-team@example.org,              3, Survey reminder, p0508@example.org, 2025-09-21T00:01:57Z
e5e3fd33-78a7-4375-b8a3-554dcd2666b6, P0508                , d6ae2713-e844-4515-904e-e8f4f1b43806, Reminder , 24H_SURVEY_REMINDER_2 , p0508@example.org, study-team@example.org,              4, Survey reminder, p0508@example.org, 2025-09-22T00:01:57Z
e5e3fd33-78a7-4375-b8a3-554dcd2666b6, P0508                , c49221d6-4977-4abd-8080-eb3243ef0590, Reminder , 24H_SURVEY_REMINDER_3 , p0508@example.org, study-team@example.org,              5, Survey reminder, p0508@example.org, 2025-09-23T00:01:57Z
e5e3fd33-78a7-4375-b8a3-554dcd2666b6, P0508                , 56921f13-4029-498c-b4e8-f976bfb24e22, Reminder , 3M_SURVEY_REMINDER_1  , p0508@example.org, study-team@example.org,              1, Survey reminder, p0508@example.org, 2025-12-20T01:01:57Z
e5e3fd33-78a7-4375-b8a3-554dcd2666b6, P0508                , 7868ba47-c591-401a-ba32-1bb7d2b86815, Reminder , 3M_SURVEY_REMINDER_2  , p0508@example.org, study-team@example.org,              4, Survey reminder, p0508@example.org, 2025-12-21T01:01:57Z
e5e3fd33-78a7-4375-b8a3-554dcd2666b6, P0508                , e44b33de-5b95-4f34-89a0-4ee0864c03be, Reminder , 4_6M_SURVEY_REMINDER_1, p0508@example.org, study-team@example.org,              4, Survey reminder, p0508@example.org, 2026-02-19T01:01:57Z
08083b80-2306-410b-a48d-6c5ff30c92e0, P0510                , 651e860b-ae50-4e1d-84e2-9310f941e92f, Reminder , 24H_SURVEY_REMINDER_1 , p0510@example.org, study-team@example.org,              3, Survey reminder, p0510@example.org, 2025-02-16T22:16:19Z
08083b80-2306-410b-a48d-6c5ff30c92e0, P0510                , 990a3186-8cd7-40c0-a04b-65410d4be99d, Reminder , 24H_SURVEY_REMINDER_2 , p0510@example.org, study-team@example.org,              5, Survey reminder, p0510@example.org, 2025-02-17T22:16:19Z
08083b80-2306-410b-a48d-6c5ff30c92e0, P0510                , aacab760-87e3-4309-8e75-0862e5cb5345, Reminder , 24H_SURVEY_REMINDER_3 , p0510@example.org, study-team@example.org,              4, Survey reminder, p0510@example.org, 2025-02-18T22:16:19Z
08083b80-2306-410b-a48d-6c5ff30c92e0, P0510                , 7035f546-2075-47be-bc3e-3ced2ea74789, Reminder , 4_6M_SURVEY_REMINDER_1, p0510@example.org, study-team@example.org,              3, Survey reminder, p0510@example.org, 2025-07-11T21:16:19Z
14f80d2f-f217-4836-b171-929df0346021, P0511                , e9754a95-cb71-4b75-95ad-526e29ab691b, Reminder , 1M_SURVEY_REMINDER_1  , p0511@example.org, study-team@example.org,              5, Survey reminder, p0511@example.org, 2025-10-25T02:18:41Z
14f80d2f-f217-4836-b171-929df0346021, P0511                , 0a4e239e-01f3-49a2-923e-86c360bc21d8, Reminder , 3M_SURVEY_REMINDER_1  , p0511@example.org, study-team@example.org,              1, Survey reminder, p0511@example.org, 2025-12-24T03:18:41Z
14f80d2f-f217-4836-b171-929df0346021, P0511                , a2447e08-6f80-4048-b54b-132ebc6eb899, Reminder , 3M_SURVEY_REMINDER_2  , p0511@example.org, study-team@example.org,              1, Survey reminder, p0511@example.org, 2025-12-25T03:18:41Z
40fc5617-8090-4e56-bf16-8286b33ccb89, P0512                , 618098a4-cd3d-49c2-a70d-0f20165a700f, Reminder , 24H_SURVEY_REMINDER_1 , p0512@example.org, study-team@example.org,              2, Survey reminder, p0512@example.org, 2025-05-26T19:18:35Z
40fc5617-8090-4e56-bf16-8286b33ccb89, P0512                , 3f3efa74-e901-4a66-a9b3-c771a6e1f157, Reminder , 7D_SURVEY_REMINDER_1  , p0512@example.org, study-team@example.org,              2, Survey reminder, p0512@example.org, 2025-06-02T19:18:35Z
40fc5617-8090-4e56-bf16-8286b33ccb89, P0512                , edb2995b-d6b8-4fc4-b380-40dea4883c86, Reminder , 7D_SURVEY_REMINDER_2  , p0512@example.org, study-team@example.org,              2, Survey reminder, p0512@example.org, 2025-06-03T19:18:35Z
40fc5617-8090-4e56-bf16-8286b33ccb89, P0512                , dcdec947-b85a-4061-bf61-29a47a8a2868, Reminder , 7D_SURVEY_REMINDER_3  , p0512@example.org, study-team@example.org,              4, Survey reminder, p0512@example.org, 2025-06-04T19:18:35Z
57b33573-313b-4045-a040-284d0ad23896, P0513                , 2066fe84-a078-4740-b9a0-a94deb8b4af5, Reminder , 7D_SURVEY_REMINDER_1  , p0513@example.org, study-team@example.org,              4, Survey reminder, p0513@example.org, 2025-12-09T00:54:48Z
57b33573-313b-4045-a040-284d0ad23896, P0513                , 32229820-6c5c-4581-9163-d4decdff3477, Reminder , 1M_SURVEY_REMINDER_1  , p0513@example.org, study-team@example.org,              4, Survey reminder, p0513@example.org, 2026-01-01T00:54:48Z
57b33573-313b-4045-a040-284d0ad23896, P0513                , dee33391-2c49-45ee-a2dc-25018f767417, Reminder , 1M_SURVEY_REMINDER_2  , p0513@example.org, study-team@example.org,              3, Survey reminder, p0513@example.org, 2026-01-02T00:54:48Z
57b33573-313b-4045-a040-284d0ad23896, P0513                , 0049bd53-6a8e-4ef2-bee8-b43de0534d15, Reminder , 1M_SURVEY_REMINDER_3  , p0513@example.org, study-team@example.org,              3, Survey reminder, p0513@example.org, 2026-01-03T00:54:48Z
57b33573-313b-4045-a040-284d0ad23896, P0513                , 601d99ab-a98e-47fb-9b60-ed7a7ce7047d, Reminder , 3M_SURVEY_REMINDER_1  , p0513@example.org, study-team@example.org,              2, Survey reminder, p0513@example.org, 2026-03-02T00:54:48Z
57b33573-313b-4045-a040-284d0ad23896, P0513                , ec52c56e-d3f4-42cf-9624-b014f2f8896e, Reminder , 4_6M_SURVEY_REMINDER_1, p0513@example.org, study-team@example.org,              1, Survey reminder, p0513@example.org, 2026-05-13T23:54:48Z
cab0654f-b82e-4fee-9615-f3ffd4e4e669, P0515                , 0cd46cbb-53cc-466e-9869-c282efd8977b, Reminder , 7D_SURVEY_REMINDER_1  , p0515@example.org, study-team@example.org,              4, Survey reminder, p0515@example.org, 2025-09-30T03:09:03Z
cab0654f-b82e-4fee-9615-f3ffd4e4e669, P0515                , 81a6d91a-3565-4835-a463-4d4f61d51284, Reminder , 7D_SURVEY_REMINDER_2  , p0515@example.org, study-team@example.org,              4, Survey reminder, p0515@example.org, 2025-10-01T03:09:03Z
cab0654f-b82e-4fee-9615-f3ffd4e4e669, P0515                , f900fe49-91b0-4491-9ef8-dc0f834f0cd3, Reminder , 1M_SURVEY_REMINDER_1  , p0515@example.org, study-team@example.org,              2, Survey reminder, p0515@example.org, 2025-10-23T03:09:03Z
cab0654f-b82e-4fee-9615-f3ffd4e4e669, P0515                , 0869c25f-46ea-41a4-9f23-04c989c5f840, Reminder , 1M_SURVEY_REMINDER_2  , p0515@example.org, study-team@example.org,              5, Survey reminder, p0515@example.org, 2025-10-24T03:09:03Z
cab0654f-b82e-4fee-9615-f3ffd4e4e669, P0515                , 4a20375f-0d7a-42d2-8ca2-4c1ba26a841e, Reminder , 3M_SURVEY_REMINDER_1  , p0515@example.org, study-team@example.org,              3, Survey reminder, p0515@example.org, 2025-12-22T04:09:03Z
44c1c883-80df-4e5f-824e-a562607096f2, P0516                , 5cb4e82d-1433-46ed-abec-34e3b186f937, Reminder , 24H_SURVEY_REMINDER_1 , p0516@example.org, study-team@example.org,              2, Survey reminder, p0516@example.org, 2025-12-26T06:48:53Z
44c1c883-80df-4e5f-824e-a562607096f2, P0516                , abcba3c9-00c5-4848-877a-56247d7b9a37, Reminder , 3M_SURVEY_REMINDER_1  , p0516@example.org, study-team@example.org,              1, Survey reminder, p0516@example.org, 2026-03-26T05:48:53Z
a2215b15-a9be-4d16-b976-281e6644b2b5, P0517                , 6da7ae8a-ce7e-4c12-be14-f2d9794915fe, Reminder , 1M_SURVEY_REMINDER_1  , p0517@example.org, study-team@example.org,              4, Survey reminder, p0517@example.org, 2025-05-09T04:52:52Z
a2215b15-a9be-4d16-b976-281e6644b2b5, P0517                , 7874ea6a-3415-453e-ac93-50207b6128d4, Reminder , 1M_SURVEY_REMINDER_2  , p0517@example.org, study-team@example.org,              1, Survey reminder, p0517@example.org, 2025-05-10T04:52:52Z
fb52b74a-3d2b-45b9-bcfd-9491f1d7db63, P0518                , ef91dcad-15c7-482a-874a-aa5c55723f3f, Reminder , 7D_SURVEY_REMINDER_1  , p0518@example.org, study-team@example.org,              5, Survey reminder, p0518@example.org, 2025-06-08T14:11:31Z
fb52b74a-3d2b-45b9-bcfd-9491f1d7db63, P0518                , 3a24c98c-ef04-4d9f-9ea0-c17e9114ea49, Reminder , 1M_SURVEY_REMINDER_1  , p0518@example.org, study-team@example.org,              2, Survey reminder, p0518@example.org, 2025-07-01T14:11:31Z
10918653-f597-4ac8-8cc5-b503affdcd28, P0519                , 4a0c352e-17b8-478b-bf33-f3fb826f3d8a, Reminder , 24H_SURVEY_REMINDER_1 , p0519@example.org, study-team@example.org,              1, Survey reminder, p0519@example.org, 2025-04-24T20:32:24Z
10918653-f597-4ac8-8cc5-b503affdcd28, P0519                , 9755e6b1-bf96-4892-a203-62987cac8b3a, Reminder , 24H_SURVEY_REMINDER_2 , p0519@example.org, study-team@example.org,              4, Survey reminder, p0519@example.org, 2025-04-25T20:32:24Z
10918653-f597-4ac8-8cc5-b503affdcd28, P0519                , b6f1921a-d8eb-4745-b882-97575743b9dd, Reminder , 1M_SURVEY_REMINDER_1  , p0519@example.org, study-team@example.org,              1, Survey reminder, p0519@example.org, 2025-05-24T20:32:24Z
10918653-f597-4ac8-8cc5-b503affdcd28, P0519                , 939cf15c-363c-4183-a01d-cf16a20d7cfb, Reminder , 1M_SURVEY_REMINDER_2  , p0519@example.org, study-team@example.org,              5, Survey reminder, p0519@example.org, 2025-05-25T20:32:24Z
10918653-f597-4ac8-8cc5-b503affdcd28, P0519                , ec04b2d9-2aa1-4b37-b6fc-af1aff26e652, Reminder , 1M_SURVEY_REMINDER_3  , p0519@example.org, study-team@example.org,              3, Survey reminder, p0519@example.org, 2025-05-26T20:32:24Z
10918653-f597-4ac8-8cc5-b503affdcd28, P0519                , 8328f591-8b47-407e-93ba-bd6e4f06311d, Reminder , 4_6M_SURVEY_REMINDER_1, p0519@example.org, study-team@example.org,              2, Survey reminder, p0519@example.org, 2025-10-01T20:32:24Z
10918653-f597-4ac8-8cc5-b503affdcd28, P0519                , fd6f0248-09da-4d1d-89ee-5f4befb5f961, Reminder , 4_6M_SURVEY_REMINDER_2, p0519@example.org, study-team@example.org,              3, Survey reminder, p0519@example.org, 2025-10-02T20:32:24Z
6b88c4d1-2f08-426e-a0c2-02153a9b6ae7, P0520                , 51bf592d-760c-40c1-9cad-868d74bffc07, Reminder , 24H_SURVEY_REMINDER_1 , p0520@example.org, study-team@example.org,              5, Survey reminder, p0520@example.org, 2025-11-14T18:16:55Z
6b88c4d1-2f08-426e-a0c2-02153a9b6ae7, P0520                , 6c7d0b5b-8274-46de-be20-90da1a1947ef, Reminder , 7D_SURVEY_REMINDER_1  , p0520@example.org, study-team@example.org,              1, Survey reminder, p0520@example.org, 2025-11-21T18:16:55Z
6b88c4d1-2f08-426e-a0c2-02153a9b6ae7, P0520                , ce7286b3-5390-440f-a28a-3532c371c6ff, Reminder , 7D_SURVEY_REMINDER_2  , p0520@example.org, study-team@example.org,              3, Survey reminder, p0520@example.org, 2025-11-22T18:16:55Z
6b88c4d1-2f08-426e-a0c2-02153a9b6ae7, P0520                , 561313f3-e7ba-4d91-a5cf-b75e9ab9cca2, Reminder , 7D_SURVEY_REMINDER_3  , p0520@example.org, study-team@example.org,              1, Survey reminder, p0520@example.org, 2025-11-23T18:16:55Z
6b88c4d1-2f08-426e-a0c2-02153a9b6ae7, P0520                , 501bbb4e-3f44-4e22-87ce-10f0dd57e04f, Reminder , 1M_SURVEY_REMINDER_1  , p0520@example.org, study-team@example.org,              5, Survey reminder, p0520@example.org, 2025-12-14T18:16:55Z
6b88c4d1-2f08-426e-a0c2-02153a9b6ae7, P0520                , 7c79c74c-d4eb-454e-a62d-8af69272f03c, Reminder , 3M_SURVEY_REMINDER_1  , p0520@example.org, study-team@example.org,              1, Survey reminder, p0520@example.org, 2026-02-12T18:16:55Z
6b88c4d1-2f08-426e-a0c2-02153a9b6ae7, P0520                , d38b253f-1a0e-4364-920e-037e7b4fc2f9, Reminder , 4_6M_SURVEY_REMINDER_1, p0520@example.org, study-team@example.org,              3, Survey reminder, p0520@example.org, 2026-04-23T17:16:55Z
0b33c8be-4d14-451e-ba00-2a550ff98fde, P0521                , 65ca378c-69e7-4694-ae5e-f67d7f7a5edd, Reminder , 3M_SURVEY_REMINDER_1  , p0521@example.org, study-team@example.org,              3, Survey reminder, p0521@example.org, 2025-08-17T21:07:55Z
0b33c8be-4d14-451e-ba00-2a550ff98fde, P0521                , c01283ca-139c-41d4-abd9-6662a568b47f, Reminder , 3M_SURVEY_REMINDER_2  , p0521@example.org, study-team@example.org,              4, Survey reminder, p0521@example.org, 2025-08-18T21:07:55Z
0b33c8be-4d14-451e-ba00-2a550ff98fde, P0521                , 465d2f34-e804-44c9-af6b-3cf35237ca4f, Reminder , 3M_SURVEY_REMINDER_3  , p0521@example.org, study-team@example.org,              2, Survey reminder, p0521@example.org, 2025-08-19T21:07:55Z
a116f045-6a2b-45e3-ab42-03463b3d85a1, P0523                , 27411365-8ffa-4d0d-8bf1-f8a43af2c40e, Reminder , 7D_SURVEY_REMINDER_1  , p0523@example.org, study-team@example.org,              5, Survey reminder, p0523@example.org, 2025-10-21T02:18:40Z
7365581d-fb33-401a-a77a-bc8afb8c6a86, P0524                , fda90887-3bb1-4023-8902-4b01d655da33, Reminder , 4_6M_SURVEY_REMINDER_1, p0524@example.org, study-team@example.org,              3, Survey reminder, p0524@example.org, 2026-03-24T05:54:03Z
7365581d-fb33-401a-a77a-bc8afb8c6a86, P0524                , dd6806e6-30ce-4702-8e21-92a28b50c5cd, Reminder , 4_6M_SURVEY_REMINDER_2, p0524@example.org, study-team@example.org,              2, Survey reminder, p0524@example.org, 2026-03-25T05:54:03Z
7365581d-fb33-401a-a77a-bc8afb8c6a86, P0524                , e297dab3-92b0-4910-8753-cceb4c474e9b, Reminder , 4_6M_SURVEY_REMINDER_3, p0524@example.org, study-team@example.org,              3, Survey reminder, p0524@example.org, 2026-03-26T05:54:03Z
a9d6f5dc-3080-4179-b052-049caa74af7a, P0525                , d6c04de4-4423-4490-ade9-259e3bf60dca, Reminder , 24H_SURVEY_REMINDER_1 , p0525@example.org, study-team@example.org,              2, Survey reminder, p0525@example.org, 2025-06-20T02:43:58Z
a9d6f5dc-3080-4179-b052-049caa74af7a, P0525                , 15b33bfc-987a-47e4-bb7c-6b25212cd9f7, Reminder , 3M_SURVEY_REMINDER_1  , p0525@example.org, study-team@example.org,              3, Survey reminder, p0525@example.org, 2025-09-18T02:43:58Z
a9d6f5dc-3080-4179-b052-049caa74af7a, P0525                , dfd82005-f3f3-4e2e-93e1-03a7af1aa857, Reminder , 3M_SURVEY_REMINDER_2  , p0525@example.org, study-team@example.org,              2, Survey reminder, p0525@example.org, 2025-09-19T02:43:58Z
3014eeaa-a154-44b5-8683-db4cc75b4f1b, P0526                , 508cfdc1-004e-4993-968b-9bc7d300e8d8, Reminder , 1M_SURVEY_REMINDER_1  , p0526@example.org, study-team@example.org,              2, Survey reminder, p0526@example.org, 2026-01-07T16:27:08Z
3014eeaa-a154-44b5-8683-db4cc75b4f1b, P0526                , 1c82d50d-d62a-47f3-ad18-c67d4fec7d02, Reminder , 1M_SURVEY_REMINDER_2  , p0526@example.org, study-team@example.org,              1, Survey reminder, p0526@example.org, 2026-01-08T16:27:08Z
18dd7cec-753c-4390-81d5-6fe2ec00d0e0, P0527                , f8f0a960-3273-45f1-805a-edc68c4c6b26, Reminder , 24H_SURVEY_REMINDER_1 , p0527@example.org, study-team@example.org,              1, Survey reminder, p0527@example.org, 2025-01-10T17:33:59Z
18dd7cec-753c-4390-81d5-6fe2ec00d0e0, P0527                , 274fc66d-8828-46eb-aeee-59231589f32d, Reminder , 7D_SURVEY_REMINDER_1  , p0527@example.org, study-team@example.org,              5, Survey reminder, p0527@example.org, 2025-01-17T17:33:59Z
e0d22f87-c399-442e-816f-521786b760c1, P0529                , 180a8304-5509-4d72-844d-1c4139e7060d, Reminder , 24H_SURVEY_REMINDER_1 , p0529@example.org, study-team@example.org,              5, Survey reminder, p0529@example.org, 2025-09-28T12:40:47Z
e0d22f87-c399-442e-816f-521786b760c1, P0529                , d1abe400-4786-4229-b9a3-abbf0e42d8c0, Reminder , 24H_SURVEY_REMINDER_2 , p0529@example.org, study-team@example.org,              4, Survey reminder, p0529@example.org, 2025-09-29T12:40:47Z
e0d22f87-c399-442e-816f-521786b760c1, P0529                , 06b2d982-fb9a-4dd1-8e45-7de66fa3d339, Reminder , 24H_SURVEY_REMINDER_3 , p0529@example.org, study-team@example.org,              1, Survey reminder, p0529@example.org, 2025-09-30T12:40:47Z
e0d22f87-c399-442e-816f-521786b760c1, P0529                , 62ee9bfa-76cf-46d4-b078-8e8ae5fbd454, Reminder , 7D_SURVEY_REMINDER_1  , p0529@example.org, study-team@example.org,              4, Survey reminder, p0529@example.org, 2025-10-05T12:40:47Z
e0d22f87-c399-442e-816f-521786b760c1, P0529                , fa1b90d5-0bef-4bc8-be61-34fdaf8cf3ae, Reminder , 7D_SURVEY_REMINDER_2  , p0529@example.org, study-team@example.org,              3, Survey reminder, p0529@example.org, 2025-10-06T12:40:47Z
8a350062-0225-4571-82b6-7bcb42b3b7ff, P0530                , dbd5fc3d-21ec-4ffc-8aa0-f63badca7f1c, Reminder , 7D_SURVEY_REMINDER_1  , p0530@example.org, study-team@example.org,              1, Survey reminder, p0530@example.org, 2025-05-16T20:56:22Z
8a350062-0225-4571-82b6-7bcb42b3b7ff, P0530                , fea2dd59-1885-4b09-83a8-59fe0f59219c, Reminder , 1M_SURVEY_REMINDER_1  , p0530@example.org, study-team@example.org,              2, Survey reminder, p0530@example.org, 2025-06-08T20:56:22Z
b2c643a8-292d-418b-a6c7-6e8c77e7a0c7, P0531                , 00673f64-c530-4c8a-b9ac-dcd692006cd0, Reminder , 7D_SURVEY_REMINDER_1  , p0531@example.org, study-team@example.org,              3, Survey reminder, p0531@example.org, 2025-04-30T22:51:46Z
b2c643a8-292d-418b-a6c7-6e8c77e7a0c7, P0531                , 4d013e0f-7b63-4697-8f4b-429e41ff4e1e, Reminder , 7D_SURVEY_REMINDER_2  , p0531@example.org, study-team@example.org,              3, Survey reminder, p0531@example.org, 2025-05-01T22:51:46Z
b2c643a8-292d-418b-a6c7-6e8c77e7a0c7, P0531                , 3da02b94-bf1b-490f-ac86-b520bd8fa12e, Reminder , 7D_SURVEY_REMINDER_3  , p0531@example.org, study-team@example.org,              2, Survey reminder, p0531@example.org, 2025-05-02T22:51:46Z
918a6ab8-3e98-4219-b28d-42a53d4d4ef8, P0532                , 4a0a6b56-914f-4700-8d80-da758c117d01, Reminder , 24H_SURVEY_REMINDER_1 , p0532@example.org, study-team@example.org,              5, Survey reminder, p0532@example.org, 2025-10-10T21:19:11Z
918a6ab8-3e98-4219-b28d-42a53d4d4ef8, P0532                , 3930a018-0b5f-459d-baa6-d0e6bcbbb5db, Reminder , 7D_SURVEY_REMINDER_1  , p0532@example.org, study-team@example.org,              4, Survey reminder, p0532@example.org, 2025-10-17T21:19:11Z
918a6ab8-3e98-4219-b28d-42a53d4d4ef8, P0532                , 0d5e898b-6905-4358-8e7b-4e9645c2d710, Reminder , 7D_SURVEY_REMINDER_2  , p0532@example.org, study-team@example.org,              1, Survey reminder, p0532@example.org, 2025-10-18T21:19:11Z
918a6ab8-3e98-4219-b28d-42a53d4d4ef8, P0532                , ba0b1f65-6a70-469b-afcd-729c853ac3b5, Reminder , 7D_SURVEY_REMINDER_3  , p0532@example.org, study-team@example.org,              1, Survey reminder, p0532@example.org, 2025-10-19T21:19:11Z
918a6ab8-3e98-4219-b28d-42a53d4d4ef8, P0532                , 6171712b-5db0-4049-8826-b6caf9969d50, Reminder , 1M_SURVEY_REMINDER_1  , p0532@example.org, study-team@example.org,              3, Survey reminder, p0532@example.org, 2025-11-09T22:19:11Z
918a6ab8-3e98-4219-b28d-42a53d4d4ef8, P0532                , 33b98abc-b13f-4ae7-a0bb-bec86d0d069f, Reminder , 3M_SURVEY_REMINDER_1  , p0532@example.org, study-team@example.org,              2, Survey reminder, p0532@example.org, 2026-01-08T22:19:11Z
6d25b72e-5775-40e4-8dfc-d82779bc9205, P0533                , 54f5745e-7901-46af-b472-b1cee2186071, Reminder , 24H_SURVEY_REMINDER_1 , p0533@example.org, study-team@example.org,              5, Survey reminder, p0533@example.org, 2025-10-27T05:00:40Z
6d25b72e-5775-40e4-8dfc-d82779bc9205, P0533                , dfc4d5a8-71ab-42b5-b67f-66d00f4929cc, Reminder , 24H_SURVEY_REMINDER_2 , p0533@example.org, study-team@example.org,              3, Survey reminder, p0533@example.org, 2025-10-28T05:00:40Z
6d25b72e-5775-40e4-8dfc-d82779bc9205, P0533                , fcb72aec-26b1-434d-a408-5f36726a8272, Reminder , 24H_SURVEY_REMINDER_3 , p0533@example.org, study-team@example.org,              2, Survey reminder, p0533@example.org, 2025-10-29T05:00:40Z
6d25b72e-5775-40e4-8dfc-d82779bc9205, P0533                , c4518fbd-7264-4c92-94b8-44541019eb8a, Reminder , 4_6M_SURVEY_REMINDER_1, p0533@example.org, study-team@example.org,              2, Survey reminder, p0533@example.org, 2026-03-27T05:00:40Z
6d25b72e-5775-40e4-8dfc-d82779bc9205, P0533                , a9cf9764-2497-4f9b-b1ff-2ede47cda2fc, Reminder , 4_6M_SURVEY_REMINDER_2, p0533@example.org, study-team@example.org,              1, Survey reminder, p0533@example.org, 2026-03-28T05:00:40Z
6d25b72e-5775-40e4-8dfc-d82779bc9205, P0533                , bf5370d3-a21e-46af-8502-bfe7f03ee222, Reminder , 4_6M_SURVEY_REMINDER_3, p0533@example.org, study-team@example.org,              2, Survey reminder, p0533@example.org, 2026-03-29T05:00:40Z
67ab7c33-64ce-4fe6-ad7b-68e7a47c4d6f, P0534                , 0c287829-3b2c-497a-8562-de9a2d121ae8, Reminder , 24H_SURVEY_REMINDER_1 , p0534@example.org, study-team@example.org,              2, Survey reminder, p0534@example.org, 2025-11-08T04:05:11Z
67ab7c33-64ce-4fe6-ad7b-68e7a47c4d6f, P0534                , 75752ceb-170e-49f2-b67d-3a0653299a26, Reminder , 7D_SURVEY_REMINDER_1  , p0534@example.org, study-team@example.org,              4, Survey reminder, p0534@example.org, 2025-11-15T04:05:11Z
67ab7c33-64ce-4fe6-ad7b-68e7a47c4d6f, P0534                , f9844c44-f512-43ed-870d-c02ea78266ad, Reminder , 1M_SURVEY_REMINDER_1  , p0534@example.org, study-team@example.org,              2, Survey reminder, p0534@example.org, 2025-12-08T04:05:11Z
0ca1bbec-b41a-4b4f-8622-fb39a1f5b901, P0535                , b1f0fc10-5287-4dea-a45b-01e45496d545, Reminder , 1M_SURVEY_REMINDER_1  , p0535@example.org, study-team@example.org,              4, Survey reminder, p0535@example.org, 2026-01-22T05:27:14Z
0ca1bbec-b41a-4b4f-8622-fb39a1f5b901, P0535                , 64d8c729-ee61-42c8-bf5f-0bf5f6c0f90f, Reminder , 1M_SURVEY_REMINDER_2  , p0535@example.org, study-team@example.org,              5, Survey reminder, p0535@example.org, 2026-01-23T05:27:14Z
18ffa972-b7c6-4d42-8a76-e8fd39ed3b4b, P0536                , f4d04a1e-68b3-459f-be84-0709139e38f7, Reminder , 24H_SURVEY_REMINDER_1 , p0536@example.org, study-team@example.org,              4, Survey reminder, p0536@example.org, 2025-02-18T01:04:08Z
18ffa972-b7c6-4d42-8a76-e8fd39ed3b4b, P0536                , 106a6fad-9983-4624-9178-5516bcc48479, Reminder , 24H_SURVEY_REMINDER_2 , p0536@example.org, study-team@example.org,              1, Survey reminder, p0536@example.org, 2025-02-19T01:04:08Z
18ffa972-b7c6-4d42-8a76-e8fd39ed3b4b, P0536                , f1b8762c-c96a-47cd-959e-23bd6284b0e6, Reminder , 24H_SURVEY_REMINDER_3 , p0536@example.org, study-team@example.org,              2, Survey reminder, p0536@example.org, 2025-02-20T01:04:08Z
a541c650-e841-4442-bc0d-47b5db31e197, P0537                , 94b3be2a-09e9-4a3a-b2cd-6148713e80ad, Reminder , 3M_SURVEY_REMINDER_1  , p0537@example.org, study-team@example.org,              4, Survey reminder, p0537@example.org, 2025-07-25T19:42:30Z
a541c650-e841-4442-bc0d-47b5db31e197, P0537                , 63e71b24-84b3-4585-b708-8c66dae3515e, Reminder , 3M_SURVEY_REMINDER_2  , p0537@example.org, study-team@example.org,              4, Survey reminder, p0537@example.org, 2025-07-26T19:42:30Z
3b17eb1d-c82d-495f-974d-495c65372fb3, P0539                , 3c71be5c-a723-4568-a8c3-95da1d1e7506, Reminder , 1M_SURVEY_REMINDER_1  , p0539@example.org, study-team@example.org,              3, Survey reminder, p0539@example.org, 2025-07-12T07:20:31Z
3b17eb1d-c82d-495f-974d-495c65372fb3, P0539                , 1e76d464-f67f-45eb-a8bb-5b328f7f2dde, Reminder , 1M_SURVEY_REMINDER_2  , p0539@example.org, study-team@example.org,              5, Survey reminder, p0539@example.org, 2025-07-13T07:20:31Z
89f3cb62-0f5a-42a3-9bd8-e8a5a059bad0, P0540                , a8d407f0-fa13-40a4-a818-d2bf2040e6dc, Reminder , 7D_SURVEY_REMINDER_1  , p0540@example.org, study-team@example.org,              5, Survey reminder, p0540@example.org, 2025-05-12T08:12:31Z
89f3cb62-0f5a-42a3-9bd8-e8a5a059bad0, P0540                , 10e62122-094d-4a35-a0a9-4938b2123f8c, Reminder , 7D_SURVEY_REMINDER_2  , p0540@example.org, study-team@example.org,              4, Survey reminder, p0540@example.org, 2025-05-13T08:12:31Z
89f3cb62-0f5a-42a3-9bd8-e8a5a059bad0, P0540                , 6d493d8a-0476-48d7-b851-92e6478f6750, Reminder , 3M_SURVEY_REMINDER_1  , p0540@example.org, study-team@example.org,              3, Survey reminder, p0540@example.org, 2025-08-03T08:12:31Z
89f3cb62-0f5a-42a3-9bd8-e8a5a059bad0, P0540                , c9979ec8-a7a2-43c9-ad99-0bbde6bd2dbc, Reminder , 4_6M_SURVEY_REMINDER_1, p0540@example.org, study-team@example.org,              4, Survey reminder, p0540@example.org, 2025-10-03T08:12:31Z
55abb171-da57-48a5-8f96-54b99c105c5e, P0541                , d8b6a91a-c1c5-475e-aec9-0b4035f84d5e, Reminder , 24H_SURVEY_REMINDER_1 , p0541@example.org, study-team@example.org,              5, Survey reminder, p0541@example.org, 2025-08-16T22:15:09Z
55abb171-da57-48a5-8f96-54b99c105c5e, P0541                , a6fabf5e-59b0-48f1-b4eb-d28c0c81ae51, Reminder , 24H_SURVEY_REMINDER_2 , p0541@example.org, study-team@example.org,              3, Survey reminder, p0541@example.org, 2025-08-17T22:15:09Z
55abb171-da57-48a5-8f96-54b99c105c5e, P0541                , 0c9ad8c2-072d-402a-97e5-5d1b502b1668, Reminder , 4_6M_SURVEY_REMINDER_1, p0541@example.org, study-team@example.org,              1, Survey reminder, p0541@example.org, 2026-02-02T23:15:09Z
6c8515f3-f8f6-49e1-8003-19de61cb2e4f, P0542                , 1979998a-a8ab-4a5d-a33e-6100d5c712ab, Reminder , 7D_SURVEY_REMINDER_1  , p0542@example.org, study-team@example.org,              1, Survey reminder, p0542@example.org, 2025-12-25T05:12:36Z
78641ff4-4122-4e3a-8956-1b30524768fa, P0543                , fb19df67-2ff3-4397-9fe1-c190123f0f58, Reminder , 24H_SURVEY_REMINDER_1 , p0543@example.org, study-team@example.org,              5, Survey reminder, p0543@example.org, 2025-01-09T09:56:21Z
78641ff4-4122-4e3a-8956-1b30524768fa, P0543                , 05d35095-ac5f-46a5-b2f0-7a51aaf9cff4, Reminder , 24H_SURVEY_REMINDER_2 , p0543@example.org, study-team@example.org,              4, Survey reminder, p0543@example.org, 2025-01-10T09:56:21Z
78641ff4-4122-4e3a-8956-1b30524768fa, P0543                , 69b11d6a-10d9-449a-a933-6be9aef7471a, Reminder , 7D_SURVEY_REMINDER_1  , p0543@example.org, study-team@example.org,              2, Survey reminder, p0543@example.org, 2025-01-16T09:56:21Z
78641ff4-4122-4e3a-8956-1b30524768fa, P0543                , 4eb027bf-4f37-4911-b30e-24bd7d60c87d, Reminder , 1M_SURVEY_REMINDER_1  , p0543@example.org, study-team@example.org,              5, Survey reminder, p0543@example.org, 2025-02-08T09:56:21Z
78641ff4-4122-4e3a-8956-1b30524768fa, P0543                , ea5fdf67-1ee5-4623-8cba-78e634a45f77, Reminder , 4_6M_SURVEY_REMINDER_1, p0543@example.org, study-team@example.org,              2, Survey reminder, p0543@example.org, 2025-06-22T08:56:21Z
78641ff4-4122-4e3a-8956-1b30524768fa, P0543                , c22df345-7e74-4188-ae8b-4c6cb8cc9234, Reminder , 4_6M_SURVEY_REMINDER_2, p0543@example.org, study-team@example.org,              3, Survey reminder, p0543@example.org, 2025-06-23T08:56:21Z
78641ff4-4122-4e3a-8956-1b30524768fa, P0543                , a547c28e-b175-4d4e-972a-aaa5e6bb067b, Reminder , 4_6M_SURVEY_REMINDER_3, p0543@example.org, study-team@example.org,              4, Survey reminder, p0543@example.org, 2025-06-24T08:56:21Z
e6fe9d2a-d617-4262-9410-aa70fc872ae2, P0544                , 9c859aae-3423-4bb0-a303-db968e00dd8a, Reminder , 7D_SURVEY_REMINDER_1  , p0544@example.org, study-team@example.org,              1, Survey reminder, p0544@example.org, 2025-08-07T01:16:34Z
8cf54995-f506-4f0b-b265-9c5ecec36eb9, P0545                , 15cf6d53-556c-45c2-9394-8b7ffd17468b, Reminder , 1M_SURVEY_REMINDER_1  , p0545@example.org, study-team@example.org,              1, Survey reminder, p0545@example.org, 2025-06-13T12:11:20Z
25b01ab3-4348-4be5-94b0-6a3db374c515, P0546                , 947c568c-6f24-4f4d-92c6-a72cb1444e95, Reminder , 24H_SURVEY_REMINDER_1 , p0546@example.org, study-team@example.org,              4, Survey reminder, p0546@example.org, 2025-03-19T04:21:35Z
25b01ab3-4348-4be5-94b0-6a3db374c515, P0546                , 7fac0272-3e8a-4703-b564-b6a2e2a6d6b7, Reminder , 7D_SURVEY_REMINDER_1  , p0546@example.org, study-team@example.org,              4, Survey reminder, p0546@example.org, 2025-03-26T04:21:35Z
25b01ab3-4348-4be5-94b0-6a3db374c515, P0546                , 302b8f7e-6304-4a91-b59e-090d646b24a8, Reminder , 4_6M_SURVEY_REMINDER_1, p0546@example.org, study-team@example.org,              2, Survey reminder, p0546@example.org, 2025-09-10T04:21:35Z
41cffec3-4886-4a6e-9342-e08eef68b2fe, P0547                , c6888b22-138f-43f2-9d70-233f481fcaf9, Reminder , 24H_SURVEY_REMINDER_1 , p0547@example.org, study-team@example.org,              5, Survey reminder, p0547@example.org, 2025-08-07T07:37:44Z
0058400e-3937-4e90-a886-7144dc38228c, P0548                , 85b7831b-f484-44f3-90ae-6126b236adc5, Reminder , 7D_SURVEY_REMINDER_1  , p0548@example.org, study-team@example.org,              4, Survey reminder, p0548@example.org, 2025-01-30T08:19:08Z
0058400e-3937-4e90-a886-7144dc38228c, P0548                , 0783e5a8-390a-48c8-87cb-cf8b52fa25af, Reminder , 1M_SURVEY_REMINDER_1  , p0548@example.org, study-team@example.org,              3, Survey reminder, p0548@example.org, 2025-02-22T08:19:08Z
264cf709-2d65-4cc1-9127-cd64778ad824, P0549                , 7d5d7496-b34c-4c5a-84b1-775d5b35e5be, Reminder , 1M_SURVEY_REMINDER_1  , p0549@example.org, study-team@example.org,              3, Survey reminder, p0549@example.org, 2025-11-07T19:32:12Z
264cf709-2d65-4cc1-9127-cd64778ad824, P0549                , 036d25b6-f1df-4d8d-8f62-149fe2f32ecd, Reminder , 1M_SURVEY_REMINDER_2  , p0549@example.org, study-team@example.org,              2, Survey reminder, p0549@example.org, 2025-11-08T19:32:12Z
264cf709-2d65-4cc1-9127-cd64778ad824, P0549                , 61028122-26ef-4b4f-8b30-df4c29d47d4e, Reminder , 4_6M_SURVEY_REMINDER_1, p0549@example.org, study-team@example.org,              2, Survey reminder, p0549@example.org, 2026-02-19T19:32:12Z
264cf709-2d65-4cc1-9127-cd64778ad824, P0549                , 698f2742-1346-49a1-8b99-7d566f4351e3, Reminder , 4_6M_SURVEY_REMINDER_2, p0549@example.org, study-team@example.org,              5, Survey reminder, p0549@example.org, 2026-02-20T19:32:12Z
a40897ca-3c0f-438d-81e0-faceb46f5096, P0550                , 087585f1-b21f-40c9-8a56-2b319f6657dc, Reminder , 24H_SURVEY_REMINDER_1 , p0550@example.org, study-team@example.org,              2, Survey reminder, p0550@example.org, 2025-02-14T06:29:38Z
a40897ca-3c0f-438d-81e0-faceb46f5096, P0550                , a8e7f00c-2f21-4aa7-a71e-ed0e16ab9dab, Reminder , 1M_SURVEY_REMINDER_1  , p0550@example.org, study-team@example.org,              4, Survey reminder, p0550@example.org, 2025-03-16T05:29:38Z
a40897ca-3c0f-438d-81e0-faceb46f5096, P0550                , 200e3b74-85a2-43c7-9705-f34d65bcc01d, Reminder , 1M_SURVEY_REMINDER_2  , p0550@example.org, study-team@example.org,              5, Survey reminder, p0550@example.org, 2025-03-17T05:29:38Z
a40897ca-3c0f-438d-81e0-faceb46f5096, P0550                , 3ad27562-c8d4-4d7c-9634-e4ad35a405b3, Reminder , 1M_SURVEY_REMINDER_3  , p0550@example.org, study-team@example.org,              3, Survey reminder, p0550@example.org, 2025-03-18T05:29:38Z
a40897ca-3c0f-438d-81e0-faceb46f5096, P0550                , 9c0b50d6-c2a9-42a3-b99f-2fac68c4b108, Reminder , 3M_SURVEY_REMINDER_1  , p0550@example.org, study-team@example.org,              3, Survey reminder, p0550@example.org, 2025-05-15T05:29:38Z
a40897ca-3c0f-438d-81e0-faceb46f5096, P0550                , 235d1bd1-1156-442e-9d9e-08ecfdd538ea, Reminder , 3M_SURVEY_REMINDER_2  , p0550@example.org, study-team@example.org,              2, Survey reminder, p0550@example.org, 2025-05-16T05:29:38Z
a40897ca-3c0f-438d-81e0-faceb46f5096, P0550                , 7c4ad8a0-bbe8-4dd5-9bd7-ea1b75421c92, Reminder , 3M_SURVEY_REMINDER_3  , p0550@example.org, study-team@example.org,              4, Survey reminder, p0550@example.org, 2025-05-17T05:29:38Z
247c97de-169a-428a-bfb1-9907d5e07107, P0551                , dfb68741-db67-441d-9239-1335b0c4ddc2, Reminder , 7D_SURVEY_REMINDER_1  , p0551@example.org, study-team@example.org,              4, Survey reminder, p0551@example.org, 2025-03-12T11:06:53Z
247c97de-169a-428a-bfb1-9907d5e07107, P0551                , 8829651c-a53e-40f8-ba85-13917dfbd940, Reminder , 3M_SURVEY_REMINDER_1  , p0551@example.org, study-team@example.org,              2, Survey reminder, p0551@example.org, 2025-06-03T11:06:53Z
566b6db3-d002-44b4-b712-4072e34abf63, P0553                , a1a477ca-5323-4765-8c5c-53c464c57233, Reminder , 1M_SURVEY_REMINDER_1  , p0553@example.org, study-team@example.org,              2, Survey reminder, p0553@example.org, 2025-03-20T03:31:02Z
6d61a9bc-2b66-44a3-b656-16d4f85647ac, P0554                , f0c92bfa-cb06-4efe-bac7-3cb173859edb, Reminder , 24H_SURVEY_REMINDER_1 , p0554@example.org, study-team@example.org,              2, Survey reminder, p0554@example.org, 2025-02-16T11:29:07Z
6d61a9bc-2b66-44a3-b656-16d4f85647ac, P0554                , a66d34d1-e396-498a-bc33-d2192e19999e, Reminder , 7D_SURVEY_REMINDER_1  , p0554@example.org, study-team@example.org,              4, Survey reminder, p0554@example.org, 2025-02-23T11:29:07Z
6d61a9bc-2b66-44a3-b656-16d4f85647ac, P0554                , 3836b907-0712-4364-91ff-0a948c3032fd, Reminder , 3M_SURVEY_REMINDER_1  , p0554@example.org, study-team@example.org,              3, Survey reminder, p0554@example.org, 2025-05-17T10:29:07Z
fd79c041-f576-413a-bf29-fbc665f9ca72, P0555                , c1e24d95-c4ec-4955-9a50-4825bf00bef1, Reminder , 3M_SURVEY_REMINDER_1  , p0555@example.org, study-team@example.org,              5, Survey reminder, p0555@example.org, 2025-04-15T23:50:38Z
fd79c041-f576-413a-bf29-fbc665f9ca72, P0555                , 1a271396-9030-48c7-9191-266f0de8d0f0, Reminder , 4_6M_SURVEY_REMINDER_1, p0555@example.org, study-team@example.org,              3, Survey reminder, p0555@example.org, 2025-05-25T23:50:38Z
fd79c041-f576-413a-bf29-fbc665f9ca72, P0555                , cf03a026-a045-493e-a16c-7e167651cc95, Reminder , 4_6M_SURVEY_REMINDER_2, p0555@example.org, study-team@example.org,              1, Survey reminder, p0555@example.org, 2025-05-26T23:50:38Z
fd79c041-f576-413a-bf29-fbc665f9ca72, P0555                , e45198be-3dd6-4b88-b5f0-a8d59bd36ab4, Reminder , 4_6M_SURVEY_REMINDER_3, p0555@example.org, study-team@example.org,              3, Survey reminder, p0555@example.org, 2025-05-27T23:50:38Z
64c6f6d6-dd2c-4fb2-bea0-7b012aeb7515, P0558                , 3128b2e6-a5ff-4554-85e2-a26b5957a9a1, Reminder , 7D_SURVEY_REMINDER_1  , p0558@example.org, study-team@example.org,              4, Survey reminder, p0558@example.org, 2025-05-25T23:54:22Z
64c6f6d6-dd2c-4fb2-bea0-7b012aeb7515, P0558                , bcb80b4b-8c93-4613-bf1b-f04d918fb2ef, Reminder , 7D_SURVEY_REMINDER_2  , p0558@example.org, study-team@example.org,              3, Survey reminder, p0558@example.org, 2025-05-26T23:54:22Z
64c6f6d6-dd2c-4fb2-bea0-7b012aeb7515, P0558                , c7c931db-3c0a-41cd-a186-259dc0f25205, Reminder , 7D_SURVEY_REMINDER_3  , p0558@example.org, study-team@example.org,              4, Survey reminder, p0558@example.org, 2025-05-27T23:54:22Z
bfd7e5af-9df6-4a8d-b7fb-01a02fb2becf, P0559                , cd9e51f6-648f-4d5d-a489-1c4e9b70d932, Reminder , 3M_SURVEY_REMINDER_1  , p0559@example.org, study-team@example.org,              2, Survey reminder, p0559@example.org, 2025-11-19T09:00:36Z
62de1ba5-4266-4f80-b455-af5d2b3602d0, P0560                , 7bc26a31-129c-4522-a76c-a394d69d5b75, Reminder , 24H_SURVEY_REMINDER_1 , p0560@example.org, study-team@example.org,              2, Survey reminder, p0560@example.org, 2025-09-10T02:48:47Z
62de1ba5-4266-4f80-b455-af5d2b3602d0, P0560                , e52ffa79-64db-4572-bff1-93a5e85ca4b7, Reminder , 24H_SURVEY_REMINDER_2 , p0560@example.org, study-team@example.org,              3, Survey reminder, p0560@example.org, 2025-09-11T02:48:47Z
62de1ba5-4266-4f80-b455-af5d2b3602d0, P0560                , 5cb0400c-7bdd-4cef-82f8-e17e1f5131cc, Reminder , 7D_SURVEY_REMINDER_1  , p0560@example.org, study-team@example.org,              2, Survey reminder, p0560@example.org, 2025-09-17T02:48:47Z
62de1ba5-4266-4f80-b455-af5d2b3602d0, P0560                , bdc43490-c1cb-4357-abfe-aee3e2994dba, Reminder , 7D_SURVEY_REMINDER_2  , p0560@example.org, study-team@example.org,              4, Survey reminder, p0560@example.org, 2025-09-18T02:48:47Z
62de1ba5-4266-4f80-b455-af5d2b3602d0, P0560                , 8256f8b0-b035-42fe-ad2e-0111fc08087a, Reminder , 1M_SURVEY_REMINDER_1  , p0560@example.org, study-team@example.org,              1, Survey reminder, p0560@example.org, 2025-10-10T02:48:47Z
6776e2a1-7413-4eb1-ab57-a47a27dc2ebf, P0561                , 866769f4-3910-436e-abaa-900100aacbbc, Reminder , 7D_SURVEY_REMINDER_1  , p0561@example.org, study-team@example.org,              4, Survey reminder, p0561@example.org, 2025-09-20T04:30:21Z
6776e2a1-7413-4eb1-ab57-a47a27dc2ebf, P0561                , 8dd71fd4-21b6-4cf0-b627-3fa6e670954d, Reminder , 7D_SURVEY_REMINDER_2  , p0561@example.org, study-team@example.org,              5, Survey reminder, p0561@example.org, 2025-09-21T04:30:21Z
6776e2a1-7413-4eb1-ab57-a47a27dc2ebf, P0561                , 5cefc38a-6f95-4eee-afe7-9d603488c369, Reminder , 1M_SURVEY_REMINDER_1  , p0561@example.org, study-team@example.org,              1, Survey reminder, p0561@example.org, 2025-10-13T04:30:21Z
6776e2a1-7413-4eb1-ab57-a47a27dc2ebf, P0561                , 2418fc17-c2c3-4cc4-85f2-1baab8ebf871, Reminder , 3M_SURVEY_REMINDER_1  , p0561@example.org, study-team@example.org,              3, Survey reminder, p0561@example.org, 2025-12-12T05:30:21Z
6776e2a1-7413-4eb1-ab57-a47a27dc2ebf, P0561                , cb662a7d-1de0-42ed-b483-8b95a9b32557, Reminder , 3M_SURVEY_REMINDER_2  , p0561@example.org, study-team@example.org,              1, Survey reminder, p0561@example.org, 2025-12-13T05:30:21Z
c92142f3-02e2-4bcb-bb0e-967b9fb43942, P0562                , ddc2c920-3666-49a1-827b-e47677977d66, Reminder , 7D_SURVEY_REMINDER_1  , p0562@example.org, study-team@example.org,              5, Survey reminder, p0562@example.org, 2025-05-05T21:06:00Z
e028287e-8c11-493b-8ff9-a55f3ee4a851, P0563                , 7c0c4631-f1d6-4bc3-b26c-ff505f09392b, Reminder , 7D_SURVEY_REMINDER_1  , p0563@example.org, study-team@example.org,              1, Survey reminder, p0563@example.org, 2025-01-19T17:23:22Z
aecef429-843a-40bd-bf3e-5037280446c8, P0564                , fe1aa950-f92b-4714-8d3d-eb6f6011573b, Reminder , 24H_SURVEY_REMINDER_1 , p0564@example.org, study-team@example.org,              2, Survey reminder, p0564@example.org, 2025-06-15T11:09:08Z
aecef429-843a-40bd-bf3e-5037280446c8, P0564                , 4e17a814-ea8e-458b-a8a0-f05be5db06de, Reminder , 24H_SURVEY_REMINDER_2 , p0564@example.org, study-team@example.org,              3, Survey reminder, p0564@example.org, 2025-06-16T11:09:08Z
aecef429-843a-40bd-bf3e-5037280446c8, P0564                , 18e6b7ee-e462-457b-87df-5539e11445db, Reminder , 3M_SURVEY_REMINDER_1  , p0564@example.org, study-team@example.org,              3, Survey reminder, p0564@example.org, 2025-09-13T11:09:08Z
aecef429-843a-40bd-bf3e-5037280446c8, P0564                , 1597ad09-0b4e-47a5-845e-464d1979569e, Reminder , 3M_SURVEY_REMINDER_2  , p0564@example.org, study-team@example.org,              1, Survey reminder, p0564@example.org, 2025-09-14T11:09:08Z
59e76366-92ea-4572-a833-da7804e4679c, P0565                , 88014b41-2149-4d1b-ba3a-404c241a89b1, Reminder , 24H_SURVEY_REMINDER_1 , p0565@example.org, study-team@example.org,              1, Survey reminder, p0565@example.org, 2025-08-14T00:32:38Z
59e76366-92ea-4572-a833-da7804e4679c, P0565                , 4a71cb01-bc16-4f17-9872-d7f928f7adbb, Reminder , 24H_SURVEY_REMINDER_2 , p0565@example.org, study-team@example.org,              2, Survey reminder, p0565@example.org, 2025-08-15T00:32:38Z
59e76366-92ea-4572-a833-da7804e4679c, P0565                , 1db6cfe3-329f-48b8-baee-d38c1fae1a0e, Reminder , 24H_SURVEY_REMINDER_3 , p0565@example.org, study-team@example.org,              3, Survey reminder, p0565@example.org, 2025-08-16T00:32:38Z
59e76366-92ea-4572-a833-da7804e4679c, P0565                , fced8a2c-c67e-471f-9ca8-b9b5e615f8fc, Reminder , 4_6M_SURVEY_REMINDER_1, p0565@example.org, study-team@example.org,              1, Survey reminder, p0565@example.org, 2026-01-07T01:32:38Z
59e76366-92ea-4572-a833-da7804e4679c, P0565                , 5c68b885-e3ee-4019-8498-56a23a1a0a14, Reminder , 4_6M_SURVEY_REMINDER_2, p0565@example.org, study-team@example.org,              5, Survey reminder, p0565@example.org, 2026-01-08T01:32:38Z
59e76366-92ea-4572-a833-da7804e4679c, P0565                , 429bcfe9-a843-4786-bd32-a3a64df260af, Reminder , 4_6M_SURVEY_REMINDER_3, p0565@example.org, study-team@example.org,              2, Survey reminder, p0565@example.org, 2026-01-09T01:32:38Z
58319e90-3870-4676-ae50-b93a4412bb9d, P0566                , 153fba41-0b33-49c5-b071-3ba9a2a60e96, Reminder , 7D_SURVEY_REMINDER_1  , p0566@example.org, study-team@example.org,              2, Survey reminder, p0566@example.org, 2025-02-26T14:11:21Z
9a01ee7e-42eb-465c-a033-924a5eb8e38f, P0567                , 8d0c0b83-3f0a-43be-a2f4-5214801a7d67, Reminder , 24H_SURVEY_REMINDER_1 , p0567@example.org, study-team@example.org,              5, Survey reminder, p0567@example.org, 2025-05-19T17:54:09Z
9a01ee7e-42eb-465c-a033-924a5eb8e38f, P0567                , 68ab37f6-d77d-4cc5-a691-03b7d45acffb, Reminder , 24H_SURVEY_REMINDER_2 , p0567@example.org, study-team@example.org,              2, Survey reminder, p0567@example.org, 2025-05-20T17:54:09Z
9a01ee7e-42eb-465c-a033-924a5eb8e38f, P0567                , 7842f3ab-5999-42ae-9f29-28cf2c6ad31e, Reminder , 24H_SURVEY_REMINDER_3 , p0567@example.org, study-team@example.org,              4, Survey reminder, p0567@example.org, 2025-05-21T17:54:09Z
dc29603e-b09c-473d-8398-9bbfbaddd6e8, P0569                , bcb6a1e1-32c3-44d2-8062-6ae0ea246245, Reminder , 1M_SURVEY_REMINDER_1  , p0569@example.org, study-team@example.org,              4, Survey reminder, p0569@example.org, 2025-06-29T16:08:05Z
db570ccc-a402-4f86-a649-76ea7273d801, P0570                , b7ef85c0-df05-465f-bbd9-b16261331c0f, Reminder , 24H_SURVEY_REMINDER_1 , p0570@example.org, study-team@example.org,              4, Survey reminder, p0570@example.org, 2025-05-27T23:36:03Z
db570ccc-a402-4f86-a649-76ea7273d801, P0570                , 6f3ae936-7713-4d55-87ab-bbedc2ac3bd0, Reminder , 1M_SURVEY_REMINDER_1  , p0570@example.org, study-team@example.org,              2, Survey reminder, p0570@example.org, 2025-06-26T23:36:03Z
db570ccc-a402-4f86-a649-76ea7273d801, P0570                , 7ee601f4-8416-4b0e-9ae1-e294ea2ccf72, Reminder , 1M_SURVEY_REMINDER_2  , p0570@example.org, study-team@example.org,              1, Survey reminder, p0570@example.org, 2025-06-27T23:36:03Z
db570ccc-a402-4f86-a649-76ea7273d801, P0570                , ebe15160-8b7b-44e1-ba61-f38e56863bcb, Reminder , 1M_SURVEY_REMINDER_3  , p0570@example.org, study-team@example.org,              4, Survey reminder, p0570@example.org, 2025-06-28T23:36:03Z
db570ccc-a402-4f86-a649-76ea7273d801, P0570                , a69b905f-e320-4830-ae56-9c83c8fcf3f5, Reminder , 3M_SURVEY_REMINDER_1  , p0570@example.org, study-team@example.org,              5, Survey reminder, p0570@example.org, 2025-08-25T23:36:03Z
db570ccc-a402-4f86-a649-76ea7273d801, P0570                , ae95cf87-f1d0-43df-8384-b08a9b96e867, Reminder , 3M_SURVEY_REMINDER_2  , p0570@example.org, study-team@example.org,              5, Survey reminder, p0570@example.org, 2025-08-26T23:36:03Z
db570ccc-a402-4f86-a649-76ea7273d801, P0570                , 1d9161ab-dcc0-428c-b524-4b4b08ac58f5, Reminder , 3M_SURVEY_REMINDER_3  , p0570@example.org, study-team@example.org,              3, Survey reminder, p0570@example.org, 2025-08-27T23:36:03Z
1b5f4f3e-8dc5-46e2-a570-402b0448c1e7, P0571                , 096c2a9c-c018-43b1-a715-107babf8cb91, Reminder , 3M_SURVEY_REMINDER_1  , p0571@example.org, study-team@example.org,              2, Survey reminder, p0571@example.org, 2025-07-03T10:30:06Z
24dbb403-331a-4434-b6e5-a8c080a0dcba, P0572                , f888ef18-a043-4c2a-b29e-a1911f4ad7ae, Reminder , 7D_SURVEY_REMINDER_1  , p0572@example.org, study-team@example.org,              5, Survey reminder, p0572@example.org, 2025-11-06T03:26:22Z
24dbb403-331a-4434-b6e5-a8c080a0dcba, P0572                , 99e5e14a-34a1-4ca4-86a9-68af667a6cc4, Reminder , 4_6M_SURVEY_REMINDER_1, p0572@example.org, study-team@example.org,              1, Survey reminder, p0572@example.org, 2026-04-04T02:26:22Z
24dbb403-331a-4434-b6e5-a8c080a0dcba, P0572                , c9e6fd4e-b495-4b6c-a748-4ab5c8eada16, Reminder , 4_6M_SURVEY_REMINDER_2, p0572@example.org, study-team@example.org,              1, Survey reminder, p0572@example.org, 2026-04-05T02:26:22Z
24dbb403-331a-4434-b6e5-a8c080a0dcba, P0572                , 5d4a0cd0-ecd1-4699-96ec-c2f8867e5084, Reminder , 4_6M_SURVEY_REMINDER_3, p0572@example.org, study-team@example.org,              4, Survey reminder, p0572@example.org, 2026-04-06T02:26:22Z
e3fea736-c52b-4d25-9f48-792f4d5abcb4, P0573                , 81204527-0fb4-4460-ae30-fb2b32ac48cf, Reminder , 24H_SURVEY_REMINDER_1 , p0573@example.org, study-team@example.org,              2, Survey reminder, p0573@example.org, 2025-06-13T23:52:37Z
e3fea736-c52b-4d25-9f48-792f4d5abcb4, P0573                , c7a3f920-3177-4e83-bb0f-ef55f429b394, Reminder , 24H_SURVEY_REMINDER_2 , p0573@example.org, study-team@example.org,              4, Survey reminder, p0573@example.org, 2025-06-14T23:52:37Z
e3fea736-c52b-4d25-9f48-792f4d5abcb4, P0573                , 06670c9d-3516-4b74-ba69-81c93e4a4b76, Reminder , 7D_SURVEY_REMINDER_1  , p0573@example.org, study-team@example.org,              5, Survey reminder, p0573@example.org, 2025-06-20T23:52:37Z
e3fea736-c52b-4d25-9f48-792f4d5abcb4, P0573                , c4915d92-428e-4927-a4e4-5047c2196dae, Reminder , 7D_SURVEY_REMINDER_2  , p0573@example.org, study-team@example.org,              4, Survey reminder, p0573@example.org, 2025-06-21T23:52:37Z
e3fea736-c52b-4d25-9f48-792f4d5abcb4, P0573                , 550399c6-0ebe-4232-956c-b9f2760f5df1, Reminder , 1M_SURVEY_REMINDER_1  , p0573@example.org, study-team@example.org,              4, Survey reminder, p0573@example.org, 2025-07-13T23:52:37Z
e3fea736-c52b-4d25-9f48-792f4d5abcb4, P0573                , 640f386e-43dd-49cb-8dfe-0fef7ab56209, Reminder , 1M_SURVEY_REMINDER_2  , p0573@example.org, study-team@example.org,              3, Survey reminder, p0573@example.org, 2025-07-14T23:52:37Z
7c41149e-53a4-466c-8ee5-13e1a0c4a790, P0574                , b7f9a177-86ec-4780-b97c-674efb9f09e2, Reminder , 1M_SURVEY_REMINDER_1  , p0574@example.org, study-team@example.org,              1, Survey reminder, p0574@example.org, 2025-10-15T19:49:22Z
7c41149e-53a4-466c-8ee5-13e1a0c4a790, P0574                , 88437e65-50ca-4416-bd10-b54b0e7a3a43, Reminder , 3M_SURVEY_REMINDER_1  , p0574@example.org, study-team@example.org,              4, Survey reminder, p0574@example.org, 2025-12-14T20:49:22Z
1b5c7190-b176-4999-a81c-e1a45274d722, P0575                , b517565b-a0cb-49fd-a244-e3b9108493b5, Reminder , 7D_SURVEY_REMINDER_1  , p0575@example.org, study-team@example.org,              1, Survey reminder, p0575@example.org, 2025-04-03T18:30:18Z
1b5c7190-b176-4999-a81c-e1a45274d722, P0575                , 0e9a04a4-42f4-4856-8d58-ebcd0f970972, Reminder , 7D_SURVEY_REMINDER_2  , p0575@example.org, study-team@example.org,              3, Survey reminder, p0575@example.org, 2025-04-04T18:30:18Z
1b5c7190-b176-4999-a81c-e1a45274d722, P0575                , e688173e-de96-4e67-9577-15b28ea98b59, Reminder , 7D_SURVEY_REMINDER_3  , p0575@example.org, study-team@example.org,              4, Survey reminder, p0575@example.org, 2025-04-05T18:30:18Z
1b5c7190-b176-4999-a81c-e1a45274d722, P0575                , f8a87043-d227-41e5-bb4b-cd1cdb787582, Reminder , 1M_SURVEY_REMINDER_1  , p0575@example.org, study-team@example.org,              1, Survey reminder, p0575@example.org, 2025-04-26T18:30:18Z
1b5c7190-b176-4999-a81c-e1a45274d722, P0575                , 18da10a8-8ffa-4483-9802-94cb007ebb13, Reminder , 1M_SURVEY_REMINDER_2  , p0575@example.org, study-team@example.org,              3, Survey reminder, p0575@example.org, 2025-04-27T18:30:18Z
1b5c7190-b176-4999-a81c-e1a45274d722, P0575                , 116e62fe-78cd-4078-ae92-b5c88d33b433, Reminder , 3M_SURVEY_REMINDER_1  , p0575@example.org, study-team@example.org,              2, Survey reminder, p0575@example.org, 2025-06-25T18:30:18Z
1b5c7190-b176-4999-a81c-e1a45274d722, P0575                , 1a338abf-e745-47b6-b1ab-647fb61ae3d1, Reminder , 3M_SURVEY_REMINDER_2  , p0575@example.org, study-team@example.org,              5, Survey reminder, p0575@example.org, 2025-06-26T18:30:18Z
f4bbbf90-7b94-490b-b40f-169f4f2ae38c, P0576                , e6d63df4-16e2-42ea-9465-8fb2c5623f14, Reminder , 7D_SURVEY_REMINDER_1  , p0576@example.org, study-team@example.org,              5, Survey reminder, p0576@example.org, 2025-11-05T11:40:19Z
f4bbbf90-7b94-490b-b40f-169f4f2ae38c, P0576                , ce55efb3-c7a7-4dfd-8045-a13eab3c151b, Reminder , 4_6M_SURVEY_REMINDER_1, p0576@example.org, study-team@example.org,              2, Survey reminder, p0576@example.org, 2026-02-27T11:40:19Z
f4bbbf90-7b94-490b-b40f-169f4f2ae38c, P0576                , 66e162fa-7ceb-4b14-8d77-f2bb116d6748, Reminder , 4_6M_SURVEY_REMINDER_2, p0576@example.org, study-team@example.org,              2, Survey reminder, p0576@example.org, 2026-02-28T11:40:19Z
d69c6623-1475-47af-945e-7ab7ee30e70b, P0577                , 7b25e47a-ee4b-402f-9afa-a08e3bebeb47, Reminder , 1M_SURVEY_REMINDER_1  , p0577@example.org, study-team@example.org,              3, Survey reminder, p0577@example.org, 2025-03-21T03:01:55Z
d69c6623-1475-47af-945e-7ab7ee30e70b, P0577                , 1cf917d4-118f-4a38-a44c-3eda979ebc06, Reminder , 1M_SURVEY_REMINDER_2  , p0577@example.org, study-team@example.org,              2, Survey reminder, p0577@example.org, 2025-03-22T03:01:55Z
d69c6623-1475-47af-945e-7ab7ee30e70b, P0577                , d1b94975-926a-47d6-bed5-90ced42ab186, Reminder , 3M_SURVEY_REMINDER_1  , p0577@example.org, study-team@example.org,              4, Survey reminder, p0577@example.org, 2025-05-20T03:01:55Z
d69c6623-1475-47af-945e-7ab7ee30e70b, P0577                , 55bcf5f1-31d8-44ca-afc3-1f240f2eb2bc, Reminder , 3M_SURVEY_REMINDER_2  , p0577@example.org, study-team@example.org,              5, Survey reminder, p0577@example.org, 2025-05-21T03:01:55Z
68047441-ee43-4253-bd2d-a0df5351b274, P0578                , 683e46ad-1684-453d-9042-7a644e4d2d6d, Reminder , 24H_SURVEY_REMINDER_1 , p0578@example.org, study-team@example.org,              4, Survey reminder, p0578@example.org, 2025-03-13T18:02:44Z
68047441-ee43-4253-bd2d-a0df5351b274, P0578                , 29fb8dbd-1a64-4ca7-9ecf-ff1c2fe4443d, Reminder , 24H_SURVEY_REMINDER_2 , p0578@example.org, study-team@example.org,              5, Survey reminder, p0578@example.org, 2025-03-14T18:02:44Z
68047441-ee43-4253-bd2d-a0df5351b274, P0578                , bf6cf890-6f18-4362-b17b-4b60e3ef2852, Reminder , 3M_SURVEY_REMINDER_1  , p0578@example.org, study-team@example.org,              3, Survey reminder, p0578@example.org, 2025-06-11T18:02:44Z
68047441-ee43-4253-bd2d-a0df5351b274, P0578                , 331eb02f-d13b-4cb8-b34b-f97256f6d80a, Reminder , 3M_SURVEY_REMINDER_2  , p0578@example.org, study-team@example.org,              3, Survey reminder, p0578@example.org, 2025-06-12T18:02:44Z
68047441-ee43-4253-bd2d-a0df5351b274, P0578                , 90515639-d812-421a-9548-42d16dfc6f15, Reminder , 3M_SURVEY_REMINDER_3  , p0578@example.org, study-team@example.org,              4, Survey reminder, p0578@example.org, 2025-06-13T18:02:44Z
1133eca3-5724-4565-879a-d5cb462fc0df, P0579                , 6f0bd421-dfa9-406e-806a-b1212e82d603, Reminder , 24H_SURVEY_REMINDER_1 , p0579@example.org, study-team@example.org,              5, Survey reminder, p0579@example.org, 2025-07-31T08:27:19Z
1133eca3-5724-4565-879a-d5cb462fc0df, P0579                , bb6e64eb-5fc7-4f5e-81bc-d73858a3ce2e, Reminder , 7D_SURVEY_REMINDER_1  , p0579@example.org, study-team@example.org,              3, Survey reminder, p0579@example.org, 2025-08-07T08:27:19Z
1133eca3-5724-4565-879a-d5cb462fc0df, P0579                , ed777a5f-29f2-4b1f-a81f-f12a464987a6, Reminder , 7D_SURVEY_REMINDER_2  , p0579@example.org, study-team@example.org,              3, Survey reminder, p0579@example.org, 2025-08-08T08:27:19Z
ac4464ae-4109-4332-bbcc-b189f3396a81, P0580                , 1c11dfe2-583f-4fd3-84b2-b4b5d0b3c644, Reminder , 24H_SURVEY_REMINDER_1 , p0580@example.org, study-team@example.org,              3, Survey reminder, p0580@example.org, 2025-01-12T13:52:30Z
ac4464ae-4109-4332-bbcc-b189f3396a81, P0580                , b1540340-2e85-4fc2-b59b-d266d04026c2, Reminder , 24H_SURVEY_REMINDER_2 , p0580@example.org, study-team@example.org,              4, Survey reminder, p0580@example.org, 2025-01-13T13:52:30Z
98f38704-6fa6-4244-8a9a-64a2a489ac32, P0581                , bad09e02-53e5-42b1-b03c-4387f77beb6d, Reminder , 24H_SURVEY_REMINDER_1 , p0581@example.org, study-team@example.org,              5, Survey reminder, p0581@example.org, 2025-09-15T10:13:10Z
98f38704-6fa6-4244-8a9a-64a2a489ac32, P0581                , e2ab5d6a-bf61-4367-8b43-cd7ad996c503, Reminder , 1M_SURVEY_REMINDER_1  , p0581@example.org, study-team@example.org,              4, Survey reminder, p0581@example.org, 2025-10-15T10:13:10Z
d049aac4-7692-4613-bd9a-3cce5aeba9bc, P0582                , a9f8536a-44c6-4771-b5d8-848b484f098f, Reminder , 7D_SURVEY_REMINDER_1  , p0582@example.org, study-team@example.org,              5, Survey reminder, p0582@example.org, 2025-10-14T01:25:08Z
d049aac4-7692-4613-bd9a-3cce5aeba9bc, P0582                , f042beff-ae0c-430d-ac8d-e8e649498e9e, Reminder , 7D_SURVEY_REMINDER_2  , p0582@example.org, study-team@example.org,              2, Survey reminder, p0582@example.org, 2025-10-15T01:25:08Z
d049aac4-7692-4613-bd9a-3cce5aeba9bc, P0582                , a6834025-c6ab-4f73-affe-9547fd99111c, Reminder , 7D_SURVEY_REMINDER_3  , p0582@example.org, study-team@example.org,              2, Survey reminder, p0582@example.org, 2025-10-16T01:25:08Z
770d8d4e-c055-48d5-91b1-a30e20771478, P0583                , 712f5068-e7e0-4b5c-ae0f-39684235f2c2, Reminder , 24H_SURVEY_REMINDER_1 , p0583@example.org, study-team@example.org,              2, Survey reminder, p0583@example.org, 2025-12-30T12:43:18Z
770d8d4e-c055-48d5-91b1-a30e20771478, P0583                , b8592552-f59c-4eed-a786-664a07d0ef6c, Reminder , 3M_SURVEY_REMINDER_1  , p0583@example.org, study-team@example.org,              4, Survey reminder, p0583@example.org, 2026-03-30T11:43:18Z
770d8d4e-c055-48d5-91b1-a30e20771478, P0583                , ff413c25-954f-4a90-bc73-e788ad1aafc2, Reminder , 4_6M_SURVEY_REMINDER_1, p0583@example.org, study-team@example.org,              1, Survey reminder, p0583@example.org, 2026-06-04T11:43:18Z
ae09ae26-4db5-4faa-828b-fbbd1bfabbb2, P0585                , 313d813a-8938-43c3-a535-02f62d2138d9, Reminder , 24H_SURVEY_REMINDER_1 , p0585@example.org, study-team@example.org,              5, Survey reminder, p0585@example.org, 2025-09-24T01:02:24Z
ae09ae26-4db5-4faa-828b-fbbd1bfabbb2, P0585                , 30032638-21e8-4e45-b49a-7797b62acbdb, Reminder , 7D_SURVEY_REMINDER_1  , p0585@example.org, study-team@example.org,              2, Survey reminder, p0585@example.org, 2025-10-01T01:02:24Z
ae09ae26-4db5-4faa-828b-fbbd1bfabbb2, P0585                , b99d6a43-02c8-4a9b-859b-19937be34dfc, Reminder , 1M_SURVEY_REMINDER_1  , p0585@example.org, study-team@example.org,              1, Survey reminder, p0585@example.org, 2025-10-24T01:02:24Z
ae09ae26-4db5-4faa-828b-fbbd1bfabbb2, P0585                , 70c18a0a-6b7f-4f32-874b-93176164e406, Reminder , 1M_SURVEY_REMINDER_2  , p0585@example.org, study-team@example.org,              5, Survey reminder, p0585@example.org, 2025-10-25T01:02:24Z
ae09ae26-4db5-4faa-828b-fbbd1bfabbb2, P0585                , 328b72d4-cb65-487c-931d-469a84784697, Reminder , 1M_SURVEY_REMINDER_3  , p0585@example.org, study-team@example.org,              5, Survey reminder, p0585@example.org, 2025-10-26T01:02:24Z
ae09ae26-4db5-4faa-828b-fbbd1bfabbb2, P0585                , 73a3a7c0-a939-4245-b712-1fd24b25ec2a, Reminder , 3M_SURVEY_REMINDER_1  , p0585@example.org, study-team@example.org,              4, Survey reminder, p0585@example.org, 2025-12-23T02:02:24Z
ae09ae26-4db5-4faa-828b-fbbd1bfabbb2, P0585                , 40129ac8-201a-465d-8a4a-89c92c4ace35, Reminder , 3M_SURVEY_REMINDER_2  , p0585@example.org, study-team@example.org,              4, Survey reminder, p0585@example.org, 2025-12-24T02:02:24Z
ae09ae26-4db5-4faa-828b-fbbd1bfabbb2, P0585                , 24fa457a-903c-48c1-8307-3f928cf891fa, Reminder , 3M_SURVEY_REMINDER_3  , p0585@example.org, study-team@example.org,              3, Survey reminder, p0585@example.org, 2025-12-25T02:02:24Z
ae09ae26-4db5-4faa-828b-fbbd1bfabbb2, P0585                , 613d7c3a-deaf-4ef9-8412-f099a0011517, Reminder , 4_6M_SURVEY_REMINDER_1, p0585@example.org, study-team@example.org,              3, Survey reminder, p0585@example.org, 2026-03-01T02:02:24Z
16a015c6-cbc3-468c-8f7b-ef9af3726c83, P0586                , a9bdc731-2f7a-4c7d-993c-17b82d619819, Reminder , 3M_SURVEY_REMINDER_1  , p0586@example.org, study-team@example.org,              1, Survey reminder, p0586@example.org, 2025-11-03T01:02:02Z
16a015c6-cbc3-468c-8f7b-ef9af3726c83, P0586                , 6fdaf618-224d-475c-ab0b-d26f9de4fe87, Reminder , 4_6M_SURVEY_REMINDER_1, p0586@example.org, study-team@example.org,              1, Survey reminder, p0586@example.org, 2025-12-12T01:02:02Z
156d08f0-66c8-41d6-8fc5-b0aef9c5c4f6, P0587                , e074e632-dd55-4c78-a58b-dc5cc4af5d97, Reminder , 24H_SURVEY_REMINDER_1 , p0587@example.org, study-team@example.org,              5, Survey reminder, p0587@example.org, 2025-06-04T14:59:48Z
156d08f0-66c8-41d6-8fc5-b0aef9c5c4f6, P0587                , 238e8810-bed6-4631-be80-c3fae0fae12a, Reminder , 7D_SURVEY_REMINDER_1  , p0587@example.org, study-team@example.org,              4, Survey reminder, p0587@example.org, 2025-06-11T14:59:48Z
156d08f0-66c8-41d6-8fc5-b0aef9c5c4f6, P0587                , f8746a2b-084b-4bba-b0bd-f89086dd7e09, Reminder , 3M_SURVEY_REMINDER_1  , p0587@example.org, study-team@example.org,              3, Survey reminder, p0587@example.org, 2025-09-02T14:59:48Z
e902dbea-b9b7-4c46-9c41-903632351b46, P0588                , dcc614c0-054c-45fa-b51d-bd914aaa6253, Reminder , 4_6M_SURVEY_REMINDER_1, p0588@example.org, study-team@example.org,              3, Survey reminder, p0588@example.org, 2026-05-23T19:27:01Z
e902dbea-b9b7-4c46-9c41-903632351b46, P0588                , 0e1dbba5-40e1-4a50-8d99-3e8fab1cfdb1, Reminder , 4_6M_SURVEY_REMINDER_2, p0588@example.org, study-team@example.org,              2, Survey reminder, p0588@example.org, 2026-05-24T19:27:01Z
e902dbea-b9b7-4c46-9c41-903632351b46, P0588                , 7cc43dd0-4085-4aa3-b322-d821b74a71b7, Reminder , 4_6M_SURVEY_REMINDER_3, p0588@example.org, study-team@example.org,              4, Survey reminder, p0588@example.org, 2026-05-25T19:27:01Z
a4931184-3be2-4ab0-8d06-d799e6b18b0b, P0589                , 5bd4b33d-6b00-46f0-a8a1-8ad0f08e1778, Reminder , 7D_SURVEY_REMINDER_1  , p0589@example.org, study-team@example.org,              2, Survey reminder, p0589@example.org, 2025-04-17T12:32:28Z
a4931184-3be2-4ab0-8d06-d799e6b18b0b, P0589                , 86776cc9-9dec-4644-8ead-0b7e07ad443c, Reminder , 7D_SURVEY_REMINDER_2  , p0589@example.org, study-team@example.org,              2, Survey reminder, p0589@example.org, 2025-04-18T12:32:28Z
a4931184-3be2-4ab0-8d06-d799e6b18b0b, P0589                , 3df850e5-5c81-4b7f-a511-dca084aebb48, Reminder , 3M_SURVEY_REMINDER_1  , p0589@example.org, study-team@example.org,              4, Survey reminder, p0589@example.org, 2025-07-09T12:32:28Z
82e8b88d-5013-4cdd-a7d8-ea3de5101ad8, P0591                , 064b0427-7169-4b6d-8d25-469b0334ac13, Reminder , 24H_SURVEY_REMINDER_1 , p0591@example.org, study-team@example.org,              3, Survey reminder, p0591@example.org, 2025-02-27T21:31:01Z
82e8b88d-5013-4cdd-a7d8-ea3de5101ad8, P0591                , a9533416-9243-424f-8635-54d68fc92d68, Reminder , 1M_SURVEY_REMINDER_1  , p0591@example.org, study-team@example.org,              3, Survey reminder, p0591@example.org, 2025-03-29T20:31:01Z
82e8b88d-5013-4cdd-a7d8-ea3de5101ad8, P0591                , 98971140-6c08-4ec9-b1cc-87191082d5ef, Reminder , 1M_SURVEY_REMINDER_2  , p0591@example.org, study-team@example.org,              5, Survey reminder, p0591@example.org, 2025-03-30T20:31:01Z
965b4d5f-75ff-407b-95f7-d125106bd9ad, P0593                , 345863e6-5613-4646-933d-4eca74aa1b5d, Reminder , 3M_SURVEY_REMINDER_1  , p0593@example.org, study-team@example.org,              5, Survey reminder, p0593@example.org, 2025-04-10T13:45:28Z
9b31ff29-a4c5-4e4b-bdf1-739c5b4ce4d1, P0594                , 5c25c8be-e0cd-4171-a4f0-e3dd3ca3eca3, Reminder , 24H_SURVEY_REMINDER_1 , p0594@example.org, study-team@example.org,              5, Survey reminder, p0594@example.org, 2025-01-07T23:41:32Z
9b31ff29-a4c5-4e4b-bdf1-739c5b4ce4d1, P0594                , 75e66efe-02ac-42d1-854e-21f206e105fc, Reminder , 4_6M_SURVEY_REMINDER_1, p0594@example.org, study-team@example.org,              3, Survey reminder, p0594@example.org, 2025-06-14T22:41:32Z
9b31ff29-a4c5-4e4b-bdf1-739c5b4ce4d1, P0594                , 5e449490-f971-4d1e-b703-fc34d3d0ab0a, Reminder , 4_6M_SURVEY_REMINDER_2, p0594@example.org, study-team@example.org,              5, Survey reminder, p0594@example.org, 2025-06-15T22:41:32Z
9b31ff29-a4c5-4e4b-bdf1-739c5b4ce4d1, P0594                , 8f5f80f7-bf29-4305-bef9-2f4370c60186, Reminder , 4_6M_SURVEY_REMINDER_3, p0594@example.org, study-team@example.org,              5, Survey reminder, p0594@example.org, 2025-06-16T22:41:32Z
4db64632-6a5e-4ec0-9e28-ed0c0c13034a, P0595                , e3ef068a-6db3-496d-b2ed-3fdc7faeb803, Reminder , 1M_SURVEY_REMINDER_1  , p0595@example.org, study-team@example.org,              1, Survey reminder, p0595@example.org, 2025-05-19T00:15:55Z
4db64632-6a5e-4ec0-9e28-ed0c0c13034a, P0595                , 4d921c43-e313-40d2-b606-6e5f8579119c, Reminder , 1M_SURVEY_REMINDER_2  , p0595@example.org, study-team@example.org,              1, Survey reminder, p0595@example.org, 2025-05-20T00:15:55Z
4db64632-6a5e-4ec0-9e28-ed0c0c13034a, P0595                , 68f72d2c-b6e6-44c2-b750-c073f78bc71b, Reminder , 4_6M_SURVEY_REMINDER_1, p0595@example.org, study-team@example.org,              3, Survey reminder, p0595@example.org, 2025-09-23T00:15:55Z
4db64632-6a5e-4ec0-9e28-ed0c0c13034a, P0595                , 3e3d8b43-54db-4a5b-a300-ae0bb5bf8cf5, Reminder , 4_6M_SURVEY_REMINDER_2, p0595@example.org, study-team@example.org,              2, Survey reminder, p0595@example.org, 2025-09-24T00:15:55Z
4db64632-6a5e-4ec0-9e28-ed0c0c13034a, P0595                , b2e0907e-50ed-4a57-889c-c5e861be11b6, Reminder , 4_6M_SURVEY_REMINDER_3, p0595@example.org, study-team@example.org,              2, Survey reminder, p0595@example.org, 2025-09-25T00:15:55Z
ddf219c3-fe49-4100-9069-be513b0912e9, P0597                , 2cd765c4-f6da-40d5-8a5e-352c98325a69, Reminder , 24H_SURVEY_REMINDER_1 , p0597@example.org, study-team@example.org,              1, Survey reminder, p0597@example.org, 2025-07-06T11:09:04Z
ddf219c3-fe49-4100-9069-be513b0912e9, P0597                , a39fdfa4-a2c1-47c3-bc70-b259c570f874, Reminder , 24H_SURVEY_REMINDER_2 , p0597@example.org, study-team@example.org,              5, Survey reminder, p0597@example.org, 2025-07-07T11:09:04Z
ddf219c3-fe49-4100-9069-be513b0912e9, P0597                , cefd29a6-c9ca-4001-b0c2-bd08b9df7482, Reminder , 1M_SURVEY_REMINDER_1  , p0597@example.org, study-team@example.org,              3, Survey reminder, p0597@example.org, 2025-08-05T11:09:04Z
ddf219c3-fe49-4100-9069-be513b0912e9, P0597                , 3d60fd7d-6e2b-402f-9970-65520ca32dec, Reminder , 4_6M_SURVEY_REMINDER_1, p0597@example.org, study-team@example.org,              3, Survey reminder, p0597@example.org, 2025-12-01T12:09:04Z
dc4eeaef-1ae3-4e22-9830-d0c2932af008, P0598                , 77ec38b4-66c8-441d-a957-82120be7da6d, Reminder , 3M_SURVEY_REMINDER_1  , p0598@example.org, study-team@example.org,              4, Survey reminder, p0598@example.org, 2025-09-10T18:55:48Z
dc4eeaef-1ae3-4e22-9830-d0c2932af008, P0598                , 9c194e58-435d-42d7-95a5-7518c6abb9f4, Reminder , 4_6M_SURVEY_REMINDER_1, p0598@example.org, study-team@example.org,              5, Survey reminder, p0598@example.org, 2025-10-19T18:55:48Z
c42d8582-e83d-4bb2-a7e9-f1c630072350, P0599                , c267d43d-c0f9-4ee2-841f-3a7b24e74e31, Reminder , 24H_SURVEY_REMINDER_1 , p0599@example.org, study-team@example.org,              5, Survey reminder, p0599@example.org, 2025-04-13T22:57:09Z
c42d8582-e83d-4bb2-a7e9-f1c630072350, P0599                , 43c67de7-5674-4982-877a-295464b41d42, Reminder , 24H_SURVEY_REMINDER_2 , p0599@example.org, study-team@example.org,              3, Survey reminder, p0599@example.org, 2025-04-14T22:57:09Z
c42d8582-e83d-4bb2-a7e9-f1c630072350, P0599                , 48741cc3-2f50-4e43-9ea6-5d625bc174d7, Reminder , 7D_SURVEY_REMINDER_1  , p0599@example.org, study-team@example.org,              3, Survey reminder, p0599@example.org, 2025-04-20T22:57:09Z
c42d8582-e83d-4bb2-a7e9-f1c630072350, P0599                , 3832e079-fb7e-4b20-8131-2e59f17e2096, Reminder , 3M_SURVEY_REMINDER_1  , p0599@example.org, study-team@example.org,              5, Survey reminder, p0599@example.org, 2025-07-12T22:57:09Z
c42d8582-e83d-4bb2-a7e9-f1c630072350, P0599                , 1015c07e-7764-448a-bc2f-b987b3fba449, Reminder , 3M_SURVEY_REMINDER_2  , p0599@example.org, study-team@example.org,              5, Survey reminder, p0599@example.org, 2025-07-13T22:57:09Z
47192c01-fdeb-4425-b09f-a1af187e14a3, P0600                , 1203a2ee-6cb2-4fe9-a96a-6fe3af2d93c2, Reminder , 24H_SURVEY_REMINDER_1 , p0600@example.org, study-team@example.org,              5, Survey reminder, p0600@example.org, 2025-05-03T17:38:29Z
47192c01-fdeb-4425-b09f-a1af187e14a3, P0600                , 168a7433-90e5-404d-a0b5-1f02fec4a6a8, Reminder , 24H_SURVEY_REMINDER_2 , p0600@example.org, study-team@example.org,              1, Survey reminder, p0600@example.org, 2025-05-04T17:38:29Z
47192c01-fdeb-4425-b09f-a1af187e14a3, P0600                , 8e68501a-e46e-4f00-8297-5f7d0a1a0e07, Reminder , 1M_SURVEY_REMINDER_1  , p0600@example.org, study-team@example.org,              1, Survey reminder, p0600@example.org, 2025-06-02T17:38:29Z
47192c01-fdeb-4425-b09f-a1af187e14a3, P0600                , 409bdbf0-8135-4dc5-87dc-c6874071151a, Reminder , 4_6M_SURVEY_REMINDER_1, p0600@example.org, study-team@example.org,              5, Survey reminder, p0600@example.org, 2025-09-20T17:38:29Z
c4ed23f7-a987-4e62-924b-824701a4fbb4, P0601                , c45bdb8e-dbdc-4b61-9523-a59eca191d5b, Reminder , 4_6M_SURVEY_REMINDER_1, p0601@example.org, study-team@example.org,              4, Survey reminder, p0601@example.org, 2025-07-13T08:23:21Z
5729fff5-310a-45e7-af18-8c892e29a6c9, P0602                , 921eb566-7cab-4a51-a48e-3f9e9cb19e05, Reminder , 3M_SURVEY_REMINDER_1  , p0602@example.org, study-team@example.org,              1, Survey reminder, p0602@example.org, 2025-11-30T23:00:01Z
5729fff5-310a-45e7-af18-8c892e29a6c9, P0602                , a3fb2f53-bcdc-47b2-a8f2-5cd5065b02b2, Reminder , 3M_SURVEY_REMINDER_2  , p0602@example.org, study-team@example.org,              1, Survey reminder, p0602@example.org, 2025-12-01T23:00:01Z
5729fff5-310a-45e7-af18-8c892e29a6c9, P0602                , 6ffb239e-b3de-478f-ac51-95d47d2431e0, Reminder , 3M_SURVEY_REMINDER_3  , p0602@example.org, study-team@example.org,              2, Survey reminder, p0602@example.org, 2025-12-02T23:00:01Z
89398771-1a67-4f1a-9eed-8ecf68554d59, P0603                , c57e14b0-a581-4f42-af3e-8fdf5a0a7ea0, Reminder , 7D_SURVEY_REMINDER_1  , p0603@example.org, study-team@example.org,              4, Survey reminder, p0603@example.org, 2025-08-27T01:13:55Z
89398771-1a67-4f1a-9eed-8ecf68554d59, P0603                , d546f0ce-916e-4c4d-a2d2-ecf9f69d26e3, Reminder , 7D_SURVEY_REMINDER_2  , p0603@example.org, study-team@example.org,              1, Survey reminder, p0603@example.org, 2025-08-28T01:13:55Z
89398771-1a67-4f1a-9eed-8ecf68554d59, P0603                , 0b7274b9-11d1-4310-b889-8e65bc27d7fd, Reminder , 7D_SURVEY_REMINDER_3  , p0603@example.org, study-team@example.org,              4, Survey reminder, p0603@example.org, 2025-08-29T01:13:55Z
89398771-1a67-4f1a-9eed-8ecf68554d59, P0603                , db5cb4c8-e6e8-4e04-b1a4-182691226aa7, Reminder , 1M_SURVEY_REMINDER_1  , p0603@example.org, study-team@example.org,              4, Survey reminder, p0603@example.org, 2025-09-19T01:13:55Z
89398771-1a67-4f1a-9eed-8ecf68554d59, P0603                , 28655e71-5828-4e8a-84eb-edb8ca951836, Reminder , 1M_SURVEY_REMINDER_2  , p0603@example.org, study-team@example.org,              3, Survey reminder, p0603@example.org, 2025-09-20T01:13:55Z
89398771-1a67-4f1a-9eed-8ecf68554d59, P0603                , 61abc68f-8dbd-4a7f-84c2-71a552f4a11f, Reminder , 1M_SURVEY_REMINDER_3  , p0603@example.org, study-team@example.org,              2, Survey reminder, p0603@example.org, 2025-09-21T01:13:55Z
89398771-1a67-4f1a-9eed-8ecf68554d59, P0603                , ccd5fc6e-18d5-48e5-9ae5-17b400e3f4dd, Reminder , 4_6M_SURVEY_REMINDER_1, p0603@example.org, study-team@example.org,              5, Survey reminder, p0603@example.org, 2026-01-05T02:13:55Z
60a1dda3-cb39-4e46-86b9-93deb416483b, P0604                , 61fbb966-02f2-48e0-a9f6-5c6646858b7a, Reminder , 1M_SURVEY_REMINDER_1  , p0604@example.org, study-team@example.org,              2, Survey reminder, p0604@example.org, 2025-03-07T06:42:46Z
60a1dda3-cb39-4e46-86b9-93deb416483b, P0604                , 156acd8a-4c2d-4d10-9e66-cf58cc0203e6, Reminder , 1M_SURVEY_REMINDER_2  , p0604@example.org, study-team@example.org,              3, Survey reminder, p0604@example.org, 2025-03-08T06:42:46Z
60a1dda3-cb39-4e46-86b9-93deb416483b, P0604                , 28b57098-1fd2-4e14-ba9b-703a785462c0, Reminder , 3M_SURVEY_REMINDER_1  , p0604@example.org, study-team@example.org,              5, Survey reminder, p0604@example.org, 2025-05-06T05:42:46Z
60a1dda3-cb39-4e46-86b9-93deb416483b, P0604                , f2542f62-d397-4831-83f3-d82060e3f67a, Reminder , 3M_SURVEY_REMINDER_2  , p0604@example.org, study-team@example.org,              2, Survey reminder, p0604@example.org, 2025-05-07T05:42:46Z
87897378-4efa-4000-9f96-f2ac6a7f608c, P0606                , b23d23f8-35d4-455c-ab92-9a4bf9ab2533, Reminder , 7D_SURVEY_REMINDER_1  , p0606@example.org, study-team@example.org,              5, Survey reminder, p0606@example.org, 2025-03-19T03:13:34Z
87897378-4efa-4000-9f96-f2ac6a7f608c, P0606                , 84432771-8866-45f8-8d6b-5f9a5b27efed, Reminder , 3M_SURVEY_REMINDER_1  , p0606@example.org, study-team@example.org,              1, Survey reminder, p0606@example.org, 2025-06-10T03:13:34Z
87897378-4efa-4000-9f96-f2ac6a7f608c, P0606                , c6b04d32-7d13-4422-bb36-b17a0d3e7f4e, Reminder , 3M_SURVEY_REMINDER_2  , p0606@example.org, study-team@example.org,              1, Survey reminder, p0606@example.org, 2025-06-11T03:13:34Z
87897378-4efa-4000-9f96-f2ac6a7f608c, P0606                , 6cd1a252-26f3-4ff8-8ae1-b2c3f994c833, Reminder , 3M_SURVEY_REMINDER_3  , p0606@example.org, study-team@example.org,              2, Survey reminder, p0606@example.org, 2025-06-12T03:13:34Z
a134831a-4778-4a6b-846d-95693f8f4e33, P0607                , 847c120f-92f0-4a49-8af7-d2d0672ab37c, Reminder , 24H_SURVEY_REMINDER_1 , p0607@example.org, study-team@example.org,              5, Survey reminder, p0607@example.org, 2025-08-04T06:10:30Z
a134831a-4778-4a6b-846d-95693f8f4e33, P0607                , c0d22676-c282-4cbf-957f-bc9fff7893f1, Reminder , 24H_SURVEY_REMINDER_2 , p0607@example.org, study-team@example.org,              3, Survey reminder, p0607@example.org, 2025-08-05T06:10:30Z
a134831a-4778-4a6b-846d-95693f8f4e33, P0607                , 8ff9de71-e60a-4714-a6cb-7dfcd87d4cb2, Reminder , 24H_SURVEY_REMINDER_3 , p0607@example.org, study-team@example.org,              1, Survey reminder, p0607@example.org, 2025-08-06T06:10:30Z
b7ea61fe-e864-4347-9fed-ef9edd279409, P0608                , 7c427477-2f1c-4ec7-8d94-06df8d3b493b, Reminder , 24H_SURVEY_REMINDER_1 , p0608@example.org, study-team@example.org,              3, Survey reminder, p0608@example.org, 2025-01-16T07:16:34Z
b7ea61fe-e864-4347-9fed-ef9edd279409, P0608                , e27a8593-95c9-4157-8c70-459b5fc6e7ad, Reminder , 1M_SURVEY_REMINDER_1  , p0608@example.org, study-team@example.org,              5, Survey reminder, p0608@example.org, 2025-02-15T07:16:34Z
b7ea61fe-e864-4347-9fed-ef9edd279409, P0608                , f4774928-dfb4-48ce-8f3a-911e53037dac, Reminder , 1M_SURVEY_REMINDER_2  , p0608@example.org, study-team@example.org,              3, Survey reminder, p0608@example.org, 2025-02-16T07:16:34Z
b7ea61fe-e864-4347-9fed-ef9edd279409, P0608                , 454d0c9b-b597-4e51-8177-d2703868d3f4, Reminder , 1M_SURVEY_REMINDER_3  , p0608@example.org, study-team@example.org,              3, Survey reminder, p0608@example.org, 2025-02-17T07:16:34Z
de510763-383f-40db-bbfc-581becba8e34, P0609                , 3185f42f-b476-4822-8593-dbb7164702f2, Reminder , 24H_SURVEY_REMINDER_1 , p0609@example.org, study-team@example.org,              1, Survey reminder, p0609@example.org, 2025-09-11T00:26:05Z
c44915e6-3974-432a-8947-ae1131d7baa8, P0610                , 0ffba28f-55a7-46a8-9883-f92e71a2fabb, Reminder , 1M_SURVEY_REMINDER_1  , p0610@example.org, study-team@example.org,              4, Survey reminder, p0610@example.org, 2026-01-02T21:53:27Z
c44915e6-3974-432a-8947-ae1131d7baa8, P0610                , bd0812ea-8442-416f-bd71-96e0851a436d, Reminder , 4_6M_SURVEY_REMINDER_1, p0610@example.org, study-team@example.org,              4, Survey reminder, p0610@example.org, 2026-06-01T20:53:27Z
c44915e6-3974-432a-8947-ae1131d7baa8, P0610                , e3d35eaf-b46c-450f-8ac3-f18ec0e956ff, Reminder , 4_6M_SURVEY_REMINDER_2, p0610@example.org, study-team@example.org,              4, Survey reminder, p0610@example.org, 2026-06-02T20:53:27Z
c44915e6-3974-432a-8947-ae1131d7baa8, P0610                , 9221fdbf-1877-4b4f-8f35-9e3000bd564c, Reminder , 4_6M_SURVEY_REMINDER_3, p0610@example.org, study-team@example.org,              1, Survey reminder, p0610@example.org, 2026-06-03T20:53:27Z
67dd917c-9ba2-49f9-b9d2-9abeff937fd5, P0611                , e7e804a6-119a-4569-a226-511916162da6, Reminder , 1M_SURVEY_REMINDER_1  , p0611@example.org, study-team@example.org,              4, Survey reminder, p0611@example.org, 2025-12-17T11:14:04Z
67dd917c-9ba2-49f9-b9d2-9abeff937fd5, P0611                , 552202e2-710d-4466-8785-dac0d1372f91, Reminder , 3M_SURVEY_REMINDER_1  , p0611@example.org, study-team@example.org,              3, Survey reminder, p0611@example.org, 2026-02-15T11:14:04Z
67dd917c-9ba2-49f9-b9d2-9abeff937fd5, P0611                , 86879e53-5107-47d9-9550-a3517932e90b, Reminder , 4_6M_SURVEY_REMINDER_1, p0611@example.org, study-team@example.org,              4, Survey reminder, p0611@example.org, 2026-03-26T10:14:04Z
67dd917c-9ba2-49f9-b9d2-9abeff937fd5, P0611                , 013513e8-cf4d-40fc-9269-72534d562043, Reminder , 4_6M_SURVEY_REMINDER_2, p0611@example.org, study-team@example.org,              3, Survey reminder, p0611@example.org, 2026-03-27T10:14:04Z
0d2977f0-1f0a-49df-a2c8-bf137cf47456, P0612                , a6786df7-a2e6-4fc3-97db-8830d4c674c7, Reminder , 24H_SURVEY_REMINDER_1 , p0612@example.org, study-team@example.org,              2, Survey reminder, p0612@example.org, 2025-07-20T03:16:15Z
01bfb301-3814-43e3-9b36-db6f93a6b2bb, P0613                , 104156af-3bd4-4868-8327-16ac901a44b3, Reminder , 7D_SURVEY_REMINDER_1  , p0613@example.org, study-team@example.org,              1, Survey reminder, p0613@example.org, 2025-11-22T22:41:18Z
01bfb301-3814-43e3-9b36-db6f93a6b2bb, P0613                , 45441ad6-6028-48fa-bfa4-0418ecba27a3, Reminder , 7D_SURVEY_REMINDER_2  , p0613@example.org, study-team@example.org,              2, Survey reminder, p0613@example.org, 2025-11-23T22:41:18Z
01bfb301-3814-43e3-9b36-db6f93a6b2bb, P0613                , 88179cbf-43eb-411c-84c3-57717a64da33, Reminder , 7D_SURVEY_REMINDER_3  , p0613@example.org, study-team@example.org,              1, Survey reminder, p0613@example.org, 2025-11-24T22:41:18Z
147ba6d1-c40c-46fd-9f62-108ed6f7c454, P0614                , 3495ce4b-2b59-4928-b34f-1070fda9ac65, Reminder , 3M_SURVEY_REMINDER_1  , p0614@example.org, study-team@example.org,              2, Survey reminder, p0614@example.org, 2025-07-13T12:03:50Z
147ba6d1-c40c-46fd-9f62-108ed6f7c454, P0614                , 359ec52e-7e59-48ee-88f8-8740d9d60b03, Reminder , 3M_SURVEY_REMINDER_2  , p0614@example.org, study-team@example.org,              5, Survey reminder, p0614@example.org, 2025-07-14T12:03:50Z
c6311a1f-6b2a-4368-b59e-83b0b19d0c32, P0615                , 1dda2c93-05ae-4f7a-a6c6-89a6333e2beb, Reminder , 1M_SURVEY_REMINDER_1  , p0615@example.org, study-team@example.org,              4, Survey reminder, p0615@example.org, 2025-06-12T19:41:01Z
c6311a1f-6b2a-4368-b59e-83b0b19d0c32, P0615                , 7bf5d22f-a3f9-4525-8c07-52b8c43118d3, Reminder , 1M_SURVEY_REMINDER_2  , p0615@example.org, study-team@example.org,              3, Survey reminder, p0615@example.org, 2025-06-13T19:41:01Z
c6311a1f-6b2a-4368-b59e-83b0b19d0c32, P0615                , b36b965c-de11-49b1-8072-22c31ae1f273, Reminder , 1M_SURVEY_REMINDER_3  , p0615@example.org, study-team@example.org,              2, Survey reminder, p0615@example.org, 2025-06-14T19:41:01Z
c6311a1f-6b2a-4368-b59e-83b0b19d0c32, P0615                , db201ebd-afec-444f-929f-922734c01aff, Reminder , 4_6M_SURVEY_REMINDER_1, p0615@example.org, study-team@example.org,              5, Survey reminder, p0615@example.org, 2025-09-12T19:41:01Z
8caf487f-bcd1-422d-a051-10c2e94c98b4, P0616                , 017192d9-bd73-49e5-a4c3-521b7b4d6646, Reminder , 24H_SURVEY_REMINDER_1 , p0616@example.org, study-team@example.org,              3, Survey reminder, p0616@example.org, 2025-09-04T08:03:25Z
8caf487f-bcd1-422d-a051-10c2e94c98b4, P0616                , b30b5831-0db5-4088-8859-71a3156f1438, Reminder , 3M_SURVEY_REMINDER_1  , p0616@example.org, study-team@example.org,              2, Survey reminder, p0616@example.org, 2025-12-03T09:03:25Z
54c71eba-eabb-448e-9ba2-f92b8ab4f15c, P0617                , 9f682f31-be0c-4054-8cfd-1a09ff35ce9c, Reminder , 24H_SURVEY_REMINDER_1 , p0617@example.org, study-team@example.org,              5, Survey reminder, p0617@example.org, 2025-07-22T14:56:38Z
54c71eba-eabb-448e-9ba2-f92b8ab4f15c, P0617                , e166fea9-950e-4b90-ba43-473db9168344, Reminder , 24H_SURVEY_REMINDER_2 , p0617@example.org, study-team@example.org,              1, Survey reminder, p0617@example.org, 2025-07-23T14:56:38Z
54c71eba-eabb-448e-9ba2-f92b8ab4f15c, P0617                , e61b6d21-5d5d-40ec-a1a1-f983ab69adcf, Reminder , 7D_SURVEY_REMINDER_1  , p0617@example.org, study-team@example.org,              5, Survey reminder, p0617@example.org, 2025-07-29T14:56:38Z
54c71eba-eabb-448e-9ba2-f92b8ab4f15c, P0617                , bad6e391-5769-4999-8baf-9a8c6330151f, Reminder , 7D_SURVEY_REMINDER_2  , p0617@example.org, study-team@example.org,              3, Survey reminder, p0617@example.org, 2025-07-30T14:56:38Z
54c71eba-eabb-448e-9ba2-f92b8ab4f15c, P0617                , b950b48e-ac21-404b-b149-809a929e98d1, Reminder , 7D_SURVEY_REMINDER_3  , p0617@example.org, study-team@example.org,              4, Survey reminder, p0617@example.org, 2025-07-31T14:56:38Z
54c71eba-eabb-448e-9ba2-f92b8ab4f15c, P0617                , 61d475a7-7468-480b-a83d-02b9ff896509, Reminder , 3M_SURVEY_REMINDER_1  , p0617@example.org, study-team@example.org,              3, Survey reminder, p0617@example.org, 2025-10-20T14:56:38Z
54c71eba-eabb-448e-9ba2-f92b8ab4f15c, P0617                , bf2814ae-e7a2-4b02-acd3-70d39b18a8ee, Reminder , 4_6M_SURVEY_REMINDER_1, p0617@example.org, study-team@example.org,              5, Survey reminder, p0617@example.org, 2026-01-10T15:56:38Z
54c71eba-eabb-448e-9ba2-f92b8ab4f15c, P0617                , efa7c1ec-22cd-406f-90e1-6ced21b32429, Reminder , 4_6M_SURVEY_REMINDER_2, p0617@example.org, study-team@example.org,              5, Survey reminder, p0617@example.org, 2026-01-11T15:56:38Z
54c71eba-eabb-448e-9ba2-f92b8ab4f15c, P0617                , a62fae34-7538-4071-80c4-0141717914ff, Reminder , 4_6M_SURVEY_REMINDER_3, p0617@example.org, study-team@example.org,              3, Survey reminder, p0617@example.org, 2026-01-12T15:56:38Z
58c99884-9010-4d52-a451-7129519e5d95, P0618                , 65d301bd-6b9b-48b3-a6d1-0be777616930, Reminder , 24H_SURVEY_REMINDER_1 , p0618@example.org, study-team@example.org,              4, Survey reminder, p0618@example.org, 2025-10-21T12:45:20Z
58c99884-9010-4d52-a451-7129519e5d95, P0618                , 4b9b3d29-5bd9-4662-bc66-d9dd5b5e5c00, Reminder , 1M_SURVEY_REMINDER_1  , p0618@example.org, study-team@example.org,              1, Survey reminder, p0618@example.org, 2025-11-20T13:45:20Z
1446f716-09d1-404d-8c8a-ef4911159ea7, P0619                , a05c2c1e-6664-4e46-adde-6308253e37bb, Reminder , 3M_SURVEY_REMINDER_1  , p0619@example.org, study-team@example.org,              3, Survey reminder, p0619@example.org, 2026-01-15T03:07:44Z
1446f716-09d1-404d-8c8a-ef4911159ea7, P0619                , c5e1a01d-74d2-4cec-9c05-63ce17118be4, Reminder , 3M_SURVEY_REMINDER_2  , p0619@example.org, study-team@example.org,              3, Survey reminder, p0619@example.org, 2026-01-16T03:07:44Z
6ef21e81-883a-44e3-b72b-5fe9bf495bc7, P0620                , 9299303d-e913-4408-9267-599ea6aada00, Reminder , 4_6M_SURVEY_REMINDER_1, p0620@example.org, study-team@example.org,              4, Survey reminder, p0620@example.org, 2025-10-14T19:18:13Z
46c3d5bd-73a7-4d2c-8309-645bd8f06786, P0621                , d5517e0a-cba2-4999-a2ff-e4dadc4fa430, Reminder , 1M_SURVEY_REMINDER_1  , p0621@example.org, study-team@example.org,              5, Survey reminder, p0621@example.org, 2025-02-22T09:20:59Z
46c3d5bd-73a7-4d2c-8309-645bd8f06786, P0621                , 045d3ff7-7677-47fb-802e-05c40f4d192a, Reminder , 1M_SURVEY_REMINDER_2  , p0621@example.org, study-team@example.org,              3, Survey reminder, p0621@example.org, 2025-02-23T09:20:59Z
f81289a3-cf5f-42e0-9502-ac8bbe0c4c3a, P0622                , a4eb453f-bc75-462b-9edf-741620bd0bcd, Reminder , 24H_SURVEY_REMINDER_1 , p0622@example.org, study-team@example.org,              3, Survey reminder, p0622@example.org, 2025-09-13T23:46:47Z
f81289a3-cf5f-42e0-9502-ac8bbe0c4c3a, P0622                , 2dccd69a-a5ba-4b71-a6a2-08c818ecc1cc, Reminder , 7D_SURVEY_REMINDER_1  , p0622@example.org, study-team@example.org,              5, Survey reminder, p0622@example.org, 2025-09-20T23:46:47Z
a07956b6-0923-4cb5-b108-22989a260f6d, P0623                , ddb82211-b0db-4b54-a7c7-fd33297a58c0, Reminder , 7D_SURVEY_REMINDER_1  , p0623@example.org, study-team@example.org,              5, Survey reminder, p0623@example.org, 2025-12-01T00:27:18Z
a07956b6-0923-4cb5-b108-22989a260f6d, P0623                , f3277a6c-3fae-411e-a089-2c8dcdebcbe1, Reminder , 3M_SURVEY_REMINDER_1  , p0623@example.org, study-team@example.org,              1, Survey reminder, p0623@example.org, 2026-02-22T00:27:18Z
a07956b6-0923-4cb5-b108-22989a260f6d, P0623                , 03da4825-6184-49cb-b9c1-02cc90496b86, Reminder , 3M_SURVEY_REMINDER_2  , p0623@example.org, study-team@example.org,              4, Survey reminder, p0623@example.org, 2026-02-23T00:27:18Z
bd883aec-7ada-420d-bf8f-5a85b6f9858f, P0624                , 9de9b4de-0890-4e1b-96da-1532dff7e303, Reminder , 3M_SURVEY_REMINDER_1  , p0624@example.org, study-team@example.org,              1, Survey reminder, p0624@example.org, 2025-04-05T22:21:03Z
a55c7614-def5-4282-bc65-849d06dce830, P0625                , 49dfab15-33bb-4fac-ad79-08d9182d59a3, Reminder , 4_6M_SURVEY_REMINDER_1, p0625@example.org, study-team@example.org,              1, Survey reminder, p0625@example.org, 2026-02-05T09:04:13Z
a55c7614-def5-4282-bc65-849d06dce830, P0625                , fc1a39d0-cae7-4da7-923d-909f85fb455d, Reminder , 4_6M_SURVEY_REMINDER_2, p0625@example.org, study-team@example.org,              3, Survey reminder, p0625@example.org, 2026-02-06T09:04:13Z
a705860a-5ee3-4d6e-b0a4-5fc84f726f5b, P0626                , 3c8324d2-b7b0-496a-9ed7-0eaa5e673147, Reminder , 7D_SURVEY_REMINDER_1  , p0626@example.org, study-team@example.org,              2, Survey reminder, p0626@example.org, 2025-04-12T19:07:44Z
a705860a-5ee3-4d6e-b0a4-5fc84f726f5b, P0626                , 731a9dc5-f40e-4d20-a9ff-d83f13b067d7, Reminder , 7D_SURVEY_REMINDER_2  , p0626@example.org, study-team@example.org,              4, Survey reminder, p0626@example.org, 2025-04-13T19:07:44Z
a705860a-5ee3-4d6e-b0a4-5fc84f726f5b, P0626                , d3dd25b7-b9be-4b2a-b4d2-33b5406f0549, Reminder , 7D_SURVEY_REMINDER_3  , p0626@example.org, study-team@example.org,              4, Survey reminder, p0626@example.org, 2025-04-14T19:07:44Z
a705860a-5ee3-4d6e-b0a4-5fc84f726f5b, P0626                , f5c32e42-0e25-4664-9135-4637d5528ea3, Reminder , 1M_SURVEY_REMINDER_1  , p0626@example.org, study-team@example.org,              4, Survey reminder, p0626@example.org, 2025-05-05T19:07:44Z
a705860a-5ee3-4d6e-b0a4-5fc84f726f5b, P0626                , 3bf43fb1-c9b7-4ce7-b85d-20e429b25ad6, Reminder , 3M_SURVEY_REMINDER_1  , p0626@example.org, study-team@example.org,              2, Survey reminder, p0626@example.org, 2025-07-04T19:07:44Z
a705860a-5ee3-4d6e-b0a4-5fc84f726f5b, P0626                , 71ef198d-dc7c-4dfb-80a0-ca607d70c90e, Reminder , 3M_SURVEY_REMINDER_2  , p0626@example.org, study-team@example.org,              1, Survey reminder, p0626@example.org, 2025-07-05T19:07:44Z
a705860a-5ee3-4d6e-b0a4-5fc84f726f5b, P0626                , eb6195ed-87c4-49d5-a696-1b2270938339, Reminder , 3M_SURVEY_REMINDER_3  , p0626@example.org, study-team@example.org,              3, Survey reminder, p0626@example.org, 2025-07-06T19:07:44Z
a705860a-5ee3-4d6e-b0a4-5fc84f726f5b, P0626                , 0f43502f-7f67-4dc7-b88d-1b1cbe58999d, Reminder , 4_6M_SURVEY_REMINDER_1, p0626@example.org, study-team@example.org,              1, Survey reminder, p0626@example.org, 2025-08-03T19:07:44Z
bb8a0e87-d8c2-4e2f-bf9a-9d8aa9fe1991, P0627                , b69b10a3-78e8-4835-9a4f-91397dd65c6c, Reminder , 24H_SURVEY_REMINDER_1 , p0627@example.org, study-team@example.org,              1, Survey reminder, p0627@example.org, 2025-07-03T05:48:22Z
bb8a0e87-d8c2-4e2f-bf9a-9d8aa9fe1991, P0627                , 6d32b968-f65f-484e-83d2-392f5a37f23d, Reminder , 4_6M_SURVEY_REMINDER_1, p0627@example.org, study-team@example.org,              4, Survey reminder, p0627@example.org, 2025-12-15T06:48:22Z
bb8a0e87-d8c2-4e2f-bf9a-9d8aa9fe1991, P0627                , 89bc64dc-2d6c-4f08-92e9-0c80b7387dab, Reminder , 4_6M_SURVEY_REMINDER_2, p0627@example.org, study-team@example.org,              2, Survey reminder, p0627@example.org, 2025-12-16T06:48:22Z
41718746-e57c-42c1-b64a-1c0bfdbaf242, P0628                , a86b682f-b081-4a4b-b56d-9a0f965d3be5, Reminder , 24H_SURVEY_REMINDER_1 , p0628@example.org, study-team@example.org,              1, Survey reminder, p0628@example.org, 2025-01-24T04:22:29Z
41718746-e57c-42c1-b64a-1c0bfdbaf242, P0628                , 9a3b1e4a-4fd0-497e-a1e5-b8832036c250, Reminder , 1M_SURVEY_REMINDER_1  , p0628@example.org, study-team@example.org,              4, Survey reminder, p0628@example.org, 2025-02-23T04:22:29Z
bf84603f-9831-4877-9d8d-94a35ef359d7, P0629                , 3535b860-f92a-4b33-b3ce-cea06f78b806, Reminder , 24H_SURVEY_REMINDER_1 , p0629@example.org, study-team@example.org,              4, Survey reminder, p0629@example.org, 2025-03-28T15:41:40Z
ecc3f3f7-f817-40fd-a9ef-8752b88e0951, P0630                , 9506b5c6-faa4-41e9-a928-4e80a9d74c02, Reminder , 24H_SURVEY_REMINDER_1 , p0630@example.org, study-team@example.org,              2, Survey reminder, p0630@example.org, 2025-09-22T06:04:54Z
ecc3f3f7-f817-40fd-a9ef-8752b88e0951, P0630                , 0c5dc898-5716-4c66-a942-636e3d458fa3, Reminder , 24H_SURVEY_REMINDER_2 , p0630@example.org, study-team@example.org,              2, Survey reminder, p0630@example.org, 2025-09-23T06:04:54Z
ecc3f3f7-f817-40fd-a9ef-8752b88e0951, P0630                , b28bfb77-4176-44a3-b492-4db423770f01, Reminder , 3M_SURVEY_REMINDER_1  , p0630@example.org, study-team@example.org,              5, Survey reminder, p0630@example.org, 2025-12-21T07:04:54Z
ecc3f3f7-f817-40fd-a9ef-8752b88e0951, P0630                , 241a7f81-0d6a-400a-8c71-48fd125876ef, Reminder , 3M_SURVEY_REMINDER_2  , p0630@example.org, study-team@example.org,              1, Survey reminder, p0630@example.org, 2025-12-22T07:04:54Z
e2d402b4-725d-4b9b-a95e-ab859f916500, P0631                , d21b9911-9021-440d-b0f0-83acc817d400, Reminder , 7D_SURVEY_REMINDER_1  , p0631@example.org, study-team@example.org,              3, Survey reminder, p0631@example.org, 2025-07-25T00:41:33Z
e2d402b4-725d-4b9b-a95e-ab859f916500, P0631                , 2052c437-87b9-45cd-84f1-c51c79aa3b5e, Reminder , 3M_SURVEY_REMINDER_1  , p0631@example.org, study-team@example.org,              1, Survey reminder, p0631@example.org, 2025-10-16T00:41:33Z
e2d402b4-725d-4b9b-a95e-ab859f916500, P0631                , 156e1371-2371-4896-a371-8c1f7095cea3, Reminder , 3M_SURVEY_REMINDER_2  , p0631@example.org, study-team@example.org,              5, Survey reminder, p0631@example.org, 2025-10-17T00:41:33Z
a63486d9-98c0-4f0c-8e28-ba3893f5a4e5, P0632                , 98bc5fb8-e235-4012-b1e5-76ad9009db19, Reminder , 1M_SURVEY_REMINDER_1  , p0632@example.org, study-team@example.org,              4, Survey reminder, p0632@example.org, 2026-01-01T08:25:44Z
a63486d9-98c0-4f0c-8e28-ba3893f5a4e5, P0632                , bc930eda-525c-47e9-b7b5-c6e8f1793ea2, Reminder , 1M_SURVEY_REMINDER_2  , p0632@example.org, study-team@example.org,              1, Survey reminder, p0632@example.org, 2026-01-02T08:25:44Z
a63486d9-98c0-4f0c-8e28-ba3893f5a4e5, P0632                , 36c6c450-fe3e-4806-ad09-e064a83e661a, Reminder , 4_6M_SURVEY_REMINDER_1, p0632@example.org, study-team@example.org,              2, Survey reminder, p0632@example.org, 2026-04-02T07:25:44Z
b8e9efd7-09ea-4183-a7a6-b105e6fc37e2, P0633                , dab676a4-1b6a-49bc-aa69-4eba8b141851, Reminder , 7D_SURVEY_REMINDER_1  , p0633@example.org, study-team@example.org,              2, Survey reminder, p0633@example.org, 2025-03-08T03:00:09Z
b8e9efd7-09ea-4183-a7a6-b105e6fc37e2, P0633                , 7edce1f6-56a3-47f7-99e7-13a98bf48376, Reminder , 7D_SURVEY_REMINDER_2  , p0633@example.org, study-team@example.org,              4, Survey reminder, p0633@example.org, 2025-03-09T03:00:09Z
b8e9efd7-09ea-4183-a7a6-b105e6fc37e2, P0633                , ecfe06af-7de2-4d0e-9150-2749a35f591f, Reminder , 3M_SURVEY_REMINDER_1  , p0633@example.org, study-team@example.org,              2, Survey reminder, p0633@example.org, 2025-05-30T02:00:09Z
b8e9efd7-09ea-4183-a7a6-b105e6fc37e2, P0633                , 612e6f3d-288f-49e9-b359-2d6c48ca6f17, Reminder , 3M_SURVEY_REMINDER_2  , p0633@example.org, study-team@example.org,              1, Survey reminder, p0633@example.org, 2025-05-31T02:00:09Z
f7c0fc4a-01f2-49b8-abbd-9fb9b6aeab9f, P0634                , 86e62557-9a8a-486c-b79a-7c7113de74e1, Reminder , 24H_SURVEY_REMINDER_1 , p0634@example.org, study-team@example.org,              1, Survey reminder, p0634@example.org, 2025-12-27T15:24:53Z
f7c0fc4a-01f2-49b8-abbd-9fb9b6aeab9f, P0634                , 2abf6504-8bee-401d-9cd3-baeabebddf47, Reminder , 7D_SURVEY_REMINDER_1  , p0634@example.org, study-team@example.org,              4, Survey reminder, p0634@example.org, 2026-01-03T15:24:53Z
f7c0fc4a-01f2-49b8-abbd-9fb9b6aeab9f, P0634                , bad47c77-798b-4c30-b513-f277e6fdb0d4, Reminder , 3M_SURVEY_REMINDER_1  , p0634@example.org, study-team@example.org,              3, Survey reminder, p0634@example.org, 2026-03-27T14:24:53Z
f7c0fc4a-01f2-49b8-abbd-9fb9b6aeab9f, P0634                , c69eadbe-3538-4c63-a638-493f8006a17e, Reminder , 4_6M_SURVEY_REMINDER_1, p0634@example.org, study-team@example.org,              2, Survey reminder, p0634@example.org, 2026-06-22T14:24:53Z
7358f472-6c1c-494e-af73-f4bb30582836, P0635                , 640230a7-15fd-47d2-ae51-9e6a9414d857, Reminder , 7D_SURVEY_REMINDER_1  , p0635@example.org, study-team@example.org,              5, Survey reminder, p0635@example.org, 2025-10-24T21:42:28Z
7358f472-6c1c-494e-af73-f4bb30582836, P0635                , 14edfe1c-fe2a-4de9-b973-b40c61f5e36a, Reminder , 7D_SURVEY_REMINDER_2  , p0635@example.org, study-team@example.org,              5, Survey reminder, p0635@example.org, 2025-10-25T21:42:28Z
7358f472-6c1c-494e-af73-f4bb30582836, P0635                , 382e3eb8-b9cc-4923-a991-b340dbf4f409, Reminder , 3M_SURVEY_REMINDER_1  , p0635@example.org, study-team@example.org,              5, Survey reminder, p0635@example.org, 2026-01-15T22:42:28Z
7358f472-6c1c-494e-af73-f4bb30582836, P0635                , 2076648c-7116-4339-b2e2-9ecbe0f49c0f, Reminder , 3M_SURVEY_REMINDER_2  , p0635@example.org, study-team@example.org,              5, Survey reminder, p0635@example.org, 2026-01-16T22:42:28Z
7358f472-6c1c-494e-af73-f4bb30582836, P0635                , 6ce85afc-357e-44d4-ba5d-4af2c893659c, Reminder , 3M_SURVEY_REMINDER_3  , p0635@example.org, study-team@example.org,              4, Survey reminder, p0635@example.org, 2026-01-17T22:42:28Z
7358f472-6c1c-494e-af73-f4bb30582836, P0635                , 936158bc-03bb-4ecb-b6aa-ac3b66cd56d0, Reminder , 4_6M_SURVEY_REMINDER_1, p0635@example.org, study-team@example.org,              3, Survey reminder, p0635@example.org, 2026-02-24T22:42:28Z
95f80be3-a51c-4728-bad8-90e0e826f6f6, P0636                , 95347e5e-879b-4243-8b25-3ed58d0a1656, Reminder , 1M_SURVEY_REMINDER_1  , p0636@example.org, study-team@example.org,              4, Survey reminder, p0636@example.org, 2026-01-18T09:57:40Z
95f80be3-a51c-4728-bad8-90e0e826f6f6, P0636                , 8200ba0c-55b5-4c8d-ba82-0a79d812dbea, Reminder , 3M_SURVEY_REMINDER_1  , p0636@example.org, study-team@example.org,              4, Survey reminder, p0636@example.org, 2026-03-19T08:57:40Z
afa5c4f2-a4e7-442d-81ed-f6ad95699867, P0637                , 0b5ee281-d7c5-4e91-8ebd-3d96113bfeb7, Reminder , 24H_SURVEY_REMINDER_1 , p0637@example.org, study-team@example.org,              1, Survey reminder, p0637@example.org, 2025-12-06T02:05:47Z
afa5c4f2-a4e7-442d-81ed-f6ad95699867, P0637                , 948a5cf2-1053-45a6-b11e-f75193d62a40, Reminder , 7D_SURVEY_REMINDER_1  , p0637@example.org, study-team@example.org,              5, Survey reminder, p0637@example.org, 2025-12-13T02:05:47Z
afa5c4f2-a4e7-442d-81ed-f6ad95699867, P0637                , bd3c551d-cc4e-457f-b714-5bda35c8b7e6, Reminder , 1M_SURVEY_REMINDER_1  , p0637@example.org, study-team@example.org,              1, Survey reminder, p0637@example.org, 2026-01-05T02:05:47Z
045bdc74-1c05-4875-9ee3-5fe14b31876a, P0638                , baa03807-fae5-4c4e-a9ac-95ee2003e313, Reminder , 24H_SURVEY_REMINDER_1 , p0638@example.org, study-team@example.org,              5, Survey reminder, p0638@example.org, 2025-06-05T11:39:02Z
045bdc74-1c05-4875-9ee3-5fe14b31876a, P0638                , 19a76dea-79d1-4fa7-9069-297fd4ec1eef, Reminder , 24H_SURVEY_REMINDER_2 , p0638@example.org, study-team@example.org,              5, Survey reminder, p0638@example.org, 2025-06-06T11:39:02Z
045bdc74-1c05-4875-9ee3-5fe14b31876a, P0638                , c0756422-2d03-4ca6-b45c-94bd43b6467a, Reminder , 24H_SURVEY_REMINDER_3 , p0638@example.org, study-team@example.org,              2, Survey reminder, p0638@example.org, 2025-06-07T11:39:02Z
045bdc74-1c05-4875-9ee3-5fe14b31876a, P0638                , 9afc89a4-4104-4a35-ab37-ac0d77f6b602, Reminder , 7D_SURVEY_REMINDER_1  , p0638@example.org, study-team@example.org,              1, Survey reminder, p0638@example.org, 2025-06-12T11:39:02Z
045bdc74-1c05-4875-9ee3-5fe14b31876a, P0638                , e7c969e3-6b4b-4fa4-89df-b85268a68503, Reminder , 4_6M_SURVEY_REMINDER_1, p0638@example.org, study-team@example.org,              3, Survey reminder, p0638@example.org, 2025-11-21T12:39:02Z
677f03f9-5a01-4571-b542-12f32f39b499, P0639                , 11ca173b-eddf-41ad-94af-b3dcc14f4bce, Reminder , 4_6M_SURVEY_REMINDER_1, p0639@example.org, study-team@example.org,              1, Survey reminder, p0639@example.org, 2026-03-19T04:14:18Z
677f03f9-5a01-4571-b542-12f32f39b499, P0639                , 62cf6c3f-b39f-47aa-83e5-9365ada51c90, Reminder , 4_6M_SURVEY_REMINDER_2, p0639@example.org, study-team@example.org,              3, Survey reminder, p0639@example.org, 2026-03-20T04:14:18Z
677f03f9-5a01-4571-b542-12f32f39b499, P0639                , 58e3943b-41e0-40d8-9924-5b3f095ec34b, Reminder , 4_6M_SURVEY_REMINDER_3, p0639@example.org, study-team@example.org,              4, Survey reminder, p0639@example.org, 2026-03-21T04:14:18Z
4ba28cae-bc55-4cdd-9209-3be0c76518a7, P0641                , b6547c69-6542-4fe5-a85e-ab833d229c07, Reminder , 3M_SURVEY_REMINDER_1  , p0641@example.org, study-team@example.org,              1, Survey reminder, p0641@example.org, 2026-02-02T09:52:04Z
4ba28cae-bc55-4cdd-9209-3be0c76518a7, P0641                , 30a64bcd-3986-4ca3-8567-ad5dc5a36a0d, Reminder , 3M_SURVEY_REMINDER_2  , p0641@example.org, study-team@example.org,              3, Survey reminder, p0641@example.org, 2026-02-03T09:52:04Z
4ba28cae-bc55-4cdd-9209-3be0c76518a7, P0641                , 693accd8-b336-4d3a-94a8-d677b7a167e5, Reminder , 3M_SURVEY_REMINDER_3  , p0641@example.org, study-team@example.org,              4, Survey reminder, p0641@example.org, 2026-02-04T09:52:04Z
4ba28cae-bc55-4cdd-9209-3be0c76518a7, P0641                , 7895ff95-4cd9-4613-94a6-250925fa9db1, Reminder , 4_6M_SURVEY_REMINDER_1, p0641@example.org, study-team@example.org,              2, Survey reminder, p0641@example.org, 2026-03-14T08:52:04Z
9f546678-4eac-4b29-a74c-6092d624448c, P0642                , ac2983de-9564-459e-b96a-68d984b8633c, Reminder , 24H_SURVEY_REMINDER_1 , p0642@example.org, study-team@example.org,              4, Survey reminder, p0642@example.org, 2025-04-01T19:11:02Z
9f546678-4eac-4b29-a74c-6092d624448c, P0642                , 2c95cc28-8e3e-43da-a298-8e9981ef4e24, Reminder , 24H_SURVEY_REMINDER_2 , p0642@example.org, study-team@example.org,              1, Survey reminder, p0642@example.org, 2025-04-02T19:11:02Z
9f546678-4eac-4b29-a74c-6092d624448c, P0642                , 93dab727-b6ea-4ef2-9472-128d3f4cd9ea, Reminder , 24H_SURVEY_REMINDER_3 , p0642@example.org, study-team@example.org,              3, Survey reminder, p0642@example.org, 2025-04-03T19:11:02Z
9f546678-4eac-4b29-a74c-6092d624448c, P0642                , fcd2d671-7e2c-4e24-bc86-affb169f4ae1, Reminder , 1M_SURVEY_REMINDER_1  , p0642@example.org, study-team@example.org,              3, Survey reminder, p0642@example.org, 2025-05-01T19:11:02Z
9f546678-4eac-4b29-a74c-6092d624448c, P0642                , bb7dd4e8-f30a-4cb4-aa41-2f60fac2e1d3, Reminder , 1M_SURVEY_REMINDER_2  , p0642@example.org, study-team@example.org,              5, Survey reminder, p0642@example.org, 2025-05-02T19:11:02Z
9f546678-4eac-4b29-a74c-6092d624448c, P0642                , 9b05d3b4-1afe-45d5-975f-75f0cf995d73, Reminder , 3M_SURVEY_REMINDER_1  , p0642@example.org, study-team@example.org,              5, Survey reminder, p0642@example.org, 2025-06-30T19:11:02Z
9f546678-4eac-4b29-a74c-6092d624448c, P0642                , 4822b21d-8223-4a8b-b6b6-2f4eeae55539, Reminder , 3M_SURVEY_REMINDER_2  , p0642@example.org, study-team@example.org,              4, Survey reminder, p0642@example.org, 2025-07-01T19:11:02Z
9f546678-4eac-4b29-a74c-6092d624448c, P0642                , 28ab1d10-140e-4951-a732-f40c2fcd3e21, Reminder , 4_6M_SURVEY_REMINDER_1, p0642@example.org, study-team@example.org,              5, Survey reminder, p0642@example.org, 2025-08-05T19:11:02Z
9f546678-4eac-4b29-a74c-6092d624448c, P0642                , 015ef20f-acd4-4672-8a3c-d6a6da217839, Reminder , 4_6M_SURVEY_REMINDER_2, p0642@example.org, study-team@example.org,              2, Survey reminder, p0642@example.org, 2025-08-06T19:11:02Z
4855b0a6-bf22-4191-93cc-83a5d1514eeb, P0644                , 4fb0fcdd-6007-4d5b-a4a2-6bff238c1e60, Reminder , 24H_SURVEY_REMINDER_1 , p0644@example.org, study-team@example.org,              2, Survey reminder, p0644@example.org, 2025-11-19T12:20:08Z
4855b0a6-bf22-4191-93cc-83a5d1514eeb, P0644                , 8be124b2-ba02-4117-836a-de75ad5db259, Reminder , 1M_SURVEY_REMINDER_1  , p0644@example.org, study-team@example.org,              4, Survey reminder, p0644@example.org, 2025-12-19T12:20:08Z
4855b0a6-bf22-4191-93cc-83a5d1514eeb, P0644                , 41dd3ec2-cc8e-4fc2-8049-2c65766bd30d, Reminder , 1M_SURVEY_REMINDER_2  , p0644@example.org, study-team@example.org,              2, Survey reminder, p0644@example.org, 2025-12-20T12:20:08Z
8958cb80-3de5-4c0a-8025-d6cb0b7d00f5, P0645                , 08eac992-3764-4f9f-960e-461ac9c4bcfe, Reminder , 24H_SURVEY_REMINDER_1 , p0645@example.org, study-team@example.org,              4, Survey reminder, p0645@example.org, 2025-04-18T14:17:45Z
8958cb80-3de5-4c0a-8025-d6cb0b7d00f5, P0645                , 2d4100e6-a210-4b62-92b9-762272f22e88, Reminder , 24H_SURVEY_REMINDER_2 , p0645@example.org, study-team@example.org,              4, Survey reminder, p0645@example.org, 2025-04-19T14:17:45Z
8958cb80-3de5-4c0a-8025-d6cb0b7d00f5, P0645                , c74ad4ae-7ad5-40b4-a406-7a630bef8a92, Reminder , 24H_SURVEY_REMINDER_3 , p0645@example.org, study-team@example.org,              3, Survey reminder, p0645@example.org, 2025-04-20T14:17:45Z
8958cb80-3de5-4c0a-8025-d6cb0b7d00f5, P0645                , 6d794076-f888-444a-b009-f6dcf8eec687, Reminder , 7D_SURVEY_REMINDER_1  , p0645@example.org, study-team@example.org,              1, Survey reminder, p0645@example.org, 2025-04-25T14:17:45Z
8958cb80-3de5-4c0a-8025-d6cb0b7d00f5, P0645                , dc434c85-1e8d-4eb1-8725-2daa00e4f665, Reminder , 7D_SURVEY_REMINDER_2  , p0645@example.org, study-team@example.org,              4, Survey reminder, p0645@example.org, 2025-04-26T14:17:45Z
8958cb80-3de5-4c0a-8025-d6cb0b7d00f5, P0645                , 5f6ef903-77d5-4ef7-a33d-167ba62f5392, Reminder , 7D_SURVEY_REMINDER_3  , p0645@example.org, study-team@example.org,              4, Survey reminder, p0645@example.org, 2025-04-27T14:17:45Z
521f63b9-23f5-4c2f-8861-2676ba482671, P0646                , 41a4621d-3aee-4b2c-ba57-6d441e19db7c, Reminder , 3M_SURVEY_REMINDER_1  , p0646@example.org, study-team@example.org,              3, Survey reminder, p0646@example.org, 2025-08-12T23:24:43Z
e3afe9e0-8cc3-465c-ad14-fd5f42438e44, P0647                , cccb1f82-4441-4abb-b774-2961431a8381, Reminder , 3M_SURVEY_REMINDER_1  , p0647@example.org, study-team@example.org,              5, Survey reminder, p0647@example.org, 2026-03-02T00:05:44Z
e3afe9e0-8cc3-465c-ad14-fd5f42438e44, P0647                , 97c521c6-9ca3-4a4d-a94a-af96545e065f, Reminder , 3M_SURVEY_REMINDER_2  , p0647@example.org, study-team@example.org,              4, Survey reminder, p0647@example.org, 2026-03-03T00:05:44Z
8e2c4d24-d2b2-40c5-8f3c-be4ced291000, P0648                , 78e196fa-170b-4fec-b517-587893600740, Reminder , 7D_SURVEY_REMINDER_1  , p0648@example.org, study-team@example.org,              1, Survey reminder, p0648@example.org, 2025-03-27T13:16:19Z
8e2c4d24-d2b2-40c5-8f3c-be4ced291000, P0648                , 4dfe0fd0-b4ac-4b21-bca4-a9f8ebafa8e5, Reminder , 1M_SURVEY_REMINDER_1  , p0648@example.org, study-team@example.org,              3, Survey reminder, p0648@example.org, 2025-04-19T13:16:19Z
8e2c4d24-d2b2-40c5-8f3c-be4ced291000, P0648                , 4f77f2f0-3b1a-44f1-a855-a34426a0f084, Reminder , 3M_SURVEY_REMINDER_1  , p0648@example.org, study-team@example.org,              5, Survey reminder, p0648@example.org, 2025-06-18T13:16:19Z
8e2c4d24-d2b2-40c5-8f3c-be4ced291000, P0648                , 952b0b0a-bc8a-44e5-8300-8f32cfd9a9be, Reminder , 3M_SURVEY_REMINDER_2  , p0648@example.org, study-team@example.org,              1, Survey reminder, p0648@example.org, 2025-06-19T13:16:19Z
8e939d83-7f09-4e4a-ae48-fda390a71c48, P0649                , 5bb5362f-814f-4ea2-a398-26675a820b9f, Reminder , 7D_SURVEY_REMINDER_1  , p0649@example.org, study-team@example.org,              3, Survey reminder, p0649@example.org, 2025-06-03T00:42:45Z
8e939d83-7f09-4e4a-ae48-fda390a71c48, P0649                , 12ca6e12-0b53-4c3d-b269-70632854c8bc, Reminder , 7D_SURVEY_REMINDER_2  , p0649@example.org, study-team@example.org,              4, Survey reminder, p0649@example.org, 2025-06-04T00:42:45Z
8e939d83-7f09-4e4a-ae48-fda390a71c48, P0649                , 4b0d8875-fbe3-4652-b803-1755e4544e90, Reminder , 4_6M_SURVEY_REMINDER_1, p0649@example.org, study-team@example.org,              4, Survey reminder, p0649@example.org, 2025-10-13T00:42:45Z
e484ec8a-fac9-4fa0-bdaa-0440130c8d88, P0651                , f797cd2a-2a1d-4c5b-94ab-d43df35c84a0, Reminder , 24H_SURVEY_REMINDER_1 , p0651@example.org, study-team@example.org,              5, Survey reminder, p0651@example.org, 2025-06-28T20:41:37Z
e484ec8a-fac9-4fa0-bdaa-0440130c8d88, P0651                , 38f480af-4e09-4f6e-b684-1b89bf814873, Reminder , 24H_SURVEY_REMINDER_2 , p0651@example.org, study-team@example.org,              3, Survey reminder, p0651@example.org, 2025-06-29T20:41:37Z
e484ec8a-fac9-4fa0-bdaa-0440130c8d88, P0651                , f35b2337-86cf-4783-922c-ea1d028f9361, Reminder , 24H_SURVEY_REMINDER_3 , p0651@example.org, study-team@example.org,              4, Survey reminder, p0651@example.org, 2025-06-30T20:41:37Z
e75c7dc4-e064-4142-af24-93c6904e5452, P0652                , 22571853-6e1a-4f54-88f9-d94d78a5c3bf, Reminder , 24H_SURVEY_REMINDER_1 , p0652@example.org, study-team@example.org,              2, Survey reminder, p0652@example.org, 2025-09-05T21:23:05Z
e75c7dc4-e064-4142-af24-93c6904e5452, P0652                , 056a9f7a-74e5-4c21-bc2b-1ea9a827b176, Reminder , 24H_SURVEY_REMINDER_2 , p0652@example.org, study-team@example.org,              1, Survey reminder, p0652@example.org, 2025-09-06T21:23:05Z
e75c7dc4-e064-4142-af24-93c6904e5452, P0652                , f319ff99-b459-422b-b4c0-c52d59e086d4, Reminder , 24H_SURVEY_REMINDER_3 , p0652@example.org, study-team@example.org,              5, Survey reminder, p0652@example.org, 2025-09-07T21:23:05Z
e75c7dc4-e064-4142-af24-93c6904e5452, P0652                , 95642b59-8720-40b2-8233-3d198c48b6b8, Reminder , 7D_SURVEY_REMINDER_1  , p0652@example.org, study-team@example.org,              1, Survey reminder, p0652@example.org, 2025-09-12T21:23:05Z
0a4d4bce-47b4-42eb-be7d-796581e11fec, P0653                , b5e41f80-407b-4390-b4b5-e6b3186ed52c, Reminder , 7D_SURVEY_REMINDER_1  , p0653@example.org, study-team@example.org,              4, Survey reminder, p0653@example.org, 2025-07-05T04:46:42Z
0a4d4bce-47b4-42eb-be7d-796581e11fec, P0653                , 416c3268-e7f3-4549-9c76-1ca3b826b690, Reminder , 3M_SURVEY_REMINDER_1  , p0653@example.org, study-team@example.org,              4, Survey reminder, p0653@example.org, 2025-09-26T04:46:42Z
0a4d4bce-47b4-42eb-be7d-796581e11fec, P0653                , 7dd2e78b-28a9-4d26-aece-fc72a6e4a147, Reminder , 3M_SURVEY_REMINDER_2  , p0653@example.org, study-team@example.org,              1, Survey reminder, p0653@example.org, 2025-09-27T04:46:42Z
0a4d4bce-47b4-42eb-be7d-796581e11fec, P0653                , 878001c3-aeca-4e30-867c-3d721ae1db05, Reminder , 3M_SURVEY_REMINDER_3  , p0653@example.org, study-team@example.org,              3, Survey reminder, p0653@example.org, 2025-09-28T04:46:42Z
0a4d4bce-47b4-42eb-be7d-796581e11fec, P0653                , c15a8329-8b55-467a-8166-dbb66de05b16, Reminder , 4_6M_SURVEY_REMINDER_1, p0653@example.org, study-team@example.org,              4, Survey reminder, p0653@example.org, 2025-12-04T05:46:42Z
0a4d4bce-47b4-42eb-be7d-796581e11fec, P0653                , 468915c2-6d3a-49f5-aab2-54792378f0d7, Reminder , 4_6M_SURVEY_REMINDER_2, p0653@example.org, study-team@example.org,              2, Survey reminder, p0653@example.org, 2025-12-05T05:46:42Z
0a4d4bce-47b4-42eb-be7d-796581e11fec, P0653                , 9a3ed8b9-0d21-443c-9fb5-d7921d30a813, Reminder , 4_6M_SURVEY_REMINDER_3, p0653@example.org, study-team@example.org,              2, Survey reminder, p0653@example.org, 2025-12-06T05:46:42Z
9dab1fed-6633-4848-aff2-1da67bb79843, P0654                , 745b40d5-83d5-4167-8341-b9dd7d18dd33, Reminder , 24H_SURVEY_REMINDER_1 , p0654@example.org, study-team@example.org,              1, Survey reminder, p0654@example.org, 2025-08-02T15:09:11Z
9dab1fed-6633-4848-aff2-1da67bb79843, P0654                , 65ab9568-64af-4cdc-bd56-bdc66e31d16a, Reminder , 24H_SURVEY_REMINDER_2 , p0654@example.org, study-team@example.org,              1, Survey reminder, p0654@example.org, 2025-08-03T15:09:11Z
9dab1fed-6633-4848-aff2-1da67bb79843, P0654                , 84b5c1e0-3edb-4c83-a047-246a8b636759, Reminder , 1M_SURVEY_REMINDER_1  , p0654@example.org, study-team@example.org,              4, Survey reminder, p0654@example.org, 2025-09-01T15:09:11Z
f8395b4e-5dd6-4532-8ba5-69de02d2e14a, P0655                , 17259b47-038c-45fd-b671-2342f55ceec5, Reminder , 24H_SURVEY_REMINDER_1 , p0655@example.org, study-team@example.org,              1, Survey reminder, p0655@example.org, 2025-11-12T16:09:14Z
f8395b4e-5dd6-4532-8ba5-69de02d2e14a, P0655                , a6985b30-6eb0-485d-9421-6981f1019dc0, Reminder , 4_6M_SURVEY_REMINDER_1, p0655@example.org, study-team@example.org,              4, Survey reminder, p0655@example.org, 2026-03-13T15:09:14Z
1784db25-4b12-48fa-913c-00b5feb8f30c, P0656                , 725db311-9115-46cc-81b4-7fdd6fe116f9, Reminder , 7D_SURVEY_REMINDER_1  , p0656@example.org, study-team@example.org,              5, Survey reminder, p0656@example.org, 2025-07-11T14:35:33Z
1784db25-4b12-48fa-913c-00b5feb8f30c, P0656                , c5e83f93-644b-4a4e-a1eb-3724ff2a732c, Reminder , 7D_SURVEY_REMINDER_2  , p0656@example.org, study-team@example.org,              3, Survey reminder, p0656@example.org, 2025-07-12T14:35:33Z
1784db25-4b12-48fa-913c-00b5feb8f30c, P0656                , 220b7251-7570-4703-a8fa-39d6b33df132, Reminder , 4_6M_SURVEY_REMINDER_1, p0656@example.org, study-team@example.org,              3, Survey reminder, p0656@example.org, 2025-12-13T15:35:33Z
1784db25-4b12-48fa-913c-00b5feb8f30c, P0656                , 977a52d8-34dc-43cb-8eee-5196dcba7cec, Reminder , 4_6M_SURVEY_REMINDER_2, p0656@example.org, study-team@example.org,              5, Survey reminder, p0656@example.org, 2025-12-14T15:35:33Z
d488eb12-72e8-4314-9db7-1657d4b961ad, P0657                , 8b2fcf66-0754-4ec9-8665-44a55283fcb4, Reminder , 1M_SURVEY_REMINDER_1  , p0657@example.org, study-team@example.org,              4, Survey reminder, p0657@example.org, 2026-01-14T21:51:42Z
d488eb12-72e8-4314-9db7-1657d4b961ad, P0657                , 59c5a4d5-054a-4316-b80c-bcd175390357, Reminder , 3M_SURVEY_REMINDER_1  , p0657@example.org, study-team@example.org,              3, Survey reminder, p0657@example.org, 2026-03-15T20:51:42Z
d488eb12-72e8-4314-9db7-1657d4b961ad, P0657                , c3e37c5d-bcfb-464a-8cdd-3538b861a029, Reminder , 4_6M_SURVEY_REMINDER_1, p0657@example.org, study-team@example.org,              5, Survey reminder, p0657@example.org, 2026-04-29T20:51:42Z
d488eb12-72e8-4314-9db7-1657d4b961ad, P0657                , 9b9ffcc5-d7ec-4709-9ee5-eb98052dc3d4, Reminder , 4_6M_SURVEY_REMINDER_2, p0657@example.org, study-team@example.org,              5, Survey reminder, p0657@example.org, 2026-04-30T20:51:42Z
d488eb12-72e8-4314-9db7-1657d4b961ad, P0657                , b28c1453-82ba-4635-b2c3-fa4dc08a0294, Reminder , 4_6M_SURVEY_REMINDER_3, p0657@example.org, study-team@example.org,              5, Survey reminder, p0657@example.org, 2026-05-01T20:51:42Z
ce538642-b759-4c23-b496-592c7303f53f, P0658                , 2df80e91-83b7-4180-a1cc-12571d67aef6, Reminder , 7D_SURVEY_REMINDER_1  , p0658@example.org, study-team@example.org,              3, Survey reminder, p0658@example.org, 2025-11-10T19:33:46Z
ce538642-b759-4c23-b496-592c7303f53f, P0658                , 742977b5-e93f-4933-8416-9da038529909, Reminder , 4_6M_SURVEY_REMINDER_1, p0658@example.org, study-team@example.org,              3, Survey reminder, p0658@example.org, 2026-04-15T18:33:46Z
c6f305a8-ba10-4c1a-b52f-af74b511a6d5, P0659                , 9483fa25-704a-42a0-9a34-f0272a568d71, Reminder , 24H_SURVEY_REMINDER_1 , p0659@example.org, study-team@example.org,              3, Survey reminder, p0659@example.org, 2025-09-20T00:34:58Z
c6f305a8-ba10-4c1a-b52f-af74b511a6d5, P0659                , 5df00061-50d8-48ce-94d5-a722fa4ac846, Reminder , 3M_SURVEY_REMINDER_1  , p0659@example.org, study-team@example.org,              1, Survey reminder, p0659@example.org, 2025-12-19T01:34:58Z
e0be534a-7035-4a5f-8609-50241525bce1, P0660                , 917d9f90-16d2-4922-9f22-7558715cbd49, Reminder , 24H_SURVEY_REMINDER_1 , p0660@example.org, study-team@example.org,              3, Survey reminder, p0660@example.org, 2025-08-14T23:24:12Z
e0be534a-7035-4a5f-8609-50241525bce1, P0660                , 00f70d05-2e30-4a94-a182-9737092d98fb, Reminder , 7D_SURVEY_REMINDER_1  , p0660@example.org, study-team@example.org,              4, Survey reminder, p0660@example.org, 2025-08-21T23:24:12Z
e0be534a-7035-4a5f-8609-50241525bce1, P0660                , e2b04771-6ba8-4fbd-996b-d7f51b92a664, Reminder , 3M_SURVEY_REMINDER_1  , p0660@example.org, study-team@example.org,              4, Survey reminder, p0660@example.org, 2025-11-13T00:24:12Z
e0be534a-7035-4a5f-8609-50241525bce1, P0660                , 28fc30ee-fd05-43c6-8fb3-c93fbfa9cbf1, Reminder , 3M_SURVEY_REMINDER_2  , p0660@example.org, study-team@example.org,              2, Survey reminder, p0660@example.org, 2025-11-14T00:24:12Z
e0be534a-7035-4a5f-8609-50241525bce1, P0660                , cb35712c-d70c-4df8-963a-49dd5d554000, Reminder , 4_6M_SURVEY_REMINDER_1, p0660@example.org, study-team@example.org,              5, Survey reminder, p0660@example.org, 2025-12-25T00:24:12Z
88e3d403-20b6-460d-9bf1-93e59206de2c, P0661                , 78127fc4-5d4c-45a3-bfe7-e0589fe24267, Reminder , 24H_SURVEY_REMINDER_1 , p0661@example.org, study-team@example.org,              1, Survey reminder, p0661@example.org, 2025-05-02T17:51:50Z
f4bb3a5c-3b25-4211-be07-b47fb548081b, P0662                , 1140ff71-fdd7-4f9f-96e0-93755d1de1b8, Reminder , 3M_SURVEY_REMINDER_1  , p0662@example.org, study-team@example.org,              2, Survey reminder, p0662@example.org, 2025-06-13T11:23:04Z
f4bb3a5c-3b25-4211-be07-b47fb548081b, P0662                , 0c6228ed-6abd-4504-9ffa-a721f6a8e1df, Reminder , 3M_SURVEY_REMINDER_2  , p0662@example.org, study-team@example.org,              5, Survey reminder, p0662@example.org, 2025-06-14T11:23:04Z
f4bb3a5c-3b25-4211-be07-b47fb548081b, P0662                , 47d638a5-be3f-47ff-b769-456c2626e93d, Reminder , 4_6M_SURVEY_REMINDER_1, p0662@example.org, study-team@example.org,              3, Survey reminder, p0662@example.org, 2025-08-12T11:23:04Z
f4bb3a5c-3b25-4211-be07-b47fb548081b, P0662                , 71166b3d-04ca-47b8-908f-e68c0668f748, Reminder , 4_6M_SURVEY_REMINDER_2, p0662@example.org, study-team@example.org,              5, Survey reminder, p0662@example.org, 2025-08-13T11:23:04Z
f4bb3a5c-3b25-4211-be07-b47fb548081b, P0662                , 0bb6e5d2-8343-42bc-8ef6-07598731911e, Reminder , 4_6M_SURVEY_REMINDER_3, p0662@example.org, study-team@example.org,              2, Survey reminder, p0662@example.org, 2025-08-14T11:23:04Z
3f06cc3a-190e-484d-bcb6-16a8aa39187a, P0665                , 5b715466-63c8-4311-8489-96382b331f85, Reminder , 24H_SURVEY_REMINDER_1 , p0665@example.org, study-team@example.org,              1, Survey reminder, p0665@example.org, 2025-06-09T22:30:06Z
3f06cc3a-190e-484d-bcb6-16a8aa39187a, P0665                , 3f0585d0-49e1-4949-af41-d5e18a283ce0, Reminder , 7D_SURVEY_REMINDER_1  , p0665@example.org, study-team@example.org,              5, Survey reminder, p0665@example.org, 2025-06-16T22:30:06Z
3f06cc3a-190e-484d-bcb6-16a8aa39187a, P0665                , b6f04f11-ec1b-4120-a0ec-65f7c1114261, Reminder , 7D_SURVEY_REMINDER_2  , p0665@example.org, study-team@example.org,              1, Survey reminder, p0665@example.org, 2025-06-17T22:30:06Z
356dd24a-e87d-48f5-bcae-dba0d9bffdfd, P0666                , 12f3178f-6e95-4bda-9b98-75d4d3e51a95, Reminder , 7D_SURVEY_REMINDER_1  , p0666@example.org, study-team@example.org,              4, Survey reminder, p0666@example.org, 2025-03-09T06:20:18Z
356dd24a-e87d-48f5-bcae-dba0d9bffdfd, P0666                , 3ae6f978-c2b2-4961-9a59-cf0ad17d0344, Reminder , 1M_SURVEY_REMINDER_1  , p0666@example.org, study-team@example.org,              5, Survey reminder, p0666@example.org, 2025-04-01T05:20:18Z
356dd24a-e87d-48f5-bcae-dba0d9bffdfd, P0666                , 3711edbb-2889-4d06-a2bc-eead33a0cc78, Reminder , 4_6M_SURVEY_REMINDER_1, p0666@example.org, study-team@example.org,              5, Survey reminder, p0666@example.org, 2025-08-11T05:20:18Z
356dd24a-e87d-48f5-bcae-dba0d9bffdfd, P0666                , d8845b25-55d7-46d6-a1bf-eeb82b195212, Reminder , 4_6M_SURVEY_REMINDER_2, p0666@example.org, study-team@example.org,              4, Survey reminder, p0666@example.org, 2025-08-12T05:20:18Z
356dd24a-e87d-48f5-bcae-dba0d9bffdfd, P0666                , 840d5a20-839a-4d85-ae84-88a5601f84de, Reminder , 4_6M_SURVEY_REMINDER_3, p0666@example.org, study-team@example.org,              3, Survey reminder, p0666@example.org, 2025-08-13T05:20:18Z
e4ca371f-7660-4bef-85c4-cb50a4f2e344, P0667                , 4116cc42-28bd-4768-b80d-60db042d493d, Reminder , 7D_SURVEY_REMINDER_1  , p0667@example.org, study-team@example.org,              1, Survey reminder, p0667@example.org, 2025-07-15T19:12:01Z
e4ca371f-7660-4bef-85c4-cb50a4f2e344, P0667                , 226e82e6-2f50-4471-9fa1-134e3167ab8a, Reminder , 1M_SURVEY_REMINDER_1  , p0667@example.org, study-team@example.org,              5, Survey reminder, p0667@example.org, 2025-08-07T19:12:01Z
e4ca371f-7660-4bef-85c4-cb50a4f2e344, P0667                , 1e329279-2aae-4e6d-b849-e1aa113db23b, Reminder , 1M_SURVEY_REMINDER_2  , p0667@example.org, study-team@example.org,              1, Survey reminder, p0667@example.org, 2025-08-08T19:12:01Z
e5fa0fd5-e26b-4558-8c10-10fca23319d4, P0668                , 0b6e5a4b-bfbf-4ff1-a004-b4a8b0cd23ba, Reminder , 7D_SURVEY_REMINDER_1  , p0668@example.org, study-team@example.org,              2, Survey reminder, p0668@example.org, 2025-12-21T15:48:24Z
e5fa0fd5-e26b-4558-8c10-10fca23319d4, P0668                , 4448c453-bb24-409f-8dca-12733e9fd1ff, Reminder , 4_6M_SURVEY_REMINDER_1, p0668@example.org, study-team@example.org,              3, Survey reminder, p0668@example.org, 2026-05-29T14:48:24Z
e5fa0fd5-e26b-4558-8c10-10fca23319d4, P0668                , 6564dd91-8084-4362-a73a-322f4a8feab1, Reminder , 4_6M_SURVEY_REMINDER_2, p0668@example.org, study-team@example.org,              2, Survey reminder, p0668@example.org, 2026-05-30T14:48:24Z
e5fa0fd5-e26b-4558-8c10-10fca23319d4, P0668                , 6e38793d-e7cd-4770-9bde-299d1f8dd7bf, Reminder , 4_6M_SURVEY_REMINDER_3, p0668@example.org, study-team@example.org,              3, Survey reminder, p0668@example.org, 2026-05-31T14:48:24Z
52313b1c-ecf5-44c8-9de5-4318326da884, P0669                , 208ff59a-5a17-4b27-b4c9-47c9e373b78d, Reminder , 3M_SURVEY_REMINDER_1  , p0669@example.org, study-team@example.org,              5, Survey reminder, p0669@example.org, 2025-04-03T13:31:04Z
52313b1c-ecf5-44c8-9de5-4318326da884, P0669                , 7657bbd0-32d2-4d2b-b66c-6e7feba22b86, Reminder , 3M_SURVEY_REMINDER_2  , p0669@example.org, study-team@example.org,              5, Survey reminder, p0669@example.org, 2025-04-04T13:31:04Z
52313b1c-ecf5-44c8-9de5-4318326da884, P0669                , d6087da3-ba70-4d5e-9011-e511f4207a31, Reminder , 3M_SURVEY_REMINDER_3  , p0669@example.org, study-team@example.org,              2, Survey reminder, p0669@example.org, 2025-04-05T13:31:04Z
cf02b57d-42b4-45c7-8cc9-1cf93a1e6311, P0670                , 506f88b6-9474-4822-befa-0c502e0b3e48, Reminder , 24H_SURVEY_REMINDER_1 , p0670@example.org, study-team@example.org,              4, Survey reminder, p0670@example.org, 2025-05-19T03:33:23Z
cf02b57d-42b4-45c7-8cc9-1cf93a1e6311, P0670                , cb6758b8-85fe-479c-95f1-e437b5ea5a5b, Reminder , 24H_SURVEY_REMINDER_2 , p0670@example.org, study-team@example.org,              1, Survey reminder, p0670@example.org, 2025-05-20T03:33:23Z
cf02b57d-42b4-45c7-8cc9-1cf93a1e6311, P0670                , 55b81f25-bae3-40a1-8f02-c7faddac9b93, Reminder , 24H_SURVEY_REMINDER_3 , p0670@example.org, study-team@example.org,              1, Survey reminder, p0670@example.org, 2025-05-21T03:33:23Z
9434d1e5-fdc2-4917-87b0-38eb1f3a71e5, P0671                , 315c684d-359a-45dd-bfb4-713443377e05, Reminder , 7D_SURVEY_REMINDER_1  , p0671@example.org, study-team@example.org,              2, Survey reminder, p0671@example.org, 2025-11-20T13:44:45Z
9434d1e5-fdc2-4917-87b0-38eb1f3a71e5, P0671                , 2ef38994-48bd-430f-bd8b-dcd5fced7b23, Reminder , 1M_SURVEY_REMINDER_1  , p0671@example.org, study-team@example.org,              2, Survey reminder, p0671@example.org, 2025-12-13T13:44:45Z
9434d1e5-fdc2-4917-87b0-38eb1f3a71e5, P0671                , 0f08234e-f6ba-42f6-b79d-b6a339083630, Reminder , 3M_SURVEY_REMINDER_1  , p0671@example.org, study-team@example.org,              4, Survey reminder, p0671@example.org, 2026-02-11T13:44:45Z
9434d1e5-fdc2-4917-87b0-38eb1f3a71e5, P0671                , a3a65fce-7811-4599-8c85-c57da7254f45, Reminder , 3M_SURVEY_REMINDER_2  , p0671@example.org, study-team@example.org,              3, Survey reminder, p0671@example.org, 2026-02-12T13:44:45Z
9434d1e5-fdc2-4917-87b0-38eb1f3a71e5, P0671                , f321a831-bbbe-44ea-878c-fd258c0accb5, Reminder , 4_6M_SURVEY_REMINDER_1, p0671@example.org, study-team@example.org,              5, Survey reminder, p0671@example.org, 2026-03-18T12:44:45Z
9434d1e5-fdc2-4917-87b0-38eb1f3a71e5, P0671                , dd799617-1125-45d3-8690-153a6c922537, Reminder , 4_6M_SURVEY_REMINDER_2, p0671@example.org, study-team@example.org,              5, Survey reminder, p0671@example.org, 2026-03-19T12:44:45Z
64dbe3fc-1b15-45db-af74-5022b4a55e84, P0672                , f4e2e16f-ee92-400c-aace-ed3e02a6dd94, Reminder , 24H_SURVEY_REMINDER_1 , p0672@example.org, study-team@example.org,              1, Survey reminder, p0672@example.org, 2025-11-21T20:19:55Z
64dbe3fc-1b15-45db-af74-5022b4a55e84, P0672                , 6b08183a-9dd5-417b-a8ab-c1f323410bac, Reminder , 24H_SURVEY_REMINDER_2 , p0672@example.org, study-team@example.org,              2, Survey reminder, p0672@example.org, 2025-11-22T20:19:55Z
64dbe3fc-1b15-45db-af74-5022b4a55e84, P0672                , 788d69e8-b97c-4b2f-8df3-358c4c8a8b5b, Reminder , 7D_SURVEY_REMINDER_1  , p0672@example.org, study-team@example.org,              3, Survey reminder, p0672@example.org, 2025-11-28T20:19:55Z
64dbe3fc-1b15-45db-af74-5022b4a55e84, P0672                , ce267c72-b5bc-4da3-8995-9490c294340a, Reminder , 3M_SURVEY_REMINDER_1  , p0672@example.org, study-team@example.org,              5, Survey reminder, p0672@example.org, 2026-02-19T20:19:55Z
64dbe3fc-1b15-45db-af74-5022b4a55e84, P0672                , 85ae2c0b-8440-488d-b720-aec60807c3eb, Reminder , 3M_SURVEY_REMINDER_2  , p0672@example.org, study-team@example.org,              2, Survey reminder, p0672@example.org, 2026-02-20T20:19:55Z
64dbe3fc-1b15-45db-af74-5022b4a55e84, P0672                , f8aac43b-45f2-4743-a367-521422ceee98, Reminder , 3M_SURVEY_REMINDER_3  , p0672@example.org, study-team@example.org,              4, Survey reminder, p0672@example.org, 2026-02-21T20:19:55Z
68a73242-6ff0-45cc-9199-e60e26408614, P0673                , 07b98329-b6fe-4b1d-aaad-372f1ae36a3a, Reminder , 7D_SURVEY_REMINDER_1  , p0673@example.org, study-team@example.org,              5, Survey reminder, p0673@example.org, 2025-07-30T16:50:37Z
68a73242-6ff0-45cc-9199-e60e26408614, P0673                , 390b71f5-9b8b-4d8f-8309-1cd814a4c05f, Reminder , 7D_SURVEY_REMINDER_2  , p0673@example.org, study-team@example.org,              1, Survey reminder, p0673@example.org, 2025-07-31T16:50:37Z
68a73242-6ff0-45cc-9199-e60e26408614, P0673                , f4192415-aecf-4916-a487-e2810e2a238a, Reminder , 1M_SURVEY_REMINDER_1  , p0673@example.org, study-team@example.org,              5, Survey reminder, p0673@example.org, 2025-08-22T16:50:37Z
68a73242-6ff0-45cc-9199-e60e26408614, P0673                , 42109d36-62f3-4195-8c4a-fa9f31da64b3, Reminder , 3M_SURVEY_REMINDER_1  , p0673@example.org, study-team@example.org,              2, Survey reminder, p0673@example.org, 2025-10-21T16:50:37Z
7aff8e6c-e110-44a2-b83f-f51bd623a51e, P0674                , b5e72977-edc3-404b-8fdc-17bb4eccd913, Reminder , 24H_SURVEY_REMINDER_1 , p0674@example.org, study-team@example.org,              5, Survey reminder, p0674@example.org, 2025-10-01T06:22:18Z
7aff8e6c-e110-44a2-b83f-f51bd623a51e, P0674                , 92f9d92b-8a22-492f-a638-947336d05b22, Reminder , 24H_SURVEY_REMINDER_2 , p0674@example.org, study-team@example.org,              5, Survey reminder, p0674@example.org, 2025-10-02T06:22:18Z
7aff8e6c-e110-44a2-b83f-f51bd623a51e, P0674                , e386cd57-5c41-4bd0-ad9a-a879cafcc409, Reminder , 24H_SURVEY_REMINDER_3 , p0674@example.org, study-team@example.org,              1, Survey reminder, p0674@example.org, 2025-10-03T06:22:18Z
7aff8e6c-e110-44a2-b83f-f51bd623a51e, P0674                , 1ca23f70-cc61-4de6-b2b2-6d4cf463b79b, Reminder , 1M_SURVEY_REMINDER_1  , p0674@example.org, study-team@example.org,              3, Survey reminder, p0674@example.org, 2025-10-31T06:22:18Z
7aff8e6c-e110-44a2-b83f-f51bd623a51e, P0674                , fa0fd8b1-db8d-4952-900c-f46f1cb8ee58, Reminder , 3M_SURVEY_REMINDER_1  , p0674@example.org, study-team@example.org,              5, Survey reminder, p0674@example.org, 2025-12-30T07:22:18Z
7aff8e6c-e110-44a2-b83f-f51bd623a51e, P0674                , 544c83a7-6a0c-4b26-be28-4b1be87faa2f, Reminder , 3M_SURVEY_REMINDER_2  , p0674@example.org, study-team@example.org,              2, Survey reminder, p0674@example.org, 2025-12-31T07:22:18Z
7aff8e6c-e110-44a2-b83f-f51bd623a51e, P0674                , 5341e1d4-f9b8-4d6f-acdd-e7f06adafea2, Reminder , 4_6M_SURVEY_REMINDER_1, p0674@example.org, study-team@example.org,              2, Survey reminder, p0674@example.org, 2026-02-10T07:22:18Z
7aff8e6c-e110-44a2-b83f-f51bd623a51e, P0674                , 923b2734-7302-43c1-9a3e-799187874e7e, Reminder , 4_6M_SURVEY_REMINDER_2, p0674@example.org, study-team@example.org,              3, Survey reminder, p0674@example.org, 2026-02-11T07:22:18Z
7aff8e6c-e110-44a2-b83f-f51bd623a51e, P0674                , 8c5e497c-0e49-45bc-9fc2-b58a9f5ccf56, Reminder , 4_6M_SURVEY_REMINDER_3, p0674@example.org, study-team@example.org,              3, Survey reminder, p0674@example.org, 2026-02-12T07:22:18Z
6f678fab-f11c-4ba1-9913-7d6c7e9bc629, P0675                , 4c100030-ec8c-4a80-afff-0cf313d6665e, Reminder , 24H_SURVEY_REMINDER_1 , p0675@example.org, study-team@example.org,              3, Survey reminder, p0675@example.org, 2025-06-09T01:53:26Z
6f678fab-f11c-4ba1-9913-7d6c7e9bc629, P0675                , ae21e9a2-07d3-47a0-846c-6baf452d52a5, Reminder , 24H_SURVEY_REMINDER_2 , p0675@example.org, study-team@example.org,              5, Survey reminder, p0675@example.org, 2025-06-10T01:53:26Z
6f678fab-f11c-4ba1-9913-7d6c7e9bc629, P0675                , e6c3a8ca-4fdd-4add-9ee2-1b1d3bcc6d31, Reminder , 24H_SURVEY_REMINDER_3 , p0675@example.org, study-team@example.org,              3, Survey reminder, p0675@example.org, 2025-06-11T01:53:26Z
6f678fab-f11c-4ba1-9913-7d6c7e9bc629, P0675                , 6c8f2085-d325-452f-88de-7f5ff985b18d, Reminder , 7D_SURVEY_REMINDER_1  , p0675@example.org, study-team@example.org,              4, Survey reminder, p0675@example.org, 2025-06-16T01:53:26Z
6f678fab-f11c-4ba1-9913-7d6c7e9bc629, P0675                , d4accf23-f49f-435e-b4d4-3ecd55c03cf3, Reminder , 7D_SURVEY_REMINDER_2  , p0675@example.org, study-team@example.org,              5, Survey reminder, p0675@example.org, 2025-06-17T01:53:26Z
6f678fab-f11c-4ba1-9913-7d6c7e9bc629, P0675                , 4916d008-7daf-4c03-8c52-2b01169a6356, Reminder , 1M_SURVEY_REMINDER_1  , p0675@example.org, study-team@example.org,              4, Survey reminder, p0675@example.org, 2025-07-09T01:53:26Z
6f678fab-f11c-4ba1-9913-7d6c7e9bc629, P0675                , 066ce2d8-a334-45c7-a4de-2095714ff616, Reminder , 1M_SURVEY_REMINDER_2  , p0675@example.org, study-team@example.org,              3, Survey reminder, p0675@example.org, 2025-07-10T01:53:26Z
6f678fab-f11c-4ba1-9913-7d6c7e9bc629, P0675                , 548fdcda-0fe8-4967-992d-07c874c234ea, Reminder , 4_6M_SURVEY_REMINDER_1, p0675@example.org, study-team@example.org,              2, Survey reminder, p0675@example.org, 2025-11-16T02:53:26Z
e4347f39-2cfb-4caa-8597-cafcf7be60b2, P0676                , b368abef-2d15-4226-b5ed-c5b84d3319f2, Reminder , 7D_SURVEY_REMINDER_1  , p0676@example.org, study-team@example.org,              5, Survey reminder, p0676@example.org, 2025-11-13T10:21:36Z
e4347f39-2cfb-4caa-8597-cafcf7be60b2, P0676                , 9e7eb9bc-33d7-4c74-87b1-13ae4032c8a6, Reminder , 4_6M_SURVEY_REMINDER_1, p0676@example.org, study-team@example.org,              5, Survey reminder, p0676@example.org, 2026-03-26T09:21:36Z
e4347f39-2cfb-4caa-8597-cafcf7be60b2, P0676                , 8fe99cec-021c-422a-8a04-ef70bbdc1ca7, Reminder , 4_6M_SURVEY_REMINDER_2, p0676@example.org, study-team@example.org,              4, Survey reminder, p0676@example.org, 2026-03-27T09:21:36Z
e4347f39-2cfb-4caa-8597-cafcf7be60b2, P0676                , b55b059e-7516-4a27-b6ee-e0f33338d469, Reminder , 4_6M_SURVEY_REMINDER_3, p0676@example.org, study-team@example.org,              2, Survey reminder, p0676@example.org, 2026-03-28T09:21:36Z
af38ec08-6251-4796-bc3c-da4da0f9534f, P0677                , 7c5696d8-5336-42f1-8af6-0fe0866e878e, Reminder , 1M_SURVEY_REMINDER_1  , p0677@example.org, study-team@example.org,              5, Survey reminder, p0677@example.org, 2025-02-15T02:35:32Z
af38ec08-6251-4796-bc3c-da4da0f9534f, P0677                , 27edb921-97dc-4f20-af7a-7fe6c28349ec, Reminder , 3M_SURVEY_REMINDER_1  , p0677@example.org, study-team@example.org,              2, Survey reminder, p0677@example.org, 2025-04-16T01:35:32Z
af38ec08-6251-4796-bc3c-da4da0f9534f, P0677                , 8c2d4b7a-6a6a-42ba-97f7-732428316207, Reminder , 3M_SURVEY_REMINDER_2  , p0677@example.org, study-team@example.org,              3, Survey reminder, p0677@example.org, 2025-04-17T01:35:32Z
af38ec08-6251-4796-bc3c-da4da0f9534f, P0677                , 0a26eb59-31f3-4a7c-b4d3-3f9dbe535c71, Reminder , 3M_SURVEY_REMINDER_3  , p0677@example.org, study-team@example.org,              4, Survey reminder, p0677@example.org, 2025-04-18T01:35:32Z
202a8b3d-35e2-4684-908d-b87f990f69e1, P0678                , 17e4f2db-4bc4-4af5-8fe2-c13b04843f16, Reminder , 7D_SURVEY_REMINDER_1  , p0678@example.org, study-team@example.org,              1, Survey reminder, p0678@example.org, 2025-09-13T17:00:15Z
202a8b3d-35e2-4684-908d-b87f990f69e1, P0678                , edc5318f-e7e1-492c-b598-1d71001e86d7, Reminder , 7D_SURVEY_REMINDER_2  , p0678@example.org, study-team@example.org,              5, Survey reminder, p0678@example.org, 2025-09-14T17:00:15Z
202a8b3d-35e2-4684-908d-b87f990f69e1, P0678                , 6b270fe9-c0d8-49ce-98f1-b7b79e69f60f, Reminder , 7D_SURVEY_REMINDER_3  , p0678@example.org, study-team@example.org,              3, Survey reminder, p0678@example.org, 2025-09-15T17:00:15Z
202a8b3d-35e2-4684-908d-b87f990f69e1, P0678                , a3b27403-b179-414e-a4f8-ce0a5c7df0a5, Reminder , 3M_SURVEY_REMINDER_1  , p0678@example.org, study-team@example.org,              3, Survey reminder, p0678@example.org, 2025-12-05T18:00:15Z
202a8b3d-35e2-4684-908d-b87f990f69e1, P0678                , 7e18c1d8-98b3-40da-a346-848738f9ce1b, Reminder , 3M_SURVEY_REMINDER_2  , p0678@example.org, study-team@example.org,              4, Survey reminder, p0678@example.org, 2025-12-06T18:00:15Z
202a8b3d-35e2-4684-908d-b87f990f69e1, P0678                , 2cec4e6b-337f-4a8c-b4ef-63dd4d1e66f0, Reminder , 4_6M_SURVEY_REMINDER_1, p0678@example.org, study-team@example.org,              4, Survey reminder, p0678@example.org, 2026-02-25T18:00:15Z
5a075065-489c-4ba5-a2df-b52c369962dc, P0679                , 73e74cf2-e6d8-453e-ba34-38d4831c470d, Reminder , 7D_SURVEY_REMINDER_1  , p0679@example.org, study-team@example.org,              1, Survey reminder, p0679@example.org, 2025-03-16T12:30:11Z
987cacab-476f-4af7-be4d-9d4695e2dc73, P0681                , d194699e-5b64-44df-8d01-4b8973a96078, Reminder , 7D_SURVEY_REMINDER_1  , p0681@example.org, study-team@example.org,              4, Survey reminder, p0681@example.org, 2025-05-04T15:13:40Z
04306766-7063-468a-93ae-655210f92618, P0682                , b0b48f51-a84c-4d67-b902-08f16d19427c, Reminder , 7D_SURVEY_REMINDER_1  , p0682@example.org, study-team@example.org,              2, Survey reminder, p0682@example.org, 2025-06-02T06:41:56Z
04306766-7063-468a-93ae-655210f92618, P0682                , a229da75-8c4b-4f19-b020-013299fcc9eb, Reminder , 3M_SURVEY_REMINDER_1  , p0682@example.org, study-team@example.org,              5, Survey reminder, p0682@example.org, 2025-08-24T06:41:56Z
61462654-9838-4d8e-ad8d-d5ee00db6dc1, P0683                , 6cbbb1c9-729d-4360-92e5-dfbbf90e8421, Reminder , 3M_SURVEY_REMINDER_1  , p0683@example.org, study-team@example.org,              4, Survey reminder, p0683@example.org, 2025-10-30T19:51:00Z
61462654-9838-4d8e-ad8d-d5ee00db6dc1, P0683                , 2b7f25cb-53c6-4808-8db0-2c7bf14c58f1, Reminder , 4_6M_SURVEY_REMINDER_1, p0683@example.org, study-team@example.org,              3, Survey reminder, p0683@example.org, 2025-12-23T20:51:00Z
5fcb24b1-cc21-44db-941f-2216f9b93d6f, P0685                , abf77ff4-3644-4cdb-8b51-93caf5185aa7, Reminder , 24H_SURVEY_REMINDER_1 , p0685@example.org, study-team@example.org,              5, Survey reminder, p0685@example.org, 2025-04-14T10:07:33Z
5fcb24b1-cc21-44db-941f-2216f9b93d6f, P0685                , df1300e2-7168-4e33-bbc8-faf6b845458c, Reminder , 24H_SURVEY_REMINDER_2 , p0685@example.org, study-team@example.org,              2, Survey reminder, p0685@example.org, 2025-04-15T10:07:33Z
5fcb24b1-cc21-44db-941f-2216f9b93d6f, P0685                , a0810cb7-6aba-453e-b5fb-5d619d0a283a, Reminder , 3M_SURVEY_REMINDER_1  , p0685@example.org, study-team@example.org,              4, Survey reminder, p0685@example.org, 2025-07-13T10:07:33Z
395e8176-60c1-47d8-893b-2efb53444441, P0686                , 263c5110-82cd-4059-88c2-c74b8d06636d, Reminder , 24H_SURVEY_REMINDER_1 , p0686@example.org, study-team@example.org,              1, Survey reminder, p0686@example.org, 2025-02-24T02:53:39Z
395e8176-60c1-47d8-893b-2efb53444441, P0686                , 8a2a05ad-84d6-4f40-8565-d2c7b356b4e3, Reminder , 3M_SURVEY_REMINDER_1  , p0686@example.org, study-team@example.org,              3, Survey reminder, p0686@example.org, 2025-05-25T01:53:39Z
bc68a37d-48eb-4924-9a17-14cbd9349d8c, P0687                , 5e94e37a-4f99-4775-ab93-d08d5c2a82ea, Reminder , 1M_SURVEY_REMINDER_1  , p0687@example.org, study-team@example.org,              3, Survey reminder, p0687@example.org, 2025-11-05T02:39:17Z
bc68a37d-48eb-4924-9a17-14cbd9349d8c, P0687                , 3676c2b0-0d11-4d0c-8600-6fc93546e40d, Reminder , 1M_SURVEY_REMINDER_2  , p0687@example.org, study-team@example.org,              5, Survey reminder, p0687@example.org, 2025-11-06T02:39:17Z
bc68a37d-48eb-4924-9a17-14cbd9349d8c, P0687                , 5faf9549-bd4b-4134-87b6-b8b467ce12a5, Reminder , 3M_SURVEY_REMINDER_1  , p0687@example.org, study-team@example.org,              5, Survey reminder, p0687@example.org, 2026-01-04T02:39:17Z
bc68a37d-48eb-4924-9a17-14cbd9349d8c, P0687                , 71f0f83a-2940-41c6-9567-f486632164ec, Reminder , 3M_SURVEY_REMINDER_2  , p0687@example.org, study-team@example.org,              3, Survey reminder, p0687@example.org, 2026-01-05T02:39:17Z
c3b62157-8140-45e6-9739-c4bdac306446, P0688                , 7b8e9901-02d6-401e-9046-28687c9bcdeb, Reminder , 3M_SURVEY_REMINDER_1  , p0688@example.org, study-team@example.org,              3, Survey reminder, p0688@example.org, 2026-01-13T17:50:06Z
59e2b0b3-56d5-46d0-a1be-505596d6bf5b, P0689                , 7f6af271-b080-4080-a42b-74693c599126, Reminder , 1M_SURVEY_REMINDER_1  , p0689@example.org, study-team@example.org,              2, Survey reminder, p0689@example.org, 2025-03-11T15:04:50Z
679d0b5f-9c77-4242-9dad-4d015560d39d, P0690                , fdd7b72f-1ee9-4374-aac3-9312630e8192, Reminder , 24H_SURVEY_REMINDER_1 , p0690@example.org, study-team@example.org,              1, Survey reminder, p0690@example.org, 2025-12-18T10:17:52Z
679d0b5f-9c77-4242-9dad-4d015560d39d, P0690                , 182671ca-e335-4398-a344-88728b5993a6, Reminder , 24H_SURVEY_REMINDER_2 , p0690@example.org, study-team@example.org,              1, Survey reminder, p0690@example.org, 2025-12-19T10:17:52Z
679d0b5f-9c77-4242-9dad-4d015560d39d, P0690                , 460b4bce-70a1-4970-b95f-9c6a2c2914a4, Reminder , 7D_SURVEY_REMINDER_1  , p0690@example.org, study-team@example.org,              4, Survey reminder, p0690@example.org, 2025-12-25T10:17:52Z
679d0b5f-9c77-4242-9dad-4d015560d39d, P0690                , 68e45767-33dc-4ed1-92ae-8af25631514a, Reminder , 7D_SURVEY_REMINDER_2  , p0690@example.org, study-team@example.org,              5, Survey reminder, p0690@example.org, 2025-12-26T10:17:52Z
679d0b5f-9c77-4242-9dad-4d015560d39d, P0690                , 1b58b679-f062-4243-813e-6a432ba3179e, Reminder , 1M_SURVEY_REMINDER_1  , p0690@example.org, study-team@example.org,              5, Survey reminder, p0690@example.org, 2026-01-17T10:17:52Z
679d0b5f-9c77-4242-9dad-4d015560d39d, P0690                , f0b59ed7-7d45-4af1-b403-521895dce941, Reminder , 1M_SURVEY_REMINDER_2  , p0690@example.org, study-team@example.org,              5, Survey reminder, p0690@example.org, 2026-01-18T10:17:52Z
679d0b5f-9c77-4242-9dad-4d015560d39d, P0690                , e016e08a-4122-46d0-8b84-3e022767bd7c, Reminder , 1M_SURVEY_REMINDER_3  , p0690@example.org, study-team@example.org,              3, Survey reminder, p0690@example.org, 2026-01-19T10:17:52Z
679d0b5f-9c77-4242-9dad-4d015560d39d, P0690                , b616d33f-63ac-4381-9580-f4a80147b63e, Reminder , 3M_SURVEY_REMINDER_1  , p0690@example.org, study-team@example.org,              4, Survey reminder, p0690@example.org, 2026-03-18T09:17:52Z
679d0b5f-9c77-4242-9dad-4d015560d39d, P0690                , 7ce5955d-3c89-419f-a193-dccdaa40cad8, Reminder , 3M_SURVEY_REMINDER_2  , p0690@example.org, study-team@example.org,              1, Survey reminder, p0690@example.org, 2026-03-19T09:17:52Z
679d0b5f-9c77-4242-9dad-4d015560d39d, P0690                , d60d96fd-209a-423d-89c6-e9b0d6f0ccdf, Reminder , 3M_SURVEY_REMINDER_3  , p0690@example.org, study-team@example.org,              2, Survey reminder, p0690@example.org, 2026-03-20T09:17:52Z
78754fa4-f6f2-43bc-8395-3df62e5ba6c4, P0691                , de41e844-10ae-49de-ab97-575790bbd529, Reminder , 7D_SURVEY_REMINDER_1  , p0691@example.org, study-team@example.org,              1, Survey reminder, p0691@example.org, 2025-01-15T16:03:55Z
78754fa4-f6f2-43bc-8395-3df62e5ba6c4, P0691                , dcac185f-30e8-4e20-9bb8-048be2a0f8f1, Reminder , 7D_SURVEY_REMINDER_2  , p0691@example.org, study-team@example.org,              5, Survey reminder, p0691@example.org, 2025-01-16T16:03:55Z
78754fa4-f6f2-43bc-8395-3df62e5ba6c4, P0691                , 32a80530-e63e-4ec3-b292-1159a06265a5, Reminder , 7D_SURVEY_REMINDER_3  , p0691@example.org, study-team@example.org,              1, Survey reminder, p0691@example.org, 2025-01-17T16:03:55Z
78754fa4-f6f2-43bc-8395-3df62e5ba6c4, P0691                , 7d2b307e-3430-4903-982e-5f60cb848bb6, Reminder , 3M_SURVEY_REMINDER_1  , p0691@example.org, study-team@example.org,              4, Survey reminder, p0691@example.org, 2025-04-08T15:03:55Z
ffc01083-8065-4f79-b6f6-c35fb7f2d6f2, P0692                , 093cba9f-8ad4-4f8d-82d3-94021482485f, Reminder , 3M_SURVEY_REMINDER_1  , p0692@example.org, study-team@example.org,              3, Survey reminder, p0692@example.org, 2025-10-25T15:48:05Z
be35f022-1697-4791-bc96-494b070d5e2e, P0693                , 958aea76-92c8-4a08-9202-662314499b3c, Reminder , 1M_SURVEY_REMINDER_1  , p0693@example.org, study-team@example.org,              3, Survey reminder, p0693@example.org, 2025-04-25T19:44:14Z
be35f022-1697-4791-bc96-494b070d5e2e, P0693                , 68f13152-bc5d-4dcb-9605-d3ceb4ea8eee, Reminder , 1M_SURVEY_REMINDER_2  , p0693@example.org, study-team@example.org,              3, Survey reminder, p0693@example.org, 2025-04-26T19:44:14Z
be35f022-1697-4791-bc96-494b070d5e2e, P0693                , b38089d3-9716-4454-8b35-91dcabd56ccf, Reminder , 1M_SURVEY_REMINDER_3  , p0693@example.org, study-team@example.org,              2, Survey reminder, p0693@example.org, 2025-04-27T19:44:14Z
be35f022-1697-4791-bc96-494b070d5e2e, P0693                , 2ce29921-f24b-41cf-8c81-81df72e88875, Reminder , 3M_SURVEY_REMINDER_1  , p0693@example.org, study-team@example.org,              4, Survey reminder, p0693@example.org, 2025-06-24T19:44:14Z
89d72721-759f-4261-8a53-39facba61782, P0694                , ab39596f-b3c5-4562-8f53-5b5e21d8dff3, Reminder , 7D_SURVEY_REMINDER_1  , p0694@example.org, study-team@example.org,              2, Survey reminder, p0694@example.org, 2025-12-04T13:49:35Z
89d72721-759f-4261-8a53-39facba61782, P0694                , effb0127-2517-4d6f-b14d-54ce65aec3f1, Reminder , 7D_SURVEY_REMINDER_2  , p0694@example.org, study-team@example.org,              2, Survey reminder, p0694@example.org, 2025-12-05T13:49:35Z
80124254-33fe-4a56-ba61-c054ba3d23d1, P0695                , cee5ac69-740a-49fe-9b37-f4b26f6182ed, Reminder , 3M_SURVEY_REMINDER_1  , p0695@example.org, study-team@example.org,              5, Survey reminder, p0695@example.org, 2026-02-25T03:34:29Z
aac228ff-1cab-4b9f-8edf-671e6ebd456d, P0696                , ef2ae908-eec9-4dc8-9cce-a39a2012ce5d, Reminder , 24H_SURVEY_REMINDER_1 , p0696@example.org, study-team@example.org,              1, Survey reminder, p0696@example.org, 2025-09-28T15:28:20Z
aac228ff-1cab-4b9f-8edf-671e6ebd456d, P0696                , e1164d92-2845-4ce7-bc08-bb3ea344f018, Reminder , 7D_SURVEY_REMINDER_1  , p0696@example.org, study-team@example.org,              3, Survey reminder, p0696@example.org, 2025-10-05T15:28:20Z
aac228ff-1cab-4b9f-8edf-671e6ebd456d, P0696                , f20ee571-6bda-475d-b4ba-820cc180240a, Reminder , 7D_SURVEY_REMINDER_2  , p0696@example.org, study-team@example.org,              5, Survey reminder, p0696@example.org, 2025-10-06T15:28:20Z
aac228ff-1cab-4b9f-8edf-671e6ebd456d, P0696                , 541ae1ee-6173-4856-a0af-6da794a9a270, Reminder , 3M_SURVEY_REMINDER_1  , p0696@example.org, study-team@example.org,              5, Survey reminder, p0696@example.org, 2025-12-27T16:28:20Z
9f8bb4f1-c778-4231-9474-bbd2d78f0f6e, P0697                , 6c623b80-2cd9-4c97-8415-7763f09524c8, Reminder , 24H_SURVEY_REMINDER_1 , p0697@example.org, study-team@example.org,              5, Survey reminder, p0697@example.org, 2025-08-15T16:15:37Z
4f8dc31d-6c5d-48d2-a693-937c0df83f7e, P0698                , 4c042868-f300-44f6-a634-ba4957c1117e, Reminder , 1M_SURVEY_REMINDER_1  , p0698@example.org, study-team@example.org,              1, Survey reminder, p0698@example.org, 2025-05-30T14:45:27Z
4f8dc31d-6c5d-48d2-a693-937c0df83f7e, P0698                , 38f4e2ab-ad47-4151-9e3a-25ee8d5628d1, Reminder , 1M_SURVEY_REMINDER_2  , p0698@example.org, study-team@example.org,              1, Survey reminder, p0698@example.org, 2025-05-31T14:45:27Z
4f8dc31d-6c5d-48d2-a693-937c0df83f7e, P0698                , d580d85e-e656-4abd-9f47-e8fd1a7a59bc, Reminder , 1M_SURVEY_REMINDER_3  , p0698@example.org, study-team@example.org,              2, Survey reminder, p0698@example.org, 2025-06-01T14:45:27Z
4f8dc31d-6c5d-48d2-a693-937c0df83f7e, P0698                , dd3b2f86-3ab8-4531-9813-3fa6f79444ba, Reminder , 3M_SURVEY_REMINDER_1  , p0698@example.org, study-team@example.org,              1, Survey reminder, p0698@example.org, 2025-07-29T14:45:27Z
4f8dc31d-6c5d-48d2-a693-937c0df83f7e, P0698                , c7d3737b-b207-4795-b285-258dd6a4e4cb, Reminder , 4_6M_SURVEY_REMINDER_1, p0698@example.org, study-team@example.org,              5, Survey reminder, p0698@example.org, 2025-09-23T14:45:27Z
3861bb53-62fe-4c33-b50e-9a421ba7ce1c, P0699                , ed58afb1-3d2a-4ec8-b9f5-f47896974d4e, Reminder , 24H_SURVEY_REMINDER_1 , p0699@example.org, study-team@example.org,              1, Survey reminder, p0699@example.org, 2025-08-11T21:18:02Z
3861bb53-62fe-4c33-b50e-9a421ba7ce1c, P0699                , 8dfe4b7b-b443-44ee-aa8b-3c809dd184f0, Reminder , 24H_SURVEY_REMINDER_2 , p0699@example.org, study-team@example.org,              4, Survey reminder, p0699@example.org, 2025-08-12T21:18:02Z
3861bb53-62fe-4c33-b50e-9a421ba7ce1c, P0699                , f524783e-151b-4b4e-88af-62f03e5987a1, Reminder , 24H_SURVEY_REMINDER_3 , p0699@example.org, study-team@example.org,              1, Survey reminder, p0699@example.org, 2025-08-13T21:18:02Z
3861bb53-62fe-4c33-b50e-9a421ba7ce1c, P0699                , af1218c8-d9ac-444d-befd-f563920f2de0, Reminder , 7D_SURVEY_REMINDER_1  , p0699@example.org, study-team@example.org,              5, Survey reminder, p0699@example.org, 2025-08-18T21:18:02Z
3861bb53-62fe-4c33-b50e-9a421ba7ce1c, P0699                , 10641959-2b38-4921-ba15-d97aae152c5f, Reminder , 7D_SURVEY_REMINDER_2  , p0699@example.org, study-team@example.org,              4, Survey reminder, p0699@example.org, 2025-08-19T21:18:02Z
3861bb53-62fe-4c33-b50e-9a421ba7ce1c, P0699                , fb84244f-cba2-4323-b603-fb49118fce70, Reminder , 7D_SURVEY_REMINDER_3  , p0699@example.org, study-team@example.org,              5, Survey reminder, p0699@example.org, 2025-08-20T21:18:02Z
3861bb53-62fe-4c33-b50e-9a421ba7ce1c, P0699                , 32c5ee9d-1458-486f-8514-911e0e356e29, Reminder , 1M_SURVEY_REMINDER_1  , p0699@example.org, study-team@example.org,              4, Survey reminder, p0699@example.org, 2025-09-10T21:18:02Z
3861bb53-62fe-4c33-b50e-9a421ba7ce1c, P0699                , c05ce369-970a-48de-942d-66d42052cbbc, Reminder , 1M_SURVEY_REMINDER_2  , p0699@example.org, study-team@example.org,              1, Survey reminder, p0699@example.org, 2025-09-11T21:18:02Z
3861bb53-62fe-4c33-b50e-9a421ba7ce1c, P0699                , 4d2d32b6-65c8-454d-8d8c-e93959368fbd, Reminder , 1M_SURVEY_REMINDER_3  , p0699@example.org, study-team@example.org,              2, Survey reminder, p0699@example.org, 2025-09-12T21:18:02Z
8799eca0-8736-462d-86e5-fe3b47cd9ed2, P0700                , 21e804bb-20d8-467e-b0bf-7ec8e50d40b1, Reminder , 7D_SURVEY_REMINDER_1  , p0700@example.org, study-team@example.org,              3, Survey reminder, p0700@example.org, 2025-01-25T21:06:42Z
8799eca0-8736-462d-86e5-fe3b47cd9ed2, P0700                , 2bda2254-b468-47cf-85db-fde8aaf7b279, Reminder , 3M_SURVEY_REMINDER_1  , p0700@example.org, study-team@example.org,              4, Survey reminder, p0700@example.org, 2025-04-18T20:06:42Z
69aca275-02fa-410e-b429-2ed5fd6f26bb, P0701                , c6f69296-5542-4a94-9432-ee54acf9f28d, Reminder , 7D_SURVEY_REMINDER_1  , p0701@example.org, study-team@example.org,              5, Survey reminder, p0701@example.org, 2025-06-10T05:36:23Z
69aca275-02fa-410e-b429-2ed5fd6f26bb, P0701                , da165575-12a8-4395-a122-9e41a162d2fe, Reminder , 7D_SURVEY_REMINDER_2  , p0701@example.org, study-team@example.org,              1, Survey reminder, p0701@example.org, 2025-06-11T05:36:23Z
69aca275-02fa-410e-b429-2ed5fd6f26bb, P0701                , 64fef851-8670-441c-846c-290d8f6f009a, Reminder , 7D_SURVEY_REMINDER_3  , p0701@example.org, study-team@example.org,              4, Survey reminder, p0701@example.org, 2025-06-12T05:36:23Z
6f050c37-8840-43a5-b3ab-9465ba68fa91, P0702                , 058063fa-ce7c-4d2e-a39a-0d6cd4b8d34d, Reminder , 4_6M_SURVEY_REMINDER_1, p0702@example.org, study-team@example.org,              1, Survey reminder, p0702@example.org, 2025-11-17T08:17:18Z
646e53ad-dd9e-4c39-a7cd-254f4c1705b0, P0703                , b3b96356-5579-41e8-a5d0-3b43a31da56d, Reminder , 24H_SURVEY_REMINDER_1 , p0703@example.org, study-team@example.org,              1, Survey reminder, p0703@example.org, 2025-07-29T19:40:29Z
646e53ad-dd9e-4c39-a7cd-254f4c1705b0, P0703                , c55a4ab7-46a7-41fb-a00b-abe177549025, Reminder , 24H_SURVEY_REMINDER_2 , p0703@example.org, study-team@example.org,              2, Survey reminder, p0703@example.org, 2025-07-30T19:40:29Z
646e53ad-dd9e-4c39-a7cd-254f4c1705b0, P0703                , 5241965f-851a-4a77-b8ad-349412585409, Reminder , 24H_SURVEY_REMINDER_3 , p0703@example.org, study-team@example.org,              2, Survey reminder, p0703@example.org, 2025-07-31T19:40:29Z
646e53ad-dd9e-4c39-a7cd-254f4c1705b0, P0703                , 6a39bcd2-f4a0-4ece-8afd-5c4e0471f0d2, Reminder , 1M_SURVEY_REMINDER_1  , p0703@example.org, study-team@example.org,              3, Survey reminder, p0703@example.org, 2025-08-28T19:40:29Z
646e53ad-dd9e-4c39-a7cd-254f4c1705b0, P0703                , d54e31ec-e6c3-4ebc-85cd-458dcf82adeb, Reminder , 4_6M_SURVEY_REMINDER_1, p0703@example.org, study-team@example.org,              4, Survey reminder, p0703@example.org, 2025-11-28T20:40:29Z
d85590fa-d317-437d-8a4a-ea262ba9f462, P0704                , 6e9a8f44-4392-486a-8ff1-de38fabe2170, Reminder , 3M_SURVEY_REMINDER_1  , p0704@example.org, study-team@example.org,              4, Survey reminder, p0704@example.org, 2025-10-19T03:01:53Z
a71e8a1e-a48f-466a-b538-0d2debc8b9b6, P0705                , 4e233215-0a00-49cf-8be5-f70cbe145ecc, Reminder , 7D_SURVEY_REMINDER_1  , p0705@example.org, study-team@example.org,              4, Survey reminder, p0705@example.org, 2025-11-19T21:49:55Z
a71e8a1e-a48f-466a-b538-0d2debc8b9b6, P0705                , 6101d38f-bd85-4f59-89cb-5f2ad814f759, Reminder , 4_6M_SURVEY_REMINDER_1, p0705@example.org, study-team@example.org,              4, Survey reminder, p0705@example.org, 2026-05-03T20:49:55Z
a71e8a1e-a48f-466a-b538-0d2debc8b9b6, P0705                , 6dbf887e-66b9-4e24-9e6d-3c18a6a4285c, Reminder , 4_6M_SURVEY_REMINDER_2, p0705@example.org, study-team@example.org,              4, Survey reminder, p0705@example.org, 2026-05-04T20:49:55Z
12cfe605-fa03-4602-84c8-b39f860151cc, P0706                , 8ea86744-636f-43fd-a42a-40f1237df488, Reminder , 24H_SURVEY_REMINDER_1 , p0706@example.org, study-team@example.org,              3, Survey reminder, p0706@example.org, 2025-09-08T14:57:33Z
12cfe605-fa03-4602-84c8-b39f860151cc, P0706                , 09d980f9-8443-438a-9ce3-287c21d6f14d, Reminder , 24H_SURVEY_REMINDER_2 , p0706@example.org, study-team@example.org,              3, Survey reminder, p0706@example.org, 2025-09-09T14:57:33Z
642d8b88-e6ec-466c-b04f-ef49e7266b19, P0707                , eaebc49a-5446-4eaa-b40a-e5e275ee5c65, Reminder , 1M_SURVEY_REMINDER_1  , p0707@example.org, study-team@example.org,              3, Survey reminder, p0707@example.org, 2025-10-15T12:08:57Z
642d8b88-e6ec-466c-b04f-ef49e7266b19, P0707                , 45e51a61-aaa2-48d1-a75f-d34cc69edbc0, Reminder , 3M_SURVEY_REMINDER_1  , p0707@example.org, study-team@example.org,              5, Survey reminder, p0707@example.org, 2025-12-14T13:08:57Z
642d8b88-e6ec-466c-b04f-ef49e7266b19, P0707                , 7888da53-d28b-4f18-a6df-a8d4d3991ba3, Reminder , 3M_SURVEY_REMINDER_2  , p0707@example.org, study-team@example.org,              4, Survey reminder, p0707@example.org, 2025-12-15T13:08:57Z
642d8b88-e6ec-466c-b04f-ef49e7266b19, P0707                , 7b62c67d-723b-4d77-9a51-245941ae43aa, Reminder , 4_6M_SURVEY_REMINDER_1, p0707@example.org, study-team@example.org,              5, Survey reminder, p0707@example.org, 2026-02-17T13:08:57Z
642d8b88-e6ec-466c-b04f-ef49e7266b19, P0707                , 063534d8-d602-49d6-841a-9784a8cacf76, Reminder , 4_6M_SURVEY_REMINDER_2, p0707@example.org, study-team@example.org,              5, Survey reminder, p0707@example.org, 2026-02-18T13:08:57Z
642d8b88-e6ec-466c-b04f-ef49e7266b19, P0707                , f0de327e-e400-4ef8-a18c-741fc950d74f, Reminder , 4_6M_SURVEY_REMINDER_3, p0707@example.org, study-team@example.org,              5, Survey reminder, p0707@example.org, 2026-02-19T13:08:57Z
8a1bc307-3a6c-4ecc-8315-7007d01c259e, P0708                , 25c53fc3-49dc-4399-9667-d4ddcfd234fc, Reminder , 1M_SURVEY_REMINDER_1  , p0708@example.org, study-team@example.org,              5, Survey reminder, p0708@example.org, 2025-04-02T21:05:04Z
8a1bc307-3a6c-4ecc-8315-7007d01c259e, P0708                , 6e8d1caa-b7d0-4fd7-8b1e-827688db177e, Reminder , 1M_SURVEY_REMINDER_2  , p0708@example.org, study-team@example.org,              3, Survey reminder, p0708@example.org, 2025-04-03T21:05:04Z
8a1bc307-3a6c-4ecc-8315-7007d01c259e, P0708                , 23f78e9f-2783-4ca4-a374-03a302bbcb8c, Reminder , 4_6M_SURVEY_REMINDER_1, p0708@example.org, study-team@example.org,              2, Survey reminder, p0708@example.org, 2025-08-06T21:05:04Z
8a1bc307-3a6c-4ecc-8315-7007d01c259e, P0708                , b7d9a073-81e6-4a47-95ee-60ce99903a7b, Reminder , 4_6M_SURVEY_REMINDER_2, p0708@example.org, study-team@example.org,              3, Survey reminder, p0708@example.org, 2025-08-07T21:05:04Z
8a1bc307-3a6c-4ecc-8315-7007d01c259e, P0708                , 93ecb07b-84fc-4c7d-9010-d11c00c619d1, Reminder , 4_6M_SURVEY_REMINDER_3, p0708@example.org, study-team@example.org,              2, Survey reminder, p0708@example.org, 2025-08-08T21:05:04Z
9c681f7f-4eae-4a92-890a-bb56efd67700, P0709                , 265450a8-d612-4637-8e70-de0ae82d6b29, Reminder , 24H_SURVEY_REMINDER_1 , p0709@example.org, study-team@example.org,              1, Survey reminder, p0709@example.org, 2025-07-18T02:00:32Z
9c681f7f-4eae-4a92-890a-bb56efd67700, P0709                , 758def96-cf94-49ae-b272-55c029199e7d, Reminder , 3M_SURVEY_REMINDER_1  , p0709@example.org, study-team@example.org,              1, Survey reminder, p0709@example.org, 2025-10-16T02:00:32Z
12870a60-4122-453f-ae85-a52f459d980f, P0710                , 544b30b5-b077-48ac-ab40-4fa5375e8eb1, Reminder , 1M_SURVEY_REMINDER_1  , p0710@example.org, study-team@example.org,              5, Survey reminder, p0710@example.org, 2025-03-13T05:56:50Z
12870a60-4122-453f-ae85-a52f459d980f, P0710                , 8b291cc4-6cce-4dd0-916e-0f2d6d510806, Reminder , 3M_SURVEY_REMINDER_1  , p0710@example.org, study-team@example.org,              1, Survey reminder, p0710@example.org, 2025-05-12T05:56:50Z
12870a60-4122-453f-ae85-a52f459d980f, P0710                , 868e953b-4140-4135-a81e-8836d657516f, Reminder , 4_6M_SURVEY_REMINDER_1, p0710@example.org, study-team@example.org,              1, Survey reminder, p0710@example.org, 2025-06-29T05:56:50Z
12870a60-4122-453f-ae85-a52f459d980f, P0710                , 14a40c53-f80b-4220-817d-5899ae1485cf, Reminder , 4_6M_SURVEY_REMINDER_2, p0710@example.org, study-team@example.org,              1, Survey reminder, p0710@example.org, 2025-06-30T05:56:50Z
9842b84a-0b93-4ebc-9137-73c7069b974d, P0712                , dfc54cf3-d74a-48b7-9ba8-3f8f0d1b1c40, Reminder , 24H_SURVEY_REMINDER_1 , p0712@example.org, study-team@example.org,              4, Survey reminder, p0712@example.org, 2025-02-25T15:32:26Z
9842b84a-0b93-4ebc-9137-73c7069b974d, P0712                , f46cc67d-0aee-4b3a-b94a-fa7260163076, Reminder , 24H_SURVEY_REMINDER_2 , p0712@example.org, study-team@example.org,              4, Survey reminder, p0712@example.org, 2025-02-26T15:32:26Z
9842b84a-0b93-4ebc-9137-73c7069b974d, P0712                , 6e49310e-5e4c-4888-a926-2d524c7a7a8d, Reminder , 1M_SURVEY_REMINDER_1  , p0712@example.org, study-team@example.org,              2, Survey reminder, p0712@example.org, 2025-03-27T14:32:26Z
9842b84a-0b93-4ebc-9137-73c7069b974d, P0712                , f63c0f06-25fb-4cc8-9a8d-c6a6f9d178d9, Reminder , 1M_SURVEY_REMINDER_2  , p0712@example.org, study-team@example.org,              1, Survey reminder, p0712@example.org, 2025-03-28T14:32:26Z
9842b84a-0b93-4ebc-9137-73c7069b974d, P0712                , 0de7accb-2111-4c3a-b88c-e0a99204a869, Reminder , 1M_SURVEY_REMINDER_3  , p0712@example.org, study-team@example.org,              3, Survey reminder, p0712@example.org, 2025-03-29T14:32:26Z
fd990eac-8456-4dc1-bf10-122dcd1a7e7f, P0713                , dae3320c-4cec-4394-abec-bdd993340086, Reminder , 7D_SURVEY_REMINDER_1  , p0713@example.org, study-team@example.org,              2, Survey reminder, p0713@example.org, 2025-10-20T00:06:39Z
fd990eac-8456-4dc1-bf10-122dcd1a7e7f, P0713                , 6860e687-53ff-48fb-bdea-db99ed015d09, Reminder , 7D_SURVEY_REMINDER_2  , p0713@example.org, study-team@example.org,              3, Survey reminder, p0713@example.org, 2025-10-21T00:06:39Z
057a8a5e-80ec-4fcf-8278-e6cdc7b0124a, P0714                , 955a751d-bb3b-4e25-b2a6-962e691fa4bc, Reminder , 24H_SURVEY_REMINDER_1 , p0714@example.org, study-team@example.org,              4, Survey reminder, p0714@example.org, 2025-06-01T15:43:31Z
057a8a5e-80ec-4fcf-8278-e6cdc7b0124a, P0714                , 35485453-9d25-4f7d-9e13-35f38c4c10a3, Reminder , 4_6M_SURVEY_REMINDER_1, p0714@example.org, study-team@example.org,              2, Survey reminder, p0714@example.org, 2025-10-11T15:43:31Z
0358162e-bc3f-4238-8e7a-735b7f92d41c, P0715                , 61dbcca1-2f87-460c-8977-5838d403f5a9, Reminder , 3M_SURVEY_REMINDER_1  , p0715@example.org, study-team@example.org,              1, Survey reminder, p0715@example.org, 2025-08-09T01:28:42Z
0358162e-bc3f-4238-8e7a-735b7f92d41c, P0715                , 8ce51362-3199-4883-aa0a-7dece83a4c79, Reminder , 4_6M_SURVEY_REMINDER_1, p0715@example.org, study-team@example.org,              2, Survey reminder, p0715@example.org, 2025-10-28T01:28:42Z
0358162e-bc3f-4238-8e7a-735b7f92d41c, P0715                , 92b60b72-827a-4365-8236-91d0c3ab00cf, Reminder , 4_6M_SURVEY_REMINDER_2, p0715@example.org, study-team@example.org,              1, Survey reminder, p0715@example.org, 2025-10-29T01:28:42Z
8474bbe4-9eea-4ebc-8477-3fb56a22a24d, P0716                , ff842574-463f-4bb6-bf1d-7676499ddd6f, Reminder , 1M_SURVEY_REMINDER_1  , p0716@example.org, study-team@example.org,              2, Survey reminder, p0716@example.org, 2025-09-01T02:59:18Z
8474bbe4-9eea-4ebc-8477-3fb56a22a24d, P0716                , db724f5b-10af-4595-9936-6db96f6fb07d, Reminder , 3M_SURVEY_REMINDER_1  , p0716@example.org, study-team@example.org,              5, Survey reminder, p0716@example.org, 2025-10-31T02:59:18Z
8474bbe4-9eea-4ebc-8477-3fb56a22a24d, P0716                , 6f258ed0-e010-4bd4-a9ac-604a448ad307, Reminder , 3M_SURVEY_REMINDER_2  , p0716@example.org, study-team@example.org,              2, Survey reminder, p0716@example.org, 2025-11-01T02:59:18Z
b8af8ae3-b11a-45b2-a8a3-a65e7aaf9363, P0717                , bcc3da7f-5a4a-4efc-98e5-bc1d35f2d1aa, Reminder , 7D_SURVEY_REMINDER_1  , p0717@example.org, study-team@example.org,              4, Survey reminder, p0717@example.org, 2025-04-20T00:50:37Z
b8af8ae3-b11a-45b2-a8a3-a65e7aaf9363, P0717                , a1a90f72-266e-432a-aa98-49a5e7f7c18c, Reminder , 7D_SURVEY_REMINDER_2  , p0717@example.org, study-team@example.org,              2, Survey reminder, p0717@example.org, 2025-04-21T00:50:37Z
b8af8ae3-b11a-45b2-a8a3-a65e7aaf9363, P0717                , 9dd5393d-8944-41f8-a7af-4fd7009b6e0c, Reminder , 7D_SURVEY_REMINDER_3  , p0717@example.org, study-team@example.org,              2, Survey reminder, p0717@example.org, 2025-04-22T00:50:37Z
b8af8ae3-b11a-45b2-a8a3-a65e7aaf9363, P0717                , 84e5a071-6ee8-4196-a9e9-5bdcbd8a9d5a, Reminder , 3M_SURVEY_REMINDER_1  , p0717@example.org, study-team@example.org,              1, Survey reminder, p0717@example.org, 2025-07-12T00:50:37Z
b8af8ae3-b11a-45b2-a8a3-a65e7aaf9363, P0717                , fa98b1db-9fbb-4658-aff0-234762b1da98, Reminder , 3M_SURVEY_REMINDER_2  , p0717@example.org, study-team@example.org,              3, Survey reminder, p0717@example.org, 2025-07-13T00:50:37Z
37a17f6d-098f-4efd-8b7b-3407b06ead1c, P0718                , 5dd67d8e-8366-4c44-ae74-e11bca2e8437, Reminder , 24H_SURVEY_REMINDER_1 , p0718@example.org, study-team@example.org,              3, Survey reminder, p0718@example.org, 2025-05-02T01:19:49Z
37a17f6d-098f-4efd-8b7b-3407b06ead1c, P0718                , e613446c-e49a-4ff2-9c0d-474499c7f357, Reminder , 7D_SURVEY_REMINDER_1  , p0718@example.org, study-team@example.org,              3, Survey reminder, p0718@example.org, 2025-05-09T01:19:49Z
37a17f6d-098f-4efd-8b7b-3407b06ead1c, P0718                , 6a9f01b7-57c4-4363-aa1b-34c5b3b43500, Reminder , 7D_SURVEY_REMINDER_2  , p0718@example.org, study-team@example.org,              5, Survey reminder, p0718@example.org, 2025-05-10T01:19:49Z
37a17f6d-098f-4efd-8b7b-3407b06ead1c, P0718                , 5b043c25-f413-473c-81b6-d589ba4f8072, Reminder , 1M_SURVEY_REMINDER_1  , p0718@example.org, study-team@example.org,              2, Survey reminder, p0718@example.org, 2025-06-01T01:19:49Z
37a17f6d-098f-4efd-8b7b-3407b06ead1c, P0718                , 853b7ddf-3b65-459f-9de1-d63fc91b166c, Reminder , 4_6M_SURVEY_REMINDER_1, p0718@example.org, study-team@example.org,              4, Survey reminder, p0718@example.org, 2025-09-12T01:19:49Z
37a17f6d-098f-4efd-8b7b-3407b06ead1c, P0718                , 78c4132f-b7f7-4c7a-aecd-f2e06419f2a3, Reminder , 4_6M_SURVEY_REMINDER_2, p0718@example.org, study-team@example.org,              1, Survey reminder, p0718@example.org, 2025-09-13T01:19:49Z
460c805e-f073-4d20-8a9d-159c273a1b05, P0719                , 3fc679fe-a87d-490f-bccd-79b01add01ee, Reminder , 1M_SURVEY_REMINDER_1  , p0719@example.org, study-team@example.org,              1, Survey reminder, p0719@example.org, 2025-02-16T16:38:31Z
460c805e-f073-4d20-8a9d-159c273a1b05, P0719                , 501e4851-cd68-43ae-938c-c638283dd181, Reminder , 3M_SURVEY_REMINDER_1  , p0719@example.org, study-team@example.org,              4, Survey reminder, p0719@example.org, 2025-04-17T15:38:31Z
460c805e-f073-4d20-8a9d-159c273a1b05, P0719                , 17457fca-7d48-4259-a26e-da02cfddeb20, Reminder , 3M_SURVEY_REMINDER_2  , p0719@example.org, study-team@example.org,              3, Survey reminder, p0719@example.org, 2025-04-18T15:38:31Z
460c805e-f073-4d20-8a9d-159c273a1b05, P0719                , be9ec90e-b058-4695-868e-57bdb7975f82, Reminder , 4_6M_SURVEY_REMINDER_1, p0719@example.org, study-team@example.org,              2, Survey reminder, p0719@example.org, 2025-06-16T15:38:31Z
1268adc1-28c9-499d-8f27-a4dc6bb3b390, P0720                , 506d7239-19b6-4f73-996e-ae1dea40d636, Reminder , 1M_SURVEY_REMINDER_1  , p0720@example.org, study-team@example.org,              1, Survey reminder, p0720@example.org, 2025-11-13T21:25:20Z
1268adc1-28c9-499d-8f27-a4dc6bb3b390, P0720                , 75f19d2c-67c8-4d20-bfdc-2051c8e0fef5, Reminder , 3M_SURVEY_REMINDER_1  , p0720@example.org, study-team@example.org,              2, Survey reminder, p0720@example.org, 2026-01-12T21:25:20Z
57e4d23e-5b1c-4ba4-9e5a-5041f4c2e1ca, P0721                , 7f617875-4642-47d3-b082-9ba5c00f6712, Reminder , 1M_SURVEY_REMINDER_1  , p0721@example.org, study-team@example.org,              3, Survey reminder, p0721@example.org, 2025-09-18T16:34:36Z
57e4d23e-5b1c-4ba4-9e5a-5041f4c2e1ca, P0721                , 46fda47e-f934-4374-bece-41e201802384, Reminder , 4_6M_SURVEY_REMINDER_1, p0721@example.org, study-team@example.org,              3, Survey reminder, p0721@example.org, 2026-02-10T17:34:36Z
57e4d23e-5b1c-4ba4-9e5a-5041f4c2e1ca, P0721                , 5a20ff87-0572-4483-b4da-997a9693f4e1, Reminder , 4_6M_SURVEY_REMINDER_2, p0721@example.org, study-team@example.org,              5, Survey reminder, p0721@example.org, 2026-02-11T17:34:36Z
57e4d23e-5b1c-4ba4-9e5a-5041f4c2e1ca, P0721                , 302a4d38-910c-4180-a11b-6ad8b0637f30, Reminder , 4_6M_SURVEY_REMINDER_3, p0721@example.org, study-team@example.org,              3, Survey reminder, p0721@example.org, 2026-02-12T17:34:36Z
5321e847-c99c-40d4-871f-d7a3788d1c29, P0722                , 639d5159-ea44-4ba5-9dd1-79580878df19, Reminder , 24H_SURVEY_REMINDER_1 , p0722@example.org, study-team@example.org,              2, Survey reminder, p0722@example.org, 2025-09-15T16:45:57Z
5321e847-c99c-40d4-871f-d7a3788d1c29, P0722                , a32b79a5-0643-4552-af72-ddeab8a05a2a, Reminder , 7D_SURVEY_REMINDER_1  , p0722@example.org, study-team@example.org,              1, Survey reminder, p0722@example.org, 2025-09-22T16:45:57Z
5321e847-c99c-40d4-871f-d7a3788d1c29, P0722                , 2ee9378d-9069-4d25-96a4-05c0662966b7, Reminder , 1M_SURVEY_REMINDER_1  , p0722@example.org, study-team@example.org,              1, Survey reminder, p0722@example.org, 2025-10-15T16:45:57Z
5321e847-c99c-40d4-871f-d7a3788d1c29, P0722                , 9751fbc9-bc7b-4e42-9f2d-64111e312d6e, Reminder , 1M_SURVEY_REMINDER_2  , p0722@example.org, study-team@example.org,              3, Survey reminder, p0722@example.org, 2025-10-16T16:45:57Z
5321e847-c99c-40d4-871f-d7a3788d1c29, P0722                , 57574af5-ca5d-4607-be39-3f9c519bbdaa, Reminder , 1M_SURVEY_REMINDER_3  , p0722@example.org, study-team@example.org,              5, Survey reminder, p0722@example.org, 2025-10-17T16:45:57Z
5321e847-c99c-40d4-871f-d7a3788d1c29, P0722                , 0acea4ab-8ba5-477d-810b-d82b87e2ae52, Reminder , 4_6M_SURVEY_REMINDER_1, p0722@example.org, study-team@example.org,              5, Survey reminder, p0722@example.org, 2026-01-31T17:45:57Z
5321e847-c99c-40d4-871f-d7a3788d1c29, P0722                , 3ae594c6-0160-46ac-9a88-91c184d578f8, Reminder , 4_6M_SURVEY_REMINDER_2, p0722@example.org, study-team@example.org,              3, Survey reminder, p0722@example.org, 2026-02-01T17:45:57Z
8064a09b-e5ae-4290-b72f-821d7fd1491a, P0723                , 7a6eb774-9ba0-4761-a744-2d9ce61ce1ac, Reminder , 24H_SURVEY_REMINDER_1 , p0723@example.org, study-team@example.org,              1, Survey reminder, p0723@example.org, 2025-11-03T06:39:09Z
8064a09b-e5ae-4290-b72f-821d7fd1491a, P0723                , 58cef62a-f672-4b40-9881-32f7fc82b7fb, Reminder , 3M_SURVEY_REMINDER_1  , p0723@example.org, study-team@example.org,              4, Survey reminder, p0723@example.org, 2026-02-01T06:39:09Z
8064a09b-e5ae-4290-b72f-821d7fd1491a, P0723                , d8ddc5e2-a177-423f-b3af-621b877349a4, Reminder , 4_6M_SURVEY_REMINDER_1, p0723@example.org, study-team@example.org,              3, Survey reminder, p0723@example.org, 2026-04-08T05:39:09Z
3f2e8203-5ad0-474c-92f6-525a4275245c, P0725                , 5bd4e143-eb20-40fe-830e-c71a9d695222, Reminder , 1M_SURVEY_REMINDER_1  , p0725@example.org, study-team@example.org,              5, Survey reminder, p0725@example.org, 2025-04-04T11:55:16Z
0f7333d5-0f15-4ab5-998d-93451cca3add, P0726                , 44bd6037-65af-4e07-90f0-ae92371e7718, Reminder , 24H_SURVEY_REMINDER_1 , p0726@example.org, study-team@example.org,              2, Survey reminder, p0726@example.org, 2025-12-16T15:28:37Z
0f7333d5-0f15-4ab5-998d-93451cca3add, P0726                , 3a849143-3bff-425d-a0e2-9fae925b440c, Reminder , 24H_SURVEY_REMINDER_2 , p0726@example.org, study-team@example.org,              2, Survey reminder, p0726@example.org, 2025-12-17T15:28:37Z
0f7333d5-0f15-4ab5-998d-93451cca3add, P0726                , b32ca5c5-1d0d-4d13-ade5-6f32b0a38bd8, Reminder , 24H_SURVEY_REMINDER_3 , p0726@example.org, study-team@example.org,              3, Survey reminder, p0726@example.org, 2025-12-18T15:28:37Z
0f7333d5-0f15-4ab5-998d-93451cca3add, P0726                , 256f5a3c-14db-45c9-9b7f-5d1aef5f7bdf, Reminder , 3M_SURVEY_REMINDER_1  , p0726@example.org, study-team@example.org,              2, Survey reminder, p0726@example.org, 2026-03-16T14:28:37Z
b5681ffa-fef5-44d2-8997-a3cf879998ae, P0727                , 4a8d8856-34c6-40d1-a363-9137c75ee45a, Reminder , 3M_SURVEY_REMINDER_1  , p0727@example.org, study-team@example.org,              2, Survey reminder, p0727@example.org, 2025-07-24T06:09:21Z
b5681ffa-fef5-44d2-8997-a3cf879998ae, P0727                , df73a963-2d90-4a62-8460-dbaa4075b586, Reminder , 3M_SURVEY_REMINDER_2  , p0727@example.org, study-team@example.org,              2, Survey reminder, p0727@example.org, 2025-07-25T06:09:21Z
b5681ffa-fef5-44d2-8997-a3cf879998ae, P0727                , a0e0409d-de5e-4b07-b6fa-55fa3e9357cc, Reminder , 3M_SURVEY_REMINDER_3  , p0727@example.org, study-team@example.org,              3, Survey reminder, p0727@example.org, 2025-07-26T06:09:21Z
b5681ffa-fef5-44d2-8997-a3cf879998ae, P0727                , a1ff42fb-6fc2-4f25-a6d5-f4087e6e0e56, Reminder , 4_6M_SURVEY_REMINDER_1, p0727@example.org, study-team@example.org,              5, Survey reminder, p0727@example.org, 2025-08-23T06:09:21Z
9de6aa0f-babe-476e-879a-624da501bb28, P0728                , f2c11d33-2e3e-4718-89bb-c805c34455d1, Reminder , 7D_SURVEY_REMINDER_1  , p0728@example.org, study-team@example.org,              5, Survey reminder, p0728@example.org, 2025-05-03T04:19:40Z
9de6aa0f-babe-476e-879a-624da501bb28, P0728                , 0365da61-16a0-4b8b-b66d-f4a4bea80195, Reminder , 7D_SURVEY_REMINDER_2  , p0728@example.org, study-team@example.org,              4, Survey reminder, p0728@example.org, 2025-05-04T04:19:40Z
9de6aa0f-babe-476e-879a-624da501bb28, P0728                , 8b240e0d-f9c4-44fe-83c6-c3a92b3278b0, Reminder , 7D_SURVEY_REMINDER_3  , p0728@example.org, study-team@example.org,              5, Survey reminder, p0728@example.org, 2025-05-05T04:19:40Z
f4f55c80-d81e-4b59-8f9d-1844c7b83852, P0729                , 5bae2979-f694-4308-9dd7-d283bf88f765, Reminder , 7D_SURVEY_REMINDER_1  , p0729@example.org, study-team@example.org,              5, Survey reminder, p0729@example.org, 2025-08-06T16:02:04Z
f4f55c80-d81e-4b59-8f9d-1844c7b83852, P0729                , fecccd40-9084-4790-8454-67606a53a9df, Reminder , 7D_SURVEY_REMINDER_2  , p0729@example.org, study-team@example.org,              1, Survey reminder, p0729@example.org, 2025-08-07T16:02:04Z
f4f55c80-d81e-4b59-8f9d-1844c7b83852, P0729                , 7261c36d-101a-440c-b4fe-accc41729a11, Reminder , 1M_SURVEY_REMINDER_1  , p0729@example.org, study-team@example.org,              1, Survey reminder, p0729@example.org, 2025-08-29T16:02:04Z
09d4c437-92d2-4849-8e26-1cf86ddbec6a, P0730                , 086db3c5-cc15-4b61-820e-64cfc7d9b64b, Reminder , 7D_SURVEY_REMINDER_1  , p0730@example.org, study-team@example.org,              2, Survey reminder, p0730@example.org, 2025-04-29T09:47:44Z
09d4c437-92d2-4849-8e26-1cf86ddbec6a, P0730                , c596c945-66eb-4fae-b2b6-59725d47b5d0, Reminder , 7D_SURVEY_REMINDER_2  , p0730@example.org, study-team@example.org,              2, Survey reminder, p0730@example.org, 2025-04-30T09:47:44Z
09d4c437-92d2-4849-8e26-1cf86ddbec6a, P0730                , 4d62712d-6e75-4288-874b-a70d1c50364c, Reminder , 7D_SURVEY_REMINDER_3  , p0730@example.org, study-team@example.org,              4, Survey reminder, p0730@example.org, 2025-05-01T09:47:44Z
09d4c437-92d2-4849-8e26-1cf86ddbec6a, P0730                , cf595014-666c-4957-9c1c-a7dfd7684dd0, Reminder , 3M_SURVEY_REMINDER_1  , p0730@example.org, study-team@example.org,              2, Survey reminder, p0730@example.org, 2025-07-21T09:47:44Z
09d4c437-92d2-4849-8e26-1cf86ddbec6a, P0730                , 42dbc695-b04a-403f-9851-147862bbaa5e, Reminder , 4_6M_SURVEY_REMINDER_1, p0730@example.org, study-team@example.org,              1, Survey reminder, p0730@example.org, 2025-10-15T09:47:44Z
fc7486f3-8903-4bae-b95b-30a6ab7de4ec, P0731                , 810e9a38-ae99-4148-b60f-41e1590081b5, Reminder , 7D_SURVEY_REMINDER_1  , p0731@example.org, study-team@example.org,              4, Survey reminder, p0731@example.org, 2025-05-27T05:34:15Z
fc7486f3-8903-4bae-b95b-30a6ab7de4ec, P0731                , 171f3928-7fd2-4583-91d2-155c2af9f068, Reminder , 7D_SURVEY_REMINDER_2  , p0731@example.org, study-team@example.org,              4, Survey reminder, p0731@example.org, 2025-05-28T05:34:15Z
915d83cb-9801-4229-8ba6-c8437e9ae3d3, P0732                , 00721d16-2e90-4ad1-b0cc-11fbcbcb4e71, Reminder , 24H_SURVEY_REMINDER_1 , p0732@example.org, study-team@example.org,              1, Survey reminder, p0732@example.org, 2025-02-22T14:01:23Z
915d83cb-9801-4229-8ba6-c8437e9ae3d3, P0732                , fe1c211c-c02c-46e9-a2db-c1a2efaa2f57, Reminder , 1M_SURVEY_REMINDER_1  , p0732@example.org, study-team@example.org,              2, Survey reminder, p0732@example.org, 2025-03-24T13:01:23Z
915d83cb-9801-4229-8ba6-c8437e9ae3d3, P0732                , 2f169947-c30c-41fb-9aac-ec30dc0056c1, Reminder , 1M_SURVEY_REMINDER_2  , p0732@example.org, study-team@example.org,              2, Survey reminder, p0732@example.org, 2025-03-25T13:01:23Z
2c4f9989-d336-4bf4-886c-ea99e1256c31, P0733                , d5f59467-a84b-482c-b7ca-c8a2b6c0f92c, Reminder , 24H_SURVEY_REMINDER_1 , p0733@example.org, study-team@example.org,              2, Survey reminder, p0733@example.org, 2025-06-01T10:08:01Z
2c4f9989-d336-4bf4-886c-ea99e1256c31, P0733                , a1b8468f-0c35-4687-b9eb-9e55b081eae6, Reminder , 7D_SURVEY_REMINDER_1  , p0733@example.org, study-team@example.org,              4, Survey reminder, p0733@example.org, 2025-06-08T10:08:01Z
2c4f9989-d336-4bf4-886c-ea99e1256c31, P0733                , 2f5cb644-ab64-4905-aaec-563c26d4cca2, Reminder , 4_6M_SURVEY_REMINDER_1, p0733@example.org, study-team@example.org,              3, Survey reminder, p0733@example.org, 2025-11-16T11:08:01Z
f688285b-c5a8-4a55-98a0-7e30a24f7d9f, P0734                , 9f14c224-c94f-4c62-b2e2-94c45fb31e33, Reminder , 7D_SURVEY_REMINDER_1  , p0734@example.org, study-team@example.org,              2, Survey reminder, p0734@example.org, 2025-03-22T18:47:35Z
f688285b-c5a8-4a55-98a0-7e30a24f7d9f, P0734                , 0f8c9e88-d9b3-4943-b355-a99f093d5946, Reminder , 4_6M_SURVEY_REMINDER_1, p0734@example.org, study-team@example.org,              1, Survey reminder, p0734@example.org, 2025-07-27T18:47:35Z
ceebf557-6ffe-4690-91cf-cc472dfe71a8, P0735                , 16669d88-fee6-45ba-8210-8b5b86d6239a, Reminder , 3M_SURVEY_REMINDER_1  , p0735@example.org, study-team@example.org,              3, Survey reminder, p0735@example.org, 2026-01-16T15:34:40Z
f57f9302-a06f-408e-a68d-83e9b5965388, P0736                , 3c758856-8bfc-40ac-92b7-ef0a6ef21470, Reminder , 24H_SURVEY_REMINDER_1 , p0736@example.org, study-team@example.org,              5, Survey reminder, p0736@example.org, 2025-09-03T02:19:58Z
f57f9302-a06f-408e-a68d-83e9b5965388, P0736                , a24bf2d7-326f-418e-a421-b7e940bccf6d, Reminder , 24H_SURVEY_REMINDER_2 , p0736@example.org, study-team@example.org,              4, Survey reminder, p0736@example.org, 2025-09-04T02:19:58Z
f57f9302-a06f-408e-a68d-83e9b5965388, P0736                , 1bd8cbdc-3496-40d5-8601-b891ebddc034, Reminder , 24H_SURVEY_REMINDER_3 , p0736@example.org, study-team@example.org,              5, Survey reminder, p0736@example.org, 2025-09-05T02:19:58Z
f57f9302-a06f-408e-a68d-83e9b5965388, P0736                , a8bf38a8-d43e-4fa6-998d-8de7bbedc912, Reminder , 1M_SURVEY_REMINDER_1  , p0736@example.org, study-team@example.org,              1, Survey reminder, p0736@example.org, 2025-10-03T02:19:58Z
5fc1bf9c-0946-446d-9730-1d57364902ab, P0737                , 2767108f-e171-413d-ad50-06bb402e0220, Reminder , 24H_SURVEY_REMINDER_1 , p0737@example.org, study-team@example.org,              3, Survey reminder, p0737@example.org, 2025-01-05T05:04:40Z
5fc1bf9c-0946-446d-9730-1d57364902ab, P0737                , 488ad06b-3f36-4987-8b61-85611d096457, Reminder , 24H_SURVEY_REMINDER_2 , p0737@example.org, study-team@example.org,              1, Survey reminder, p0737@example.org, 2025-01-06T05:04:40Z
5fc1bf9c-0946-446d-9730-1d57364902ab, P0737                , 8597d1af-a5ee-48e0-8594-32694382aa18, Reminder , 4_6M_SURVEY_REMINDER_1, p0737@example.org, study-team@example.org,              3, Survey reminder, p0737@example.org, 2025-05-19T04:04:40Z
5fc1bf9c-0946-446d-9730-1d57364902ab, P0737                , 37922c26-dd80-473f-8f10-78632219fc2e, Reminder , 4_6M_SURVEY_REMINDER_2, p0737@example.org, study-team@example.org,              3, Survey reminder, p0737@example.org, 2025-05-20T04:04:40Z
008ba390-2609-46e5-be53-2d94ca6c5dd8, P0738                , e02acb18-60e4-4aff-8d2f-4157b2f9fb30, Reminder , 24H_SURVEY_REMINDER_1 , p0738@example.org, study-team@example.org,              1, Survey reminder, p0738@example.org, 2025-11-26T14:30:03Z
008ba390-2609-46e5-be53-2d94ca6c5dd8, P0738                , 15f7f45f-1b7c-4930-81d6-e0499e2bd16f, Reminder , 7D_SURVEY_REMINDER_1  , p0738@example.org, study-team@example.org,              1, Survey reminder, p0738@example.org, 2025-12-03T14:30:03Z
008ba390-2609-46e5-be53-2d94ca6c5dd8, P0738                , bada057c-3ef4-4978-914a-7d77a64051d7, Reminder , 7D_SURVEY_REMINDER_2  , p0738@example.org, study-team@example.org,              3, Survey reminder, p0738@example.org, 2025-12-04T14:30:03Z
008ba390-2609-46e5-be53-2d94ca6c5dd8, P0738                , 47d00652-c1c3-44c5-910e-11e2cb73d3a5, Reminder , 7D_SURVEY_REMINDER_3  , p0738@example.org, study-team@example.org,              2, Survey reminder, p0738@example.org, 2025-12-05T14:30:03Z
008ba390-2609-46e5-be53-2d94ca6c5dd8, P0738                , 9d248f34-544f-4f00-ae4c-b9f674b9d101, Reminder , 3M_SURVEY_REMINDER_1  , p0738@example.org, study-team@example.org,              3, Survey reminder, p0738@example.org, 2026-02-24T14:30:03Z
008ba390-2609-46e5-be53-2d94ca6c5dd8, P0738                , b189a37e-3343-48ca-96a5-683396244a06, Reminder , 4_6M_SURVEY_REMINDER_1, p0738@example.org, study-team@example.org,              4, Survey reminder, p0738@example.org, 2026-04-01T13:30:03Z
008ba390-2609-46e5-be53-2d94ca6c5dd8, P0738                , dcb593fd-23f0-4cdc-aea9-15813ed30e9a, Reminder , 4_6M_SURVEY_REMINDER_2, p0738@example.org, study-team@example.org,              4, Survey reminder, p0738@example.org, 2026-04-02T13:30:03Z
09cb2624-d535-499d-a434-74b397e88a4c, P0739                , 3921cd0e-7c97-46e1-afbc-26a2d24f3362, Reminder , 4_6M_SURVEY_REMINDER_1, p0739@example.org, study-team@example.org,              2, Survey reminder, p0739@example.org, 2026-01-11T20:52:56Z
09cb2624-d535-499d-a434-74b397e88a4c, P0739                , 979d0bd8-c878-43a6-a81d-e190170c4638, Reminder , 4_6M_SURVEY_REMINDER_2, p0739@example.org, study-team@example.org,              2, Survey reminder, p0739@example.org, 2026-01-12T20:52:56Z
0619cca0-ab4c-41d7-8e5b-dcf6720f6ff4, P0740                , e4b36ae9-ffc8-4307-9d21-c1708a612947, Reminder , 24H_SURVEY_REMINDER_1 , p0740@example.org, study-team@example.org,              1, Survey reminder, p0740@example.org, 2025-09-10T01:46:33Z
0619cca0-ab4c-41d7-8e5b-dcf6720f6ff4, P0740                , 08fa55de-2764-4a2a-a53d-4558cef2082f, Reminder , 24H_SURVEY_REMINDER_2 , p0740@example.org, study-team@example.org,              5, Survey reminder, p0740@example.org, 2025-09-11T01:46:33Z
0619cca0-ab4c-41d7-8e5b-dcf6720f6ff4, P0740                , d9e771e8-5015-412d-a07f-f31bb9a306da, Reminder , 1M_SURVEY_REMINDER_1  , p0740@example.org, study-team@example.org,              3, Survey reminder, p0740@example.org, 2025-10-10T01:46:33Z
0619cca0-ab4c-41d7-8e5b-dcf6720f6ff4, P0740                , 55fed03e-9c62-4442-a265-c071dc63228b, Reminder , 3M_SURVEY_REMINDER_1  , p0740@example.org, study-team@example.org,              4, Survey reminder, p0740@example.org, 2025-12-09T02:46:33Z
0619cca0-ab4c-41d7-8e5b-dcf6720f6ff4, P0740                , ef90c04c-d6d7-478a-9a38-dc9a7612e0c3, Reminder , 4_6M_SURVEY_REMINDER_1, p0740@example.org, study-team@example.org,              1, Survey reminder, p0740@example.org, 2026-03-08T02:46:33Z
af1e16ef-18ed-4d4a-b69d-56f82322064e, P0741                , 18b4755d-d5d6-416a-8901-eb47d00317f4, Reminder , 7D_SURVEY_REMINDER_1  , p0741@example.org, study-team@example.org,              2, Survey reminder, p0741@example.org, 2025-07-13T22:02:43Z
af1e16ef-18ed-4d4a-b69d-56f82322064e, P0741                , bd54481b-e712-4e76-9e79-3bf9406ec727, Reminder , 3M_SURVEY_REMINDER_1  , p0741@example.org, study-team@example.org,              5, Survey reminder, p0741@example.org, 2025-10-04T22:02:43Z
af1e16ef-18ed-4d4a-b69d-56f82322064e, P0741                , b6dab16a-6d8a-44d7-ad36-b4aeb1488165, Reminder , 3M_SURVEY_REMINDER_2  , p0741@example.org, study-team@example.org,              5, Survey reminder, p0741@example.org, 2025-10-05T22:02:43Z
af1e16ef-18ed-4d4a-b69d-56f82322064e, P0741                , 6eba032b-8ceb-4b59-a73f-5ce101e820a1, Reminder , 3M_SURVEY_REMINDER_3  , p0741@example.org, study-team@example.org,              5, Survey reminder, p0741@example.org, 2025-10-06T22:02:43Z
e52f287d-159b-49a0-a991-c971015eb25e, P0742                , 9543c5ec-a73f-436b-980e-679b2e9e44c2, Reminder , 24H_SURVEY_REMINDER_1 , p0742@example.org, study-team@example.org,              4, Survey reminder, p0742@example.org, 2025-06-14T15:25:08Z
e52f287d-159b-49a0-a991-c971015eb25e, P0742                , 2575523a-ceba-43d3-83c9-fb8e78f718be, Reminder , 24H_SURVEY_REMINDER_2 , p0742@example.org, study-team@example.org,              1, Survey reminder, p0742@example.org, 2025-06-15T15:25:08Z
e52f287d-159b-49a0-a991-c971015eb25e, P0742                , 61f91062-a323-4319-a2c4-dc927da2c886, Reminder , 4_6M_SURVEY_REMINDER_1, p0742@example.org, study-team@example.org,              1, Survey reminder, p0742@example.org, 2025-11-08T16:25:08Z
e52f287d-159b-49a0-a991-c971015eb25e, P0742                , 6b05e4b8-247d-4de9-ad63-b75021fa7f37, Reminder , 4_6M_SURVEY_REMINDER_2, p0742@example.org, study-team@example.org,              3, Survey reminder, p0742@example.org, 2025-11-09T16:25:08Z
85e4c0fc-f24d-4369-bbe2-29ccbde98afe, P0743                , 5d992a60-990a-492f-ae50-149e841b38b4, Reminder , 1M_SURVEY_REMINDER_1  , p0743@example.org, study-team@example.org,              5, Survey reminder, p0743@example.org, 2025-06-18T14:58:56Z
85e4c0fc-f24d-4369-bbe2-29ccbde98afe, P0743                , bd495803-b86e-43ab-9008-28c2a16c8d77, Reminder , 4_6M_SURVEY_REMINDER_1, p0743@example.org, study-team@example.org,              1, Survey reminder, p0743@example.org, 2025-11-03T15:58:56Z
85e4c0fc-f24d-4369-bbe2-29ccbde98afe, P0743                , 46697140-6222-4990-9c8c-50706a274f65, Reminder , 4_6M_SURVEY_REMINDER_2, p0743@example.org, study-team@example.org,              3, Survey reminder, p0743@example.org, 2025-11-04T15:58:56Z
675d1e5b-d9dc-4bb7-bf9a-2697723e0223, P0744                , 802e2ef6-46fc-4a0c-a8cd-14915bba8088, Reminder , 24H_SURVEY_REMINDER_1 , p0744@example.org, study-team@example.org,              3, Survey reminder, p0744@example.org, 2025-11-12T22:35:34Z
675d1e5b-d9dc-4bb7-bf9a-2697723e0223, P0744                , 6738ef29-18c0-4ca5-8454-8f962d75f275, Reminder , 24H_SURVEY_REMINDER_2 , p0744@example.org, study-team@example.org,              5, Survey reminder, p0744@example.org, 2025-11-13T22:35:34Z
675d1e5b-d9dc-4bb7-bf9a-2697723e0223, P0744                , 8465ab73-ba98-427d-8b73-19cd9f35cc94, Reminder , 3M_SURVEY_REMINDER_1  , p0744@example.org, study-team@example.org,              1, Survey reminder, p0744@example.org, 2026-02-10T22:35:34Z
675d1e5b-d9dc-4bb7-bf9a-2697723e0223, P0744                , fb58e99c-2c53-42bc-a6ff-351319f1642a, Reminder , 3M_SURVEY_REMINDER_2  , p0744@example.org, study-team@example.org,              2, Survey reminder, p0744@example.org, 2026-02-11T22:35:34Z
675d1e5b-d9dc-4bb7-bf9a-2697723e0223, P0744                , 4d5072cb-96df-48c4-8b06-7d1d60850c4d, Reminder , 3M_SURVEY_REMINDER_3  , p0744@example.org, study-team@example.org,              4, Survey reminder, p0744@example.org, 2026-02-12T22:35:34Z
14320733-10e8-437c-8a19-886f40c28b7c, P0746                , 38ee2868-abbc-4b03-ba75-df6b0f267def, Reminder , 24H_SURVEY_REMINDER_1 , p0746@example.org, study-team@example.org,              3, Survey reminder, p0746@example.org, 2025-12-17T21:26:36Z
14320733-10e8-437c-8a19-886f40c28b7c, P0746                , 68777c84-4576-4d09-a2f6-4032e8c2d933, Reminder , 7D_SURVEY_REMINDER_1  , p0746@example.org, study-team@example.org,              1, Survey reminder, p0746@example.org, 2025-12-24T21:26:36Z
14320733-10e8-437c-8a19-886f40c28b7c, P0746                , f0b5ff76-3c88-4e37-883f-293c78c2d68c, Reminder , 4_6M_SURVEY_REMINDER_1, p0746@example.org, study-team@example.org,              5, Survey reminder, p0746@example.org, 2026-06-02T20:26:36Z
14320733-10e8-437c-8a19-886f40c28b7c, P0746                , a032c5bc-1bb5-48c0-b4b0-59ef2425ea86, Reminder , 4_6M_SURVEY_REMINDER_2, p0746@example.org, study-team@example.org,              2, Survey reminder, p0746@example.org, 2026-06-03T20:26:36Z
4b1f65e9-14b1-4f19-9cf2-8156a07a6487, P0747                , 7d581380-cc1b-4656-ae02-dc4a0c6a67b3, Reminder , 24H_SURVEY_REMINDER_1 , p0747@example.org, study-team@example.org,              1, Survey reminder, p0747@example.org, 2025-10-30T01:16:57Z
4b1f65e9-14b1-4f19-9cf2-8156a07a6487, P0747                , cc6d6fb6-b9d4-485c-9e8e-d5f4d7bebcb5, Reminder , 24H_SURVEY_REMINDER_2 , p0747@example.org, study-team@example.org,              5, Survey reminder, p0747@example.org, 2025-10-31T01:16:57Z
4b1f65e9-14b1-4f19-9cf2-8156a07a6487, P0747                , 000d11f9-78bf-470e-b80e-d7af0b809d0a, Reminder , 1M_SURVEY_REMINDER_1  , p0747@example.org, study-team@example.org,              5, Survey reminder, p0747@example.org, 2025-11-29T02:16:57Z
4b1f65e9-14b1-4f19-9cf2-8156a07a6487, P0747                , 16ff2f20-ee18-4e7c-829a-5148605f23fd, Reminder , 1M_SURVEY_REMINDER_2  , p0747@example.org, study-team@example.org,              3, Survey reminder, p0747@example.org, 2025-11-30T02:16:57Z
4b1f65e9-14b1-4f19-9cf2-8156a07a6487, P0747                , 7d24f62d-673b-4a03-8945-1e641352113e, Reminder , 1M_SURVEY_REMINDER_3  , p0747@example.org, study-team@example.org,              4, Survey reminder, p0747@example.org, 2025-12-01T02:16:57Z
4b1f65e9-14b1-4f19-9cf2-8156a07a6487, P0747                , 4923097c-2012-4c66-a208-67021ba27ae4, Reminder , 4_6M_SURVEY_REMINDER_1, p0747@example.org, study-team@example.org,              2, Survey reminder, p0747@example.org, 2026-04-08T01:16:57Z
ee78fb64-351c-47d4-a0bd-c13bd38bffe7, P0748                , 128343ed-7353-4f8d-ac5a-61fd9e7fd66b, Reminder , 7D_SURVEY_REMINDER_1  , p0748@example.org, study-team@example.org,              4, Survey reminder, p0748@example.org, 2025-12-15T02:48:23Z
6e3a9236-d9e4-40b3-88ac-4bccc93453ce, P0749                , 4bf2bf2b-7399-4a8d-8e17-08bc4458f9c3, Reminder , 7D_SURVEY_REMINDER_1  , p0749@example.org, study-team@example.org,              3, Survey reminder, p0749@example.org, 2025-08-05T04:41:17Z
6e3a9236-d9e4-40b3-88ac-4bccc93453ce, P0749                , 28ae1117-26b0-45c7-b682-1fcd7fe8a99b, Reminder , 7D_SURVEY_REMINDER_2  , p0749@example.org, study-team@example.org,              2, Survey reminder, p0749@example.org, 2025-08-06T04:41:17Z
6e3a9236-d9e4-40b3-88ac-4bccc93453ce, P0749                , ae344a02-849a-43df-8614-13ba6ef295bc, Reminder , 7D_SURVEY_REMINDER_3  , p0749@example.org, study-team@example.org,              3, Survey reminder, p0749@example.org, 2025-08-07T04:41:17Z
6e3a9236-d9e4-40b3-88ac-4bccc93453ce, P0749                , df755ba9-a9ff-4c17-a4cf-34e18ea8e7a9, Reminder , 1M_SURVEY_REMINDER_1  , p0749@example.org, study-team@example.org,              2, Survey reminder, p0749@example.org, 2025-08-28T04:41:17Z
6e3a9236-d9e4-40b3-88ac-4bccc93453ce, P0749                , 1ba0f16d-6fa5-4b05-ac0b-47e301251416, Reminder , 1M_SURVEY_REMINDER_2  , p0749@example.org, study-team@example.org,              2, Survey reminder, p0749@example.org, 2025-08-29T04:41:17Z
6e3a9236-d9e4-40b3-88ac-4bccc93453ce, P0749                , 87891638-30f0-48cb-b574-107e308dcc33, Reminder , 3M_SURVEY_REMINDER_1  , p0749@example.org, study-team@example.org,              5, Survey reminder, p0749@example.org, 2025-10-27T04:41:17Z
6e3a9236-d9e4-40b3-88ac-4bccc93453ce, P0749                , 349d5148-ff1e-4a98-b478-993c0a7fddfd, Reminder , 4_6M_SURVEY_REMINDER_1, p0749@example.org, study-team@example.org,              2, Survey reminder, p0749@example.org, 2026-01-24T05:41:17Z
6e3a9236-d9e4-40b3-88ac-4bccc93453ce, P0749                , feb8ce96-121b-4892-9cc2-3849e0845fc2, Reminder , 4_6M_SURVEY_REMINDER_2, p0749@example.org, study-team@example.org,              5, Survey reminder, p0749@example.org, 2026-01-25T05:41:17Z
d6c1a32d-e1ab-47a8-854c-fbf962bfc34b, P0750                , a9d68ee6-5d13-4b29-b5a1-e5519e9dc1b8, Reminder , 7D_SURVEY_REMINDER_1  , p0750@example.org, study-team@example.org,              2, Survey reminder, p0750@example.org, 2025-03-15T20:46:26Z
d6c1a32d-e1ab-47a8-854c-fbf962bfc34b, P0750                , 380e47c9-6e25-4b22-b27c-0e4162ee5733, Reminder , 7D_SURVEY_REMINDER_2  , p0750@example.org, study-team@example.org,              4, Survey reminder, p0750@example.org, 2025-03-16T20:46:26Z
d6c1a32d-e1ab-47a8-854c-fbf962bfc34b, P0750                , aa8fe3c9-5844-4028-b0ef-f70bd90f107b, Reminder , 1M_SURVEY_REMINDER_1  , p0750@example.org, study-team@example.org,              5, Survey reminder, p0750@example.org, 2025-04-07T20:46:26Z
e12158e9-ccb4-4eae-8773-3da463665372, P0751                , 390dd551-fcc4-492c-bd01-dcb652b3f0f9, Reminder , 1M_SURVEY_REMINDER_1  , p0751@example.org, study-team@example.org,              3, Survey reminder, p0751@example.org, 2025-11-07T22:21:05Z
e12158e9-ccb4-4eae-8773-3da463665372, P0751                , 66759479-bfb2-4a5f-bd6b-9507c9463d72, Reminder , 4_6M_SURVEY_REMINDER_1, p0751@example.org, study-team@example.org,              2, Survey reminder, p0751@example.org, 2026-02-28T22:21:05Z
4dec64f4-c540-46a2-bf90-6e87774fa432, P0752                , e47bb37a-eb44-4b92-8e2d-e110a7e70b9b, Reminder , 7D_SURVEY_REMINDER_1  , p0752@example.org, study-team@example.org,              3, Survey reminder, p0752@example.org, 2025-07-27T23:15:05Z
c76bcba7-9f35-4234-b38d-f77e95f42cd7, P0753                , abadb795-18c9-42cd-be5b-fce06b6df760, Reminder , 7D_SURVEY_REMINDER_1  , p0753@example.org, study-team@example.org,              5, Survey reminder, p0753@example.org, 2025-01-20T00:05:14Z
c76bcba7-9f35-4234-b38d-f77e95f42cd7, P0753                , 89cb8170-460b-428d-8487-5c41b6ed08de, Reminder , 7D_SURVEY_REMINDER_2  , p0753@example.org, study-team@example.org,              3, Survey reminder, p0753@example.org, 2025-01-21T00:05:14Z
46df2a1e-fa88-41e5-848a-7151c9f1f6f0, P0754                , d330480b-3bdc-49ba-bad3-3b8180a379d4, Reminder , 4_6M_SURVEY_REMINDER_1, p0754@example.org, study-team@example.org,              5, Survey reminder, p0754@example.org, 2025-07-23T06:13:01Z
46df2a1e-fa88-41e5-848a-7151c9f1f6f0, P0754                , 842ab522-45be-4844-946f-28d408f38a7d, Reminder , 4_6M_SURVEY_REMINDER_2, p0754@example.org, study-team@example.org,              1, Survey reminder, p0754@example.org, 2025-07-24T06:13:01Z
46df2a1e-fa88-41e5-848a-7151c9f1f6f0, P0754                , 21140c31-e091-475d-9f73-9aa29391bdcd, Reminder , 4_6M_SURVEY_REMINDER_3, p0754@example.org, study-team@example.org,              1, Survey reminder, p0754@example.org, 2025-07-25T06:13:01Z
73d95fa3-d525-4930-9457-07521b45a072, P0755                , 25b2b3f6-6759-46a6-9b55-39ce7966cb92, Reminder , 4_6M_SURVEY_REMINDER_1, p0755@example.org, study-team@example.org,              3, Survey reminder, p0755@example.org, 2025-10-11T16:57:56Z
73d95fa3-d525-4930-9457-07521b45a072, P0755                , afd2c5af-3f03-48ef-b559-963fc7df6b55, Reminder , 4_6M_SURVEY_REMINDER_2, p0755@example.org, study-team@example.org,              5, Survey reminder, p0755@example.org, 2025-10-12T16:57:56Z
df402bcd-0f54-4f23-a7ee-3ed85a93dd95, P0756                , 45215a3e-1f4c-4d7e-893c-bc8eb8c721c7, Reminder , 4_6M_SURVEY_REMINDER_1, p0756@example.org, study-team@example.org,              2, Survey reminder, p0756@example.org, 2026-01-01T21:45:04Z
aa118d72-5caa-459d-ba14-c0e8c41706b5, P0757                , b529a308-d030-492d-be40-d2eb3a052185, Reminder , 7D_SURVEY_REMINDER_1  , p0757@example.org, study-team@example.org,              2, Survey reminder, p0757@example.org, 2025-03-05T18:08:06Z
aa118d72-5caa-459d-ba14-c0e8c41706b5, P0757                , 914eae16-11ed-4ae7-b754-f36050ef8987, Reminder , 3M_SURVEY_REMINDER_1  , p0757@example.org, study-team@example.org,              1, Survey reminder, p0757@example.org, 2025-05-27T17:08:06Z
aa118d72-5caa-459d-ba14-c0e8c41706b5, P0757                , 5ee9e0ce-8935-4b9f-9bdf-8d601026aee4, Reminder , 4_6M_SURVEY_REMINDER_1, p0757@example.org, study-team@example.org,              3, Survey reminder, p0757@example.org, 2025-07-22T17:08:06Z
aa118d72-5caa-459d-ba14-c0e8c41706b5, P0757                , e3976b49-2d67-4802-85b6-38b6e053d0af, Reminder , 4_6M_SURVEY_REMINDER_2, p0757@example.org, study-team@example.org,              3, Survey reminder, p0757@example.org, 2025-07-23T17:08:06Z
aa118d72-5caa-459d-ba14-c0e8c41706b5, P0757                , 32376209-efca-463d-aeb9-a1c587d58d48, Reminder , 4_6M_SURVEY_REMINDER_3, p0757@example.org, study-team@example.org,              5, Survey reminder, p0757@example.org, 2025-07-24T17:08:06Z
8de032fe-35ae-4e3e-b2d8-34b9b49cdb34, P0758                , 6dc40da6-3e3f-4c55-9b16-f02e56e81049, Reminder , 7D_SURVEY_REMINDER_1  , p0758@example.org, study-team@example.org,              1, Survey reminder, p0758@example.org, 2025-03-13T04:01:16Z
8de032fe-35ae-4e3e-b2d8-34b9b49cdb34, P0758                , 798d1ebf-6051-4216-8ef6-31ee2eeae9ca, Reminder , 7D_SURVEY_REMINDER_2  , p0758@example.org, study-team@example.org,              2, Survey reminder, p0758@example.org, 2025-03-14T04:01:16Z
8de032fe-35ae-4e3e-b2d8-34b9b49cdb34, P0758                , 24ef3712-eea3-40f0-bcb6-97763c06283c, Reminder , 7D_SURVEY_REMINDER_3  , p0758@example.org, study-team@example.org,              3, Survey reminder, p0758@example.org, 2025-03-15T04:01:16Z
8de032fe-35ae-4e3e-b2d8-34b9b49cdb34, P0758                , a2cd962d-3852-4865-9631-4ba6f2d1b143, Reminder , 1M_SURVEY_REMINDER_1  , p0758@example.org, study-team@example.org,              4, Survey reminder, p0758@example.org, 2025-04-05T04:01:16Z
42228118-a53f-4505-a25d-69f15f5724fa, P0759                , 8edad09f-91ca-4673-9941-86792d81a17f, Reminder , 24H_SURVEY_REMINDER_1 , p0759@example.org, study-team@example.org,              4, Survey reminder, p0759@example.org, 2025-01-12T13:53:02Z
42228118-a53f-4505-a25d-69f15f5724fa, P0759                , 867c8422-ac45-4710-b561-ff056eea266e, Reminder , 7D_SURVEY_REMINDER_1  , p0759@example.org, study-team@example.org,              1, Survey reminder, p0759@example.org, 2025-01-19T13:53:02Z
42228118-a53f-4505-a25d-69f15f5724fa, P0759                , 04c96807-b53b-457a-bb4a-80f8ac0a1905, Reminder , 7D_SURVEY_REMINDER_2  , p0759@example.org, study-team@example.org,              4, Survey reminder, p0759@example.org, 2025-01-20T13:53:02Z
42228118-a53f-4505-a25d-69f15f5724fa, P0759                , 16a9e67a-ea64-41ee-aa3d-cb7f70147456, Reminder , 1M_SURVEY_REMINDER_1  , p0759@example.org, study-team@example.org,              5, Survey reminder, p0759@example.org, 2025-02-11T13:53:02Z
061d8781-4a48-4a49-ae1c-870f52796b8a, P0760                , c75bc5f0-f305-4e67-b0c8-a08df38483af, Reminder , 24H_SURVEY_REMINDER_1 , p0760@example.org, study-team@example.org,              3, Survey reminder, p0760@example.org, 2025-12-12T02:14:28Z
061d8781-4a48-4a49-ae1c-870f52796b8a, P0760                , 748c4f5f-a8e8-4c96-8d89-098df2ef3176, Reminder , 7D_SURVEY_REMINDER_1  , p0760@example.org, study-team@example.org,              5, Survey reminder, p0760@example.org, 2025-12-19T02:14:28Z
061d8781-4a48-4a49-ae1c-870f52796b8a, P0760                , 9e6b63a4-9e6c-4f89-b101-efb2595cb4e8, Reminder , 7D_SURVEY_REMINDER_2  , p0760@example.org, study-team@example.org,              4, Survey reminder, p0760@example.org, 2025-12-20T02:14:28Z
061d8781-4a48-4a49-ae1c-870f52796b8a, P0760                , c88478d4-8575-40ce-8897-eebf06e636cc, Reminder , 1M_SURVEY_REMINDER_1  , p0760@example.org, study-team@example.org,              3, Survey reminder, p0760@example.org, 2026-01-11T02:14:28Z
e01b3d29-ffd9-4c54-b94f-3b8876344752, P0761                , 5dcd3a5f-acd0-4440-b239-57103b6c70b7, Reminder , 7D_SURVEY_REMINDER_1  , p0761@example.org, study-team@example.org,              4, Survey reminder, p0761@example.org, 2025-02-22T20:42:27Z
e01b3d29-ffd9-4c54-b94f-3b8876344752, P0761                , d6c44f93-652d-4f0b-a439-8120496766a1, Reminder , 7D_SURVEY_REMINDER_2  , p0761@example.org, study-team@example.org,              1, Survey reminder, p0761@example.org, 2025-02-23T20:42:27Z
e01b3d29-ffd9-4c54-b94f-3b8876344752, P0761                , 659f1c34-f243-41c3-b62d-03700bb9a3a8, Reminder , 7D_SURVEY_REMINDER_3  , p0761@example.org, study-team@example.org,              1, Survey reminder, p0761@example.org, 2025-02-24T20:42:27Z
95aa3682-fd3e-466c-8a29-d37717a33cd7, P0762                , f1ed2545-f646-4198-b50a-80b388240296, Reminder , 24H_SURVEY_REMINDER_1 , p0762@example.org, study-team@example.org,              1, Survey reminder, p0762@example.org, 2025-07-20T12:05:00Z
95aa3682-fd3e-466c-8a29-d37717a33cd7, P0762                , 9daa0468-e15a-405d-995b-da6199e99587, Reminder , 3M_SURVEY_REMINDER_1  , p0762@example.org, study-team@example.org,              3, Survey reminder, p0762@example.org, 2025-10-18T12:05:00Z
95aa3682-fd3e-466c-8a29-d37717a33cd7, P0762                , 831f790e-317d-4782-8792-dd24c53e7fcd, Reminder , 3M_SURVEY_REMINDER_2  , p0762@example.org, study-team@example.org,              4, Survey reminder, p0762@example.org, 2025-10-19T12:05:00Z
de66a945-c3a5-46f0-8564-ef3c905d1842, P0763                , 8f01de5e-49a3-4f71-be73-5f55c8f53290, Reminder , 3M_SURVEY_REMINDER_1  , p0763@example.org, study-team@example.org,              1, Survey reminder, p0763@example.org, 2025-12-16T20:26:56Z
de66a945-c3a5-46f0-8564-ef3c905d1842, P0763                , 1df72917-a6e8-4db3-a212-630223bc4a8e, Reminder , 3M_SURVEY_REMINDER_2  , p0763@example.org, study-team@example.org,              2, Survey reminder, p0763@example.org, 2025-12-17T20:26:56Z
de66a945-c3a5-46f0-8564-ef3c905d1842, P0763                , 66e59913-d519-431b-a3e5-75a5fa6763e6, Reminder , 3M_SURVEY_REMINDER_3  , p0763@example.org, study-team@example.org,              5, Survey reminder, p0763@example.org, 2025-12-18T20:26:56Z
de66a945-c3a5-46f0-8564-ef3c905d1842, P0763                , 81a94ae5-7d89-4d31-9d0a-dbf5522c6461, Reminder , 4_6M_SURVEY_REMINDER_1, p0763@example.org, study-team@example.org,              5, Survey reminder, p0763@example.org, 2026-02-11T20:26:56Z
032989de-3d3c-4ea7-83d3-8d8a07949268, P0764                , fb64399d-d87f-4d6b-b730-6bd9b7ebae6b, Reminder , 3M_SURVEY_REMINDER_1  , p0764@example.org, study-team@example.org,              5, Survey reminder, p0764@example.org, 2026-03-10T03:51:57Z
032989de-3d3c-4ea7-83d3-8d8a07949268, P0764                , fbfed369-e48a-4411-86e0-4fbfd17cdafd, Reminder , 3M_SURVEY_REMINDER_2  , p0764@example.org, study-team@example.org,              2, Survey reminder, p0764@example.org, 2026-03-11T03:51:57Z
032989de-3d3c-4ea7-83d3-8d8a07949268, P0764                , 667a6837-6c2c-4ffe-a58a-0ac57b2ec43c, Reminder , 3M_SURVEY_REMINDER_3  , p0764@example.org, study-team@example.org,              3, Survey reminder, p0764@example.org, 2026-03-12T03:51:57Z
312a4843-7632-4b8c-a517-8d7d289944d9, P0765                , e80de5c4-2f17-44a1-bd9a-dfb82924dd68, Reminder , 24H_SURVEY_REMINDER_1 , p0765@example.org, study-team@example.org,              3, Survey reminder, p0765@example.org, 2025-10-02T01:20:16Z
312a4843-7632-4b8c-a517-8d7d289944d9, P0765                , 033c5a3d-45da-49f9-82a8-b9df3e417330, Reminder , 24H_SURVEY_REMINDER_2 , p0765@example.org, study-team@example.org,              4, Survey reminder, p0765@example.org, 2025-10-03T01:20:16Z
312a4843-7632-4b8c-a517-8d7d289944d9, P0765                , fc54b540-ac06-4c00-bb68-258a405e4969, Reminder , 24H_SURVEY_REMINDER_3 , p0765@example.org, study-team@example.org,              4, Survey reminder, p0765@example.org, 2025-10-04T01:20:16Z
f4bff377-bee4-4597-b6f3-92ba80787d1e, P0766                , a95d1f9e-8752-4ae4-ab91-b836dfaa8735, Reminder , 24H_SURVEY_REMINDER_1 , p0766@example.org, study-team@example.org,              2, Survey reminder, p0766@example.org, 2025-09-08T08:58:34Z
f4bff377-bee4-4597-b6f3-92ba80787d1e, P0766                , 619834cb-48f4-41bc-94ec-5b1354d82995, Reminder , 24H_SURVEY_REMINDER_2 , p0766@example.org, study-team@example.org,              3, Survey reminder, p0766@example.org, 2025-09-09T08:58:34Z
f4bff377-bee4-4597-b6f3-92ba80787d1e, P0766                , c1db9de8-39ef-400c-b96e-8444ffd8575a, Reminder , 24H_SURVEY_REMINDER_3 , p0766@example.org, study-team@example.org,              2, Survey reminder, p0766@example.org, 2025-09-10T08:58:34Z
f4bff377-bee4-4597-b6f3-92ba80787d1e, P0766                , fd845da9-f462-4836-b987-233693ebdcd2, Reminder , 3M_SURVEY_REMINDER_1  , p0766@example.org, study-team@example.org,              4, Survey reminder, p0766@example.org, 2025-12-07T09:58:34Z
e867c0d1-8462-4614-85b4-5c3cc0b1ed29, P0767                , 6a502cac-a0d9-4793-8a91-9518b79880fa, Reminder , 4_6M_SURVEY_REMINDER_1, p0767@example.org, study-team@example.org,              3, Survey reminder, p0767@example.org, 2026-04-03T07:13:37Z
f4be0453-c6f2-400f-9407-5f85862b569e, P0769                , 130751c2-5800-48d0-8e8f-413f3df8d263, Reminder , 24H_SURVEY_REMINDER_1 , p0769@example.org, study-team@example.org,              5, Survey reminder, p0769@example.org, 2025-11-24T12:12:23Z
f4be0453-c6f2-400f-9407-5f85862b569e, P0769                , a3e92c14-b4cd-4921-9d64-e8e3b82d9284, Reminder , 24H_SURVEY_REMINDER_2 , p0769@example.org, study-team@example.org,              1, Survey reminder, p0769@example.org, 2025-11-25T12:12:23Z
f4be0453-c6f2-400f-9407-5f85862b569e, P0769                , afaf8d9f-be82-4be9-b44c-9313a652312e, Reminder , 7D_SURVEY_REMINDER_1  , p0769@example.org, study-team@example.org,              2, Survey reminder, p0769@example.org, 2025-12-01T12:12:23Z
f4be0453-c6f2-400f-9407-5f85862b569e, P0769                , e2e82369-b472-43d3-8617-e59441233888, Reminder , 1M_SURVEY_REMINDER_1  , p0769@example.org, study-team@example.org,              2, Survey reminder, p0769@example.org, 2025-12-24T12:12:23Z
f4be0453-c6f2-400f-9407-5f85862b569e, P0769                , bcb3ecc2-b4ed-45d3-9686-5368a5570ca2, Reminder , 4_6M_SURVEY_REMINDER_1, p0769@example.org, study-team@example.org,              5, Survey reminder, p0769@example.org, 2026-04-05T11:12:23Z
f0bba477-9c5f-4845-95b7-35c0fc16602e, P0770                , c43bddac-8e98-402b-a1ae-6976a9d8027e, Reminder , 24H_SURVEY_REMINDER_1 , p0770@example.org, study-team@example.org,              2, Survey reminder, p0770@example.org, 2025-05-26T23:08:10Z
f0bba477-9c5f-4845-95b7-35c0fc16602e, P0770                , 876b4f69-a53a-4460-b883-f7e17fe0bc9b, Reminder , 24H_SURVEY_REMINDER_2 , p0770@example.org, study-team@example.org,              5, Survey reminder, p0770@example.org, 2025-05-27T23:08:10Z
f0bba477-9c5f-4845-95b7-35c0fc16602e, P0770                , 639e7c29-9a5d-41db-8943-4518937ef3c3, Reminder , 1M_SURVEY_REMINDER_1  , p0770@example.org, study-team@example.org,              3, Survey reminder, p0770@example.org, 2025-06-25T23:08:10Z
f0bba477-9c5f-4845-95b7-35c0fc16602e, P0770                , 7ad1c3af-4db2-417a-8470-8dfd93b78070, Reminder , 1M_SURVEY_REMINDER_2  , p0770@example.org, study-team@example.org,              4, Survey reminder, p0770@example.org, 2025-06-26T23:08:10Z
f0bba477-9c5f-4845-95b7-35c0fc16602e, P0770                , 3b207c33-adb0-42a6-a2b4-c56ba6e313ae, Reminder , 3M_SURVEY_REMINDER_1  , p0770@example.org, study-team@example.org,              2, Survey reminder, p0770@example.org, 2025-08-24T23:08:10Z
1f30c5d0-547e-45e8-833c-b747b07e3cba, P0771                , 71514f51-ea06-4ef0-8cb8-ad6bedad171c, Reminder , 7D_SURVEY_REMINDER_1  , p0771@example.org, study-team@example.org,              4, Survey reminder, p0771@example.org, 2025-02-02T05:48:25Z
1f30c5d0-547e-45e8-833c-b747b07e3cba, P0771                , 57f1c685-2fe6-42a6-9197-5e2a3dd958e8, Reminder , 7D_SURVEY_REMINDER_2  , p0771@example.org, study-team@example.org,              5, Survey reminder, p0771@example.org, 2025-02-03T05:48:25Z
1f30c5d0-547e-45e8-833c-b747b07e3cba, P0771                , 258bf3e7-d59c-414f-8d68-1dac4a4f092d, Reminder , 1M_SURVEY_REMINDER_1  , p0771@example.org, study-team@example.org,              3, Survey reminder, p0771@example.org, 2025-02-25T05:48:25Z
1f30c5d0-547e-45e8-833c-b747b07e3cba, P0771                , ed57d75b-d0b9-4052-8ea7-60b5fba4918f, Reminder , 4_6M_SURVEY_REMINDER_1, p0771@example.org, study-team@example.org,              5, Survey reminder, p0771@example.org, 2025-06-26T04:48:25Z
1f30c5d0-547e-45e8-833c-b747b07e3cba, P0771                , 3188cb63-c6af-4e5c-ba66-23eef8e2b37c, Reminder , 4_6M_SURVEY_REMINDER_2, p0771@example.org, study-team@example.org,              4, Survey reminder, p0771@example.org, 2025-06-27T04:48:25Z
1f30c5d0-547e-45e8-833c-b747b07e3cba, P0771                , db157498-a713-48b4-b5f4-2696d56cb54d, Reminder , 4_6M_SURVEY_REMINDER_3, p0771@example.org, study-team@example.org,              1, Survey reminder, p0771@example.org, 2025-06-28T04:48:25Z
58deef56-b191-4248-a7e0-25d2fbe10282, P0772                , 3f447b91-1152-49d4-8c81-e4aff308667c, Reminder , 7D_SURVEY_REMINDER_1  , p0772@example.org, study-team@example.org,              2, Survey reminder, p0772@example.org, 2025-05-31T09:59:04Z
58deef56-b191-4248-a7e0-25d2fbe10282, P0772                , 563ab62f-1926-4e77-a05f-8977cd7ab79a, Reminder , 7D_SURVEY_REMINDER_2  , p0772@example.org, study-team@example.org,              1, Survey reminder, p0772@example.org, 2025-06-01T09:59:04Z
58deef56-b191-4248-a7e0-25d2fbe10282, P0772                , 7774fff7-fdfe-4ff6-bd04-12d7c91d2af7, Reminder , 7D_SURVEY_REMINDER_3  , p0772@example.org, study-team@example.org,              3, Survey reminder, p0772@example.org, 2025-06-02T09:59:04Z
58deef56-b191-4248-a7e0-25d2fbe10282, P0772                , 79ad344f-6bb1-4d49-afca-0fdb62df465e, Reminder , 4_6M_SURVEY_REMINDER_1, p0772@example.org, study-team@example.org,              1, Survey reminder, p0772@example.org, 2025-09-29T09:59:04Z
bfa0b329-20e2-4121-a903-f035b782cb00, P0773                , 6ac1fef5-de7b-4190-9166-730b48157b0c, Reminder , 7D_SURVEY_REMINDER_1  , p0773@example.org, study-team@example.org,              5, Survey reminder, p0773@example.org, 2025-05-06T00:53:58Z
bfa0b329-20e2-4121-a903-f035b782cb00, P0773                , cb21915c-0428-4b42-8034-7279393b6762, Reminder , 4_6M_SURVEY_REMINDER_1, p0773@example.org, study-team@example.org,              1, Survey reminder, p0773@example.org, 2025-10-22T00:53:58Z
bfa0b329-20e2-4121-a903-f035b782cb00, P0773                , de485999-6165-4cec-a306-c3c626787e9f, Reminder , 4_6M_SURVEY_REMINDER_2, p0773@example.org, study-team@example.org,              1, Survey reminder, p0773@example.org, 2025-10-23T00:53:58Z
de8f5984-f8b9-4b64-a8ee-1144f64ef2bb, P0774                , 55c4fe09-6684-41cc-bdaa-77e9c28e0b93, Reminder , 24H_SURVEY_REMINDER_1 , p0774@example.org, study-team@example.org,              2, Survey reminder, p0774@example.org, 2025-03-26T11:03:27Z
de8f5984-f8b9-4b64-a8ee-1144f64ef2bb, P0774                , b86637e7-c745-4abc-ba9e-220f7f9b93b9, Reminder , 24H_SURVEY_REMINDER_2 , p0774@example.org, study-team@example.org,              1, Survey reminder, p0774@example.org, 2025-03-27T11:03:27Z
de8f5984-f8b9-4b64-a8ee-1144f64ef2bb, P0774                , be703b44-358b-4e9a-b059-925adad8bd8f, Reminder , 1M_SURVEY_REMINDER_1  , p0774@example.org, study-team@example.org,              3, Survey reminder, p0774@example.org, 2025-04-25T11:03:27Z
de8f5984-f8b9-4b64-a8ee-1144f64ef2bb, P0774                , 29e98b6e-efa4-4795-adf4-d2c5c113a850, Reminder , 1M_SURVEY_REMINDER_2  , p0774@example.org, study-team@example.org,              2, Survey reminder, p0774@example.org, 2025-04-26T11:03:27Z
de8f5984-f8b9-4b64-a8ee-1144f64ef2bb, P0774                , d2140f6f-1cf5-41ef-9da8-d24b2665be1a, Reminder , 4_6M_SURVEY_REMINDER_1, p0774@example.org, study-team@example.org,              5, Survey reminder, p0774@example.org, 2025-09-12T11:03:27Z
3e27fa75-551f-4e9f-a074-4cfdb60b058c, P0775                , 85ae0519-ced8-4d97-8835-3892c9f3ff72, Reminder , 1M_SURVEY_REMINDER_1  , p0775@example.org, study-team@example.org,              5, Survey reminder, p0775@example.org, 2025-08-26T03:50:19Z
835c18bc-337b-4759-a6e8-200fbbb4c292, P0776                , dc675fd6-3210-43fd-9a23-9241e69e62c0, Reminder , 24H_SURVEY_REMINDER_1 , p0776@example.org, study-team@example.org,              4, Survey reminder, p0776@example.org, 2025-03-02T10:29:57Z
835c18bc-337b-4759-a6e8-200fbbb4c292, P0776                , a642e2f7-12ef-4f40-92c2-53009a5d7f83, Reminder , 24H_SURVEY_REMINDER_2 , p0776@example.org, study-team@example.org,              4, Survey reminder, p0776@example.org, 2025-03-03T10:29:57Z
835c18bc-337b-4759-a6e8-200fbbb4c292, P0776                , 38ed8767-3c02-461b-a170-a79908083e19, Reminder , 24H_SURVEY_REMINDER_3 , p0776@example.org, study-team@example.org,              2, Survey reminder, p0776@example.org, 2025-03-04T10:29:57Z
978e1c35-a385-40cf-a1ba-63ca81fbe243, P0777                , 58242760-a10d-42c3-b770-069b6c6ca1ba, Reminder , 24H_SURVEY_REMINDER_1 , p0777@example.org, study-team@example.org,              2, Survey reminder, p0777@example.org, 2025-08-22T07:43:11Z
978e1c35-a385-40cf-a1ba-63ca81fbe243, P0777                , 2541d916-fb1e-4142-a2b0-6c82f47e5f81, Reminder , 24H_SURVEY_REMINDER_2 , p0777@example.org, study-team@example.org,              3, Survey reminder, p0777@example.org, 2025-08-23T07:43:11Z
978e1c35-a385-40cf-a1ba-63ca81fbe243, P0777                , e29c5cd1-679a-45d5-b28d-b15200d6cc7e, Reminder , 1M_SURVEY_REMINDER_1  , p0777@example.org, study-team@example.org,              4, Survey reminder, p0777@example.org, 2025-09-21T07:43:11Z
978e1c35-a385-40cf-a1ba-63ca81fbe243, P0777                , 113ef302-7d94-4b6b-896e-1babe9710cb4, Reminder , 1M_SURVEY_REMINDER_2  , p0777@example.org, study-team@example.org,              2, Survey reminder, p0777@example.org, 2025-09-22T07:43:11Z
978e1c35-a385-40cf-a1ba-63ca81fbe243, P0777                , 183ff797-3b87-49ed-8b1c-88c9042ea974, Reminder , 3M_SURVEY_REMINDER_1  , p0777@example.org, study-team@example.org,              2, Survey reminder, p0777@example.org, 2025-11-20T08:43:11Z
978e1c35-a385-40cf-a1ba-63ca81fbe243, P0777                , c7f660c5-3031-4583-91ad-8d4ea4b401a5, Reminder , 4_6M_SURVEY_REMINDER_1, p0777@example.org, study-team@example.org,              5, Survey reminder, p0777@example.org, 2026-01-09T08:43:11Z
978e1c35-a385-40cf-a1ba-63ca81fbe243, P0777                , 124f09a9-e776-4d35-86e5-99028b01fe25, Reminder , 4_6M_SURVEY_REMINDER_2, p0777@example.org, study-team@example.org,              4, Survey reminder, p0777@example.org, 2026-01-10T08:43:11Z
d96aca1a-12b7-47b1-b7f1-91da755811d3, P0778                , a7d0fa29-a31c-4f12-9545-ee21a0d7284e, Reminder , 7D_SURVEY_REMINDER_1  , p0778@example.org, study-team@example.org,              5, Survey reminder, p0778@example.org, 2025-09-02T09:47:37Z
d96aca1a-12b7-47b1-b7f1-91da755811d3, P0778                , c13c088e-cdfb-403c-af1d-79abd50d4391, Reminder , 3M_SURVEY_REMINDER_1  , p0778@example.org, study-team@example.org,              4, Survey reminder, p0778@example.org, 2025-11-24T10:47:37Z
16a8e829-37f2-4338-b635-8e00a8504ed0, P0781                , b5942377-faee-4790-99bb-3be6d2136151, Reminder , 24H_SURVEY_REMINDER_1 , p0781@example.org, study-team@example.org,              3, Survey reminder, p0781@example.org, 2025-02-11T19:30:28Z
16a8e829-37f2-4338-b635-8e00a8504ed0, P0781                , 6b822cad-44ad-4cb4-bc34-759fd74f61d4, Reminder , 24H_SURVEY_REMINDER_2 , p0781@example.org, study-team@example.org,              4, Survey reminder, p0781@example.org, 2025-02-12T19:30:28Z
638ebcb2-e330-4cfb-ba39-78200929692b, P0782                , e3a5f4e4-54cb-4be0-9d4b-c1467526ee44, Reminder , 7D_SURVEY_REMINDER_1  , p0782@example.org, study-team@example.org,              4, Survey reminder, p0782@example.org, 2025-05-15T05:15:47Z
638ebcb2-e330-4cfb-ba39-78200929692b, P0782                , 8be32b91-7430-406a-b976-94fb76dfc8f0, Reminder , 7D_SURVEY_REMINDER_2  , p0782@example.org, study-team@example.org,              5, Survey reminder, p0782@example.org, 2025-05-16T05:15:47Z
8517042f-1188-4523-8bdb-48b3e9f83996, P0783                , c438794a-e12d-4d16-8763-ebd2043f4048, Reminder , 7D_SURVEY_REMINDER_1  , p0783@example.org, study-team@example.org,              2, Survey reminder, p0783@example.org, 2025-07-15T16:28:46Z
c673e6f6-0f1a-4ea6-a0ad-0ecca5ea315b, P0784                , 73e4c3b7-7ce2-4637-9cef-fbdb674fa449, Reminder , 1M_SURVEY_REMINDER_1  , p0784@example.org, study-team@example.org,              1, Survey reminder, p0784@example.org, 2025-03-14T04:59:18Z
c673e6f6-0f1a-4ea6-a0ad-0ecca5ea315b, P0784                , 2a304078-1a56-45a0-868a-3a7fce9e8ae9, Reminder , 3M_SURVEY_REMINDER_1  , p0784@example.org, study-team@example.org,              2, Survey reminder, p0784@example.org, 2025-05-13T04:59:18Z
c673e6f6-0f1a-4ea6-a0ad-0ecca5ea315b, P0784                , e58953e8-8574-4c64-b357-6c52e98a2690, Reminder , 3M_SURVEY_REMINDER_2  , p0784@example.org, study-team@example.org,              4, Survey reminder, p0784@example.org, 2025-05-14T04:59:18Z
c673e6f6-0f1a-4ea6-a0ad-0ecca5ea315b, P0784                , 34886fdf-a784-4c7c-97bc-f48c4392e257, Reminder , 3M_SURVEY_REMINDER_3  , p0784@example.org, study-team@example.org,              5, Survey reminder, p0784@example.org, 2025-05-15T04:59:18Z
3dd3741f-ec20-42ab-a016-e739f134710b, P0785                , 224c34fa-eb67-40e4-b2f6-511b436bcb3e, Reminder , 24H_SURVEY_REMINDER_1 , p0785@example.org, study-team@example.org,              1, Survey reminder, p0785@example.org, 2025-12-06T23:04:04Z
3dd3741f-ec20-42ab-a016-e739f134710b, P0785                , 13bd4047-abf3-48d5-963c-b3a1718bcdec, Reminder , 24H_SURVEY_REMINDER_2 , p0785@example.org, study-team@example.org,              3, Survey reminder, p0785@example.org, 2025-12-07T23:04:04Z
3dd3741f-ec20-42ab-a016-e739f134710b, P0785                , 3abaad02-5ae0-4b29-9fe0-fac47e43ee9c, Reminder , 7D_SURVEY_REMINDER_1  , p0785@example.org, study-team@example.org,              3, Survey reminder, p0785@example.org, 2025-12-13T23:04:04Z
3dd3741f-ec20-42ab-a016-e739f134710b, P0785                , 15d795e2-4bf3-4b8c-b445-9ec204f7a024, Reminder , 7D_SURVEY_REMINDER_2  , p0785@example.org, study-team@example.org,              5, Survey reminder, p0785@example.org, 2025-12-14T23:04:04Z
3dd3741f-ec20-42ab-a016-e739f134710b, P0785                , 212869d1-a1e3-49dc-b800-ad66305750fb, Reminder , 3M_SURVEY_REMINDER_1  , p0785@example.org, study-team@example.org,              5, Survey reminder, p0785@example.org, 2026-03-06T23:04:04Z
3dd3741f-ec20-42ab-a016-e739f134710b, P0785                , 9b37b93d-e50a-4941-b99f-6950e31511ad, Reminder , 4_6M_SURVEY_REMINDER_1, p0785@example.org, study-team@example.org,              4, Survey reminder, p0785@example.org, 2026-04-06T22:04:04Z
d5f45ae0-5436-48a5-9288-3f5cef82593d, P0786                , 97abe619-5d16-48f5-bee8-7c7ae1338750, Reminder , 1M_SURVEY_REMINDER_1  , p0786@example.org, study-team@example.org,              3, Survey reminder, p0786@example.org, 2025-12-22T16:02:52Z
d5f45ae0-5436-48a5-9288-3f5cef82593d, P0786                , 1f7561bd-c132-49b5-bea0-cf64de40d22e, Reminder , 1M_SURVEY_REMINDER_2  , p0786@example.org, study-team@example.org,              2, Survey reminder, p0786@example.org, 2025-12-23T16:02:52Z
fbd1ef67-4be6-4619-99fe-00716af8f50e, P0787                , 43701565-c564-4713-809d-500305c47e77, Reminder , 4_6M_SURVEY_REMINDER_1, p0787@example.org, study-team@example.org,              3, Survey reminder, p0787@example.org, 2026-03-16T16:38:11Z
638102be-a1cb-477e-9219-52e012a1fdf8, P0788                , e089e908-058d-4628-80b3-ec7dcfb526c3, Reminder , 24H_SURVEY_REMINDER_1 , p0788@example.org, study-team@example.org,              5, Survey reminder, p0788@example.org, 2025-01-29T22:38:22Z
638102be-a1cb-477e-9219-52e012a1fdf8, P0788                , 3846eee6-d275-4396-a9b5-26283b758026, Reminder , 24H_SURVEY_REMINDER_2 , p0788@example.org, study-team@example.org,              1, Survey reminder, p0788@example.org, 2025-01-30T22:38:22Z
638102be-a1cb-477e-9219-52e012a1fdf8, P0788                , 3e0d2c61-0ef3-4540-9972-dd2d3c07305a, Reminder , 7D_SURVEY_REMINDER_1  , p0788@example.org, study-team@example.org,              2, Survey reminder, p0788@example.org, 2025-02-05T22:38:22Z
638102be-a1cb-477e-9219-52e012a1fdf8, P0788                , 459ca15e-ec83-4050-a2bc-9c3140b0ed01, Reminder , 1M_SURVEY_REMINDER_1  , p0788@example.org, study-team@example.org,              2, Survey reminder, p0788@example.org, 2025-02-28T22:38:22Z
638102be-a1cb-477e-9219-52e012a1fdf8, P0788                , f4bc1b01-5e8c-48de-b515-da00e8f8a59a, Reminder , 1M_SURVEY_REMINDER_2  , p0788@example.org, study-team@example.org,              3, Survey reminder, p0788@example.org, 2025-03-01T22:38:22Z
40d37b4a-3f05-42c6-962c-72bf3cf9a47a, P0789                , 0b7708ef-32c8-4b18-b8a6-376d42a3795f, Reminder , 24H_SURVEY_REMINDER_1 , p0789@example.org, study-team@example.org,              5, Survey reminder, p0789@example.org, 2025-05-29T13:02:11Z
40d37b4a-3f05-42c6-962c-72bf3cf9a47a, P0789                , 61c13d28-742d-4204-86d0-1d3d20220485, Reminder , 24H_SURVEY_REMINDER_2 , p0789@example.org, study-team@example.org,              1, Survey reminder, p0789@example.org, 2025-05-30T13:02:11Z
40d37b4a-3f05-42c6-962c-72bf3cf9a47a, P0789                , 7e2d542c-0158-4244-bfbe-c346ecb7114a, Reminder , 1M_SURVEY_REMINDER_1  , p0789@example.org, study-team@example.org,              2, Survey reminder, p0789@example.org, 2025-06-28T13:02:11Z
40d37b4a-3f05-42c6-962c-72bf3cf9a47a, P0789                , 1cf72543-0005-4d53-b7f8-743a3504937b, Reminder , 1M_SURVEY_REMINDER_2  , p0789@example.org, study-team@example.org,              3, Survey reminder, p0789@example.org, 2025-06-29T13:02:11Z
40d37b4a-3f05-42c6-962c-72bf3cf9a47a, P0789                , 7fab0ea9-865a-4c8c-ad06-e87908600d76, Reminder , 1M_SURVEY_REMINDER_3  , p0789@example.org, study-team@example.org,              2, Survey reminder, p0789@example.org, 2025-06-30T13:02:11Z
24ddf31b-99f7-416a-bafb-c06698f1775d, P0790                , 925a7214-d07c-429d-a1dc-fda406dbfa8a, Reminder , 24H_SURVEY_REMINDER_1 , p0790@example.org, study-team@example.org,              3, Survey reminder, p0790@example.org, 2025-04-13T11:20:57Z
24ddf31b-99f7-416a-bafb-c06698f1775d, P0790                , 34dc1c55-8371-4795-9086-bb0a3c52b0a5, Reminder , 24H_SURVEY_REMINDER_2 , p0790@example.org, study-team@example.org,              3, Survey reminder, p0790@example.org, 2025-04-14T11:20:57Z
24ddf31b-99f7-416a-bafb-c06698f1775d, P0790                , 48cf5d35-ab25-4b96-85a0-c4f66534d958, Reminder , 4_6M_SURVEY_REMINDER_1, p0790@example.org, study-team@example.org,              1, Survey reminder, p0790@example.org, 2025-09-23T11:20:57Z
24ddf31b-99f7-416a-bafb-c06698f1775d, P0790                , fbad719b-8b1b-4446-b649-7168eb78e3d1, Reminder , 4_6M_SURVEY_REMINDER_2, p0790@example.org, study-team@example.org,              3, Survey reminder, p0790@example.org, 2025-09-24T11:20:57Z
3cedfc24-3494-4df2-9648-c1f5f7982e57, P0791                , 1307dd33-7f5f-430a-b08c-41615e3ee3f3, Reminder , 7D_SURVEY_REMINDER_1  , p0791@example.org, study-team@example.org,              4, Survey reminder, p0791@example.org, 2025-09-05T02:26:33Z
3cedfc24-3494-4df2-9648-c1f5f7982e57, P0791                , db0b140f-0342-4d77-89c4-68615dc85b1f, Reminder , 1M_SURVEY_REMINDER_1  , p0791@example.org, study-team@example.org,              2, Survey reminder, p0791@example.org, 2025-09-28T02:26:33Z
3cedfc24-3494-4df2-9648-c1f5f7982e57, P0791                , 7445fe14-a306-4120-b737-90ec07e16472, Reminder , 4_6M_SURVEY_REMINDER_1, p0791@example.org, study-team@example.org,              4, Survey reminder, p0791@example.org, 2026-01-25T03:26:33Z
c2a52e47-f6b5-469b-ae00-1944f1d722e4, P0792                , 40f9123a-82b6-4a4f-b155-b82c680e917d, Reminder , 24H_SURVEY_REMINDER_1 , p0792@example.org, study-team@example.org,              5, Survey reminder, p0792@example.org, 2025-04-28T14:08:52Z
c2a52e47-f6b5-469b-ae00-1944f1d722e4, P0792                , 5cc54fd9-fcfe-46eb-9732-41c238c497dd, Reminder , 24H_SURVEY_REMINDER_2 , p0792@example.org, study-team@example.org,              1, Survey reminder, p0792@example.org, 2025-04-29T14:08:52Z
c2a52e47-f6b5-469b-ae00-1944f1d722e4, P0792                , cdc35156-c4d7-4db9-8a2e-5bc69848912c, Reminder , 24H_SURVEY_REMINDER_3 , p0792@example.org, study-team@example.org,              2, Survey reminder, p0792@example.org, 2025-04-30T14:08:52Z
c2a52e47-f6b5-469b-ae00-1944f1d722e4, P0792                , 98209788-4be1-4a88-9e7d-4a5951d8283e, Reminder , 3M_SURVEY_REMINDER_1  , p0792@example.org, study-team@example.org,              4, Survey reminder, p0792@example.org, 2025-07-27T14:08:52Z
c2a52e47-f6b5-469b-ae00-1944f1d722e4, P0792                , b884d238-eb6a-4f62-a4bd-4a74253110eb, Reminder , 3M_SURVEY_REMINDER_2  , p0792@example.org, study-team@example.org,              4, Survey reminder, p0792@example.org, 2025-07-28T14:08:52Z
556e85f5-d422-4cbf-8157-5b9aff95bc1a, P0793                , 7aa2af6c-37c5-4c9a-a666-9874cc5a3e5b, Reminder , 1M_SURVEY_REMINDER_1  , p0793@example.org, study-team@example.org,              1, Survey reminder, p0793@example.org, 2025-10-09T23:34:14Z
556e85f5-d422-4cbf-8157-5b9aff95bc1a, P0793                , ac9d71f4-030f-43a2-b616-33e66816588c, Reminder , 4_6M_SURVEY_REMINDER_1, p0793@example.org, study-team@example.org,              2, Survey reminder, p0793@example.org, 2026-02-22T00:34:14Z
556e85f5-d422-4cbf-8157-5b9aff95bc1a, P0793                , 63dac75f-10b4-42f9-801a-404ed6698966, Reminder , 4_6M_SURVEY_REMINDER_2, p0793@example.org, study-team@example.org,              1, Survey reminder, p0793@example.org, 2026-02-23T00:34:14Z
ce254abb-fffb-48e5-b58a-fa7e5a66b86e, P0794                , 2a5181f3-f453-442b-a2fa-7fc97a6565c5, Reminder , 7D_SURVEY_REMINDER_1  , p0794@example.org, study-team@example.org,              4, Survey reminder, p0794@example.org, 2025-02-23T04:38:39Z
ce254abb-fffb-48e5-b58a-fa7e5a66b86e, P0794                , 1181e2ae-c1b2-4148-a5b2-f4ccb9dfc175, Reminder , 7D_SURVEY_REMINDER_2  , p0794@example.org, study-team@example.org,              3, Survey reminder, p0794@example.org, 2025-02-24T04:38:39Z
ce254abb-fffb-48e5-b58a-fa7e5a66b86e, P0794                , ee1c7d91-83a3-472b-9112-1a590e4bee62, Reminder , 7D_SURVEY_REMINDER_3  , p0794@example.org, study-team@example.org,              2, Survey reminder, p0794@example.org, 2025-02-25T04:38:39Z
ce254abb-fffb-48e5-b58a-fa7e5a66b86e, P0794                , b2ce09a6-f133-46e3-b1f1-c56b0c0954fc, Reminder , 1M_SURVEY_REMINDER_1  , p0794@example.org, study-team@example.org,              3, Survey reminder, p0794@example.org, 2025-03-18T03:38:39Z
ce254abb-fffb-48e5-b58a-fa7e5a66b86e, P0794                , 58ad37fe-959e-40dd-8ca5-a497afffd0c5, Reminder , 1M_SURVEY_REMINDER_2  , p0794@example.org, study-team@example.org,              4, Survey reminder, p0794@example.org, 2025-03-19T03:38:39Z
ce254abb-fffb-48e5-b58a-fa7e5a66b86e, P0794                , bd36cb05-c2e2-45dc-ad26-897344d199c0, Reminder , 1M_SURVEY_REMINDER_3  , p0794@example.org, study-team@example.org,              1, Survey reminder, p0794@example.org, 2025-03-20T03:38:39Z
9bf2f74e-5d08-4e91-b3a7-2ab96170812f, P0795                , 23a093e9-db88-4bef-a08d-483092a201c1, Reminder , 24H_SURVEY_REMINDER_1 , p0795@example.org, study-team@example.org,              1, Survey reminder, p0795@example.org, 2025-05-16T13:43:50Z
9bf2f74e-5d08-4e91-b3a7-2ab96170812f, P0795                , 56be864a-7ff3-4e71-9fe8-a8a4fa981f26, Reminder , 24H_SURVEY_REMINDER_2 , p0795@example.org, study-team@example.org,              2, Survey reminder, p0795@example.org, 2025-05-17T13:43:50Z
9bf2f74e-5d08-4e91-b3a7-2ab96170812f, P0795                , 3affcc9a-d5f4-488d-bc0c-2027202ab11a, Reminder , 7D_SURVEY_REMINDER_1  , p0795@example.org, study-team@example.org,              3, Survey reminder, p0795@example.org, 2025-05-23T13:43:50Z
9bf2f74e-5d08-4e91-b3a7-2ab96170812f, P0795                , 63c10f65-e16f-4f01-839f-fcadc0f5e038, Reminder , 1M_SURVEY_REMINDER_1  , p0795@example.org, study-team@example.org,              2, Survey reminder, p0795@example.org, 2025-06-15T13:43:50Z
9bf2f74e-5d08-4e91-b3a7-2ab96170812f, P0795                , 3fd49471-961a-44af-bb71-865993258e06, Reminder , 1M_SURVEY_REMINDER_2  , p0795@example.org, study-team@example.org,              5, Survey reminder, p0795@example.org, 2025-06-16T13:43:50Z
9bf2f74e-5d08-4e91-b3a7-2ab96170812f, P0795                , 94b95b21-63b6-4f16-89ab-232450bfbd83, Reminder , 3M_SURVEY_REMINDER_1  , p0795@example.org, study-team@example.org,              1, Survey reminder, p0795@example.org, 2025-08-14T13:43:50Z
d5a7a158-76e6-4f40-af65-ab3fda834627, P0796                , dc8b67d0-0540-431b-80ec-5beb6cb042f5, Reminder , 24H_SURVEY_REMINDER_1 , p0796@example.org, study-team@example.org,              1, Survey reminder, p0796@example.org, 2025-07-04T17:33:34Z
d5a7a158-76e6-4f40-af65-ab3fda834627, P0796                , 6458bcf5-a18e-4495-8802-e525c07dcc07, Reminder , 1M_SURVEY_REMINDER_1  , p0796@example.org, study-team@example.org,              4, Survey reminder, p0796@example.org, 2025-08-03T17:33:34Z
d5a7a158-76e6-4f40-af65-ab3fda834627, P0796                , ecb3aea0-1e87-4830-a455-3333d841efb3, Reminder , 1M_SURVEY_REMINDER_2  , p0796@example.org, study-team@example.org,              4, Survey reminder, p0796@example.org, 2025-08-04T17:33:34Z
d5a7a158-76e6-4f40-af65-ab3fda834627, P0796                , 6c5aee06-6fd8-4cfb-bfa2-fbf4ea015daf, Reminder , 3M_SURVEY_REMINDER_1  , p0796@example.org, study-team@example.org,              1, Survey reminder, p0796@example.org, 2025-10-02T17:33:34Z
d5a7a158-76e6-4f40-af65-ab3fda834627, P0796                , 341993fe-9c13-4ae4-8f38-35b4dd7e6815, Reminder , 3M_SURVEY_REMINDER_2  , p0796@example.org, study-team@example.org,              1, Survey reminder, p0796@example.org, 2025-10-03T17:33:34Z
d5a7a158-76e6-4f40-af65-ab3fda834627, P0796                , 1bfe1f07-8465-4fd3-b5e0-7c302082785f, Reminder , 3M_SURVEY_REMINDER_3  , p0796@example.org, study-team@example.org,              2, Survey reminder, p0796@example.org, 2025-10-04T17:33:34Z
af3cb7f7-b29f-4f9d-a59d-149a70727b45, P0797                , 383d3ea1-c415-449f-a73b-076369ee83ff, Reminder , 3M_SURVEY_REMINDER_1  , p0797@example.org, study-team@example.org,              3, Survey reminder, p0797@example.org, 2026-03-20T17:09:29Z
af3cb7f7-b29f-4f9d-a59d-149a70727b45, P0797                , 919c625c-5680-41dd-a1ba-f6c6021338dd, Reminder , 3M_SURVEY_REMINDER_2  , p0797@example.org, study-team@example.org,              4, Survey reminder, p0797@example.org, 2026-03-21T17:09:29Z
af3cb7f7-b29f-4f9d-a59d-149a70727b45, P0797                , 4b4b8b0c-ec53-4b96-ba26-c6e647dc3582, Reminder , 4_6M_SURVEY_REMINDER_1, p0797@example.org, study-team@example.org,              4, Survey reminder, p0797@example.org, 2026-05-25T17:09:29Z
af3cb7f7-b29f-4f9d-a59d-149a70727b45, P0797                , 86003c2b-a997-440b-9bc3-0b9e31038974, Reminder , 4_6M_SURVEY_REMINDER_2, p0797@example.org, study-team@example.org,              3, Survey reminder, p0797@example.org, 2026-05-26T17:09:29Z
af3cb7f7-b29f-4f9d-a59d-149a70727b45, P0797                , 7e4dfcb5-5989-463b-bb31-0064dfe8a664, Reminder , 4_6M_SURVEY_REMINDER_3, p0797@example.org, study-team@example.org,              2, Survey reminder, p0797@example.org, 2026-05-27T17:09:29Z
d11dc96b-adc2-4ed6-96de-ae5d8e1380a3, P0798                , 0b7db9b8-3afa-46f5-a263-a86f20bda050, Reminder , 7D_SURVEY_REMINDER_1  , p0798@example.org, study-team@example.org,              4, Survey reminder, p0798@example.org, 2025-07-21T04:41:22Z
9ffce019-0e10-472d-aa3d-c0105278c654, P0799                , 4c4156c0-1aa5-4bc5-a42b-41c12183f65d, Reminder , 7D_SURVEY_REMINDER_1  , p0799@example.org, study-team@example.org,              4, Survey reminder, p0799@example.org, 2025-02-24T12:14:16Z
9f735d22-54e8-45ab-baac-5bb55fb48c3b, P0800                , a161b366-6953-4878-bdbc-8211245dae4f, Reminder , 24H_SURVEY_REMINDER_1 , p0800@example.org, study-team@example.org,              4, Survey reminder, p0800@example.org, 2025-08-05T06:30:36Z
9f735d22-54e8-45ab-baac-5bb55fb48c3b, P0800                , 4f88d886-0129-465a-afd5-1f4e1b56b465, Reminder , 1M_SURVEY_REMINDER_1  , p0800@example.org, study-team@example.org,              4, Survey reminder, p0800@example.org, 2025-09-04T06:30:36Z
9f735d22-54e8-45ab-baac-5bb55fb48c3b, P0800                , 4f418016-3988-4951-8cfd-c5719e8fda87, Reminder , 3M_SURVEY_REMINDER_1  , p0800@example.org, study-team@example.org,              4, Survey reminder, p0800@example.org, 2025-11-03T07:30:36Z
9f735d22-54e8-45ab-baac-5bb55fb48c3b, P0800                , ee56e6d7-b692-4949-9264-4d34f61d78b8, Reminder , 3M_SURVEY_REMINDER_2  , p0800@example.org, study-team@example.org,              3, Survey reminder, p0800@example.org, 2025-11-04T07:30:36Z
b98a3e77-a79e-467a-b1f0-98a07087a6ab, P0801                , 79b5a1b7-2e26-48b2-b715-9e53850fc270, Reminder , 24H_SURVEY_REMINDER_1 , p0801@example.org, study-team@example.org,              4, Survey reminder, p0801@example.org, 2025-07-22T00:56:20Z
b98a3e77-a79e-467a-b1f0-98a07087a6ab, P0801                , 28182fca-48fa-4ec4-b18e-882330ff7841, Reminder , 24H_SURVEY_REMINDER_2 , p0801@example.org, study-team@example.org,              1, Survey reminder, p0801@example.org, 2025-07-23T00:56:20Z
b98a3e77-a79e-467a-b1f0-98a07087a6ab, P0801                , e8c037ef-84fa-4501-a8c4-dc6093785976, Reminder , 3M_SURVEY_REMINDER_1  , p0801@example.org, study-team@example.org,              3, Survey reminder, p0801@example.org, 2025-10-20T00:56:20Z
b98a3e77-a79e-467a-b1f0-98a07087a6ab, P0801                , 333722fc-03a1-4b28-afd1-ec45196372c4, Reminder , 3M_SURVEY_REMINDER_2  , p0801@example.org, study-team@example.org,              3, Survey reminder, p0801@example.org, 2025-10-21T00:56:20Z
b98a3e77-a79e-467a-b1f0-98a07087a6ab, P0801                , 64cec6a9-0c08-4102-b264-3f6df7d8d17a, Reminder , 4_6M_SURVEY_REMINDER_1, p0801@example.org, study-team@example.org,              5, Survey reminder, p0801@example.org, 2025-12-09T01:56:20Z
dbc6df49-da80-4661-a148-da2f8b1d0172, P0803                , 178140fa-2133-4fac-8272-cc94aa216994, Reminder , 3M_SURVEY_REMINDER_1  , p0803@example.org, study-team@example.org,              4, Survey reminder, p0803@example.org, 2026-02-17T08:31:20Z
dbc6df49-da80-4661-a148-da2f8b1d0172, P0803                , cbfaa1f0-7350-4dfd-926a-bb3b6d43fa19, Reminder , 3M_SURVEY_REMINDER_2  , p0803@example.org, study-team@example.org,              5, Survey reminder, p0803@example.org, 2026-02-18T08:31:20Z
d33661bc-d11c-4756-a8a3-9e3761f9e476, P0804                , f90fadbf-3e83-431e-ae87-2bd191d17b7b, Reminder , 4_6M_SURVEY_REMINDER_1, p0804@example.org, study-team@example.org,              3, Survey reminder, p0804@example.org, 2025-10-12T19:07:25Z
f6e807fd-29dc-44f6-9eb3-ceacc08b82f8, P0805                , cd283a7a-addf-4c40-9963-d7d291db0aca, Reminder , 24H_SURVEY_REMINDER_1 , p0805@example.org, study-team@example.org,              3, Survey reminder, p0805@example.org, 2025-09-23T23:00:26Z
f6e807fd-29dc-44f6-9eb3-ceacc08b82f8, P0805                , fa903005-3581-4482-908c-4be9591951fe, Reminder , 4_6M_SURVEY_REMINDER_1, p0805@example.org, study-team@example.org,              3, Survey reminder, p0805@example.org, 2026-02-19T00:00:26Z
f6e807fd-29dc-44f6-9eb3-ceacc08b82f8, P0805                , cc5a0a1d-c028-465f-a127-1669e91f87f1, Reminder , 4_6M_SURVEY_REMINDER_2, p0805@example.org, study-team@example.org,              3, Survey reminder, p0805@example.org, 2026-02-20T00:00:26Z
a2357a09-0a39-43a3-a064-2281070d49be, P0806                , df3fed75-7b13-48a6-9e15-1992c9269b24, Reminder , 24H_SURVEY_REMINDER_1 , p0806@example.org, study-team@example.org,              5, Survey reminder, p0806@example.org, 2025-11-14T03:58:23Z
a2357a09-0a39-43a3-a064-2281070d49be, P0806                , 9e6aadce-08e5-4d1b-91f4-c2347d4a6538, Reminder , 3M_SURVEY_REMINDER_1  , p0806@example.org, study-team@example.org,              4, Survey reminder, p0806@example.org, 2026-02-12T03:58:23Z
a2357a09-0a39-43a3-a064-2281070d49be, P0806                , 511220ab-531c-4ff6-b4ba-68cee0d44bca, Reminder , 3M_SURVEY_REMINDER_2  , p0806@example.org, study-team@example.org,              2, Survey reminder, p0806@example.org, 2026-02-13T03:58:23Z
a2357a09-0a39-43a3-a064-2281070d49be, P0806                , 8e26add2-4059-4270-ad45-5f3e31c87764, Reminder , 4_6M_SURVEY_REMINDER_1, p0806@example.org, study-team@example.org,              2, Survey reminder, p0806@example.org, 2026-03-26T02:58:23Z
a2357a09-0a39-43a3-a064-2281070d49be, P0806                , 56c643b3-91c6-4b5d-b187-8f2623901735, Reminder , 4_6M_SURVEY_REMINDER_2, p0806@example.org, study-team@example.org,              3, Survey reminder, p0806@example.org, 2026-03-27T02:58:23Z
a2357a09-0a39-43a3-a064-2281070d49be, P0806                , 4cdaa5c9-d55b-4670-8ad8-b7e28a04a0cb, Reminder , 4_6M_SURVEY_REMINDER_3, p0806@example.org, study-team@example.org,              5, Survey reminder, p0806@example.org, 2026-03-28T02:58:23Z
6b96449d-5fd6-4ae8-b453-88e1d499729d, P0807                , 506ac830-bdfe-4c4b-abc6-dfb6de741f45, Reminder , 24H_SURVEY_REMINDER_1 , p0807@example.org, study-team@example.org,              5, Survey reminder, p0807@example.org, 2025-06-27T13:37:10Z
6b96449d-5fd6-4ae8-b453-88e1d499729d, P0807                , 9697a22b-3955-44fd-8fed-80cd2d6e13af, Reminder , 24H_SURVEY_REMINDER_2 , p0807@example.org, study-team@example.org,              3, Survey reminder, p0807@example.org, 2025-06-28T13:37:10Z
6b96449d-5fd6-4ae8-b453-88e1d499729d, P0807                , f88abf34-6088-4de2-897e-517e4eb832b3, Reminder , 24H_SURVEY_REMINDER_3 , p0807@example.org, study-team@example.org,              5, Survey reminder, p0807@example.org, 2025-06-29T13:37:10Z
6b96449d-5fd6-4ae8-b453-88e1d499729d, P0807                , 7caf6ddd-342d-4306-b0c1-9ae6ba07ca60, Reminder , 7D_SURVEY_REMINDER_1  , p0807@example.org, study-team@example.org,              5, Survey reminder, p0807@example.org, 2025-07-04T13:37:10Z
6b96449d-5fd6-4ae8-b453-88e1d499729d, P0807                , 1d4c8367-e224-40ef-896a-3e63f9e97b20, Reminder , 7D_SURVEY_REMINDER_2  , p0807@example.org, study-team@example.org,              1, Survey reminder, p0807@example.org, 2025-07-05T13:37:10Z
6b96449d-5fd6-4ae8-b453-88e1d499729d, P0807                , fe3066e7-0da3-42a3-a961-b73555cfd552, Reminder , 1M_SURVEY_REMINDER_1  , p0807@example.org, study-team@example.org,              1, Survey reminder, p0807@example.org, 2025-07-27T13:37:10Z
6b96449d-5fd6-4ae8-b453-88e1d499729d, P0807                , fdf59375-b022-4abc-b115-7620ac4a1226, Reminder , 1M_SURVEY_REMINDER_2  , p0807@example.org, study-team@example.org,              4, Survey reminder, p0807@example.org, 2025-07-28T13:37:10Z
008b95cb-9ada-4648-9897-c2bd019147c7, P0808                , a67ab7c7-c2df-4282-bdeb-78bce456ff45, Reminder , 24H_SURVEY_REMINDER_1 , p0808@example.org, study-team@example.org,              1, Survey reminder, p0808@example.org, 2025-12-23T22:28:58Z
008b95cb-9ada-4648-9897-c2bd019147c7, P0808                , 89b35a0d-85dc-47a3-afb8-4a0333d8a620, Reminder , 24H_SURVEY_REMINDER_2 , p0808@example.org, study-team@example.org,              3, Survey reminder, p0808@example.org, 2025-12-24T22:28:58Z
4cdb8e6e-a541-4946-a287-ac2b49843b0c, P0810                , eca63c5a-ac7f-4aa4-9607-33d144ccfc20, Reminder , 24H_SURVEY_REMINDER_1 , p0810@example.org, study-team@example.org,              5, Survey reminder, p0810@example.org, 2025-05-15T12:44:59Z
3b194df4-35c0-4cd8-8f25-8eab8bc8e12f, P0811                , 550128a7-5b55-4fc6-a99b-a000ffab5393, Reminder , 24H_SURVEY_REMINDER_1 , p0811@example.org, study-team@example.org,              2, Survey reminder, p0811@example.org, 2025-02-02T14:25:30Z
3b194df4-35c0-4cd8-8f25-8eab8bc8e12f, P0811                , e9738f6a-3f32-47d4-a8a6-93a9954ea618, Reminder , 7D_SURVEY_REMINDER_1  , p0811@example.org, study-team@example.org,              3, Survey reminder, p0811@example.org, 2025-02-09T14:25:30Z
3b194df4-35c0-4cd8-8f25-8eab8bc8e12f, P0811                , c737e8fd-ecc3-4e80-b45f-f2bb6ea040cb, Reminder , 7D_SURVEY_REMINDER_2  , p0811@example.org, study-team@example.org,              3, Survey reminder, p0811@example.org, 2025-02-10T14:25:30Z
3b194df4-35c0-4cd8-8f25-8eab8bc8e12f, P0811                , a090033f-37ef-4837-9715-e87aba0e6756, Reminder , 7D_SURVEY_REMINDER_3  , p0811@example.org, study-team@example.org,              1, Survey reminder, p0811@example.org, 2025-02-11T14:25:30Z
3b194df4-35c0-4cd8-8f25-8eab8bc8e12f, P0811                , a2a4613b-7369-4610-9db4-25b21104c897, Reminder , 3M_SURVEY_REMINDER_1  , p0811@example.org, study-team@example.org,              4, Survey reminder, p0811@example.org, 2025-05-03T13:25:30Z
3b194df4-35c0-4cd8-8f25-8eab8bc8e12f, P0811                , 6d22f42e-c1cf-4af6-ab95-8fff40be9aa4, Reminder , 4_6M_SURVEY_REMINDER_1, p0811@example.org, study-team@example.org,              5, Survey reminder, p0811@example.org, 2025-06-28T13:25:30Z
3b194df4-35c0-4cd8-8f25-8eab8bc8e12f, P0811                , ed22e794-3265-42ed-831c-9098e154d1f3, Reminder , 4_6M_SURVEY_REMINDER_2, p0811@example.org, study-team@example.org,              5, Survey reminder, p0811@example.org, 2025-06-29T13:25:30Z
15901143-60f9-4818-a2a5-9533435271b1, P0812                , 1346ffc6-2ec3-45ea-b1d4-8f39321e50a0, Reminder , 24H_SURVEY_REMINDER_1 , p0812@example.org, study-team@example.org,              1, Survey reminder, p0812@example.org, 2025-01-28T08:27:35Z
15901143-60f9-4818-a2a5-9533435271b1, P0812                , 47decfad-f382-4dd6-b19f-6659a7377900, Reminder , 24H_SURVEY_REMINDER_2 , p0812@example.org, study-team@example.org,              5, Survey reminder, p0812@example.org, 2025-01-29T08:27:35Z
15901143-60f9-4818-a2a5-9533435271b1, P0812                , 78893db8-5c4f-440c-b8af-19e07584f207, Reminder , 24H_SURVEY_REMINDER_3 , p0812@example.org, study-team@example.org,              5, Survey reminder, p0812@example.org, 2025-01-30T08:27:35Z
15901143-60f9-4818-a2a5-9533435271b1, P0812                , 39497d32-9bf7-4a81-abc3-d5b2ebbe335b, Reminder , 3M_SURVEY_REMINDER_1  , p0812@example.org, study-team@example.org,              2, Survey reminder, p0812@example.org, 2025-04-28T07:27:35Z
ef5f16f4-815d-4af8-ae66-48dded573532, P0813                , f8409823-8c3c-4612-bdd7-87d375ce732a, Reminder , 3M_SURVEY_REMINDER_1  , p0813@example.org, study-team@example.org,              3, Survey reminder, p0813@example.org, 2026-01-29T02:14:40Z
ef5f16f4-815d-4af8-ae66-48dded573532, P0813                , 0c780d79-91ee-4138-9c37-911da3fe4c60, Reminder , 3M_SURVEY_REMINDER_2  , p0813@example.org, study-team@example.org,              2, Survey reminder, p0813@example.org, 2026-01-30T02:14:40Z
ef5f16f4-815d-4af8-ae66-48dded573532, P0813                , 173ebebe-5297-4e0a-8c5c-e18db6c7fa6e, Reminder , 3M_SURVEY_REMINDER_3  , p0813@example.org, study-team@example.org,              4, Survey reminder, p0813@example.org, 2026-01-31T02:14:40Z
d1a13dd2-3e57-46c9-a634-9316c8e81fbb, P0814                , a6ac266e-27c7-4040-b361-615693e46dde, Reminder , 24H_SURVEY_REMINDER_1 , p0814@example.org, study-team@example.org,              4, Survey reminder, p0814@example.org, 2025-02-04T15:59:13Z
d1a13dd2-3e57-46c9-a634-9316c8e81fbb, P0814                , 43889da3-d422-4ae5-8cc7-ea2e43ea58cb, Reminder , 24H_SURVEY_REMINDER_2 , p0814@example.org, study-team@example.org,              3, Survey reminder, p0814@example.org, 2025-02-05T15:59:13Z
a25939ac-d0fd-4a8d-a58f-e69e43171d42, P0815                , 38e883b8-769e-4ca4-9f99-3f1396a7a9bb, Reminder , 7D_SURVEY_REMINDER_1  , p0815@example.org, study-team@example.org,              3, Survey reminder, p0815@example.org, 2025-11-18T12:01:11Z
a25939ac-d0fd-4a8d-a58f-e69e43171d42, P0815                , eff661e6-f8c5-4753-a561-6ca76db55f52, Reminder , 7D_SURVEY_REMINDER_2  , p0815@example.org, study-team@example.org,              2, Survey reminder, p0815@example.org, 2025-11-19T12:01:11Z
a25939ac-d0fd-4a8d-a58f-e69e43171d42, P0815                , 2166b427-22be-4e1c-b7c2-954d11798e7a, Reminder , 7D_SURVEY_REMINDER_3  , p0815@example.org, study-team@example.org,              4, Survey reminder, p0815@example.org, 2025-11-20T12:01:11Z
a25939ac-d0fd-4a8d-a58f-e69e43171d42, P0815                , a0927236-478a-4247-a9ed-f9ec7829c8f2, Reminder , 3M_SURVEY_REMINDER_1  , p0815@example.org, study-team@example.org,              4, Survey reminder, p0815@example.org, 2026-02-09T12:01:11Z
a25939ac-d0fd-4a8d-a58f-e69e43171d42, P0815                , 3930ccb1-61e6-403d-a3a7-a0968b9d3645, Reminder , 3M_SURVEY_REMINDER_2  , p0815@example.org, study-team@example.org,              3, Survey reminder, p0815@example.org, 2026-02-10T12:01:11Z
19376331-3a4a-4f7b-84fe-4f56911aec3f, P0816                , b4ef2a77-b450-49a3-893f-f9f61621f47c, Reminder , 24H_SURVEY_REMINDER_1 , p0816@example.org, study-team@example.org,              1, Survey reminder, p0816@example.org, 2025-07-12T15:59:52Z
19376331-3a4a-4f7b-84fe-4f56911aec3f, P0816                , 5f663eb6-cf26-4f84-851e-f8d24378e28b, Reminder , 7D_SURVEY_REMINDER_1  , p0816@example.org, study-team@example.org,              5, Survey reminder, p0816@example.org, 2025-07-19T15:59:52Z
19376331-3a4a-4f7b-84fe-4f56911aec3f, P0816                , bdcb7095-5667-43a1-8396-c41786d35b44, Reminder , 7D_SURVEY_REMINDER_2  , p0816@example.org, study-team@example.org,              3, Survey reminder, p0816@example.org, 2025-07-20T15:59:52Z
19376331-3a4a-4f7b-84fe-4f56911aec3f, P0816                , 36d73608-6d4c-404c-be1e-016754c684c2, Reminder , 4_6M_SURVEY_REMINDER_1, p0816@example.org, study-team@example.org,              1, Survey reminder, p0816@example.org, 2025-12-18T16:59:52Z
8804469e-b9ea-4ec5-b88a-d0a511fc492a, P0817                , 823a0ef3-c745-4b9f-8260-bc3b7a00b930, Reminder , 1M_SURVEY_REMINDER_1  , p0817@example.org, study-team@example.org,              5, Survey reminder, p0817@example.org, 2025-11-29T16:07:57Z
ab2bf907-a72b-4618-b2b0-e10d4816db98, P0818                , 20629475-21e2-4ef2-a2e0-7228cff3be58, Reminder , 3M_SURVEY_REMINDER_1  , p0818@example.org, study-team@example.org,              4, Survey reminder, p0818@example.org, 2025-07-31T16:18:12Z
bbbf6bec-1308-4c9f-94d4-f180a0f532f1, P0819                , a5686beb-150a-41fa-bd1a-8f4351bbec14, Reminder , 1M_SURVEY_REMINDER_1  , p0819@example.org, study-team@example.org,              4, Survey reminder, p0819@example.org, 2025-05-14T12:49:14Z
bbbf6bec-1308-4c9f-94d4-f180a0f532f1, P0819                , b0a519ac-d8f5-43af-9fa1-3b907d101b57, Reminder , 4_6M_SURVEY_REMINDER_1, p0819@example.org, study-team@example.org,              2, Survey reminder, p0819@example.org, 2025-10-07T12:49:14Z
bbbf6bec-1308-4c9f-94d4-f180a0f532f1, P0819                , 3c61acf2-522d-47a1-b297-b32d10ebe6c6, Reminder , 4_6M_SURVEY_REMINDER_2, p0819@example.org, study-team@example.org,              1, Survey reminder, p0819@example.org, 2025-10-08T12:49:14Z
487292ca-cb33-472a-b9d6-afeb9876956e, P0820                , 09568e83-1c71-47b9-b010-9aa4208556b1, Reminder , 24H_SURVEY_REMINDER_1 , p0820@example.org, study-team@example.org,              5, Survey reminder, p0820@example.org, 2025-10-21T01:12:03Z
487292ca-cb33-472a-b9d6-afeb9876956e, P0820                , a5d847ed-4e28-4ab3-a1f0-4eec61ecc2c5, Reminder , 1M_SURVEY_REMINDER_1  , p0820@example.org, study-team@example.org,              2, Survey reminder, p0820@example.org, 2025-11-20T02:12:03Z
29da2b62-6dcd-478a-92b7-6e9001b64828, P0821                , 166121ba-aa5e-4fe6-a593-69e044d743d8, Reminder , 24H_SURVEY_REMINDER_1 , p0821@example.org, study-team@example.org,              4, Survey reminder, p0821@example.org, 2025-09-15T15:18:19Z
29da2b62-6dcd-478a-92b7-6e9001b64828, P0821                , 4d90ad46-9c2c-4461-a178-b122e2c6d1e0, Reminder , 7D_SURVEY_REMINDER_1  , p0821@example.org, study-team@example.org,              5, Survey reminder, p0821@example.org, 2025-09-22T15:18:19Z
29da2b62-6dcd-478a-92b7-6e9001b64828, P0821                , fcc797e7-8b17-4230-94cd-ad2ce40badd6, Reminder , 7D_SURVEY_REMINDER_2  , p0821@example.org, study-team@example.org,              2, Survey reminder, p0821@example.org, 2025-09-23T15:18:19Z
29da2b62-6dcd-478a-92b7-6e9001b64828, P0821                , 9da576cd-5bef-4915-b051-fda2a3948612, Reminder , 7D_SURVEY_REMINDER_3  , p0821@example.org, study-team@example.org,              2, Survey reminder, p0821@example.org, 2025-09-24T15:18:19Z
29da2b62-6dcd-478a-92b7-6e9001b64828, P0821                , 819871d1-faac-4e43-acda-0e82d4833a0e, Reminder , 3M_SURVEY_REMINDER_1  , p0821@example.org, study-team@example.org,              3, Survey reminder, p0821@example.org, 2025-12-14T16:18:19Z
29da2b62-6dcd-478a-92b7-6e9001b64828, P0821                , ebb90968-d753-40ca-8edd-d56c2becad20, Reminder , 3M_SURVEY_REMINDER_2  , p0821@example.org, study-team@example.org,              3, Survey reminder, p0821@example.org, 2025-12-15T16:18:19Z
d999f826-b802-4a59-9c02-7905ca1e6da6, P0822                , 0ce4f991-022e-48c2-a3ad-c238a5bb75d8, Reminder , 3M_SURVEY_REMINDER_1  , p0822@example.org, study-team@example.org,              1, Survey reminder, p0822@example.org, 2025-06-28T06:55:39Z
d999f826-b802-4a59-9c02-7905ca1e6da6, P0822                , 0bc71805-fa34-41b9-8034-49423c0f761a, Reminder , 3M_SURVEY_REMINDER_2  , p0822@example.org, study-team@example.org,              5, Survey reminder, p0822@example.org, 2025-06-29T06:55:39Z
51a7971d-72a5-4e73-8957-3ccc24517c25, P0823                , 8838c6d2-9698-4387-a3b7-89749ec7696c, Reminder , 24H_SURVEY_REMINDER_1 , p0823@example.org, study-team@example.org,              2, Survey reminder, p0823@example.org, 2025-03-07T22:03:54Z
51a7971d-72a5-4e73-8957-3ccc24517c25, P0823                , f58c05bb-333f-4258-ad37-2472c16c812d, Reminder , 7D_SURVEY_REMINDER_1  , p0823@example.org, study-team@example.org,              3, Survey reminder, p0823@example.org, 2025-03-14T21:03:54Z
51a7971d-72a5-4e73-8957-3ccc24517c25, P0823                , dde0eb7d-6a93-4e85-9220-1d3e03e1d2cb, Reminder , 7D_SURVEY_REMINDER_2  , p0823@example.org, study-team@example.org,              2, Survey reminder, p0823@example.org, 2025-03-15T21:03:54Z
b5340b7f-ec2b-403c-a495-fc0bf0e7f3b0, P0824                , ca8a4868-4683-4c27-8745-7bc4d71346a9, Reminder , 1M_SURVEY_REMINDER_1  , p0824@example.org, study-team@example.org,              4, Survey reminder, p0824@example.org, 2025-06-06T17:14:48Z
b5340b7f-ec2b-403c-a495-fc0bf0e7f3b0, P0824                , 4fbab0d7-bfd2-4025-bd10-ee69ebb3d2c2, Reminder , 1M_SURVEY_REMINDER_2  , p0824@example.org, study-team@example.org,              3, Survey reminder, p0824@example.org, 2025-06-07T17:14:48Z
b5340b7f-ec2b-403c-a495-fc0bf0e7f3b0, P0824                , b5aa16b7-5e1b-4051-981a-1f62b77777aa, Reminder , 4_6M_SURVEY_REMINDER_1, p0824@example.org, study-team@example.org,              2, Survey reminder, p0824@example.org, 2025-09-24T17:14:48Z
9a6000f6-f6da-4f0f-bcbf-15b8f8e33081, P0825                , e796585b-bbcc-46c0-9800-afa78ae4005d, Reminder , 24H_SURVEY_REMINDER_1 , p0825@example.org, study-team@example.org,              1, Survey reminder, p0825@example.org, 2025-06-18T12:06:03Z
9a6000f6-f6da-4f0f-bcbf-15b8f8e33081, P0825                , fa03bdae-a99e-4f02-b0ed-6a63a772f7e1, Reminder , 24H_SURVEY_REMINDER_2 , p0825@example.org, study-team@example.org,              4, Survey reminder, p0825@example.org, 2025-06-19T12:06:03Z
9a6000f6-f6da-4f0f-bcbf-15b8f8e33081, P0825                , 8a782ab9-e821-4680-81cc-a924e9051c5f, Reminder , 24H_SURVEY_REMINDER_3 , p0825@example.org, study-team@example.org,              2, Survey reminder, p0825@example.org, 2025-06-20T12:06:03Z
9a6000f6-f6da-4f0f-bcbf-15b8f8e33081, P0825                , c93a3261-9f56-42b2-ba8f-b369d64bc3ad, Reminder , 7D_SURVEY_REMINDER_1  , p0825@example.org, study-team@example.org,              1, Survey reminder, p0825@example.org, 2025-06-25T12:06:03Z
9a6000f6-f6da-4f0f-bcbf-15b8f8e33081, P0825                , 6a8d1cd4-b141-46db-9c75-bbcc1d8123d8, Reminder , 7D_SURVEY_REMINDER_2  , p0825@example.org, study-team@example.org,              2, Survey reminder, p0825@example.org, 2025-06-26T12:06:03Z
9a6000f6-f6da-4f0f-bcbf-15b8f8e33081, P0825                , a7350171-58e6-40b3-99dd-b9b2485caa02, Reminder , 3M_SURVEY_REMINDER_1  , p0825@example.org, study-team@example.org,              5, Survey reminder, p0825@example.org, 2025-09-16T12:06:03Z
9a6000f6-f6da-4f0f-bcbf-15b8f8e33081, P0825                , dd11bf59-b2e1-40a0-8e8a-e84800f3d5ea, Reminder , 4_6M_SURVEY_REMINDER_1, p0825@example.org, study-team@example.org,              2, Survey reminder, p0825@example.org, 2025-12-05T13:06:03Z
9a6000f6-f6da-4f0f-bcbf-15b8f8e33081, P0825                , 3d072f9a-0261-490c-a38a-c52654cc1dc6, Reminder , 4_6M_SURVEY_REMINDER_2, p0825@example.org, study-team@example.org,              3, Survey reminder, p0825@example.org, 2025-12-06T13:06:03Z
9a6000f6-f6da-4f0f-bcbf-15b8f8e33081, P0825                , f5894163-145e-4dfd-a138-40ac4f6f8515, Reminder , 4_6M_SURVEY_REMINDER_3, p0825@example.org, study-team@example.org,              3, Survey reminder, p0825@example.org, 2025-12-07T13:06:03Z
c82ae900-6d97-47c8-9d3c-3d09db3d0c47, P0826                , 0684543e-e990-451f-90f0-280a9b64eb33, Reminder , 1M_SURVEY_REMINDER_1  , p0826@example.org, study-team@example.org,              5, Survey reminder, p0826@example.org, 2025-08-16T02:48:22Z
c82ae900-6d97-47c8-9d3c-3d09db3d0c47, P0826                , ef4f1d64-d49e-4e82-bd7b-b576b0ce043a, Reminder , 4_6M_SURVEY_REMINDER_1, p0826@example.org, study-team@example.org,              4, Survey reminder, p0826@example.org, 2025-12-23T03:48:22Z
099dcb90-b695-483b-9070-9408251fcd09, P0827                , 675542b1-ee8e-4881-ab95-6c2810ac3723, Reminder , 24H_SURVEY_REMINDER_1 , p0827@example.org, study-team@example.org,              2, Survey reminder, p0827@example.org, 2025-08-07T14:16:35Z
099dcb90-b695-483b-9070-9408251fcd09, P0827                , 1eb443e8-dc82-4cbd-b212-1c687d919118, Reminder , 24H_SURVEY_REMINDER_2 , p0827@example.org, study-team@example.org,              5, Survey reminder, p0827@example.org, 2025-08-08T14:16:35Z
099dcb90-b695-483b-9070-9408251fcd09, P0827                , a748a679-9ee0-4d11-893d-6fbb5069c614, Reminder , 7D_SURVEY_REMINDER_1  , p0827@example.org, study-team@example.org,              1, Survey reminder, p0827@example.org, 2025-08-14T14:16:35Z
099dcb90-b695-483b-9070-9408251fcd09, P0827                , d8ac75ca-94d6-4368-8df7-2664982d65f8, Reminder , 4_6M_SURVEY_REMINDER_1, p0827@example.org, study-team@example.org,              1, Survey reminder, p0827@example.org, 2025-12-27T15:16:35Z
099dcb90-b695-483b-9070-9408251fcd09, P0827                , af5baf90-3a73-488b-8c1b-b7a359679908, Reminder , 4_6M_SURVEY_REMINDER_2, p0827@example.org, study-team@example.org,              3, Survey reminder, p0827@example.org, 2025-12-28T15:16:35Z
099dcb90-b695-483b-9070-9408251fcd09, P0827                , a6a344d5-3159-43ee-b4d8-b36423c957a3, Reminder , 4_6M_SURVEY_REMINDER_3, p0827@example.org, study-team@example.org,              2, Survey reminder, p0827@example.org, 2025-12-29T15:16:35Z
ac2a970a-61cb-4342-b281-6ff2071ea9b6, P0828                , 711fa8cf-3b71-48f3-9ad3-2cd3eed94ded, Reminder , 3M_SURVEY_REMINDER_1  , p0828@example.org, study-team@example.org,              3, Survey reminder, p0828@example.org, 2025-08-08T07:47:39Z
ac2a970a-61cb-4342-b281-6ff2071ea9b6, P0828                , 8f2f47ec-42bd-493c-877b-945c3a4ae35d, Reminder , 3M_SURVEY_REMINDER_2  , p0828@example.org, study-team@example.org,              5, Survey reminder, p0828@example.org, 2025-08-09T07:47:39Z
ac2a970a-61cb-4342-b281-6ff2071ea9b6, P0828                , b4b3e5d4-8514-4492-ad2e-d0e87dfc03b2, Reminder , 3M_SURVEY_REMINDER_3  , p0828@example.org, study-team@example.org,              4, Survey reminder, p0828@example.org, 2025-08-10T07:47:39Z
ac2a970a-61cb-4342-b281-6ff2071ea9b6, P0828                , 1808278f-ad82-4d19-98bf-db1cd27f14ae, Reminder , 4_6M_SURVEY_REMINDER_1, p0828@example.org, study-team@example.org,              4, Survey reminder, p0828@example.org, 2025-10-03T07:47:39Z
f6492d25-f8f1-44ed-9679-f135981c2e31, P0830                , b5c0338b-7c6c-4625-953c-03429ab4eee7, Reminder , 4_6M_SURVEY_REMINDER_1, p0830@example.org, study-team@example.org,              3, Survey reminder, p0830@example.org, 2026-06-01T18:50:41Z
f6492d25-f8f1-44ed-9679-f135981c2e31, P0830                , b3cedc0d-74fb-4e52-9f7e-6de79ad8d2e5, Reminder , 4_6M_SURVEY_REMINDER_2, p0830@example.org, study-team@example.org,              5, Survey reminder, p0830@example.org, 2026-06-02T18:50:41Z
a998f7de-b857-4542-9ea0-c78a431e2993, P0831                , 2a7b0dc9-283c-41ff-9efe-f4c5ed704bf7, Reminder , 1M_SURVEY_REMINDER_1  , p0831@example.org, study-team@example.org,              2, Survey reminder, p0831@example.org, 2026-01-15T08:00:17Z
a998f7de-b857-4542-9ea0-c78a431e2993, P0831                , e0ccd933-9be4-4c2f-af01-48e22b91566f, Reminder , 3M_SURVEY_REMINDER_1  , p0831@example.org, study-team@example.org,              2, Survey reminder, p0831@example.org, 2026-03-16T07:00:17Z
a998f7de-b857-4542-9ea0-c78a431e2993, P0831                , 986eb57e-56bc-4118-a2b1-ed85b7f59361, Reminder , 3M_SURVEY_REMINDER_2  , p0831@example.org, study-team@example.org,              2, Survey reminder, p0831@example.org, 2026-03-17T07:00:17Z
a998f7de-b857-4542-9ea0-c78a431e2993, P0831                , a83c91dd-81d4-4a3b-bcff-8afa534836a5, Reminder , 4_6M_SURVEY_REMINDER_1, p0831@example.org, study-team@example.org,              1, Survey reminder, p0831@example.org, 2026-04-19T07:00:17Z
af3899c9-b051-401d-95ea-b499cfea9a8d, P0832                , 66383e27-268c-4a51-b28b-7e5506e44636, Reminder , 24H_SURVEY_REMINDER_1 , p0832@example.org, study-team@example.org,              4, Survey reminder, p0832@example.org, 2025-10-09T14:45:57Z
af3899c9-b051-401d-95ea-b499cfea9a8d, P0832                , c4fcc791-c0e7-491d-a712-9a87e483256a, Reminder , 1M_SURVEY_REMINDER_1  , p0832@example.org, study-team@example.org,              4, Survey reminder, p0832@example.org, 2025-11-08T15:45:57Z
241713a0-642e-466f-8862-1cf9429690f6, P0833                , caeb7229-2d72-4b0e-8cef-8acae1592b34, Reminder , 24H_SURVEY_REMINDER_1 , p0833@example.org, study-team@example.org,              2, Survey reminder, p0833@example.org, 2025-09-13T16:10:05Z
241713a0-642e-466f-8862-1cf9429690f6, P0833                , a2e9634c-4bfa-4b5f-9083-8e139ff62ee8, Reminder , 24H_SURVEY_REMINDER_2 , p0833@example.org, study-team@example.org,              1, Survey reminder, p0833@example.org, 2025-09-14T16:10:05Z
241713a0-642e-466f-8862-1cf9429690f6, P0833                , 84a0a212-0f1c-4503-a8c2-c94401641770, Reminder , 4_6M_SURVEY_REMINDER_1, p0833@example.org, study-team@example.org,              1, Survey reminder, p0833@example.org, 2026-02-14T17:10:05Z
241713a0-642e-466f-8862-1cf9429690f6, P0833                , cdfd3727-4b46-4e04-89df-c81a62209968, Reminder , 4_6M_SURVEY_REMINDER_2, p0833@example.org, study-team@example.org,              4, Survey reminder, p0833@example.org, 2026-02-15T17:10:05Z
241713a0-642e-466f-8862-1cf9429690f6, P0833                , a69f1502-a27f-4bac-8336-e1c1ad5c82eb, Reminder , 4_6M_SURVEY_REMINDER_3, p0833@example.org, study-team@example.org,              2, Survey reminder, p0833@example.org, 2026-02-16T17:10:05Z
413c529e-c0d4-4391-802b-b412b1c9a188, P0834                , 4ee0c911-be16-422e-9cce-3104252ca524, Reminder , 24H_SURVEY_REMINDER_1 , p0834@example.org, study-team@example.org,              4, Survey reminder, p0834@example.org, 2025-11-30T11:10:11Z
413c529e-c0d4-4391-802b-b412b1c9a188, P0834                , fb8ff3bb-fe60-4e06-b02f-8258af664318, Reminder , 7D_SURVEY_REMINDER_1  , p0834@example.org, study-team@example.org,              1, Survey reminder, p0834@example.org, 2025-12-07T11:10:11Z
413c529e-c0d4-4391-802b-b412b1c9a188, P0834                , 7bf7cdd5-4d3f-4ce3-9418-1e0a36cca1fe, Reminder , 7D_SURVEY_REMINDER_2  , p0834@example.org, study-team@example.org,              3, Survey reminder, p0834@example.org, 2025-12-08T11:10:11Z
413c529e-c0d4-4391-802b-b412b1c9a188, P0834                , ec2eb3bf-3706-4635-9c57-a77ad04f6aa3, Reminder , 1M_SURVEY_REMINDER_1  , p0834@example.org, study-team@example.org,              4, Survey reminder, p0834@example.org, 2025-12-30T11:10:11Z
413c529e-c0d4-4391-802b-b412b1c9a188, P0834                , ee87e4ce-67ad-4d49-a7eb-123a243ee2d5, Reminder , 3M_SURVEY_REMINDER_1  , p0834@example.org, study-team@example.org,              2, Survey reminder, p0834@example.org, 2026-02-28T11:10:11Z
6017d627-a20e-4323-ad6d-d46583a8442f, P0835                , 57e92da7-186f-49c0-b4e8-90137393f557, Reminder , 1M_SURVEY_REMINDER_1  , p0835@example.org, study-team@example.org,              4, Survey reminder, p0835@example.org, 2025-08-11T00:54:43Z
6017d627-a20e-4323-ad6d-d46583a8442f, P0835                , 0e9e633c-4b31-4a3b-9f80-ff497480b0b9, Reminder , 1M_SURVEY_REMINDER_2  , p0835@example.org, study-team@example.org,              5, Survey reminder, p0835@example.org, 2025-08-12T00:54:43Z
61ad0131-822d-425b-8ad4-f78864a3731f, P0836                , a291069e-a2c4-4818-bf9f-7b75a34f8e73, Reminder , 24H_SURVEY_REMINDER_1 , p0836@example.org, study-team@example.org,              2, Survey reminder, p0836@example.org, 2025-06-07T00:53:13Z
61ad0131-822d-425b-8ad4-f78864a3731f, P0836                , 1bbfd6bc-a5c1-4ac2-8067-118422e3799c, Reminder , 24H_SURVEY_REMINDER_2 , p0836@example.org, study-team@example.org,              3, Survey reminder, p0836@example.org, 2025-06-08T00:53:13Z
61ad0131-822d-425b-8ad4-f78864a3731f, P0836                , 82dcbbf5-30bd-4746-9668-a8a9cc5b22fd, Reminder , 7D_SURVEY_REMINDER_1  , p0836@example.org, study-team@example.org,              4, Survey reminder, p0836@example.org, 2025-06-14T00:53:13Z
61ad0131-822d-425b-8ad4-f78864a3731f, P0836                , a1419bcf-5bcc-472e-849b-23756a43a3fc, Reminder , 7D_SURVEY_REMINDER_2  , p0836@example.org, study-team@example.org,              5, Survey reminder, p0836@example.org, 2025-06-15T00:53:13Z
61ad0131-822d-425b-8ad4-f78864a3731f, P0836                , b82d1e9a-5a1f-48a7-9c94-ce342fb09bf1, Reminder , 7D_SURVEY_REMINDER_3  , p0836@example.org, study-team@example.org,              2, Survey reminder, p0836@example.org, 2025-06-16T00:53:13Z
6e1cb1fc-addc-48ea-9395-48c053247c05, P0837                , f72511e7-24f4-461e-a5d8-319316003f70, Reminder , 24H_SURVEY_REMINDER_1 , p0837@example.org, study-team@example.org,              5, Survey reminder, p0837@example.org, 2025-05-03T07:44:25Z
6e1cb1fc-addc-48ea-9395-48c053247c05, P0837                , e2b5a32e-8225-4ac5-9246-7461125da66e, Reminder , 24H_SURVEY_REMINDER_2 , p0837@example.org, study-team@example.org,              2, Survey reminder, p0837@example.org, 2025-05-04T07:44:25Z
6e1cb1fc-addc-48ea-9395-48c053247c05, P0837                , 054681e6-c63c-4169-80ae-91cda2c67fef, Reminder , 4_6M_SURVEY_REMINDER_1, p0837@example.org, study-team@example.org,              3, Survey reminder, p0837@example.org, 2025-09-14T07:44:25Z
6e1cb1fc-addc-48ea-9395-48c053247c05, P0837                , 6ce219f0-7aa8-4fc0-9176-f04e0491a192, Reminder , 4_6M_SURVEY_REMINDER_2, p0837@example.org, study-team@example.org,              3, Survey reminder, p0837@example.org, 2025-09-15T07:44:25Z
6e1cb1fc-addc-48ea-9395-48c053247c05, P0837                , 0ff9ec08-399b-4a93-9ca8-068e208f091e, Reminder , 4_6M_SURVEY_REMINDER_3, p0837@example.org, study-team@example.org,              1, Survey reminder, p0837@example.org, 2025-09-16T07:44:25Z
e3d83fec-0289-47ad-9cff-d83894bf8f54, P0838                , bfcbd982-1339-4e61-a606-999a1758a400, Reminder , 24H_SURVEY_REMINDER_1 , p0838@example.org, study-team@example.org,              3, Survey reminder, p0838@example.org, 2025-03-11T03:22:29Z
e3d83fec-0289-47ad-9cff-d83894bf8f54, P0838                , 3495c67d-d99f-4e6a-911b-3d106b600a93, Reminder , 24H_SURVEY_REMINDER_2 , p0838@example.org, study-team@example.org,              2, Survey reminder, p0838@example.org, 2025-03-12T03:22:29Z
e3d83fec-0289-47ad-9cff-d83894bf8f54, P0838                , ada3ac2e-6a21-46ac-8f7e-3dfb728ac16b, Reminder , 7D_SURVEY_REMINDER_1  , p0838@example.org, study-team@example.org,              4, Survey reminder, p0838@example.org, 2025-03-18T03:22:29Z
e3d83fec-0289-47ad-9cff-d83894bf8f54, P0838                , aa681eae-21f0-45c6-9a97-270deed39ba0, Reminder , 4_6M_SURVEY_REMINDER_1, p0838@example.org, study-team@example.org,              4, Survey reminder, p0838@example.org, 2025-07-13T03:22:29Z
9422481d-7ff5-41cd-9430-121f7a0f32a3, P0839                , 94a28094-37e8-4520-970c-45b63b949d1a, Reminder , 7D_SURVEY_REMINDER_1  , p0839@example.org, study-team@example.org,              3, Survey reminder, p0839@example.org, 2025-03-25T19:23:15Z
9422481d-7ff5-41cd-9430-121f7a0f32a3, P0839                , 854eda72-3ef4-499e-9711-8a1fd905aebc, Reminder , 4_6M_SURVEY_REMINDER_1, p0839@example.org, study-team@example.org,              4, Survey reminder, p0839@example.org, 2025-08-02T19:23:15Z
7a2169c4-7c3f-4176-be0a-bf878406d2d3, P0840                , 862dd05e-fd3b-4b8d-92b3-005c7a30545b, Reminder , 24H_SURVEY_REMINDER_1 , p0840@example.org, study-team@example.org,              3, Survey reminder, p0840@example.org, 2025-11-10T16:59:35Z
7a2169c4-7c3f-4176-be0a-bf878406d2d3, P0840                , cc509f08-b92f-4516-adb6-a1926b07a931, Reminder , 7D_SURVEY_REMINDER_1  , p0840@example.org, study-team@example.org,              3, Survey reminder, p0840@example.org, 2025-11-17T16:59:35Z
7a2169c4-7c3f-4176-be0a-bf878406d2d3, P0840                , b1e50a45-be6c-425e-8643-d0e7acb0872b, Reminder , 7D_SURVEY_REMINDER_2  , p0840@example.org, study-team@example.org,              1, Survey reminder, p0840@example.org, 2025-11-18T16:59:35Z
7a2169c4-7c3f-4176-be0a-bf878406d2d3, P0840                , 76b6acea-d834-4797-ae17-2915c80925c5, Reminder , 7D_SURVEY_REMINDER_3  , p0840@example.org, study-team@example.org,              2, Survey reminder, p0840@example.org, 2025-11-19T16:59:35Z
7a2169c4-7c3f-4176-be0a-bf878406d2d3, P0840                , 15968536-45be-452d-a282-4137c0f0d244, Reminder , 3M_SURVEY_REMINDER_1  , p0840@example.org, study-team@example.org,              4, Survey reminder, p0840@example.org, 2026-02-08T16:59:35Z
7a2169c4-7c3f-4176-be0a-bf878406d2d3, P0840                , 64d522bf-45e2-4480-b159-907ef8c6571c, Reminder , 3M_SURVEY_REMINDER_2  , p0840@example.org, study-team@example.org,              5, Survey reminder, p0840@example.org, 2026-02-09T16:59:35Z
7a2169c4-7c3f-4176-be0a-bf878406d2d3, P0840                , 31af3db7-412e-45ef-8dec-380df1a6640d, Reminder , 4_6M_SURVEY_REMINDER_1, p0840@example.org, study-team@example.org,              4, Survey reminder, p0840@example.org, 2026-04-19T15:59:35Z
baa12ce5-e86a-4964-84a7-bfbb9e639982, P0841                , 298f5d1b-c9c6-45d2-913a-e33e4539a54c, Reminder , 24H_SURVEY_REMINDER_1 , p0841@example.org, study-team@example.org,              2, Survey reminder, p0841@example.org, 2025-06-30T07:32:46Z
baa12ce5-e86a-4964-84a7-bfbb9e639982, P0841                , 5fadd799-9250-46c2-9b38-1fc251d95031, Reminder , 3M_SURVEY_REMINDER_1  , p0841@example.org, study-team@example.org,              1, Survey reminder, p0841@example.org, 2025-09-28T07:32:46Z
baa12ce5-e86a-4964-84a7-bfbb9e639982, P0841                , 9525646c-5d3f-4555-9269-b8e6f5e2e8c1, Reminder , 3M_SURVEY_REMINDER_2  , p0841@example.org, study-team@example.org,              4, Survey reminder, p0841@example.org, 2025-09-29T07:32:46Z
baa12ce5-e86a-4964-84a7-bfbb9e639982, P0841                , 18fc4af6-384c-4f49-9c88-e0ebaffa2fb3, Reminder , 3M_SURVEY_REMINDER_3  , p0841@example.org, study-team@example.org,              1, Survey reminder, p0841@example.org, 2025-09-30T07:32:46Z
baa12ce5-e86a-4964-84a7-bfbb9e639982, P0841                , 9d330782-68f1-46e3-83ae-f8164d82a8f1, Reminder , 4_6M_SURVEY_REMINDER_1, p0841@example.org, study-team@example.org,              1, Survey reminder, p0841@example.org, 2025-11-22T08:32:46Z
c4ff75b4-6655-4506-9dca-433994ea075d, P0842                , da815ea0-2dcb-44cc-b0ce-33e6f8958b45, Reminder , 24H_SURVEY_REMINDER_1 , p0842@example.org, study-team@example.org,              4, Survey reminder, p0842@example.org, 2025-03-28T00:08:55Z
c4ff75b4-6655-4506-9dca-433994ea075d, P0842                , f32942e2-0321-4455-85b0-6f85da3f3709, Reminder , 4_6M_SURVEY_REMINDER_1, p0842@example.org, study-team@example.org,              3, Survey reminder, p0842@example.org, 2025-09-01T00:08:55Z
c4ff75b4-6655-4506-9dca-433994ea075d, P0842                , dabdb4d0-15f5-4618-bddb-4086bd7a1241, Reminder , 4_6M_SURVEY_REMINDER_2, p0842@example.org, study-team@example.org,              5, Survey reminder, p0842@example.org, 2025-09-02T00:08:55Z
c4ff75b4-6655-4506-9dca-433994ea075d, P0842                , 89e559f8-9272-4ddf-8e99-f1db007e5111, Reminder , 4_6M_SURVEY_REMINDER_3, p0842@example.org, study-team@example.org,              5, Survey reminder, p0842@example.org, 2025-09-03T00:08:55Z
847dc898-835f-4a93-8c33-b901dcbd493d, P0843                , 700d556d-9924-46c7-bd19-49f3f1f837ba, Reminder , 7D_SURVEY_REMINDER_1  , p0843@example.org, study-team@example.org,              2, Survey reminder, p0843@example.org, 2025-12-10T15:17:56Z
847dc898-835f-4a93-8c33-b901dcbd493d, P0843                , 0c451da9-b1b0-4fdb-b111-09bd59ca22a9, Reminder , 7D_SURVEY_REMINDER_2  , p0843@example.org, study-team@example.org,              3, Survey reminder, p0843@example.org, 2025-12-11T15:17:56Z
847dc898-835f-4a93-8c33-b901dcbd493d, P0843                , 5ed6b09d-2d30-40fe-89b1-99aba679afac, Reminder , 7D_SURVEY_REMINDER_3  , p0843@example.org, study-team@example.org,              5, Survey reminder, p0843@example.org, 2025-12-12T15:17:56Z
847dc898-835f-4a93-8c33-b901dcbd493d, P0843                , 564aa0a8-9f61-449f-83ff-0dfec4c8035a, Reminder , 3M_SURVEY_REMINDER_1  , p0843@example.org, study-team@example.org,              3, Survey reminder, p0843@example.org, 2026-03-03T15:17:56Z
847dc898-835f-4a93-8c33-b901dcbd493d, P0843                , 33b05d42-3167-4960-b026-7dc2d5e00151, Reminder , 3M_SURVEY_REMINDER_2  , p0843@example.org, study-team@example.org,              1, Survey reminder, p0843@example.org, 2026-03-04T15:17:56Z
847dc898-835f-4a93-8c33-b901dcbd493d, P0843                , 57e8647e-fbda-4d96-8465-01e814aa4a91, Reminder , 3M_SURVEY_REMINDER_3  , p0843@example.org, study-team@example.org,              4, Survey reminder, p0843@example.org, 2026-03-05T15:17:56Z
750e4ad5-27e4-4c71-b86b-a1bf8eb816c8, P0844                , 794782ae-00aa-4909-967b-f9377587b1b2, Reminder , 24H_SURVEY_REMINDER_1 , p0844@example.org, study-team@example.org,              2, Survey reminder, p0844@example.org, 2025-09-26T03:27:18Z
750e4ad5-27e4-4c71-b86b-a1bf8eb816c8, P0844                , 785b5d4d-7f77-42f0-8e3f-efe2f4f857e0, Reminder , 24H_SURVEY_REMINDER_2 , p0844@example.org, study-team@example.org,              3, Survey reminder, p0844@example.org, 2025-09-27T03:27:18Z
750e4ad5-27e4-4c71-b86b-a1bf8eb816c8, P0844                , 3507e454-1587-49e8-9fb3-1b063380a4d9, Reminder , 4_6M_SURVEY_REMINDER_1, p0844@example.org, study-team@example.org,              5, Survey reminder, p0844@example.org, 2026-01-24T04:27:18Z
53c56f07-d1e3-4116-8eb9-5ca4dea37353, P0845                , b87023f1-7b43-43c5-8cb4-0981e7b3ed71, Reminder , 24H_SURVEY_REMINDER_1 , p0845@example.org, study-team@example.org,              2, Survey reminder, p0845@example.org, 2025-12-24T17:36:59Z
53c56f07-d1e3-4116-8eb9-5ca4dea37353, P0845                , 661a535e-ef40-4977-af2e-08633438480f, Reminder , 7D_SURVEY_REMINDER_1  , p0845@example.org, study-team@example.org,              2, Survey reminder, p0845@example.org, 2025-12-31T17:36:59Z
53c56f07-d1e3-4116-8eb9-5ca4dea37353, P0845                , 9c76c347-21e7-484f-a2d5-1990ef92eceb, Reminder , 7D_SURVEY_REMINDER_2  , p0845@example.org, study-team@example.org,              3, Survey reminder, p0845@example.org, 2026-01-01T17:36:59Z
53c56f07-d1e3-4116-8eb9-5ca4dea37353, P0845                , 0d5bfb86-25d7-44b4-b0a7-898754d2cccc, Reminder , 7D_SURVEY_REMINDER_3  , p0845@example.org, study-team@example.org,              1, Survey reminder, p0845@example.org, 2026-01-02T17:36:59Z
d702894a-7039-4701-9e9a-1539dbc1fa68, P0846                , 193bb6a6-ce83-42d0-adc0-c3a353c21be8, Reminder , 3M_SURVEY_REMINDER_1  , p0846@example.org, study-team@example.org,              2, Survey reminder, p0846@example.org, 2025-08-14T20:41:52Z
109c730b-a181-4547-be8c-e38368b76cf8, P0847                , 9a47bc4f-be96-45c3-9943-f7cb28243582, Reminder , 24H_SURVEY_REMINDER_1 , p0847@example.org, study-team@example.org,              2, Survey reminder, p0847@example.org, 2025-10-23T04:46:21Z
109c730b-a181-4547-be8c-e38368b76cf8, P0847                , ef18d576-4513-476c-b375-22eff27e8386, Reminder , 24H_SURVEY_REMINDER_2 , p0847@example.org, study-team@example.org,              2, Survey reminder, p0847@example.org, 2025-10-24T04:46:21Z
109c730b-a181-4547-be8c-e38368b76cf8, P0847                , 2bde6f66-20b2-4925-b360-7aa2abbbff37, Reminder , 24H_SURVEY_REMINDER_3 , p0847@example.org, study-team@example.org,              3, Survey reminder, p0847@example.org, 2025-10-25T04:46:21Z
109c730b-a181-4547-be8c-e38368b76cf8, P0847                , b86c6c13-c687-4d51-b96a-66ebad823abf, Reminder , 1M_SURVEY_REMINDER_1  , p0847@example.org, study-team@example.org,              3, Survey reminder, p0847@example.org, 2025-11-22T05:46:21Z
109c730b-a181-4547-be8c-e38368b76cf8, P0847                , 4246fc00-5b37-4b03-af97-251c918cd521, Reminder , 1M_SURVEY_REMINDER_2  , p0847@example.org, study-team@example.org,              3, Survey reminder, p0847@example.org, 2025-11-23T05:46:21Z
01c53e73-bfdc-492c-96f8-b77d4c2e094a, P0848                , 22a6d0c0-352e-407e-8420-559fff12bb10, Reminder , 24H_SURVEY_REMINDER_1 , p0848@example.org, study-team@example.org,              4, Survey reminder, p0848@example.org, 2025-11-03T06:05:41Z
01c53e73-bfdc-492c-96f8-b77d4c2e094a, P0848                , 4172d371-5fce-4e16-b4d3-beacd9c78733, Reminder , 24H_SURVEY_REMINDER_2 , p0848@example.org, study-team@example.org,              2, Survey reminder, p0848@example.org, 2025-11-04T06:05:41Z
d80725ff-de20-4152-be01-844b2ab5c3e9, P0849                , 56d6a6b1-7937-4f74-a9a2-c5d899bf3b5d, Reminder , 7D_SURVEY_REMINDER_1  , p0849@example.org, study-team@example.org,              3, Survey reminder, p0849@example.org, 2025-05-24T11:13:05Z
d80725ff-de20-4152-be01-844b2ab5c3e9, P0849                , 9f234631-ad08-4d44-ba83-88b2dbd55f40, Reminder , 7D_SURVEY_REMINDER_2  , p0849@example.org, study-team@example.org,              4, Survey reminder, p0849@example.org, 2025-05-25T11:13:05Z
d80725ff-de20-4152-be01-844b2ab5c3e9, P0849                , 49a4e274-88ba-4f04-8ff8-4c9155e8561a, Reminder , 1M_SURVEY_REMINDER_1  , p0849@example.org, study-team@example.org,              5, Survey reminder, p0849@example.org, 2025-06-16T11:13:05Z
82549ac8-130e-4a46-8d79-91bddda2bccb, P0850                , 341b6060-c2fc-4143-b558-dc4335d015b1, Reminder , 24H_SURVEY_REMINDER_1 , p0850@example.org, study-team@example.org,              2, Survey reminder, p0850@example.org, 2025-06-09T14:41:17Z
82549ac8-130e-4a46-8d79-91bddda2bccb, P0850                , 783f8316-18ca-4b9a-8aba-8cb4a1a98530, Reminder , 24H_SURVEY_REMINDER_2 , p0850@example.org, study-team@example.org,              2, Survey reminder, p0850@example.org, 2025-06-10T14:41:17Z
82549ac8-130e-4a46-8d79-91bddda2bccb, P0850                , f19abd28-c9e9-45bd-a4e1-f2df652a7497, Reminder , 1M_SURVEY_REMINDER_1  , p0850@example.org, study-team@example.org,              1, Survey reminder, p0850@example.org, 2025-07-09T14:41:17Z
82549ac8-130e-4a46-8d79-91bddda2bccb, P0850                , 90e0e72b-c4f9-4069-b916-d5c7ba6f4290, Reminder , 3M_SURVEY_REMINDER_1  , p0850@example.org, study-team@example.org,              4, Survey reminder, p0850@example.org, 2025-09-07T14:41:17Z
82549ac8-130e-4a46-8d79-91bddda2bccb, P0850                , 7b1a5cd1-8068-4048-84a0-eb194fc1d7cd, Reminder , 3M_SURVEY_REMINDER_2  , p0850@example.org, study-team@example.org,              1, Survey reminder, p0850@example.org, 2025-09-08T14:41:17Z
82549ac8-130e-4a46-8d79-91bddda2bccb, P0850                , ed335f32-2fc6-4b4d-b74e-9f68b61b2460, Reminder , 3M_SURVEY_REMINDER_3  , p0850@example.org, study-team@example.org,              1, Survey reminder, p0850@example.org, 2025-09-09T14:41:17Z
57529e9e-db5d-486c-b062-9f700c54c8cb, P0851                , 4604c4b4-67cf-45ef-a786-3251fddce78b, Reminder , 4_6M_SURVEY_REMINDER_1, p0851@example.org, study-team@example.org,              4, Survey reminder, p0851@example.org, 2026-05-10T11:16:46Z
57529e9e-db5d-486c-b062-9f700c54c8cb, P0851                , e571c0d0-b7dc-4679-aa2d-3cefedd40d4d, Reminder , 4_6M_SURVEY_REMINDER_2, p0851@example.org, study-team@example.org,              1, Survey reminder, p0851@example.org, 2026-05-11T11:16:46Z
3edc542a-78bf-4533-849f-3b5a07cc71fc, P0852                , 0a12d712-8fe4-4233-8bea-bb3132ca8171, Reminder , 1M_SURVEY_REMINDER_1  , p0852@example.org, study-team@example.org,              3, Survey reminder, p0852@example.org, 2025-12-09T11:44:43Z
3edc542a-78bf-4533-849f-3b5a07cc71fc, P0852                , 563d48a0-1084-478c-9324-ba37fa60cd60, Reminder , 4_6M_SURVEY_REMINDER_1, p0852@example.org, study-team@example.org,              3, Survey reminder, p0852@example.org, 2026-03-16T10:44:43Z
3edc542a-78bf-4533-849f-3b5a07cc71fc, P0852                , da612b67-4005-44e9-950e-46fca0512072, Reminder , 4_6M_SURVEY_REMINDER_2, p0852@example.org, study-team@example.org,              1, Survey reminder, p0852@example.org, 2026-03-17T10:44:43Z
5c79d952-dff2-4412-90d8-6f19c9feef2d, P0853                , 6830fb50-bb1e-4542-8fff-78119c7a9196, Reminder , 24H_SURVEY_REMINDER_1 , p0853@example.org, study-team@example.org,              5, Survey reminder, p0853@example.org, 2025-08-18T13:55:56Z
5c79d952-dff2-4412-90d8-6f19c9feef2d, P0853                , 32ca65ba-63de-4db0-bad2-8c07a36d9e99, Reminder , 1M_SURVEY_REMINDER_1  , p0853@example.org, study-team@example.org,              1, Survey reminder, p0853@example.org, 2025-09-17T13:55:56Z
cecca8d6-e409-485f-9d4f-bc32404ebfcc, P0854                , dbb43e42-7a37-416c-ac1d-36f2078cf85c, Reminder , 4_6M_SURVEY_REMINDER_1, p0854@example.org, study-team@example.org,              2, Survey reminder, p0854@example.org, 2025-11-12T18:02:08Z
cecca8d6-e409-485f-9d4f-bc32404ebfcc, P0854                , 44a01630-7657-45a1-a838-c1d5c0d30a8a, Reminder , 4_6M_SURVEY_REMINDER_2, p0854@example.org, study-team@example.org,              1, Survey reminder, p0854@example.org, 2025-11-13T18:02:08Z
c9c9b016-a386-43ed-9feb-847aadaec408, P0855                , 275ccfcb-d261-4ba1-8a39-b47e15f611d8, Reminder , 3M_SURVEY_REMINDER_1  , p0855@example.org, study-team@example.org,              4, Survey reminder, p0855@example.org, 2025-06-23T04:09:07Z
86f1575f-916a-4cb6-b5b4-c4010be2d6ef, P0856                , aff743db-e563-4404-b8fc-e6106b957a79, Reminder , 3M_SURVEY_REMINDER_1  , p0856@example.org, study-team@example.org,              5, Survey reminder, p0856@example.org, 2025-05-31T10:55:14Z
86f1575f-916a-4cb6-b5b4-c4010be2d6ef, P0856                , b8cff6e7-573f-4a48-a937-3e0bc5b52046, Reminder , 4_6M_SURVEY_REMINDER_1, p0856@example.org, study-team@example.org,              5, Survey reminder, p0856@example.org, 2025-08-17T10:55:14Z
86f1575f-916a-4cb6-b5b4-c4010be2d6ef, P0856                , 4acbee63-b819-4050-bd3f-43233bb5f366, Reminder , 4_6M_SURVEY_REMINDER_2, p0856@example.org, study-team@example.org,              1, Survey reminder, p0856@example.org, 2025-08-18T10:55:14Z
f67bef59-cb8d-4210-a223-0522b493a674, P0857                , 253e24b7-7589-49ad-b8c6-51cc70ffc58e, Reminder , 7D_SURVEY_REMINDER_1  , p0857@example.org, study-team@example.org,              4, Survey reminder, p0857@example.org, 2025-06-29T00:41:15Z
f67bef59-cb8d-4210-a223-0522b493a674, P0857                , f0daac79-374c-41b4-96d0-7762478d700e, Reminder , 3M_SURVEY_REMINDER_1  , p0857@example.org, study-team@example.org,              5, Survey reminder, p0857@example.org, 2025-09-20T00:41:15Z
f67bef59-cb8d-4210-a223-0522b493a674, P0857                , c378ad47-7241-4ace-af36-5b6420c0e956, Reminder , 4_6M_SURVEY_REMINDER_1, p0857@example.org, study-team@example.org,              4, Survey reminder, p0857@example.org, 2025-10-31T00:41:15Z
9399a26c-3df7-4f50-894f-a0b4928b0d16, P0858                , 31b294a3-0992-4c79-bc63-17e0cb10a838, Reminder , 7D_SURVEY_REMINDER_1  , p0858@example.org, study-team@example.org,              5, Survey reminder, p0858@example.org, 2025-10-24T01:32:38Z
a2478228-39d8-4e83-a735-2887a593bcff, P0860                , f02f13fa-1b40-4a66-aef1-aadf693ab79a, Reminder , 24H_SURVEY_REMINDER_1 , p0860@example.org, study-team@example.org,              2, Survey reminder, p0860@example.org, 2025-09-13T14:12:46Z
f47175df-4e8b-4ec1-a47c-66db0739bb59, P0861                , 334204c3-db52-4623-9036-13bc6b903b55, Reminder , 24H_SURVEY_REMINDER_1 , p0861@example.org, study-team@example.org,              1, Survey reminder, p0861@example.org, 2025-10-14T09:03:17Z
f47175df-4e8b-4ec1-a47c-66db0739bb59, P0861                , 40c31472-f782-40eb-8397-29735a8a634f, Reminder , 7D_SURVEY_REMINDER_1  , p0861@example.org, study-team@example.org,              4, Survey reminder, p0861@example.org, 2025-10-21T09:03:17Z
f47175df-4e8b-4ec1-a47c-66db0739bb59, P0861                , 968ea301-0f32-48e9-bb12-8272acdb39d8, Reminder , 7D_SURVEY_REMINDER_2  , p0861@example.org, study-team@example.org,              2, Survey reminder, p0861@example.org, 2025-10-22T09:03:17Z
f47175df-4e8b-4ec1-a47c-66db0739bb59, P0861                , b6910616-fabe-467f-841a-ba5fd7dd42d6, Reminder , 1M_SURVEY_REMINDER_1  , p0861@example.org, study-team@example.org,              4, Survey reminder, p0861@example.org, 2025-11-13T10:03:17Z
f47175df-4e8b-4ec1-a47c-66db0739bb59, P0861                , 082e29b6-ddc2-4698-b504-50aa7d604484, Reminder , 1M_SURVEY_REMINDER_2  , p0861@example.org, study-team@example.org,              2, Survey reminder, p0861@example.org, 2025-11-14T10:03:17Z
f47175df-4e8b-4ec1-a47c-66db0739bb59, P0861                , 1783f3b0-3e91-473b-abe0-cdce78222885, Reminder , 4_6M_SURVEY_REMINDER_1, p0861@example.org, study-team@example.org,              4, Survey reminder, p0861@example.org, 2026-03-07T10:03:17Z
5b3e9e24-3573-4cbf-a7fd-117c16b27b72, P0862                , b5843bd5-cfee-434b-a3de-50d078a5b1e5, Reminder , 24H_SURVEY_REMINDER_1 , p0862@example.org, study-team@example.org,              2, Survey reminder, p0862@example.org, 2025-02-20T02:10:39Z
5b3e9e24-3573-4cbf-a7fd-117c16b27b72, P0862                , e66d1fae-e941-4e93-9971-cc81981cb7f5, Reminder , 4_6M_SURVEY_REMINDER_1, p0862@example.org, study-team@example.org,              5, Survey reminder, p0862@example.org, 2025-07-13T01:10:39Z
9791dc4d-ee0d-4492-b570-d5084d508d14, P0863                , 6c5b34e9-d056-4ab8-b7b3-ba3ef5be3bcf, Reminder , 7D_SURVEY_REMINDER_1  , p0863@example.org, study-team@example.org,              5, Survey reminder, p0863@example.org, 2025-06-24T23:58:28Z
9791dc4d-ee0d-4492-b570-d5084d508d14, P0863                , 03ad6c4e-7eb2-4355-a204-6f88a553e877, Reminder , 7D_SURVEY_REMINDER_2  , p0863@example.org, study-team@example.org,              4, Survey reminder, p0863@example.org, 2025-06-25T23:58:28Z
9791dc4d-ee0d-4492-b570-d5084d508d14, P0863                , 95a23b48-0de3-4e97-9365-4dfa38a14ffd, Reminder , 1M_SURVEY_REMINDER_1  , p0863@example.org, study-team@example.org,              4, Survey reminder, p0863@example.org, 2025-07-17T23:58:28Z
07c03560-41be-47ae-a729-40386b595f8c, P0864                , d5aca9b2-930a-42dd-9247-3e6740f55a52, Reminder , 24H_SURVEY_REMINDER_1 , p0864@example.org, study-team@example.org,              1, Survey reminder, p0864@example.org, 2025-04-15T10:29:29Z
07c03560-41be-47ae-a729-40386b595f8c, P0864                , 61810c1a-013f-479b-b5ca-2ab13f096e6c, Reminder , 24H_SURVEY_REMINDER_2 , p0864@example.org, study-team@example.org,              2, Survey reminder, p0864@example.org, 2025-04-16T10:29:29Z
07c03560-41be-47ae-a729-40386b595f8c, P0864                , f2529631-87e6-4ae9-bd31-09caeb773624, Reminder , 1M_SURVEY_REMINDER_1  , p0864@example.org, study-team@example.org,              3, Survey reminder, p0864@example.org, 2025-05-15T10:29:29Z
07c03560-41be-47ae-a729-40386b595f8c, P0864                , ec6d66e7-1fcc-4e94-9398-dd4b5be4b72e, Reminder , 1M_SURVEY_REMINDER_2  , p0864@example.org, study-team@example.org,              5, Survey reminder, p0864@example.org, 2025-05-16T10:29:29Z
07c03560-41be-47ae-a729-40386b595f8c, P0864                , 8477ca57-2ab3-4c93-833e-d1273d358eac, Reminder , 1M_SURVEY_REMINDER_3  , p0864@example.org, study-team@example.org,              5, Survey reminder, p0864@example.org, 2025-05-17T10:29:29Z
07c03560-41be-47ae-a729-40386b595f8c, P0864                , f1673944-199e-4472-9ab2-6a7997225120, Reminder , 3M_SURVEY_REMINDER_1  , p0864@example.org, study-team@example.org,              2, Survey reminder, p0864@example.org, 2025-07-14T10:29:29Z
07c03560-41be-47ae-a729-40386b595f8c, P0864                , bb346a2a-355d-4e60-9843-50e50286be5c, Reminder , 3M_SURVEY_REMINDER_2  , p0864@example.org, study-team@example.org,              2, Survey reminder, p0864@example.org, 2025-07-15T10:29:29Z
2cf88044-26c9-4d24-ba66-67a609f05e64, P0865                , e9ac754d-04f6-47d7-9ac9-85175f8e52c0, Reminder , 1M_SURVEY_REMINDER_1  , p0865@example.org, study-team@example.org,              2, Survey reminder, p0865@example.org, 2025-06-08T06:15:48Z
2cf88044-26c9-4d24-ba66-67a609f05e64, P0865                , 31c2701d-5966-43ad-ba7c-4916d8999dd8, Reminder , 3M_SURVEY_REMINDER_1  , p0865@example.org, study-team@example.org,              1, Survey reminder, p0865@example.org, 2025-08-07T06:15:48Z
2cf88044-26c9-4d24-ba66-67a609f05e64, P0865                , 951b270f-5588-4254-884d-572f17e6908e, Reminder , 4_6M_SURVEY_REMINDER_1, p0865@example.org, study-team@example.org,              3, Survey reminder, p0865@example.org, 2025-10-10T06:15:48Z
2cf88044-26c9-4d24-ba66-67a609f05e64, P0865                , 0b13af79-d423-415e-b200-f34a2eef88c2, Reminder , 4_6M_SURVEY_REMINDER_2, p0865@example.org, study-team@example.org,              3, Survey reminder, p0865@example.org, 2025-10-11T06:15:48Z
6552cb51-4343-4fe6-84be-4f4fb20c94e5, P0866                , e005ad5a-dd67-4210-9c25-dd062bee6872, Reminder , 24H_SURVEY_REMINDER_1 , p0866@example.org, study-team@example.org,              1, Survey reminder, p0866@example.org, 2025-11-22T01:47:39Z
6552cb51-4343-4fe6-84be-4f4fb20c94e5, P0866                , 8a3ad266-9a85-4366-9fa4-7b4de7476c8e, Reminder , 4_6M_SURVEY_REMINDER_1, p0866@example.org, study-team@example.org,              3, Survey reminder, p0866@example.org, 2026-04-06T00:47:39Z
9763925e-3872-4ab8-b88f-89c2fe223d3a, P0867                , 6ab43225-2c1e-43dc-a531-15c5f7c9c5b3, Reminder , 1M_SURVEY_REMINDER_1  , p0867@example.org, study-team@example.org,              3, Survey reminder, p0867@example.org, 2025-03-18T06:24:48Z
9763925e-3872-4ab8-b88f-89c2fe223d3a, P0867                , 59518d7f-6346-406b-bef7-b021d2155800, Reminder , 3M_SURVEY_REMINDER_1  , p0867@example.org, study-team@example.org,              4, Survey reminder, p0867@example.org, 2025-05-17T06:24:48Z
9763925e-3872-4ab8-b88f-89c2fe223d3a, P0867                , b6afe9ea-3710-4f8f-8db9-71e15f6d6774, Reminder , 3M_SURVEY_REMINDER_2  , p0867@example.org, study-team@example.org,              2, Survey reminder, p0867@example.org, 2025-05-18T06:24:48Z
9763925e-3872-4ab8-b88f-89c2fe223d3a, P0867                , 97027007-b382-46b7-8348-7ac64b6e86de, Reminder , 4_6M_SURVEY_REMINDER_1, p0867@example.org, study-team@example.org,              3, Survey reminder, p0867@example.org, 2025-07-23T06:24:48Z
9763925e-3872-4ab8-b88f-89c2fe223d3a, P0867                , fae607ff-ef38-4f7a-90f3-0d35aa94d642, Reminder , 4_6M_SURVEY_REMINDER_2, p0867@example.org, study-team@example.org,              3, Survey reminder, p0867@example.org, 2025-07-24T06:24:48Z
9763925e-3872-4ab8-b88f-89c2fe223d3a, P0867                , 7c881135-c35a-4be8-a154-91d344f3e89d, Reminder , 4_6M_SURVEY_REMINDER_3, p0867@example.org, study-team@example.org,              4, Survey reminder, p0867@example.org, 2025-07-25T06:24:48Z
7ed3d8cf-8fa5-4e8d-a32d-8ffb308457b8, P0868                , acfc6073-9199-42fa-9919-4113153bacc6, Reminder , 3M_SURVEY_REMINDER_1  , p0868@example.org, study-team@example.org,              5, Survey reminder, p0868@example.org, 2025-08-03T18:56:47Z
757f94b9-ddbb-4eec-a371-73ad1c9f8680, P0869                , 3c17e7f7-6eee-478f-a30d-cc8a2e2dd5dc, Reminder , 7D_SURVEY_REMINDER_1  , p0869@example.org, study-team@example.org,              3, Survey reminder, p0869@example.org, 2025-04-21T23:33:24Z
757f94b9-ddbb-4eec-a371-73ad1c9f8680, P0869                , 8b6700d1-cd80-4505-8197-02df4411eba3, Reminder , 7D_SURVEY_REMINDER_2  , p0869@example.org, study-team@example.org,              5, Survey reminder, p0869@example.org, 2025-04-22T23:33:24Z
83119883-00e2-417b-930d-2fe83db4b013, P0870                , 04b4cb3f-d33a-4d94-bfe5-4699b5eeee3e, Reminder , 7D_SURVEY_REMINDER_1  , p0870@example.org, study-team@example.org,              5, Survey reminder, p0870@example.org, 2025-12-01T05:22:30Z
83119883-00e2-417b-930d-2fe83db4b013, P0870                , 0acb85c2-471b-4c28-b18e-dc726c1a2313, Reminder , 7D_SURVEY_REMINDER_2  , p0870@example.org, study-team@example.org,              5, Survey reminder, p0870@example.org, 2025-12-02T05:22:30Z
83119883-00e2-417b-930d-2fe83db4b013, P0870                , 0577a78c-9f78-4916-9c0b-cacc806823b5, Reminder , 7D_SURVEY_REMINDER_3  , p0870@example.org, study-team@example.org,              1, Survey reminder, p0870@example.org, 2025-12-03T05:22:30Z
83119883-00e2-417b-930d-2fe83db4b013, P0870                , 9cae7163-2510-4e27-8bdc-198fe2302d47, Reminder , 1M_SURVEY_REMINDER_1  , p0870@example.org, study-team@example.org,              3, Survey reminder, p0870@example.org, 2025-12-24T05:22:30Z
83119883-00e2-417b-930d-2fe83db4b013, P0870                , fed764d1-59a2-47d9-b695-6187f2af6c50, Reminder , 3M_SURVEY_REMINDER_1  , p0870@example.org, study-team@example.org,              3, Survey reminder, p0870@example.org, 2026-02-22T05:22:30Z
83119883-00e2-417b-930d-2fe83db4b013, P0870                , 004cf900-2a68-4a14-b10f-c98d75e6e38a, Reminder , 4_6M_SURVEY_REMINDER_1, p0870@example.org, study-team@example.org,              1, Survey reminder, p0870@example.org, 2026-03-27T04:22:30Z
83119883-00e2-417b-930d-2fe83db4b013, P0870                , 28a5f368-fd50-4d83-b1f4-823949681fd3, Reminder , 4_6M_SURVEY_REMINDER_2, p0870@example.org, study-team@example.org,              3, Survey reminder, p0870@example.org, 2026-03-28T04:22:30Z
1ce7e075-d5b3-44d3-b81b-62d6bb214dd7, P0871                , b5365cee-343b-4822-a7d3-bdf95f20e3bb, Reminder , 24H_SURVEY_REMINDER_1 , p0871@example.org, study-team@example.org,              4, Survey reminder, p0871@example.org, 2025-12-04T04:00:08Z
1ce7e075-d5b3-44d3-b81b-62d6bb214dd7, P0871                , 6e633cd3-c165-4d4e-84de-58cc4429b965, Reminder , 24H_SURVEY_REMINDER_2 , p0871@example.org, study-team@example.org,              5, Survey reminder, p0871@example.org, 2025-12-05T04:00:08Z
1ce7e075-d5b3-44d3-b81b-62d6bb214dd7, P0871                , 8fb1ee3e-00a4-48c5-b23d-8e8f2f97f209, Reminder , 1M_SURVEY_REMINDER_1  , p0871@example.org, study-team@example.org,              2, Survey reminder, p0871@example.org, 2026-01-03T04:00:08Z
1ce7e075-d5b3-44d3-b81b-62d6bb214dd7, P0871                , 818afe44-3e1d-42f8-95fc-c0b2d3843289, Reminder , 1M_SURVEY_REMINDER_2  , p0871@example.org, study-team@example.org,              4, Survey reminder, p0871@example.org, 2026-01-04T04:00:08Z
1ce7e075-d5b3-44d3-b81b-62d6bb214dd7, P0871                , 52e8a3d4-2802-47fd-ab0b-eb6507274f87, Reminder , 1M_SURVEY_REMINDER_3  , p0871@example.org, study-team@example.org,              4, Survey reminder, p0871@example.org, 2026-01-05T04:00:08Z
1ce7e075-d5b3-44d3-b81b-62d6bb214dd7, P0871                , 12b94090-cf80-4be9-930d-c0da3b52c6b7, Reminder , 3M_SURVEY_REMINDER_1  , p0871@example.org, study-team@example.org,              2, Survey reminder, p0871@example.org, 2026-03-04T04:00:08Z
1ce7e075-d5b3-44d3-b81b-62d6bb214dd7, P0871                , dd392c16-1721-4b3a-8ba1-7684d38f4104, Reminder , 3M_SURVEY_REMINDER_2  , p0871@example.org, study-team@example.org,              1, Survey reminder, p0871@example.org, 2026-03-05T04:00:08Z
1ce7e075-d5b3-44d3-b81b-62d6bb214dd7, P0871                , 29f37b70-0185-4572-b1f3-cca076080324, Reminder , 3M_SURVEY_REMINDER_3  , p0871@example.org, study-team@example.org,              5, Survey reminder, p0871@example.org, 2026-03-06T04:00:08Z
1ce7e075-d5b3-44d3-b81b-62d6bb214dd7, P0871                , c4f15a66-0dae-44f0-af05-cb12f8a7e94a, Reminder , 4_6M_SURVEY_REMINDER_1, p0871@example.org, study-team@example.org,              2, Survey reminder, p0871@example.org, 2026-05-14T03:00:08Z
1ce7e075-d5b3-44d3-b81b-62d6bb214dd7, P0871                , 1b83d577-3e08-4ffd-84fa-fb18cfb4f283, Reminder , 4_6M_SURVEY_REMINDER_2, p0871@example.org, study-team@example.org,              5, Survey reminder, p0871@example.org, 2026-05-15T03:00:08Z
dfb4d6f5-cf0c-46fc-ab6b-112dd0f96294, P0872                , 021c4645-cd68-4f44-bf78-cf91043f8b68, Reminder , 1M_SURVEY_REMINDER_1  , p0872@example.org, study-team@example.org,              4, Survey reminder, p0872@example.org, 2025-07-23T02:34:28Z
dfb4d6f5-cf0c-46fc-ab6b-112dd0f96294, P0872                , 69d92381-4118-4dd1-955b-7f2d01e7c24a, Reminder , 1M_SURVEY_REMINDER_2  , p0872@example.org, study-team@example.org,              3, Survey reminder, p0872@example.org, 2025-07-24T02:34:28Z
ca85e5d0-b2f0-48ea-ac64-c3d561f0aa49, P0873                , ba86d6f9-7f85-4b80-a35d-39f2d4aa849e, Reminder , 7D_SURVEY_REMINDER_1  , p0873@example.org, study-team@example.org,              1, Survey reminder, p0873@example.org, 2025-04-20T21:09:07Z
ca85e5d0-b2f0-48ea-ac64-c3d561f0aa49, P0873                , ccfee03e-a826-43c7-b296-baabb9cce61c, Reminder , 4_6M_SURVEY_REMINDER_1, p0873@example.org, study-team@example.org,              5, Survey reminder, p0873@example.org, 2025-09-20T21:09:07Z
ca85e5d0-b2f0-48ea-ac64-c3d561f0aa49, P0873                , 60f39164-809e-43d2-bd29-6a327ee3c702, Reminder , 4_6M_SURVEY_REMINDER_2, p0873@example.org, study-team@example.org,              1, Survey reminder, p0873@example.org, 2025-09-21T21:09:07Z
ca85e5d0-b2f0-48ea-ac64-c3d561f0aa49, P0873                , 76984f0e-05f7-4129-a1c6-b62c9305b5f4, Reminder , 4_6M_SURVEY_REMINDER_3, p0873@example.org, study-team@example.org,              5, Survey reminder, p0873@example.org, 2025-09-22T21:09:07Z
50a5c954-9dc2-4557-a3cc-7d0be1402987, P0874                , 0542e633-1d33-4ea2-817d-c0bda528be36, Reminder , 1M_SURVEY_REMINDER_1  , p0874@example.org, study-team@example.org,              4, Survey reminder, p0874@example.org, 2025-03-28T22:52:59Z
50a5c954-9dc2-4557-a3cc-7d0be1402987, P0874                , a1e22ab7-d762-4e61-a457-269a7898ad17, Reminder , 1M_SURVEY_REMINDER_2  , p0874@example.org, study-team@example.org,              5, Survey reminder, p0874@example.org, 2025-03-29T22:52:59Z
50a5c954-9dc2-4557-a3cc-7d0be1402987, P0874                , aecca571-2572-46fc-9313-2bb486f4210e, Reminder , 1M_SURVEY_REMINDER_3  , p0874@example.org, study-team@example.org,              3, Survey reminder, p0874@example.org, 2025-03-30T22:52:59Z
50a5c954-9dc2-4557-a3cc-7d0be1402987, P0874                , 71937ad5-820a-4c73-bbee-b78f418489b2, Reminder , 4_6M_SURVEY_REMINDER_1, p0874@example.org, study-team@example.org,              1, Survey reminder, p0874@example.org, 2025-08-01T22:52:59Z
50a5c954-9dc2-4557-a3cc-7d0be1402987, P0874                , a12c4a36-0e2a-4c07-ac39-c1cbfe4c0171, Reminder , 4_6M_SURVEY_REMINDER_2, p0874@example.org, study-team@example.org,              2, Survey reminder, p0874@example.org, 2025-08-02T22:52:59Z
2b138d42-62d6-437a-b0c7-e3e50d941ff1, P0875                , ca4daef0-b9c1-4a22-a347-78911cadbe55, Reminder , 24H_SURVEY_REMINDER_1 , p0875@example.org, study-team@example.org,              4, Survey reminder, p0875@example.org, 2025-08-01T04:51:59Z
2b138d42-62d6-437a-b0c7-e3e50d941ff1, P0875                , f2e23de9-ef2c-4e39-a8c3-845d0812c763, Reminder , 24H_SURVEY_REMINDER_2 , p0875@example.org, study-team@example.org,              1, Survey reminder, p0875@example.org, 2025-08-02T04:51:59Z
2b138d42-62d6-437a-b0c7-e3e50d941ff1, P0875                , 36877414-5cfb-4f27-af1f-1a99717ab5d4, Reminder , 24H_SURVEY_REMINDER_3 , p0875@example.org, study-team@example.org,              1, Survey reminder, p0875@example.org, 2025-08-03T04:51:59Z
2b138d42-62d6-437a-b0c7-e3e50d941ff1, P0875                , c028c3e4-c250-4201-8236-a30fdfffe957, Reminder , 7D_SURVEY_REMINDER_1  , p0875@example.org, study-team@example.org,              2, Survey reminder, p0875@example.org, 2025-08-08T04:51:59Z
2b138d42-62d6-437a-b0c7-e3e50d941ff1, P0875                , e1f4b947-76c0-4749-8054-501c19030d5c, Reminder , 7D_SURVEY_REMINDER_2  , p0875@example.org, study-team@example.org,              4, Survey reminder, p0875@example.org, 2025-08-09T04:51:59Z
2b138d42-62d6-437a-b0c7-e3e50d941ff1, P0875                , aa549c09-2351-4d97-a367-f1a0c4f50a31, Reminder , 7D_SURVEY_REMINDER_3  , p0875@example.org, study-team@example.org,              4, Survey reminder, p0875@example.org, 2025-08-10T04:51:59Z
2b138d42-62d6-437a-b0c7-e3e50d941ff1, P0875                , 44473805-f4e1-43ff-8927-8d7e840f3d60, Reminder , 1M_SURVEY_REMINDER_1  , p0875@example.org, study-team@example.org,              5, Survey reminder, p0875@example.org, 2025-08-31T04:51:59Z
2b138d42-62d6-437a-b0c7-e3e50d941ff1, P0875                , 63c97650-5335-444c-8da0-2e43290cdd50, Reminder , 1M_SURVEY_REMINDER_2  , p0875@example.org, study-team@example.org,              5, Survey reminder, p0875@example.org, 2025-09-01T04:51:59Z
2b138d42-62d6-437a-b0c7-e3e50d941ff1, P0875                , 1ac9c154-a10e-4fa9-9119-16d3cd9761da, Reminder , 3M_SURVEY_REMINDER_1  , p0875@example.org, study-team@example.org,              2, Survey reminder, p0875@example.org, 2025-10-30T04:51:59Z
379beb56-06ef-4f59-bf99-7cef0a3f0d6c, P0876                , fafa006b-2762-4bab-8189-1860b4b31d65, Reminder , 24H_SURVEY_REMINDER_1 , p0876@example.org, study-team@example.org,              4, Survey reminder, p0876@example.org, 2025-09-01T22:55:25Z
379beb56-06ef-4f59-bf99-7cef0a3f0d6c, P0876                , 4024d697-d17c-4537-9064-f3b68b21d411, Reminder , 24H_SURVEY_REMINDER_2 , p0876@example.org, study-team@example.org,              5, Survey reminder, p0876@example.org, 2025-09-02T22:55:25Z
379beb56-06ef-4f59-bf99-7cef0a3f0d6c, P0876                , 4d4440c1-b8a4-4d7c-bbd6-9432770099a0, Reminder , 24H_SURVEY_REMINDER_3 , p0876@example.org, study-team@example.org,              2, Survey reminder, p0876@example.org, 2025-09-03T22:55:25Z
379beb56-06ef-4f59-bf99-7cef0a3f0d6c, P0876                , bb7aa37c-e281-40dd-b250-83e70d8ec5be, Reminder , 1M_SURVEY_REMINDER_1  , p0876@example.org, study-team@example.org,              2, Survey reminder, p0876@example.org, 2025-10-01T22:55:25Z
379beb56-06ef-4f59-bf99-7cef0a3f0d6c, P0876                , 12e16611-2931-495e-9fbf-d2394743b64f, Reminder , 1M_SURVEY_REMINDER_2  , p0876@example.org, study-team@example.org,              2, Survey reminder, p0876@example.org, 2025-10-02T22:55:25Z
379beb56-06ef-4f59-bf99-7cef0a3f0d6c, P0876                , d67f2604-1809-4665-8b4e-75f2352f05cf, Reminder , 3M_SURVEY_REMINDER_1  , p0876@example.org, study-team@example.org,              4, Survey reminder, p0876@example.org, 2025-11-30T23:55:25Z
efcb3ca8-b7c2-44e8-8a70-18016d42bcdd, P0877                , 3ac29832-ec9a-4a4a-b553-b22e91a6ab05, Reminder , 3M_SURVEY_REMINDER_1  , p0877@example.org, study-team@example.org,              5, Survey reminder, p0877@example.org, 2025-07-14T15:35:53Z
efcb3ca8-b7c2-44e8-8a70-18016d42bcdd, P0877                , 94891f14-3d2f-4105-bd78-ab9c5ecd2784, Reminder , 3M_SURVEY_REMINDER_2  , p0877@example.org, study-team@example.org,              1, Survey reminder, p0877@example.org, 2025-07-15T15:35:53Z
efcb3ca8-b7c2-44e8-8a70-18016d42bcdd, P0877                , 8412d117-a240-4c5e-b384-d78a10c296b0, Reminder , 3M_SURVEY_REMINDER_3  , p0877@example.org, study-team@example.org,              4, Survey reminder, p0877@example.org, 2025-07-16T15:35:53Z
efcb3ca8-b7c2-44e8-8a70-18016d42bcdd, P0877                , 8c731981-bf5e-484d-ad4a-e7c26f672217, Reminder , 4_6M_SURVEY_REMINDER_1, p0877@example.org, study-team@example.org,              2, Survey reminder, p0877@example.org, 2025-10-02T15:35:53Z
f5ec1207-c2ce-4304-8b77-728d98e1b188, P0878                , 3f06bf78-5445-404e-a1a5-9003f1dc6e60, Reminder , 3M_SURVEY_REMINDER_1  , p0878@example.org, study-team@example.org,              4, Survey reminder, p0878@example.org, 2025-07-01T11:46:35Z
f5ec1207-c2ce-4304-8b77-728d98e1b188, P0878                , f3eaac60-1ad1-46e9-8fbc-f2076c12a260, Reminder , 4_6M_SURVEY_REMINDER_1, p0878@example.org, study-team@example.org,              5, Survey reminder, p0878@example.org, 2025-08-21T11:46:35Z
f5ec1207-c2ce-4304-8b77-728d98e1b188, P0878                , 39769793-c107-4424-8a29-6a8549a964ab, Reminder , 4_6M_SURVEY_REMINDER_2, p0878@example.org, study-team@example.org,              3, Survey reminder, p0878@example.org, 2025-08-22T11:46:35Z
f5ec1207-c2ce-4304-8b77-728d98e1b188, P0878                , 17ba3781-781a-4980-b750-effc0f7b49f4, Reminder , 4_6M_SURVEY_REMINDER_3, p0878@example.org, study-team@example.org,              5, Survey reminder, p0878@example.org, 2025-08-23T11:46:35Z
043c90e9-7be0-4389-aa58-6449d260000f, P0879                , c0c9a407-4c1a-41b6-8917-b6a04fcb8de9, Reminder , 24H_SURVEY_REMINDER_1 , p0879@example.org, study-team@example.org,              5, Survey reminder, p0879@example.org, 2025-05-10T08:20:38Z
043c90e9-7be0-4389-aa58-6449d260000f, P0879                , 62009faa-6f77-432f-bf1a-37b718dd82de, Reminder , 3M_SURVEY_REMINDER_1  , p0879@example.org, study-team@example.org,              5, Survey reminder, p0879@example.org, 2025-08-08T08:20:38Z
043c90e9-7be0-4389-aa58-6449d260000f, P0879                , eb4b5c0b-aa3d-4ca5-bdef-0ce762a10a6a, Reminder , 4_6M_SURVEY_REMINDER_1, p0879@example.org, study-team@example.org,              2, Survey reminder, p0879@example.org, 2025-10-10T08:20:38Z
043c90e9-7be0-4389-aa58-6449d260000f, P0879                , 0c2a7c9f-7443-4089-8d66-a8676b80e7e8, Reminder , 4_6M_SURVEY_REMINDER_2, p0879@example.org, study-team@example.org,              4, Survey reminder, p0879@example.org, 2025-10-11T08:20:38Z
043c90e9-7be0-4389-aa58-6449d260000f, P0879                , 926c0ef3-df04-4d8c-a8af-687fd1e04032, Reminder , 4_6M_SURVEY_REMINDER_3, p0879@example.org, study-team@example.org,              5, Survey reminder, p0879@example.org, 2025-10-12T08:20:38Z
93076b07-c34b-4b3c-b11f-e6ebcad7ffdd, P0880                , ea76b52d-0271-43ab-8a78-b37410097e19, Reminder , 4_6M_SURVEY_REMINDER_1, p0880@example.org, study-team@example.org,              2, Survey reminder, p0880@example.org, 2025-08-22T05:11:51Z
203ce3a2-8cf9-4100-84e6-a4b2feb41e81, P0881                , 64371614-2fc3-4498-8e6c-16377e4d6bf2, Reminder , 24H_SURVEY_REMINDER_1 , p0881@example.org, study-team@example.org,              4, Survey reminder, p0881@example.org, 2025-08-07T11:42:10Z
203ce3a2-8cf9-4100-84e6-a4b2feb41e81, P0881                , 78a014e6-5a24-4de9-8e00-3118c10bf668, Reminder , 24H_SURVEY_REMINDER_2 , p0881@example.org, study-team@example.org,              1, Survey reminder, p0881@example.org, 2025-08-08T11:42:10Z
203ce3a2-8cf9-4100-84e6-a4b2feb41e81, P0881                , 7d5bf119-1769-47ab-8a18-2f546da0e3f0, Reminder , 24H_SURVEY_REMINDER_3 , p0881@example.org, study-team@example.org,              1, Survey reminder, p0881@example.org, 2025-08-09T11:42:10Z
203ce3a2-8cf9-4100-84e6-a4b2feb41e81, P0881                , b366ee67-7e31-479c-8489-6b16bc27f7ab, Reminder , 7D_SURVEY_REMINDER_1  , p0881@example.org, study-team@example.org,              5, Survey reminder, p0881@example.org, 2025-08-14T11:42:10Z
203ce3a2-8cf9-4100-84e6-a4b2feb41e81, P0881                , f97bca8b-797d-4782-a6d2-c38c811727fe, Reminder , 7D_SURVEY_REMINDER_2  , p0881@example.org, study-team@example.org,              2, Survey reminder, p0881@example.org, 2025-08-15T11:42:10Z
203ce3a2-8cf9-4100-84e6-a4b2feb41e81, P0881                , 70057152-c2c8-416a-9817-9db1c335e651, Reminder , 7D_SURVEY_REMINDER_3  , p0881@example.org, study-team@example.org,              5, Survey reminder, p0881@example.org, 2025-08-16T11:42:10Z
20bf06cc-b07e-45d5-80ca-37c13fc73fe2, P0883                , c21bb7e7-07b7-4891-b6a0-b830abe04755, Reminder , 24H_SURVEY_REMINDER_1 , p0883@example.org, study-team@example.org,              3, Survey reminder, p0883@example.org, 2025-02-18T09:39:10Z
20bf06cc-b07e-45d5-80ca-37c13fc73fe2, P0883                , d150b050-7be6-44b2-939e-14bac32693bb, Reminder , 3M_SURVEY_REMINDER_1  , p0883@example.org, study-team@example.org,              3, Survey reminder, p0883@example.org, 2025-05-19T08:39:10Z
20bf06cc-b07e-45d5-80ca-37c13fc73fe2, P0883                , 02a95673-8329-4aa9-8411-762268018643, Reminder , 3M_SURVEY_REMINDER_2  , p0883@example.org, study-team@example.org,              4, Survey reminder, p0883@example.org, 2025-05-20T08:39:10Z
20bf06cc-b07e-45d5-80ca-37c13fc73fe2, P0883                , f2ca2306-7fc9-4e0d-a82d-6598874a7745, Reminder , 3M_SURVEY_REMINDER_3  , p0883@example.org, study-team@example.org,              1, Survey reminder, p0883@example.org, 2025-05-21T08:39:10Z
36ec5d2b-dce7-4eea-b01b-0112add5ccde, P0884                , d4ca9305-1d17-4219-a19d-e2539f58823a, Reminder , 24H_SURVEY_REMINDER_1 , p0884@example.org, study-team@example.org,              3, Survey reminder, p0884@example.org, 2025-04-15T13:06:38Z
36ec5d2b-dce7-4eea-b01b-0112add5ccde, P0884                , bf8a0480-2f36-43da-a89c-92e34d0e81e6, Reminder , 7D_SURVEY_REMINDER_1  , p0884@example.org, study-team@example.org,              4, Survey reminder, p0884@example.org, 2025-04-22T13:06:38Z
36ec5d2b-dce7-4eea-b01b-0112add5ccde, P0884                , 44806d8c-08b0-4dc2-b6d6-ee765dd1dd2d, Reminder , 4_6M_SURVEY_REMINDER_1, p0884@example.org, study-team@example.org,              1, Survey reminder, p0884@example.org, 2025-10-02T13:06:38Z
36ec5d2b-dce7-4eea-b01b-0112add5ccde, P0884                , 39b519c4-75bb-4fa1-9ce8-8fad4d239677, Reminder , 4_6M_SURVEY_REMINDER_2, p0884@example.org, study-team@example.org,              5, Survey reminder, p0884@example.org, 2025-10-03T13:06:38Z
36ec5d2b-dce7-4eea-b01b-0112add5ccde, P0884                , 71b7ce1c-fe3b-486d-a109-9d2916ad0196, Reminder , 4_6M_SURVEY_REMINDER_3, p0884@example.org, study-team@example.org,              1, Survey reminder, p0884@example.org, 2025-10-04T13:06:38Z
9a9ce2be-244b-4594-83d3-b9fb9a162b98, P0886                , 2f4a0964-46fe-4a81-882d-bc068bf3a044, Reminder , 24H_SURVEY_REMINDER_1 , p0886@example.org, study-team@example.org,              5, Survey reminder, p0886@example.org, 2025-08-12T13:41:47Z
9a9ce2be-244b-4594-83d3-b9fb9a162b98, P0886                , e163a97d-0a6e-4f95-a197-95d5a0900612, Reminder , 24H_SURVEY_REMINDER_2 , p0886@example.org, study-team@example.org,              3, Survey reminder, p0886@example.org, 2025-08-13T13:41:47Z
9a9ce2be-244b-4594-83d3-b9fb9a162b98, P0886                , c70fc281-c0c6-4871-ad7e-e4fb81424950, Reminder , 24H_SURVEY_REMINDER_3 , p0886@example.org, study-team@example.org,              3, Survey reminder, p0886@example.org, 2025-08-14T13:41:47Z
9a9ce2be-244b-4594-83d3-b9fb9a162b98, P0886                , 5e6c0c98-a52f-4f38-bfc3-e4f8ac13e35b, Reminder , 4_6M_SURVEY_REMINDER_1, p0886@example.org, study-team@example.org,              4, Survey reminder, p0886@example.org, 2026-01-29T14:41:47Z
1ef03599-736c-4527-8411-a9b76665d777, P0887                , c7cdb057-f581-40cc-87d9-2f65647a1eed, Reminder , 24H_SURVEY_REMINDER_1 , p0887@example.org, study-team@example.org,              5, Survey reminder, p0887@example.org, 2025-06-28T09:28:25Z
c35a6997-a4aa-4fcc-a442-635cb54dd6a9, P0888                , d41bb5dc-31b4-4fca-8d1e-a14091cf44a9, Reminder , 4_6M_SURVEY_REMINDER_1, p0888@example.org, study-team@example.org,              1, Survey reminder, p0888@example.org, 2026-02-01T10:47:05Z
3ebf15ad-a72d-4768-930b-c601eff618c7, P0889                , 9eef6ced-2c14-408c-86cb-50dfeb65e353, Reminder , 7D_SURVEY_REMINDER_1  , p0889@example.org, study-team@example.org,              5, Survey reminder, p0889@example.org, 2025-06-13T07:52:53Z
3ebf15ad-a72d-4768-930b-c601eff618c7, P0889                , 08824c23-5f38-40cc-a747-ef09a384f1cb, Reminder , 7D_SURVEY_REMINDER_2  , p0889@example.org, study-team@example.org,              5, Survey reminder, p0889@example.org, 2025-06-14T07:52:53Z
3ebf15ad-a72d-4768-930b-c601eff618c7, P0889                , 38833ccb-ab28-4044-b2c0-37746ab3c6cd, Reminder , 4_6M_SURVEY_REMINDER_1, p0889@example.org, study-team@example.org,              2, Survey reminder, p0889@example.org, 2025-11-20T08:52:53Z
16476ead-6bc5-4267-bdf2-83bd43487ea1, P0890                , d8d8d548-45f8-4cea-aadf-5fc31d73f027, Reminder , 1M_SURVEY_REMINDER_1  , p0890@example.org, study-team@example.org,              1, Survey reminder, p0890@example.org, 2025-07-05T15:09:18Z
16476ead-6bc5-4267-bdf2-83bd43487ea1, P0890                , 4c7a3bfe-bc89-4247-9805-62dddb2ccb35, Reminder , 3M_SURVEY_REMINDER_1  , p0890@example.org, study-team@example.org,              2, Survey reminder, p0890@example.org, 2025-09-03T15:09:18Z
0ee6ac32-5e56-4313-9f3e-793d1ffd9e41, P0891                , b6f2a99c-6df7-4f26-9a65-f12079b70135, Reminder , 24H_SURVEY_REMINDER_1 , p0891@example.org, study-team@example.org,              1, Survey reminder, p0891@example.org, 2025-01-09T23:27:39Z
0ee6ac32-5e56-4313-9f3e-793d1ffd9e41, P0891                , 93b0a7b9-2971-480a-8dd4-e4707bab0855, Reminder , 7D_SURVEY_REMINDER_1  , p0891@example.org, study-team@example.org,              4, Survey reminder, p0891@example.org, 2025-01-16T23:27:39Z
0ee6ac32-5e56-4313-9f3e-793d1ffd9e41, P0891                , 7bec289a-8cd8-4852-a6a6-73f1c0ae9c10, Reminder , 3M_SURVEY_REMINDER_1  , p0891@example.org, study-team@example.org,              2, Survey reminder, p0891@example.org, 2025-04-09T22:27:39Z
cb740828-fe51-459f-b1d9-27c93f115908, P0892                , 1ea9d39f-50b3-4a60-9a6d-01a9e618e06d, Reminder , 3M_SURVEY_REMINDER_1  , p0892@example.org, study-team@example.org,              4, Survey reminder, p0892@example.org, 2025-10-31T23:54:07Z
cb740828-fe51-459f-b1d9-27c93f115908, P0892                , 7b6aa6f7-b6b0-4e2a-a794-f3ce8bc2775d, Reminder , 3M_SURVEY_REMINDER_2  , p0892@example.org, study-team@example.org,              2, Survey reminder, p0892@example.org, 2025-11-01T23:54:07Z
cb740828-fe51-459f-b1d9-27c93f115908, P0892                , 4015fe90-dce0-4c12-a6d0-57cf83f2dac5, Reminder , 3M_SURVEY_REMINDER_3  , p0892@example.org, study-team@example.org,              4, Survey reminder, p0892@example.org, 2025-11-03T00:54:07Z
0da68072-3a76-4a0c-8aa3-ea434ff27d46, P0893                , fc407593-9ab9-4c15-b260-1eae78e179b1, Reminder , 4_6M_SURVEY_REMINDER_1, p0893@example.org, study-team@example.org,              4, Survey reminder, p0893@example.org, 2026-02-25T18:55:15Z
1a923cbb-65f1-4098-91e1-0490b834e3a4, P0894                , 60ba737f-f3dd-45e6-b843-c80b9404a82b, Reminder , 1M_SURVEY_REMINDER_1  , p0894@example.org, study-team@example.org,              4, Survey reminder, p0894@example.org, 2025-06-08T08:05:39Z
1a923cbb-65f1-4098-91e1-0490b834e3a4, P0894                , 768790ae-307f-458e-b589-b29135437814, Reminder , 1M_SURVEY_REMINDER_2  , p0894@example.org, study-team@example.org,              3, Survey reminder, p0894@example.org, 2025-06-09T08:05:39Z
1a923cbb-65f1-4098-91e1-0490b834e3a4, P0894                , d64f5628-4653-46ae-87fe-5bde903f2b8b, Reminder , 1M_SURVEY_REMINDER_3  , p0894@example.org, study-team@example.org,              2, Survey reminder, p0894@example.org, 2025-06-10T08:05:39Z
69403a0f-5989-423e-85db-7b7677d51497, P0895                , f3ea453f-7420-4d94-8906-2b51dbd83976, Reminder , 7D_SURVEY_REMINDER_1  , p0895@example.org, study-team@example.org,              5, Survey reminder, p0895@example.org, 2025-09-27T07:13:59Z
69403a0f-5989-423e-85db-7b7677d51497, P0895                , 720ba2bd-5f7d-4a73-abef-3b5570862685, Reminder , 1M_SURVEY_REMINDER_1  , p0895@example.org, study-team@example.org,              2, Survey reminder, p0895@example.org, 2025-10-20T07:13:59Z
433a399e-a7dd-4475-afd8-e3e42e04ee32, P0896                , f24929dd-874c-42f7-b2fa-a8f3c11a841f, Reminder , 3M_SURVEY_REMINDER_1  , p0896@example.org, study-team@example.org,              4, Survey reminder, p0896@example.org, 2025-09-07T14:19:05Z
3426f19e-1344-45a5-9bc4-bb4681640a31, P0898                , f1714681-bf66-41d3-865d-5713dbc0cba1, Reminder , 7D_SURVEY_REMINDER_1  , p0898@example.org, study-team@example.org,              5, Survey reminder, p0898@example.org, 2025-02-14T10:31:45Z
3426f19e-1344-45a5-9bc4-bb4681640a31, P0898                , 978553cb-72d0-415a-855d-fd625e1a2339, Reminder , 4_6M_SURVEY_REMINDER_1, p0898@example.org, study-team@example.org,              4, Survey reminder, p0898@example.org, 2025-08-04T09:31:45Z
3426f19e-1344-45a5-9bc4-bb4681640a31, P0898                , 710c67f6-8c95-4340-ac63-0ecc8c97fefd, Reminder , 4_6M_SURVEY_REMINDER_2, p0898@example.org, study-team@example.org,              2, Survey reminder, p0898@example.org, 2025-08-05T09:31:45Z
bcfab67c-b5d4-487b-b944-b0a876543352, P0899                , 2a4c6612-d12b-4fc5-b636-f746663ccdc0, Reminder , 4_6M_SURVEY_REMINDER_1, p0899@example.org, study-team@example.org,              2, Survey reminder, p0899@example.org, 2026-02-05T07:22:39Z
03e4e889-569f-4814-bf8f-c684cd076232, P0900                , 918e4e03-db2f-4cca-af4a-1d17f9245f18, Reminder , 7D_SURVEY_REMINDER_1  , p0900@example.org, study-team@example.org,              2, Survey reminder, p0900@example.org, 2025-11-02T11:24:08Z
03e4e889-569f-4814-bf8f-c684cd076232, P0900                , 317afa71-8f6b-4dda-8bf1-577b36ab1ac0, Reminder , 3M_SURVEY_REMINDER_1  , p0900@example.org, study-team@example.org,              2, Survey reminder, p0900@example.org, 2026-01-24T11:24:08Z
03e4e889-569f-4814-bf8f-c684cd076232, P0900                , c3a48e38-5966-43aa-b358-ade80733a8e2, Reminder , 3M_SURVEY_REMINDER_2  , p0900@example.org, study-team@example.org,              1, Survey reminder, p0900@example.org, 2026-01-25T11:24:08Z
7cf4f462-470d-4ca5-a81b-f7ca947403da, P0901                , 3646d111-3dfa-4d65-81e5-4ebf5e436bb9, Reminder , 24H_SURVEY_REMINDER_1 , p0901@example.org, study-team@example.org,              1, Survey reminder, p0901@example.org, 2025-12-25T23:00:16Z
7cf4f462-470d-4ca5-a81b-f7ca947403da, P0901                , 9428a2df-8702-4b44-91e5-81bab0180058, Reminder , 1M_SURVEY_REMINDER_1  , p0901@example.org, study-team@example.org,              3, Survey reminder, p0901@example.org, 2026-01-24T23:00:16Z
7cf4f462-470d-4ca5-a81b-f7ca947403da, P0901                , 3383a2b7-6894-4ec5-af40-6c5ca5ecdfcd, Reminder , 3M_SURVEY_REMINDER_1  , p0901@example.org, study-team@example.org,              3, Survey reminder, p0901@example.org, 2026-03-25T22:00:16Z
7cf4f462-470d-4ca5-a81b-f7ca947403da, P0901                , deb35099-9b31-4542-9e8c-251f8c75d8e3, Reminder , 4_6M_SURVEY_REMINDER_1, p0901@example.org, study-team@example.org,              4, Survey reminder, p0901@example.org, 2026-06-23T22:00:16Z
7cf4f462-470d-4ca5-a81b-f7ca947403da, P0901                , 03529aee-d70d-4d10-943d-4cf185a37b4c, Reminder , 4_6M_SURVEY_REMINDER_2, p0901@example.org, study-team@example.org,              5, Survey reminder, p0901@example.org, 2026-06-24T22:00:16Z
7cf4f462-470d-4ca5-a81b-f7ca947403da, P0901                , 07b3f62c-19b6-4fa8-add5-f85e2f8205ae, Reminder , 4_6M_SURVEY_REMINDER_3, p0901@example.org, study-team@example.org,              3, Survey reminder, p0901@example.org, 2026-06-25T22:00:16Z
ab39c02c-a50d-4282-8fa7-be26a7064326, P0902                , 6aed48ad-c336-476b-886d-acc97f9a5cb2, Reminder , 1M_SURVEY_REMINDER_1  , p0902@example.org, study-team@example.org,              1, Survey reminder, p0902@example.org, 2025-08-11T14:48:04Z
ab39c02c-a50d-4282-8fa7-be26a7064326, P0902                , 1fef53ba-0717-4bc1-a761-e548f8fa0d1b, Reminder , 1M_SURVEY_REMINDER_2  , p0902@example.org, study-team@example.org,              5, Survey reminder, p0902@example.org, 2025-08-12T14:48:04Z
be8469ec-d140-4954-84dc-1c512e3d96dc, P0903                , bda54a06-057c-42d8-ad05-2ebe09e19831, Reminder , 24H_SURVEY_REMINDER_1 , p0903@example.org, study-team@example.org,              1, Survey reminder, p0903@example.org, 2025-12-20T09:13:53Z
be8469ec-d140-4954-84dc-1c512e3d96dc, P0903                , 506aea7a-aa7e-4ced-acf9-630845b3ce4e, Reminder , 7D_SURVEY_REMINDER_1  , p0903@example.org, study-team@example.org,              1, Survey reminder, p0903@example.org, 2025-12-27T09:13:53Z
5a75fb51-7b4e-4de1-a0cb-f0fd5d03e06a, P0904                , fed0849f-4f65-4bf0-b4a1-31f1b5b1eb07, Reminder , 24H_SURVEY_REMINDER_1 , p0904@example.org, study-team@example.org,              3, Survey reminder, p0904@example.org, 2025-09-21T21:18:34Z
5a75fb51-7b4e-4de1-a0cb-f0fd5d03e06a, P0904                , be7131cf-e348-4c6d-a4ac-459b064cdf75, Reminder , 24H_SURVEY_REMINDER_2 , p0904@example.org, study-team@example.org,              2, Survey reminder, p0904@example.org, 2025-09-22T21:18:34Z
5a75fb51-7b4e-4de1-a0cb-f0fd5d03e06a, P0904                , ea1e6a9c-59d1-44aa-ac23-524f4ebe97eb, Reminder , 1M_SURVEY_REMINDER_1  , p0904@example.org, study-team@example.org,              3, Survey reminder, p0904@example.org, 2025-10-21T21:18:34Z
543c58f7-7c7e-4f80-8f47-2c1c9820211f, P0905                , 11a5b07a-cddf-44ec-ba24-c00683b8c4a8, Reminder , 24H_SURVEY_REMINDER_1 , p0905@example.org, study-team@example.org,              1, Survey reminder, p0905@example.org, 2025-11-26T14:56:30Z
543c58f7-7c7e-4f80-8f47-2c1c9820211f, P0905                , fc031d6c-1c42-4e5e-9d00-30f57d7c6240, Reminder , 24H_SURVEY_REMINDER_2 , p0905@example.org, study-team@example.org,              5, Survey reminder, p0905@example.org, 2025-11-27T14:56:30Z
543c58f7-7c7e-4f80-8f47-2c1c9820211f, P0905                , 9d68253b-8604-4407-bf88-c9705321dc1b, Reminder , 24H_SURVEY_REMINDER_3 , p0905@example.org, study-team@example.org,              1, Survey reminder, p0905@example.org, 2025-11-28T14:56:30Z
543c58f7-7c7e-4f80-8f47-2c1c9820211f, P0905                , 3b193560-3258-41b7-866a-1878cabab194, Reminder , 7D_SURVEY_REMINDER_1  , p0905@example.org, study-team@example.org,              3, Survey reminder, p0905@example.org, 2025-12-03T14:56:30Z
543c58f7-7c7e-4f80-8f47-2c1c9820211f, P0905                , 520ce650-7ea7-490d-9a66-6dfd06d7c0f7, Reminder , 4_6M_SURVEY_REMINDER_1, p0905@example.org, study-team@example.org,              5, Survey reminder, p0905@example.org, 2026-04-11T13:56:30Z
543c58f7-7c7e-4f80-8f47-2c1c9820211f, P0905                , 48942c73-1902-4e6c-ac3a-26c4ed44e536, Reminder , 4_6M_SURVEY_REMINDER_2, p0905@example.org, study-team@example.org,              5, Survey reminder, p0905@example.org, 2026-04-12T13:56:30Z
543c58f7-7c7e-4f80-8f47-2c1c9820211f, P0905                , facf5440-368b-45ae-8571-8986234ba191, Reminder , 4_6M_SURVEY_REMINDER_3, p0905@example.org, study-team@example.org,              2, Survey reminder, p0905@example.org, 2026-04-13T13:56:30Z
805c13bc-a4cc-400f-a97c-bc189f63ea54, P0906                , 9b4a516f-e056-4fd1-89cc-5e7ed8402bae, Reminder , 24H_SURVEY_REMINDER_1 , p0906@example.org, study-team@example.org,              2, Survey reminder, p0906@example.org, 2025-09-04T07:52:06Z
805c13bc-a4cc-400f-a97c-bc189f63ea54, P0906                , ffb94b5c-e87f-4701-b910-7b3a7416de2d, Reminder , 7D_SURVEY_REMINDER_1  , p0906@example.org, study-team@example.org,              3, Survey reminder, p0906@example.org, 2025-09-11T07:52:06Z
805c13bc-a4cc-400f-a97c-bc189f63ea54, P0906                , af97ca38-411d-4243-92e5-cbd5161cc858, Reminder , 1M_SURVEY_REMINDER_1  , p0906@example.org, study-team@example.org,              4, Survey reminder, p0906@example.org, 2025-10-04T07:52:06Z
805c13bc-a4cc-400f-a97c-bc189f63ea54, P0906                , c8ae1f94-999e-41da-a37d-a1372ece44ae, Reminder , 4_6M_SURVEY_REMINDER_1, p0906@example.org, study-team@example.org,              1, Survey reminder, p0906@example.org, 2026-02-03T08:52:06Z
805c13bc-a4cc-400f-a97c-bc189f63ea54, P0906                , 3919fcba-fef7-44aa-a407-93839f52f50d, Reminder , 4_6M_SURVEY_REMINDER_2, p0906@example.org, study-team@example.org,              2, Survey reminder, p0906@example.org, 2026-02-04T08:52:06Z
805c13bc-a4cc-400f-a97c-bc189f63ea54, P0906                , 88ed3813-5400-44ad-8148-0bd532249777, Reminder , 4_6M_SURVEY_REMINDER_3, p0906@example.org, study-team@example.org,              1, Survey reminder, p0906@example.org, 2026-02-05T08:52:06Z
b91eb981-81b9-4355-8bd6-5fe33f13eec3, P0907                , 77804f19-d8ca-4ad2-89e4-5e7a3a55269a, Reminder , 7D_SURVEY_REMINDER_1  , p0907@example.org, study-team@example.org,              5, Survey reminder, p0907@example.org, 2025-12-01T03:56:10Z
a08c510a-a1c5-49c0-a628-96c5ec2d1a67, P0908                , 8fac4e41-d8d1-4cf5-86ce-8d38831244fa, Reminder , 1M_SURVEY_REMINDER_1  , p0908@example.org, study-team@example.org,              1, Survey reminder, p0908@example.org, 2025-10-17T18:45:15Z
a08c510a-a1c5-49c0-a628-96c5ec2d1a67, P0908                , 17972a81-5628-4748-8910-0ff46ee83d14, Reminder , 3M_SURVEY_REMINDER_1  , p0908@example.org, study-team@example.org,              3, Survey reminder, p0908@example.org, 2025-12-16T19:45:15Z
a08c510a-a1c5-49c0-a628-96c5ec2d1a67, P0908                , b73bf23a-4ae0-4b1d-bba9-b3259d2636e4, Reminder , 3M_SURVEY_REMINDER_2  , p0908@example.org, study-team@example.org,              4, Survey reminder, p0908@example.org, 2025-12-17T19:45:15Z
a08c510a-a1c5-49c0-a628-96c5ec2d1a67, P0908                , 54a799b8-5c6e-4799-a5cc-338028cc035d, Reminder , 4_6M_SURVEY_REMINDER_1, p0908@example.org, study-team@example.org,              1, Survey reminder, p0908@example.org, 2026-03-12T18:45:15Z
a08c510a-a1c5-49c0-a628-96c5ec2d1a67, P0908                , afda3b81-1886-4ee1-8c0a-3c99e7e5e949, Reminder , 4_6M_SURVEY_REMINDER_2, p0908@example.org, study-team@example.org,              2, Survey reminder, p0908@example.org, 2026-03-13T18:45:15Z
8cecb44d-bc42-4a1e-a767-b84e1030c2dd, P0909                , 42502ed6-e366-4f6a-ae54-bc0e736edaff, Reminder , 4_6M_SURVEY_REMINDER_1, p0909@example.org, study-team@example.org,              4, Survey reminder, p0909@example.org, 2026-04-18T08:26:57Z
8cecb44d-bc42-4a1e-a767-b84e1030c2dd, P0909                , e21d7507-9607-41f6-b212-0b50554bd65c, Reminder , 4_6M_SURVEY_REMINDER_2, p0909@example.org, study-team@example.org,              5, Survey reminder, p0909@example.org, 2026-04-19T08:26:57Z
b5dcd06f-a3b2-4858-b8a0-db0590cea56e, P0910                , fde5fea7-0ce6-465e-bb41-4b18ca43ea6f, Reminder , 24H_SURVEY_REMINDER_1 , p0910@example.org, study-team@example.org,              5, Survey reminder, p0910@example.org, 2025-08-01T16:55:47Z
b5dcd06f-a3b2-4858-b8a0-db0590cea56e, P0910                , 643a8911-610e-414f-80d1-af97c713849c, Reminder , 3M_SURVEY_REMINDER_1  , p0910@example.org, study-team@example.org,              1, Survey reminder, p0910@example.org, 2025-10-30T16:55:47Z
b5dcd06f-a3b2-4858-b8a0-db0590cea56e, P0910                , 9235c772-2950-4d82-96b7-73e1f849a004, Reminder , 3M_SURVEY_REMINDER_2  , p0910@example.org, study-team@example.org,              3, Survey reminder, p0910@example.org, 2025-10-31T16:55:47Z
b5dcd06f-a3b2-4858-b8a0-db0590cea56e, P0910                , 2f201714-5ed9-49fd-af9f-3fbc5c01e72e, Reminder , 3M_SURVEY_REMINDER_3  , p0910@example.org, study-team@example.org,              4, Survey reminder, p0910@example.org, 2025-11-01T16:55:47Z
5e7fa42e-7fda-460e-b0c5-eefd18f73ebf, P0911                , 3ff2cdda-ad29-4185-a826-ee6422e61e94, Reminder , 7D_SURVEY_REMINDER_1  , p0911@example.org, study-team@example.org,              4, Survey reminder, p0911@example.org, 2025-07-28T03:54:41Z
5e7fa42e-7fda-460e-b0c5-eefd18f73ebf, P0911                , a0d264b1-87a8-4088-9818-d86f80c0f772, Reminder , 7D_SURVEY_REMINDER_2  , p0911@example.org, study-team@example.org,              5, Survey reminder, p0911@example.org, 2025-07-29T03:54:41Z
5e7fa42e-7fda-460e-b0c5-eefd18f73ebf, P0911                , 04fa19d8-31cc-4894-80c7-ac05ef8f9fec, Reminder , 1M_SURVEY_REMINDER_1  , p0911@example.org, study-team@example.org,              3, Survey reminder, p0911@example.org, 2025-08-20T03:54:41Z
5e7fa42e-7fda-460e-b0c5-eefd18f73ebf, P0911                , 981816fe-69b0-4c4e-a060-b8e72cba0f04, Reminder , 3M_SURVEY_REMINDER_1  , p0911@example.org, study-team@example.org,              2, Survey reminder, p0911@example.org, 2025-10-19T03:54:41Z
5e7fa42e-7fda-460e-b0c5-eefd18f73ebf, P0911                , 72d26deb-0056-4136-88f2-d9dae14899e3, Reminder , 3M_SURVEY_REMINDER_2  , p0911@example.org, study-team@example.org,              5, Survey reminder, p0911@example.org, 2025-10-20T03:54:41Z
2fabcd40-a76d-4a01-9f18-0d9cbfb0eda2, P0912                , 33c1f4d2-6cf0-4ebb-b9fc-f2edc0451968, Reminder , 24H_SURVEY_REMINDER_1 , p0912@example.org, study-team@example.org,              3, Survey reminder, p0912@example.org, 2025-03-24T00:32:28Z
2fabcd40-a76d-4a01-9f18-0d9cbfb0eda2, P0912                , 5f74aa1f-1c4e-49d8-8a80-f2dd30d9849f, Reminder , 24H_SURVEY_REMINDER_2 , p0912@example.org, study-team@example.org,              2, Survey reminder, p0912@example.org, 2025-03-25T00:32:28Z
28424d42-1be4-4697-847c-b581aee3f85f, P0913                , bafbb5a6-0860-4a3e-85f4-d97546b2fa7c, Reminder , 7D_SURVEY_REMINDER_1  , p0913@example.org, study-team@example.org,              1, Survey reminder, p0913@example.org, 2025-06-22T08:02:30Z
28424d42-1be4-4697-847c-b581aee3f85f, P0913                , bcb96cc7-b0ba-48dc-80c3-df865a41ad3a, Reminder , 1M_SURVEY_REMINDER_1  , p0913@example.org, study-team@example.org,              5, Survey reminder, p0913@example.org, 2025-07-15T08:02:30Z
28424d42-1be4-4697-847c-b581aee3f85f, P0913                , 59b93c4a-c0fb-4960-8724-c02ec8873de4, Reminder , 1M_SURVEY_REMINDER_2  , p0913@example.org, study-team@example.org,              3, Survey reminder, p0913@example.org, 2025-07-16T08:02:30Z
28424d42-1be4-4697-847c-b581aee3f85f, P0913                , 0e2d70b7-0d7c-4cfc-9ae7-32e9a5064d80, Reminder , 1M_SURVEY_REMINDER_3  , p0913@example.org, study-team@example.org,              3, Survey reminder, p0913@example.org, 2025-07-17T08:02:30Z
28424d42-1be4-4697-847c-b581aee3f85f, P0913                , fb3d12e3-e208-4ff2-8dfd-5e4d62a3387a, Reminder , 3M_SURVEY_REMINDER_1  , p0913@example.org, study-team@example.org,              5, Survey reminder, p0913@example.org, 2025-09-13T08:02:30Z
28424d42-1be4-4697-847c-b581aee3f85f, P0913                , 23ca8277-c31b-4d33-b0d6-77100620737d, Reminder , 3M_SURVEY_REMINDER_2  , p0913@example.org, study-team@example.org,              4, Survey reminder, p0913@example.org, 2025-09-14T08:02:30Z
28424d42-1be4-4697-847c-b581aee3f85f, P0913                , 8da69792-ca73-46e5-8e4f-6c5aad65ee19, Reminder , 3M_SURVEY_REMINDER_3  , p0913@example.org, study-team@example.org,              5, Survey reminder, p0913@example.org, 2025-09-15T08:02:30Z
e663d1a3-d046-4355-8190-58e51ff95bfb, P0915                , 0147145b-6c68-4945-a92c-f4ef69d73c64, Reminder , 1M_SURVEY_REMINDER_1  , p0915@example.org, study-team@example.org,              4, Survey reminder, p0915@example.org, 2025-10-10T05:54:23Z
e663d1a3-d046-4355-8190-58e51ff95bfb, P0915                , ce1628f8-f16b-4561-9ac9-119921363229, Reminder , 3M_SURVEY_REMINDER_1  , p0915@example.org, study-team@example.org,              4, Survey reminder, p0915@example.org, 2025-12-09T06:54:23Z
e663d1a3-d046-4355-8190-58e51ff95bfb, P0915                , cd12263d-6582-47bf-a0e4-5f7e38f2ae0a, Reminder , 4_6M_SURVEY_REMINDER_1, p0915@example.org, study-team@example.org,              4, Survey reminder, p0915@example.org, 2026-02-12T06:54:23Z
e663d1a3-d046-4355-8190-58e51ff95bfb, P0915                , f423ba0c-5bc1-4579-b30c-0b2b42436398, Reminder , 4_6M_SURVEY_REMINDER_2, p0915@example.org, study-team@example.org,              4, Survey reminder, p0915@example.org, 2026-02-13T06:54:23Z
a9132e18-af04-4fb7-ba13-af68501f45ad, P0916                , 226c5b29-0bb9-4889-9844-d25f8a4e1918, Reminder , 24H_SURVEY_REMINDER_1 , p0916@example.org, study-team@example.org,              1, Survey reminder, p0916@example.org, 2025-05-09T19:59:00Z
a9132e18-af04-4fb7-ba13-af68501f45ad, P0916                , 05b84654-a43c-4d24-a45f-88aade5aa0f6, Reminder , 24H_SURVEY_REMINDER_2 , p0916@example.org, study-team@example.org,              2, Survey reminder, p0916@example.org, 2025-05-10T19:59:00Z
a9132e18-af04-4fb7-ba13-af68501f45ad, P0916                , 42432b38-454a-4820-a7fd-db2b61fba04f, Reminder , 24H_SURVEY_REMINDER_3 , p0916@example.org, study-team@example.org,              4, Survey reminder, p0916@example.org, 2025-05-11T19:59:00Z
a9132e18-af04-4fb7-ba13-af68501f45ad, P0916                , a564a71c-5868-4b31-93b8-4ac37809f62f, Reminder , 7D_SURVEY_REMINDER_1  , p0916@example.org, study-team@example.org,              1, Survey reminder, p0916@example.org, 2025-05-16T19:59:00Z
a9132e18-af04-4fb7-ba13-af68501f45ad, P0916                , 308220b3-d0a7-4e3c-9d96-803b83572284, Reminder , 4_6M_SURVEY_REMINDER_1, p0916@example.org, study-team@example.org,              4, Survey reminder, p0916@example.org, 2025-09-20T19:59:00Z
a9132e18-af04-4fb7-ba13-af68501f45ad, P0916                , a758d315-3df4-4ac4-913c-62b7349d1d72, Reminder , 4_6M_SURVEY_REMINDER_2, p0916@example.org, study-team@example.org,              3, Survey reminder, p0916@example.org, 2025-09-21T19:59:00Z
2ad4fbfa-af54-4e71-a024-1db71b16374d, P0917                , 091c6c76-2359-4e6e-9864-afc3c6135179, Reminder , 24H_SURVEY_REMINDER_1 , p0917@example.org, study-team@example.org,              2, Survey reminder, p0917@example.org, 2025-01-24T20:32:29Z
2ad4fbfa-af54-4e71-a024-1db71b16374d, P0917                , 13f04195-b5ea-45d3-be89-b2959f3687e9, Reminder , 7D_SURVEY_REMINDER_1  , p0917@example.org, study-team@example.org,              4, Survey reminder, p0917@example.org, 2025-01-31T20:32:29Z
2ad4fbfa-af54-4e71-a024-1db71b16374d, P0917                , 745a303a-74e0-47e4-952c-d2190fb52638, Reminder , 7D_SURVEY_REMINDER_2  , p0917@example.org, study-team@example.org,              5, Survey reminder, p0917@example.org, 2025-02-01T20:32:29Z
14afefa4-4a12-4fd4-9afc-c9d0a4a2459c, P0918                , f0f20145-4ac7-4a84-ba96-9deeb121064c, Reminder , 7D_SURVEY_REMINDER_1  , p0918@example.org, study-team@example.org,              5, Survey reminder, p0918@example.org, 2026-01-01T22:58:27Z
02369944-b3b4-47d4-8d5d-d6c070cacb5c, P0920                , 7c9a8916-ba4d-4df9-a806-33375a1c263d, Reminder , 1M_SURVEY_REMINDER_1  , p0920@example.org, study-team@example.org,              2, Survey reminder, p0920@example.org, 2025-11-08T21:14:31Z
02369944-b3b4-47d4-8d5d-d6c070cacb5c, P0920                , 10d6182b-c137-47c6-975b-1000cdd1c98a, Reminder , 1M_SURVEY_REMINDER_2  , p0920@example.org, study-team@example.org,              2, Survey reminder, p0920@example.org, 2025-11-09T21:14:31Z
02369944-b3b4-47d4-8d5d-d6c070cacb5c, P0920                , 54383d4c-d85e-4a6f-be7a-74ff6a73071e, Reminder , 1M_SURVEY_REMINDER_3  , p0920@example.org, study-team@example.org,              3, Survey reminder, p0920@example.org, 2025-11-10T21:14:31Z
02369944-b3b4-47d4-8d5d-d6c070cacb5c, P0920                , e907a694-d1c0-456f-b7c3-3f89344697db, Reminder , 4_6M_SURVEY_REMINDER_1, p0920@example.org, study-team@example.org,              5, Survey reminder, p0920@example.org, 2026-02-17T21:14:31Z
c642785b-aae7-4c2b-aaff-937d1715d791, P0921                , 8b9f41e2-d615-4944-ae5a-729c590166af, Reminder , 7D_SURVEY_REMINDER_1  , p0921@example.org, study-team@example.org,              5, Survey reminder, p0921@example.org, 2025-03-16T16:12:02Z
c642785b-aae7-4c2b-aaff-937d1715d791, P0921                , 4bdd6c41-027f-4862-9751-d8010aea5c59, Reminder , 7D_SURVEY_REMINDER_2  , p0921@example.org, study-team@example.org,              2, Survey reminder, p0921@example.org, 2025-03-17T16:12:02Z
c642785b-aae7-4c2b-aaff-937d1715d791, P0921                , 2946f974-1d03-41fb-b900-8f10e89b2119, Reminder , 1M_SURVEY_REMINDER_1  , p0921@example.org, study-team@example.org,              2, Survey reminder, p0921@example.org, 2025-04-08T16:12:02Z
c642785b-aae7-4c2b-aaff-937d1715d791, P0921                , 5be5c392-aee2-434b-abab-33ffe9856f36, Reminder , 4_6M_SURVEY_REMINDER_1, p0921@example.org, study-team@example.org,              5, Survey reminder, p0921@example.org, 2025-08-03T16:12:02Z
c642785b-aae7-4c2b-aaff-937d1715d791, P0921                , 930ee2b2-f3e2-407c-8a88-b712246ed9a9, Reminder , 4_6M_SURVEY_REMINDER_2, p0921@example.org, study-team@example.org,              2, Survey reminder, p0921@example.org, 2025-08-04T16:12:02Z
4a397cff-72ab-47e3-a868-30bf3ce5bdfe, P0922                , 5008ec02-0a88-4de3-9922-4bcdf10e8fd6, Reminder , 4_6M_SURVEY_REMINDER_1, p0922@example.org, study-team@example.org,              1, Survey reminder, p0922@example.org, 2025-06-15T14:01:08Z
4a397cff-72ab-47e3-a868-30bf3ce5bdfe, P0922                , 42dbb5e8-585d-47af-b8a9-b8c33a876c8d, Reminder , 4_6M_SURVEY_REMINDER_2, p0922@example.org, study-team@example.org,              5, Survey reminder, p0922@example.org, 2025-06-16T14:01:08Z
4a397cff-72ab-47e3-a868-30bf3ce5bdfe, P0922                , 8d1f758f-01d2-483d-a9ab-3125d47b8282, Reminder , 4_6M_SURVEY_REMINDER_3, p0922@example.org, study-team@example.org,              1, Survey reminder, p0922@example.org, 2025-06-17T14:01:08Z
3e9463c9-5142-4a23-a571-ec360f7343d0, P0923                , dddb04f4-9fbb-45b7-8cf6-6c7d1de61d81, Reminder , 24H_SURVEY_REMINDER_1 , p0923@example.org, study-team@example.org,              3, Survey reminder, p0923@example.org, 2025-04-15T05:08:24Z
3e9463c9-5142-4a23-a571-ec360f7343d0, P0923                , 20bf3864-52bf-40f3-9012-97baa6dc27f3, Reminder , 24H_SURVEY_REMINDER_2 , p0923@example.org, study-team@example.org,              1, Survey reminder, p0923@example.org, 2025-04-16T05:08:24Z
3e9463c9-5142-4a23-a571-ec360f7343d0, P0923                , 864334d1-2867-47e0-bab0-e32f8a4ea2ad, Reminder , 24H_SURVEY_REMINDER_3 , p0923@example.org, study-team@example.org,              1, Survey reminder, p0923@example.org, 2025-04-17T05:08:24Z
3e9463c9-5142-4a23-a571-ec360f7343d0, P0923                , c29c4c06-2a67-420c-abc9-5bd67d6ddf12, Reminder , 1M_SURVEY_REMINDER_1  , p0923@example.org, study-team@example.org,              4, Survey reminder, p0923@example.org, 2025-05-15T05:08:24Z
3e9463c9-5142-4a23-a571-ec360f7343d0, P0923                , 3cbc4547-299c-45cb-a79d-4813fabec5b0, Reminder , 4_6M_SURVEY_REMINDER_1, p0923@example.org, study-team@example.org,              3, Survey reminder, p0923@example.org, 2025-09-18T05:08:24Z
3e9463c9-5142-4a23-a571-ec360f7343d0, P0923                , def66f27-384c-4ca5-a624-d4690954b7eb, Reminder , 4_6M_SURVEY_REMINDER_2, p0923@example.org, study-team@example.org,              1, Survey reminder, p0923@example.org, 2025-09-19T05:08:24Z
8a19478c-58ad-482a-81c0-bdc4eea55770, P0924                , 9d68929a-19ec-44a6-abf6-c80448ca8c31, Reminder , 1M_SURVEY_REMINDER_1  , p0924@example.org, study-team@example.org,              3, Survey reminder, p0924@example.org, 2025-09-05T13:32:01Z
8a19478c-58ad-482a-81c0-bdc4eea55770, P0924                , 89f8bf51-c683-4019-b116-0c4b006cae67, Reminder , 1M_SURVEY_REMINDER_2  , p0924@example.org, study-team@example.org,              2, Survey reminder, p0924@example.org, 2025-09-06T13:32:01Z
8a19478c-58ad-482a-81c0-bdc4eea55770, P0924                , 6a5637ae-7d4d-4795-88c6-2a754224d969, Reminder , 1M_SURVEY_REMINDER_3  , p0924@example.org, study-team@example.org,              2, Survey reminder, p0924@example.org, 2025-09-07T13:32:01Z
8a19478c-58ad-482a-81c0-bdc4eea55770, P0924                , 7f155718-b74c-48fe-9cdf-d3600e6dbef9, Reminder , 4_6M_SURVEY_REMINDER_1, p0924@example.org, study-team@example.org,              3, Survey reminder, p0924@example.org, 2026-02-02T14:32:01Z
8a19478c-58ad-482a-81c0-bdc4eea55770, P0924                , 7249aba0-d074-41eb-87cf-d54b30b2a639, Reminder , 4_6M_SURVEY_REMINDER_2, p0924@example.org, study-team@example.org,              2, Survey reminder, p0924@example.org, 2026-02-03T14:32:01Z
1b47c784-8bb6-4fe1-80c0-daa5fbb39826, P0927                , 5b9466a7-c0e6-4f4f-8eac-7b2acc586bc1, Reminder , 7D_SURVEY_REMINDER_1  , p0927@example.org, study-team@example.org,              1, Survey reminder, p0927@example.org, 2025-02-28T06:16:51Z
1b47c784-8bb6-4fe1-80c0-daa5fbb39826, P0927                , c9e2d71a-1681-462f-82c5-54b102403fbd, Reminder , 3M_SURVEY_REMINDER_1  , p0927@example.org, study-team@example.org,              3, Survey reminder, p0927@example.org, 2025-05-22T05:16:51Z
31a1a18b-986a-427b-9e8f-62315bc83c9f, P0929                , d69767c9-50ec-459a-8f69-aa445b44b5a1, Reminder , 7D_SURVEY_REMINDER_1  , p0929@example.org, study-team@example.org,              1, Survey reminder, p0929@example.org, 2025-08-21T08:13:35Z
31a1a18b-986a-427b-9e8f-62315bc83c9f, P0929                , ddcf1485-06ac-4943-a58e-55495899fb4c, Reminder , 7D_SURVEY_REMINDER_2  , p0929@example.org, study-team@example.org,              3, Survey reminder, p0929@example.org, 2025-08-22T08:13:35Z
31a1a18b-986a-427b-9e8f-62315bc83c9f, P0929                , d02ef082-df89-42f5-9345-0875f4b88f6c, Reminder , 4_6M_SURVEY_REMINDER_1, p0929@example.org, study-team@example.org,              5, Survey reminder, p0929@example.org, 2026-02-04T09:13:35Z
de9b832b-77cb-4366-8994-26d8aa6dd744, P0930                , ced593f3-5b0a-44d4-9091-0c6f29248c8f, Reminder , 1M_SURVEY_REMINDER_1  , p0930@example.org, study-team@example.org,              1, Survey reminder, p0930@example.org, 2025-10-08T17:56:28Z
bc7ff39e-effe-472e-bcd7-b1a63456f8ee, P0931                , 3df9216d-3159-47b7-9061-0e2a44736cff, Reminder , 1M_SURVEY_REMINDER_1  , p0931@example.org, study-team@example.org,              4, Survey reminder, p0931@example.org, 2025-09-26T01:34:33Z
9aa13ea1-a804-4220-86dc-5d2ff5b19058, P0933                , b8b97d6f-2b99-4e70-9936-5c6a5f3d389d, Reminder , 24H_SURVEY_REMINDER_1 , p0933@example.org, study-team@example.org,              2, Survey reminder, p0933@example.org, 2025-11-21T00:24:11Z
9aa13ea1-a804-4220-86dc-5d2ff5b19058, P0933                , e3dbfd9a-0981-43a4-8f9f-34cdb66936db, Reminder , 24H_SURVEY_REMINDER_2 , p0933@example.org, study-team@example.org,              3, Survey reminder, p0933@example.org, 2025-11-22T00:24:11Z
9aa13ea1-a804-4220-86dc-5d2ff5b19058, P0933                , 2547226d-87f9-4278-a4c6-4543ff407271, Reminder , 7D_SURVEY_REMINDER_1  , p0933@example.org, study-team@example.org,              2, Survey reminder, p0933@example.org, 2025-11-28T00:24:11Z
9aa13ea1-a804-4220-86dc-5d2ff5b19058, P0933                , 83823ff8-a1eb-4d5c-9eb2-3f8f01f01069, Reminder , 4_6M_SURVEY_REMINDER_1, p0933@example.org, study-team@example.org,              3, Survey reminder, p0933@example.org, 2026-03-31T23:24:11Z
9aa13ea1-a804-4220-86dc-5d2ff5b19058, P0933                , 65dbde94-9e46-439c-8441-aec7bac4ba67, Reminder , 4_6M_SURVEY_REMINDER_2, p0933@example.org, study-team@example.org,              2, Survey reminder, p0933@example.org, 2026-04-01T23:24:11Z
9aa13ea1-a804-4220-86dc-5d2ff5b19058, P0933                , 8df107e6-4e28-4d78-9734-d57a8bec074e, Reminder , 4_6M_SURVEY_REMINDER_3, p0933@example.org, study-team@example.org,              4, Survey reminder, p0933@example.org, 2026-04-02T23:24:11Z
b34030b1-d9f6-4942-bdaf-dd8e1e306a98, P0934                , 99d5ae72-f52d-400f-8b6d-625b66842550, Reminder , 24H_SURVEY_REMINDER_1 , p0934@example.org, study-team@example.org,              5, Survey reminder, p0934@example.org, 2025-10-30T17:22:12Z
b34030b1-d9f6-4942-bdaf-dd8e1e306a98, P0934                , fd3b5cb3-ec5f-4a3d-a952-e4c9bd8963e9, Reminder , 24H_SURVEY_REMINDER_2 , p0934@example.org, study-team@example.org,              1, Survey reminder, p0934@example.org, 2025-10-31T17:22:12Z
b34030b1-d9f6-4942-bdaf-dd8e1e306a98, P0934                , 0a426463-64eb-483b-8ac9-5f5a88b82b3e, Reminder , 3M_SURVEY_REMINDER_1  , p0934@example.org, study-team@example.org,              5, Survey reminder, p0934@example.org, 2026-01-28T18:22:12Z
c35d9471-2f4b-4be3-a410-dbc1ba19f770, P0935                , 3567b45b-5b89-4142-b899-8da2c7da52c7, Reminder , 7D_SURVEY_REMINDER_1  , p0935@example.org, study-team@example.org,              3, Survey reminder, p0935@example.org, 2025-11-16T01:01:41Z
c35d9471-2f4b-4be3-a410-dbc1ba19f770, P0935                , 06e2949d-9932-47a0-a2b0-6c41e9d1f78e, Reminder , 1M_SURVEY_REMINDER_1  , p0935@example.org, study-team@example.org,              2, Survey reminder, p0935@example.org, 2025-12-09T01:01:41Z
c35d9471-2f4b-4be3-a410-dbc1ba19f770, P0935                , d22a9829-1caf-46b0-8601-53e30623f04a, Reminder , 1M_SURVEY_REMINDER_2  , p0935@example.org, study-team@example.org,              1, Survey reminder, p0935@example.org, 2025-12-10T01:01:41Z
c35d9471-2f4b-4be3-a410-dbc1ba19f770, P0935                , 28914659-9a49-4a58-b549-5e8fb0388845, Reminder , 1M_SURVEY_REMINDER_3  , p0935@example.org, study-team@example.org,              5, Survey reminder, p0935@example.org, 2025-12-11T01:01:41Z
c35d9471-2f4b-4be3-a410-dbc1ba19f770, P0935                , d939f22d-e01e-4c0f-a164-9cbfdd4ada6d, Reminder , 3M_SURVEY_REMINDER_1  , p0935@example.org, study-team@example.org,              1, Survey reminder, p0935@example.org, 2026-02-07T01:01:41Z
5f9dce88-d989-4533-b3be-b6b503a4a80f, P0936                , c866ff9d-7a96-41ae-992a-3c32ea4cdece, Reminder , 7D_SURVEY_REMINDER_1  , p0936@example.org, study-team@example.org,              3, Survey reminder, p0936@example.org, 2025-07-12T08:06:59Z
5f9dce88-d989-4533-b3be-b6b503a4a80f, P0936                , 2e93d845-2806-410e-a411-a55538e3f6ca, Reminder , 4_6M_SURVEY_REMINDER_1, p0936@example.org, study-team@example.org,              3, Survey reminder, p0936@example.org, 2025-12-12T09:06:59Z
46b669d9-744c-49ff-a858-27c90d87ce5f, P0937                , b0de7b57-799b-4cdc-98c7-ddc4b27de92b, Reminder , 1M_SURVEY_REMINDER_1  , p0937@example.org, study-team@example.org,              5, Survey reminder, p0937@example.org, 2025-12-28T03:59:25Z
46b669d9-744c-49ff-a858-27c90d87ce5f, P0937                , 527b9af6-19cf-4c76-b310-e18306713e6b, Reminder , 1M_SURVEY_REMINDER_2  , p0937@example.org, study-team@example.org,              2, Survey reminder, p0937@example.org, 2025-12-29T03:59:25Z
46b669d9-744c-49ff-a858-27c90d87ce5f, P0937                , 003fd8cf-a68a-440b-8645-ba3faaea8a6b, Reminder , 1M_SURVEY_REMINDER_3  , p0937@example.org, study-team@example.org,              4, Survey reminder, p0937@example.org, 2025-12-30T03:59:25Z
1e2d523a-5d8e-4560-8b66-1117dafc4b2b, P0938                , 386d6278-9765-41ca-bece-9e39b6c0c111, Reminder , 7D_SURVEY_REMINDER_1  , p0938@example.org, study-team@example.org,              5, Survey reminder, p0938@example.org, 2025-12-19T20:48:39Z
1e2d523a-5d8e-4560-8b66-1117dafc4b2b, P0938                , 83cd085e-2558-4ea7-8537-e0d6a987425b, Reminder , 7D_SURVEY_REMINDER_2  , p0938@example.org, study-team@example.org,              2, Survey reminder, p0938@example.org, 2025-12-20T20:48:39Z
de21145d-757e-4708-9dba-a70b4f5039c9, P0939                , 2b79584f-72d2-4295-8e33-05509db88be9, Reminder , 24H_SURVEY_REMINDER_1 , p0939@example.org, study-team@example.org,              1, Survey reminder, p0939@example.org, 2025-07-08T01:07:39Z
de21145d-757e-4708-9dba-a70b4f5039c9, P0939                , e7981d28-bac3-4622-8441-927280900d7e, Reminder , 24H_SURVEY_REMINDER_2 , p0939@example.org, study-team@example.org,              3, Survey reminder, p0939@example.org, 2025-07-09T01:07:39Z
a13cb607-e567-421c-9fbb-620173949c8f, P0941                , 0b2b305f-d613-4ee8-b1c0-a1c357248c04, Reminder , 24H_SURVEY_REMINDER_1 , p0941@example.org, study-team@example.org,              5, Survey reminder, p0941@example.org, 2025-01-06T02:33:49Z
a13cb607-e567-421c-9fbb-620173949c8f, P0941                , 27c34ed8-7b2c-4192-8566-30b54e7116cf, Reminder , 1M_SURVEY_REMINDER_1  , p0941@example.org, study-team@example.org,              3, Survey reminder, p0941@example.org, 2025-02-05T02:33:49Z
a13cb607-e567-421c-9fbb-620173949c8f, P0941                , 0217520f-f6ec-4796-8c82-4c86fdc96598, Reminder , 1M_SURVEY_REMINDER_2  , p0941@example.org, study-team@example.org,              5, Survey reminder, p0941@example.org, 2025-02-06T02:33:49Z
4bd8b788-b167-414a-91ae-7238fe4bd1ad, P0942                , e31dcd15-7c41-4cd0-af64-a23cb94f068c, Reminder , 24H_SURVEY_REMINDER_1 , p0942@example.org, study-team@example.org,              4, Survey reminder, p0942@example.org, 2025-01-16T02:29:32Z
4bd8b788-b167-414a-91ae-7238fe4bd1ad, P0942                , 60a7a8a0-5379-4e09-8ed7-8ee28d57baed, Reminder , 24H_SURVEY_REMINDER_2 , p0942@example.org, study-team@example.org,              4, Survey reminder, p0942@example.org, 2025-01-17T02:29:32Z
4bd8b788-b167-414a-91ae-7238fe4bd1ad, P0942                , 1c23a619-7948-4f61-8633-d0ccf264ddbe, Reminder , 24H_SURVEY_REMINDER_3 , p0942@example.org, study-team@example.org,              3, Survey reminder, p0942@example.org, 2025-01-18T02:29:32Z
4bd8b788-b167-414a-91ae-7238fe4bd1ad, P0942                , 7072a449-680f-483d-b27f-059c6ebba5a0, Reminder , 3M_SURVEY_REMINDER_1  , p0942@example.org, study-team@example.org,              4, Survey reminder, p0942@example.org, 2025-04-16T01:29:32Z
4bd8b788-b167-414a-91ae-7238fe4bd1ad, P0942                , 8ef0c359-510e-47ec-9c7e-90d4aed4d77c, Reminder , 4_6M_SURVEY_REMINDER_1, p0942@example.org, study-team@example.org,              1, Survey reminder, p0942@example.org, 2025-05-20T01:29:32Z
4bd8b788-b167-414a-91ae-7238fe4bd1ad, P0942                , 68cb9605-dc43-4fde-9222-8aa25798ce96, Reminder , 4_6M_SURVEY_REMINDER_2, p0942@example.org, study-team@example.org,              3, Survey reminder, p0942@example.org, 2025-05-21T01:29:32Z
7c4b426b-5e48-40b7-b8c2-3535c766843a, P0943                , f51820d0-0be6-49f7-a8ce-6bccd316b75f, Reminder , 1M_SURVEY_REMINDER_1  , p0943@example.org, study-team@example.org,              4, Survey reminder, p0943@example.org, 2025-11-21T15:16:37Z
7c4b426b-5e48-40b7-b8c2-3535c766843a, P0943                , c1f7e904-f777-45f3-915d-c834619442ef, Reminder , 4_6M_SURVEY_REMINDER_1, p0943@example.org, study-team@example.org,              3, Survey reminder, p0943@example.org, 2026-02-19T15:16:37Z
7c4b426b-5e48-40b7-b8c2-3535c766843a, P0943                , 2798f701-3630-462b-b4ab-65b27f983555, Reminder , 4_6M_SURVEY_REMINDER_2, p0943@example.org, study-team@example.org,              1, Survey reminder, p0943@example.org, 2026-02-20T15:16:37Z
7c4b426b-5e48-40b7-b8c2-3535c766843a, P0943                , 37c64833-dcb8-494e-8c86-331e29cb55a3, Reminder , 4_6M_SURVEY_REMINDER_3, p0943@example.org, study-team@example.org,              1, Survey reminder, p0943@example.org, 2026-02-21T15:16:37Z
61d33161-f99f-49c2-9536-12280b6adba1, P0944                , a44a1b2b-39e4-48dc-9518-14a200388388, Reminder , 7D_SURVEY_REMINDER_1  , p0944@example.org, study-team@example.org,              1, Survey reminder, p0944@example.org, 2025-04-03T21:21:20Z
61d33161-f99f-49c2-9536-12280b6adba1, P0944                , 2de6a6ba-9c5a-433f-8d89-4c8cf58c7ae2, Reminder , 7D_SURVEY_REMINDER_2  , p0944@example.org, study-team@example.org,              5, Survey reminder, p0944@example.org, 2025-04-04T21:21:20Z
61d33161-f99f-49c2-9536-12280b6adba1, P0944                , 64edf100-29bc-44c0-a5ca-4494cee5d5ce, Reminder , 1M_SURVEY_REMINDER_1  , p0944@example.org, study-team@example.org,              3, Survey reminder, p0944@example.org, 2025-04-26T21:21:20Z
61d33161-f99f-49c2-9536-12280b6adba1, P0944                , 14fe7efc-f01e-4b7a-b76f-c04e66d6eb0c, Reminder , 1M_SURVEY_REMINDER_2  , p0944@example.org, study-team@example.org,              3, Survey reminder, p0944@example.org, 2025-04-27T21:21:20Z
2e9720ac-9e30-475d-afcb-c96c40d0efa5, P0945                , 612a4341-e86f-4331-ae61-98fd3d035cac, Reminder , 24H_SURVEY_REMINDER_1 , p0945@example.org, study-team@example.org,              2, Survey reminder, p0945@example.org, 2025-09-05T14:28:32Z
2e9720ac-9e30-475d-afcb-c96c40d0efa5, P0945                , 53a9935f-1148-4229-9adf-2eaf6d7a1015, Reminder , 3M_SURVEY_REMINDER_1  , p0945@example.org, study-team@example.org,              1, Survey reminder, p0945@example.org, 2025-12-04T15:28:32Z
77c705d5-55bd-4ea9-afb3-b73b690ed9c6, P0946                , d6cce226-2a90-422c-9a6a-75ec7324ead7, Reminder , 3M_SURVEY_REMINDER_1  , p0946@example.org, study-team@example.org,              4, Survey reminder, p0946@example.org, 2025-05-18T10:19:12Z
77c705d5-55bd-4ea9-afb3-b73b690ed9c6, P0946                , 1c09720c-5ec2-46f5-ada0-3e795a1f95e8, Reminder , 3M_SURVEY_REMINDER_2  , p0946@example.org, study-team@example.org,              3, Survey reminder, p0946@example.org, 2025-05-19T10:19:12Z
77c705d5-55bd-4ea9-afb3-b73b690ed9c6, P0946                , 53290355-b24d-4518-b3ac-916e13108431, Reminder , 3M_SURVEY_REMINDER_3  , p0946@example.org, study-team@example.org,              2, Survey reminder, p0946@example.org, 2025-05-20T10:19:12Z
36139fdd-6a2b-4636-a86a-f9f9f9b697a2, P0947                , fc944368-747d-416c-a4bb-ab6c9f8ad0f1, Reminder , 24H_SURVEY_REMINDER_1 , p0947@example.org, study-team@example.org,              4, Survey reminder, p0947@example.org, 2025-09-15T01:57:36Z
36139fdd-6a2b-4636-a86a-f9f9f9b697a2, P0947                , 0e213dfe-ff04-4ab9-b158-677b0bc237fa, Reminder , 24H_SURVEY_REMINDER_2 , p0947@example.org, study-team@example.org,              3, Survey reminder, p0947@example.org, 2025-09-16T01:57:36Z
36139fdd-6a2b-4636-a86a-f9f9f9b697a2, P0947                , 81a1cf7f-80cd-4f8c-94ec-38126c360c51, Reminder , 7D_SURVEY_REMINDER_1  , p0947@example.org, study-team@example.org,              2, Survey reminder, p0947@example.org, 2025-09-22T01:57:36Z
36139fdd-6a2b-4636-a86a-f9f9f9b697a2, P0947                , fc2ad78d-9785-4adb-a6a4-d3a871bad3a3, Reminder , 7D_SURVEY_REMINDER_2  , p0947@example.org, study-team@example.org,              3, Survey reminder, p0947@example.org, 2025-09-23T01:57:36Z
36139fdd-6a2b-4636-a86a-f9f9f9b697a2, P0947                , d9eec416-a234-4cf0-91b2-a1ff0a4abc55, Reminder , 7D_SURVEY_REMINDER_3  , p0947@example.org, study-team@example.org,              4, Survey reminder, p0947@example.org, 2025-09-24T01:57:36Z
1ae16eff-580b-4830-b621-c7a4287e2ec2, P0948                , 33d14f19-3880-4e54-a4b1-71ea28201460, Reminder , 24H_SURVEY_REMINDER_1 , p0948@example.org, study-team@example.org,              1, Survey reminder, p0948@example.org, 2025-11-28T09:13:12Z
1ae16eff-580b-4830-b621-c7a4287e2ec2, P0948                , de9e0462-5847-4578-8e03-81900ef31fa0, Reminder , 24H_SURVEY_REMINDER_2 , p0948@example.org, study-team@example.org,              2, Survey reminder, p0948@example.org, 2025-11-29T09:13:12Z
1ae16eff-580b-4830-b621-c7a4287e2ec2, P0948                , 2a67c921-4482-437b-8086-a60b9a774ff3, Reminder , 24H_SURVEY_REMINDER_3 , p0948@example.org, study-team@example.org,              1, Survey reminder, p0948@example.org, 2025-11-30T09:13:12Z
1ae16eff-580b-4830-b621-c7a4287e2ec2, P0948                , b8fafb39-adc9-493c-a3e5-e7fcc532f271, Reminder , 7D_SURVEY_REMINDER_1  , p0948@example.org, study-team@example.org,              1, Survey reminder, p0948@example.org, 2025-12-05T09:13:12Z
1ae16eff-580b-4830-b621-c7a4287e2ec2, P0948                , cc8f5718-89e4-4a7d-aec5-dfd9e30a35a3, Reminder , 7D_SURVEY_REMINDER_2  , p0948@example.org, study-team@example.org,              2, Survey reminder, p0948@example.org, 2025-12-06T09:13:12Z
1ae16eff-580b-4830-b621-c7a4287e2ec2, P0948                , b824a28b-c01a-488b-a798-54156597c0ae, Reminder , 7D_SURVEY_REMINDER_3  , p0948@example.org, study-team@example.org,              1, Survey reminder, p0948@example.org, 2025-12-07T09:13:12Z
1ae16eff-580b-4830-b621-c7a4287e2ec2, P0948                , 60df6df9-7e2e-4776-83c9-ef7cebd7ea90, Reminder , 3M_SURVEY_REMINDER_1  , p0948@example.org, study-team@example.org,              5, Survey reminder, p0948@example.org, 2026-02-26T09:13:12Z
9a8dd391-4329-44cc-96dd-83a492b75ecf, P0949                , 57dbe12c-27d6-4daf-b6d7-73639ad49041, Reminder , 24H_SURVEY_REMINDER_1 , p0949@example.org, study-team@example.org,              1, Survey reminder, p0949@example.org, 2025-04-15T19:57:12Z
9a8dd391-4329-44cc-96dd-83a492b75ecf, P0949                , d6c7b8c5-a423-43db-8d5c-64dfbbd2ccb1, Reminder , 7D_SURVEY_REMINDER_1  , p0949@example.org, study-team@example.org,              3, Survey reminder, p0949@example.org, 2025-04-22T19:57:12Z
9a8dd391-4329-44cc-96dd-83a492b75ecf, P0949                , d21d983e-1958-4dcc-80a7-67e7eeb480fb, Reminder , 7D_SURVEY_REMINDER_2  , p0949@example.org, study-team@example.org,              4, Survey reminder, p0949@example.org, 2025-04-23T19:57:12Z
9a8dd391-4329-44cc-96dd-83a492b75ecf, P0949                , 476e8b26-17bc-466b-9e47-2996150695c8, Reminder , 4_6M_SURVEY_REMINDER_1, p0949@example.org, study-team@example.org,              2, Survey reminder, p0949@example.org, 2025-09-21T19:57:12Z
9a8dd391-4329-44cc-96dd-83a492b75ecf, P0949                , 060e379a-cabd-4445-bda9-a6df8cae606a, Reminder , 4_6M_SURVEY_REMINDER_2, p0949@example.org, study-team@example.org,              5, Survey reminder, p0949@example.org, 2025-09-22T19:57:12Z
9a8dd391-4329-44cc-96dd-83a492b75ecf, P0949                , b84c363c-9ed3-4935-b209-c95a369479bf, Reminder , 4_6M_SURVEY_REMINDER_3, p0949@example.org, study-team@example.org,              3, Survey reminder, p0949@example.org, 2025-09-23T19:57:12Z
49916c4c-deba-4838-a5f9-eb6d0252d233, P0950                , db23e872-bfe3-42f6-9acc-2e17b6c46510, Reminder , 7D_SURVEY_REMINDER_1  , p0950@example.org, study-team@example.org,              3, Survey reminder, p0950@example.org, 2025-05-15T08:16:06Z
49916c4c-deba-4838-a5f9-eb6d0252d233, P0950                , bcedd838-f2c5-4361-8a3a-ba66f89b96f8, Reminder , 7D_SURVEY_REMINDER_2  , p0950@example.org, study-team@example.org,              2, Survey reminder, p0950@example.org, 2025-05-16T08:16:06Z
49916c4c-deba-4838-a5f9-eb6d0252d233, P0950                , c1afa76d-7c50-4356-babd-97ce670b3de5, Reminder , 3M_SURVEY_REMINDER_1  , p0950@example.org, study-team@example.org,              1, Survey reminder, p0950@example.org, 2025-08-06T08:16:06Z
49916c4c-deba-4838-a5f9-eb6d0252d233, P0950                , 59696f30-9f56-4be3-8957-187fa9055169, Reminder , 4_6M_SURVEY_REMINDER_1, p0950@example.org, study-team@example.org,              2, Survey reminder, p0950@example.org, 2025-10-24T08:16:06Z
49916c4c-deba-4838-a5f9-eb6d0252d233, P0950                , 4508e3c2-5354-4d54-a953-2ee47801e0f3, Reminder , 4_6M_SURVEY_REMINDER_2, p0950@example.org, study-team@example.org,              3, Survey reminder, p0950@example.org, 2025-10-25T08:16:06Z
cae02332-b813-4d76-aedc-c2119e0a4400, P0951                , d68ea105-c508-458b-b0dc-0c8698515be7, Reminder , 24H_SURVEY_REMINDER_1 , p0951@example.org, study-team@example.org,              5, Survey reminder, p0951@example.org, 2025-01-08T10:48:18Z
cae02332-b813-4d76-aedc-c2119e0a4400, P0951                , 4cf1fc03-d5f3-4f92-a31a-d749bcca9dce, Reminder , 24H_SURVEY_REMINDER_2 , p0951@example.org, study-team@example.org,              4, Survey reminder, p0951@example.org, 2025-01-09T10:48:18Z
cae02332-b813-4d76-aedc-c2119e0a4400, P0951                , 0b7fd20d-3ff3-47b6-a465-bda9614f0bb7, Reminder , 1M_SURVEY_REMINDER_1  , p0951@example.org, study-team@example.org,              4, Survey reminder, p0951@example.org, 2025-02-07T10:48:18Z
cae02332-b813-4d76-aedc-c2119e0a4400, P0951                , 672b520b-0cb6-4a3b-828f-346aa9687cb6, Reminder , 1M_SURVEY_REMINDER_2  , p0951@example.org, study-team@example.org,              4, Survey reminder, p0951@example.org, 2025-02-08T10:48:18Z
cae02332-b813-4d76-aedc-c2119e0a4400, P0951                , 90d17587-60de-4915-8931-31bd4edfde2b, Reminder , 1M_SURVEY_REMINDER_3  , p0951@example.org, study-team@example.org,              2, Survey reminder, p0951@example.org, 2025-02-09T10:48:18Z
202e10b6-a531-4035-b42d-8c49b9a87735, P0952                , b9c68abe-2528-4f9e-a308-bdc42f979860, Reminder , 1M_SURVEY_REMINDER_1  , p0952@example.org, study-team@example.org,              1, Survey reminder, p0952@example.org, 2025-11-30T08:59:38Z
202e10b6-a531-4035-b42d-8c49b9a87735, P0952                , 96870e6e-8d99-4beb-a223-454f49d7fb7f, Reminder , 1M_SURVEY_REMINDER_2  , p0952@example.org, study-team@example.org,              3, Survey reminder, p0952@example.org, 2025-12-01T08:59:38Z
202e10b6-a531-4035-b42d-8c49b9a87735, P0952                , fe67f68a-d349-4a8a-b60c-4ef36113cd67, Reminder , 1M_SURVEY_REMINDER_3  , p0952@example.org, study-team@example.org,              2, Survey reminder, p0952@example.org, 2025-12-02T08:59:38Z
fcb189e9-6b19-4945-a43e-79ee1e574955, P0953                , 13dd1d57-3f3d-4b19-b2f0-68cd139a2bc7, Reminder , 24H_SURVEY_REMINDER_1 , p0953@example.org, study-team@example.org,              1, Survey reminder, p0953@example.org, 2025-03-23T18:07:09Z
fcb189e9-6b19-4945-a43e-79ee1e574955, P0953                , 1b99a88d-e79b-4f7f-9f1f-0085954860d2, Reminder , 24H_SURVEY_REMINDER_2 , p0953@example.org, study-team@example.org,              4, Survey reminder, p0953@example.org, 2025-03-24T18:07:09Z
fcb189e9-6b19-4945-a43e-79ee1e574955, P0953                , 44494640-daea-45f7-aac0-0f3cfb46823f, Reminder , 7D_SURVEY_REMINDER_1  , p0953@example.org, study-team@example.org,              5, Survey reminder, p0953@example.org, 2025-03-30T18:07:09Z
fcb189e9-6b19-4945-a43e-79ee1e574955, P0953                , d6f09b96-8bac-4003-bcdc-d4fc0956b570, Reminder , 7D_SURVEY_REMINDER_2  , p0953@example.org, study-team@example.org,              4, Survey reminder, p0953@example.org, 2025-03-31T18:07:09Z
07d8e20f-d0cd-4e90-96d8-6de0f2a14889, P0954                , 16550bb5-e199-4034-8674-a1c83b9c8e12, Reminder , 1M_SURVEY_REMINDER_1  , p0954@example.org, study-team@example.org,              5, Survey reminder, p0954@example.org, 2025-12-04T15:17:01Z
ebe52f7e-a693-4bdd-a50c-31b172ee9326, P0955                , 7e04232e-cb64-4ab1-a937-6dd92e2ecd20, Reminder , 7D_SURVEY_REMINDER_1  , p0955@example.org, study-team@example.org,              4, Survey reminder, p0955@example.org, 2025-07-05T00:49:49Z
ebe52f7e-a693-4bdd-a50c-31b172ee9326, P0955                , 1ebdc86a-7dcf-4acd-b830-a50c4bba43f9, Reminder , 7D_SURVEY_REMINDER_2  , p0955@example.org, study-team@example.org,              2, Survey reminder, p0955@example.org, 2025-07-06T00:49:49Z
ebe52f7e-a693-4bdd-a50c-31b172ee9326, P0955                , 6a9d8c73-0593-4c75-8ee5-794efdaea022, Reminder , 7D_SURVEY_REMINDER_3  , p0955@example.org, study-team@example.org,              1, Survey reminder, p0955@example.org, 2025-07-07T00:49:49Z
ebe52f7e-a693-4bdd-a50c-31b172ee9326, P0955                , 1e6e242f-6334-4ed9-a6d2-982c5793b40f, Reminder , 1M_SURVEY_REMINDER_1  , p0955@example.org, study-team@example.org,              2, Survey reminder, p0955@example.org, 2025-07-28T00:49:49Z
600c479c-89a1-464d-875c-4806ab83cf2c, P0956                , 0443f391-41ae-43a5-803e-550c1d45c41f, Reminder , 24H_SURVEY_REMINDER_1 , p0956@example.org, study-team@example.org,              1, Survey reminder, p0956@example.org, 2025-07-20T11:36:41Z
600c479c-89a1-464d-875c-4806ab83cf2c, P0956                , c62cb9db-e3a9-4c38-8856-164114b664ff, Reminder , 24H_SURVEY_REMINDER_2 , p0956@example.org, study-team@example.org,              5, Survey reminder, p0956@example.org, 2025-07-21T11:36:41Z
600c479c-89a1-464d-875c-4806ab83cf2c, P0956                , ec5bb93a-1b39-4707-b707-c507f48227a0, Reminder , 24H_SURVEY_REMINDER_3 , p0956@example.org, study-team@example.org,              2, Survey reminder, p0956@example.org, 2025-07-22T11:36:41Z
600c479c-89a1-464d-875c-4806ab83cf2c, P0956                , bb136ffd-1943-4377-97a0-526153dbd891, Reminder , 3M_SURVEY_REMINDER_1  , p0956@example.org, study-team@example.org,              5, Survey reminder, p0956@example.org, 2025-10-18T11:36:41Z
600c479c-89a1-464d-875c-4806ab83cf2c, P0956                , dd39f398-2cd4-4ef6-8341-c11048327902, Reminder , 3M_SURVEY_REMINDER_2  , p0956@example.org, study-team@example.org,              2, Survey reminder, p0956@example.org, 2025-10-19T11:36:41Z
46c19862-0116-49cd-8d56-c4dba66bb8e4, P0957                , 7de0012f-df12-4505-982a-e0e3e5062b80, Reminder , 4_6M_SURVEY_REMINDER_1, p0957@example.org, study-team@example.org,              2, Survey reminder, p0957@example.org, 2025-09-09T00:59:28Z
46c19862-0116-49cd-8d56-c4dba66bb8e4, P0957                , fad43f1a-960d-4074-985b-1721d7d444f0, Reminder , 4_6M_SURVEY_REMINDER_2, p0957@example.org, study-team@example.org,              4, Survey reminder, p0957@example.org, 2025-09-10T00:59:28Z
81dcb996-0d3f-4c4c-ba83-aac8627dca22, P0958                , aa171017-d954-43c2-8db9-e754c4b12d2c, Reminder , 24H_SURVEY_REMINDER_1 , p0958@example.org, study-team@example.org,              4, Survey reminder, p0958@example.org, 2025-08-31T09:09:52Z
81dcb996-0d3f-4c4c-ba83-aac8627dca22, P0958                , aab131fe-2d04-4c50-96c0-a648026cb6a7, Reminder , 24H_SURVEY_REMINDER_2 , p0958@example.org, study-team@example.org,              3, Survey reminder, p0958@example.org, 2025-09-01T09:09:52Z
81dcb996-0d3f-4c4c-ba83-aac8627dca22, P0958                , 01fa50b4-792d-4f67-9fbf-b2d8e8d43f3e, Reminder , 24H_SURVEY_REMINDER_3 , p0958@example.org, study-team@example.org,              1, Survey reminder, p0958@example.org, 2025-09-02T09:09:52Z
81dcb996-0d3f-4c4c-ba83-aac8627dca22, P0958                , 5cf166eb-6c56-4110-86f8-22d0c730c58c, Reminder , 1M_SURVEY_REMINDER_1  , p0958@example.org, study-team@example.org,              4, Survey reminder, p0958@example.org, 2025-09-30T09:09:52Z
6fbbbe7f-20c9-41a8-8eb8-55e81afd6716, P0959                , 3f07df02-2483-4199-a840-06e1d13c2a11, Reminder , 1M_SURVEY_REMINDER_1  , p0959@example.org, study-team@example.org,              2, Survey reminder, p0959@example.org, 2025-10-03T05:37:01Z
6fbbbe7f-20c9-41a8-8eb8-55e81afd6716, P0959                , c2005ebb-10cd-4e5a-a42a-1986fc1c3944, Reminder , 3M_SURVEY_REMINDER_1  , p0959@example.org, study-team@example.org,              2, Survey reminder, p0959@example.org, 2025-12-02T06:37:01Z
6fbbbe7f-20c9-41a8-8eb8-55e81afd6716, P0959                , d84e23cb-c38a-42ed-b0fb-91cc17b09f9b, Reminder , 3M_SURVEY_REMINDER_2  , p0959@example.org, study-team@example.org,              3, Survey reminder, p0959@example.org, 2025-12-03T06:37:01Z
6fbbbe7f-20c9-41a8-8eb8-55e81afd6716, P0959                , 233a1e5a-9e38-4c0e-9572-813f02e1c36a, Reminder , 3M_SURVEY_REMINDER_3  , p0959@example.org, study-team@example.org,              4, Survey reminder, p0959@example.org, 2025-12-04T06:37:01Z
6fbbbe7f-20c9-41a8-8eb8-55e81afd6716, P0959                , 534fea1e-ee88-466d-affc-c14081a9451a, Reminder , 4_6M_SURVEY_REMINDER_1, p0959@example.org, study-team@example.org,              1, Survey reminder, p0959@example.org, 2026-02-20T06:37:01Z
77af2f65-e80d-41ec-b73b-981f089e8826, P0961                , b0e902dc-b239-4c6d-9ac1-82186b2f6a1f, Reminder , 1M_SURVEY_REMINDER_1  , p0961@example.org, study-team@example.org,              1, Survey reminder, p0961@example.org, 2025-03-03T05:13:46Z
77af2f65-e80d-41ec-b73b-981f089e8826, P0961                , 166fa892-3100-4f86-b4f8-faecd74151f2, Reminder , 1M_SURVEY_REMINDER_2  , p0961@example.org, study-team@example.org,              2, Survey reminder, p0961@example.org, 2025-03-04T05:13:46Z
77af2f65-e80d-41ec-b73b-981f089e8826, P0961                , ed1598b9-870f-4d40-93ee-7080666e75b8, Reminder , 1M_SURVEY_REMINDER_3  , p0961@example.org, study-team@example.org,              4, Survey reminder, p0961@example.org, 2025-03-05T05:13:46Z
2a787eb4-bb9c-4142-97e7-467806c9acb2, P0962                , 2dd28abb-ba29-4654-96a8-c2edd2227ca0, Reminder , 7D_SURVEY_REMINDER_1  , p0962@example.org, study-team@example.org,              4, Survey reminder, p0962@example.org, 2025-08-12T08:06:50Z
2a787eb4-bb9c-4142-97e7-467806c9acb2, P0962                , b5e00c33-481d-4650-86f1-f62f5aaa9573, Reminder , 7D_SURVEY_REMINDER_2  , p0962@example.org, study-team@example.org,              5, Survey reminder, p0962@example.org, 2025-08-13T08:06:50Z
2a787eb4-bb9c-4142-97e7-467806c9acb2, P0962                , 2609c59e-5c54-4555-b47a-93e6adcb8876, Reminder , 3M_SURVEY_REMINDER_1  , p0962@example.org, study-team@example.org,              1, Survey reminder, p0962@example.org, 2025-11-03T09:06:50Z
2a787eb4-bb9c-4142-97e7-467806c9acb2, P0962                , 9d422cd7-4423-4131-a3cb-843ed2758830, Reminder , 3M_SURVEY_REMINDER_2  , p0962@example.org, study-team@example.org,              3, Survey reminder, p0962@example.org, 2025-11-04T09:06:50Z
f57e66ab-48b1-41b9-94a5-f8eb386c4857, P0963                , 101ba7e2-0a4e-4861-9a33-32c9664f789c, Reminder , 24H_SURVEY_REMINDER_1 , p0963@example.org, study-team@example.org,              4, Survey reminder, p0963@example.org, 2025-09-27T09:57:35Z
f57e66ab-48b1-41b9-94a5-f8eb386c4857, P0963                , 71748a73-7e71-4595-a8c7-c291fea336e4, Reminder , 1M_SURVEY_REMINDER_1  , p0963@example.org, study-team@example.org,              5, Survey reminder, p0963@example.org, 2025-10-27T09:57:35Z
f57e66ab-48b1-41b9-94a5-f8eb386c4857, P0963                , d270577c-0ba2-4e42-8f8a-bcdb0c30c5d6, Reminder , 1M_SURVEY_REMINDER_2  , p0963@example.org, study-team@example.org,              1, Survey reminder, p0963@example.org, 2025-10-28T09:57:35Z
f57e66ab-48b1-41b9-94a5-f8eb386c4857, P0963                , 2cb6c3f9-6208-4f0c-9643-e8fdcaf5c317, Reminder , 3M_SURVEY_REMINDER_1  , p0963@example.org, study-team@example.org,              3, Survey reminder, p0963@example.org, 2025-12-26T10:57:35Z
19438dd7-8336-4bd2-bb31-5bf1900c054f, P0964                , bb25430b-22bd-40a1-a0fa-591bcc1a803b, Reminder , 1M_SURVEY_REMINDER_1  , p0964@example.org, study-team@example.org,              4, Survey reminder, p0964@example.org, 2025-04-14T09:03:26Z
2b1b1177-f543-44b7-b622-08b0057cb02e, P0965                , 85bd0d27-a349-4d0d-be25-5a6136f7fa9e, Reminder , 7D_SURVEY_REMINDER_1  , p0965@example.org, study-team@example.org,              1, Survey reminder, p0965@example.org, 2025-08-05T19:29:27Z
a0ca3473-2bd2-4ed4-b543-e21e5dbd828f, P0966                , e729073b-5241-40cf-84ac-69457f54ec52, Reminder , 4_6M_SURVEY_REMINDER_1, p0966@example.org, study-team@example.org,              3, Survey reminder, p0966@example.org, 2026-04-04T03:02:15Z
a0ca3473-2bd2-4ed4-b543-e21e5dbd828f, P0966                , 39d7cccf-c9ff-48c8-a745-c99ae0e98a20, Reminder , 4_6M_SURVEY_REMINDER_2, p0966@example.org, study-team@example.org,              1, Survey reminder, p0966@example.org, 2026-04-05T03:02:15Z
a116dac8-d90c-42e8-8a3f-5fb3a33a3ed2, P0967                , 70e46eca-1d08-4df0-936a-8914b25850bb, Reminder , 7D_SURVEY_REMINDER_1  , p0967@example.org, study-team@example.org,              4, Survey reminder, p0967@example.org, 2025-01-12T23:12:00Z
a116dac8-d90c-42e8-8a3f-5fb3a33a3ed2, P0967                , 76a3a095-6353-4036-92ca-d3c77d40a044, Reminder , 7D_SURVEY_REMINDER_2  , p0967@example.org, study-team@example.org,              5, Survey reminder, p0967@example.org, 2025-01-13T23:12:00Z
f0340275-d6cc-43b6-acd7-ca06e2244aa3, P0969                , d88d9379-7749-40c4-94ff-a658e5fe5d83, Reminder , 24H_SURVEY_REMINDER_1 , p0969@example.org, study-team@example.org,              5, Survey reminder, p0969@example.org, 2025-03-03T01:25:17Z
f0340275-d6cc-43b6-acd7-ca06e2244aa3, P0969                , 40f6d0c7-20b6-4876-bdb5-11fa5b7ecae4, Reminder , 3M_SURVEY_REMINDER_1  , p0969@example.org, study-team@example.org,              3, Survey reminder, p0969@example.org, 2025-06-01T00:25:17Z
f0340275-d6cc-43b6-acd7-ca06e2244aa3, P0969                , c5f90d45-a4da-43f3-b6d8-978d0e466f97, Reminder , 3M_SURVEY_REMINDER_2  , p0969@example.org, study-team@example.org,              4, Survey reminder, p0969@example.org, 2025-06-02T00:25:17Z
69b5e215-fbe5-4537-abbf-a276e12a22df, P0970                , 98c702e3-84eb-488b-9da1-1b4f94d3ec1b, Reminder , 3M_SURVEY_REMINDER_1  , p0970@example.org, study-team@example.org,              1, Survey reminder, p0970@example.org, 2025-08-07T15:40:37Z
69b5e215-fbe5-4537-abbf-a276e12a22df, P0970                , 30865249-5b85-43da-9e30-e7553d39a797, Reminder , 3M_SURVEY_REMINDER_2  , p0970@example.org, study-team@example.org,              4, Survey reminder, p0970@example.org, 2025-08-08T15:40:37Z
cd08d395-6b8b-42df-aae9-9b728467fbd7, P0971                , 08c84446-e800-4307-8606-a0e31d350bff, Reminder , 24H_SURVEY_REMINDER_1 , p0971@example.org, study-team@example.org,              5, Survey reminder, p0971@example.org, 2025-03-27T17:00:16Z
5daf4697-1209-4e9a-8cef-ff4c341d0e79, P0972                , 73896640-e750-415a-8140-be89c9947d98, Reminder , 1M_SURVEY_REMINDER_1  , p0972@example.org, study-team@example.org,              3, Survey reminder, p0972@example.org, 2025-07-30T11:48:18Z
5daf4697-1209-4e9a-8cef-ff4c341d0e79, P0972                , 0d12c81d-4939-4c7c-945e-90861e1e7919, Reminder , 4_6M_SURVEY_REMINDER_1, p0972@example.org, study-team@example.org,              4, Survey reminder, p0972@example.org, 2025-11-01T11:48:18Z
5daf4697-1209-4e9a-8cef-ff4c341d0e79, P0972                , 1a18cc5d-5b93-4c93-8848-70fc4d4bbc0f, Reminder , 4_6M_SURVEY_REMINDER_2, p0972@example.org, study-team@example.org,              1, Survey reminder, p0972@example.org, 2025-11-02T12:48:18Z
f509c380-43de-441a-bc43-cae3f8af696a, P0973                , 790546fc-9e9a-4006-bf6b-cb88e3357266, Reminder , 24H_SURVEY_REMINDER_1 , p0973@example.org, study-team@example.org,              1, Survey reminder, p0973@example.org, 2025-03-22T15:31:29Z
f509c380-43de-441a-bc43-cae3f8af696a, P0973                , 2d847db3-e0ce-4b9e-89ab-d4ebb0a363b4, Reminder , 24H_SURVEY_REMINDER_2 , p0973@example.org, study-team@example.org,              5, Survey reminder, p0973@example.org, 2025-03-23T15:31:29Z
f509c380-43de-441a-bc43-cae3f8af696a, P0973                , 68399f04-3dc5-46bb-a897-f5590acd095f, Reminder , 7D_SURVEY_REMINDER_1  , p0973@example.org, study-team@example.org,              5, Survey reminder, p0973@example.org, 2025-03-29T15:31:29Z
f509c380-43de-441a-bc43-cae3f8af696a, P0973                , f6bc0aa7-8018-4e36-b46f-13d8ef27bc63, Reminder , 7D_SURVEY_REMINDER_2  , p0973@example.org, study-team@example.org,              5, Survey reminder, p0973@example.org, 2025-03-30T15:31:29Z
f509c380-43de-441a-bc43-cae3f8af696a, P0973                , 9d70f913-9ffe-43ba-aec6-38ea481cb2e8, Reminder , 3M_SURVEY_REMINDER_1  , p0973@example.org, study-team@example.org,              5, Survey reminder, p0973@example.org, 2025-06-20T15:31:29Z
f509c380-43de-441a-bc43-cae3f8af696a, P0973                , 97add45a-5e71-4dfa-94bb-490fa332fc8d, Reminder , 3M_SURVEY_REMINDER_2  , p0973@example.org, study-team@example.org,              1, Survey reminder, p0973@example.org, 2025-06-21T15:31:29Z
0eeff595-5356-46b6-ba66-46e1c7c83fd1, P0974                , cf91c9ca-7fe8-4a4e-9536-0e616da67504, Reminder , 7D_SURVEY_REMINDER_1  , p0974@example.org, study-team@example.org,              3, Survey reminder, p0974@example.org, 2025-08-31T21:06:09Z
8051634f-4ca4-4eec-84a4-b163f87ee6bf, P0975                , 94c2ce57-0fbf-436e-9adc-953c3c9d4e0b, Reminder , 24H_SURVEY_REMINDER_1 , p0975@example.org, study-team@example.org,              1, Survey reminder, p0975@example.org, 2025-09-19T22:09:18Z
8051634f-4ca4-4eec-84a4-b163f87ee6bf, P0975                , 4d2aa5e7-e37e-498d-b632-3ca6ef988ae4, Reminder , 7D_SURVEY_REMINDER_1  , p0975@example.org, study-team@example.org,              4, Survey reminder, p0975@example.org, 2025-09-26T22:09:18Z
8051634f-4ca4-4eec-84a4-b163f87ee6bf, P0975                , 29ac9740-7709-4f77-91f5-8a1a7a3ca19a, Reminder , 1M_SURVEY_REMINDER_1  , p0975@example.org, study-team@example.org,              2, Survey reminder, p0975@example.org, 2025-10-19T22:09:18Z
8051634f-4ca4-4eec-84a4-b163f87ee6bf, P0975                , 5a13fca8-2c8d-4334-b1fa-e1c110eed63c, Reminder , 1M_SURVEY_REMINDER_2  , p0975@example.org, study-team@example.org,              1, Survey reminder, p0975@example.org, 2025-10-20T22:09:18Z
8051634f-4ca4-4eec-84a4-b163f87ee6bf, P0975                , 28b9abe0-4254-4b82-a7f6-17de784821ee, Reminder , 1M_SURVEY_REMINDER_3  , p0975@example.org, study-team@example.org,              3, Survey reminder, p0975@example.org, 2025-10-21T22:09:18Z
8051634f-4ca4-4eec-84a4-b163f87ee6bf, P0975                , 2af5b6d8-85e1-401e-bfd2-f5646a2e12bb, Reminder , 3M_SURVEY_REMINDER_1  , p0975@example.org, study-team@example.org,              5, Survey reminder, p0975@example.org, 2025-12-18T23:09:18Z
8051634f-4ca4-4eec-84a4-b163f87ee6bf, P0975                , 02932bdd-c28a-4578-b187-b647a1a85fc3, Reminder , 4_6M_SURVEY_REMINDER_1, p0975@example.org, study-team@example.org,              4, Survey reminder, p0975@example.org, 2026-02-04T23:09:18Z
7c398bd2-0e1c-4a81-ad8f-19dfa15a0977, P0977                , 606927c4-66fe-4611-b16e-6aaaf088205f, Reminder , 24H_SURVEY_REMINDER_1 , p0977@example.org, study-team@example.org,              2, Survey reminder, p0977@example.org, 2025-10-02T11:53:34Z
7c398bd2-0e1c-4a81-ad8f-19dfa15a0977, P0977                , 74d00cae-e709-40b5-86c4-42750f462213, Reminder , 24H_SURVEY_REMINDER_2 , p0977@example.org, study-team@example.org,              5, Survey reminder, p0977@example.org, 2025-10-03T11:53:34Z
7c398bd2-0e1c-4a81-ad8f-19dfa15a0977, P0977                , 5c2a8e45-1694-4170-a494-22730613f094, Reminder , 24H_SURVEY_REMINDER_3 , p0977@example.org, study-team@example.org,              5, Survey reminder, p0977@example.org, 2025-10-04T11:53:34Z
7c398bd2-0e1c-4a81-ad8f-19dfa15a0977, P0977                , 57e20580-816b-4021-8a0c-880a77eb069e, Reminder , 1M_SURVEY_REMINDER_1  , p0977@example.org, study-team@example.org,              2, Survey reminder, p0977@example.org, 2025-11-01T11:53:34Z
7c398bd2-0e1c-4a81-ad8f-19dfa15a0977, P0977                , b524f2de-d299-462f-b68a-d2ede19b9d33, Reminder , 3M_SURVEY_REMINDER_1  , p0977@example.org, study-team@example.org,              4, Survey reminder, p0977@example.org, 2025-12-31T12:53:34Z
7c398bd2-0e1c-4a81-ad8f-19dfa15a0977, P0977                , b5d8ecce-9e46-46c3-86f6-2a18ddc49aa4, Reminder , 4_6M_SURVEY_REMINDER_1, p0977@example.org, study-team@example.org,              3, Survey reminder, p0977@example.org, 2026-03-08T11:53:34Z
392d09dc-4507-4f2e-91ab-f0083987e039, P0978                , c7c18f37-23fc-4495-94f7-c96ae733f104, Reminder , 24H_SURVEY_REMINDER_1 , p0978@example.org, study-team@example.org,              2, Survey reminder, p0978@example.org, 2025-05-01T16:16:25Z
392d09dc-4507-4f2e-91ab-f0083987e039, P0978                , dd417c70-e106-486f-b47a-0e58bacb0b19, Reminder , 24H_SURVEY_REMINDER_2 , p0978@example.org, study-team@example.org,              4, Survey reminder, p0978@example.org, 2025-05-02T16:16:25Z
fbca6f07-9a55-4796-a544-9c2599a1ce02, P0979                , 31c7afa6-de3a-4291-8786-26e8ddbaab67, Reminder , 1M_SURVEY_REMINDER_1  , p0979@example.org, study-team@example.org,              5, Survey reminder, p0979@example.org, 2025-03-05T06:34:30Z
9912f7d3-d599-412e-91d3-6259a3705d99, P0980                , 437652dc-a93c-4dfa-872d-d269da17b12f, Reminder , 7D_SURVEY_REMINDER_1  , p0980@example.org, study-team@example.org,              1, Survey reminder, p0980@example.org, 2025-08-16T22:39:42Z
b0356402-5c48-4aaf-a89b-e8e70a3e98b1, P0981                , b953a2b8-c455-4273-9c9c-9d31fe355773, Reminder , 1M_SURVEY_REMINDER_1  , p0981@example.org, study-team@example.org,              3, Survey reminder, p0981@example.org, 2025-07-12T11:05:38Z
b0356402-5c48-4aaf-a89b-e8e70a3e98b1, P0981                , 75cad36b-5bec-43ab-b943-e4159a647720, Reminder , 1M_SURVEY_REMINDER_2  , p0981@example.org, study-team@example.org,              2, Survey reminder, p0981@example.org, 2025-07-13T11:05:38Z
b0356402-5c48-4aaf-a89b-e8e70a3e98b1, P0981                , 9cc0fd5e-5491-4eac-879c-ba37d08037b3, Reminder , 3M_SURVEY_REMINDER_1  , p0981@example.org, study-team@example.org,              3, Survey reminder, p0981@example.org, 2025-09-10T11:05:38Z
0dfd5392-fd14-4b04-983d-06ff3507bbcc, P0982                , d38a675b-44b4-4086-91b8-ee5cf30d34d4, Reminder , 1M_SURVEY_REMINDER_1  , p0982@example.org, study-team@example.org,              5, Survey reminder, p0982@example.org, 2025-11-03T23:44:05Z
7a97b73d-81c9-478b-b7d9-048f921e000d, P0983                , 9f9ce15d-d115-4d77-8826-305ce37baadd, Reminder , 24H_SURVEY_REMINDER_1 , p0983@example.org, study-team@example.org,              4, Survey reminder, p0983@example.org, 2025-07-23T03:32:39Z
7a97b73d-81c9-478b-b7d9-048f921e000d, P0983                , 7983060b-6abc-41e1-9e8e-cbf02328c69b, Reminder , 7D_SURVEY_REMINDER_1  , p0983@example.org, study-team@example.org,              1, Survey reminder, p0983@example.org, 2025-07-30T03:32:39Z
7a97b73d-81c9-478b-b7d9-048f921e000d, P0983                , c142ee64-2e98-4cfd-9d27-a33f4e3cd060, Reminder , 7D_SURVEY_REMINDER_2  , p0983@example.org, study-team@example.org,              5, Survey reminder, p0983@example.org, 2025-07-31T03:32:39Z
7a97b73d-81c9-478b-b7d9-048f921e000d, P0983                , 0fe55f28-68f3-42e2-b070-3e095dcc24d3, Reminder , 7D_SURVEY_REMINDER_3  , p0983@example.org, study-team@example.org,              2, Survey reminder, p0983@example.org, 2025-08-01T03:32:39Z
7a97b73d-81c9-478b-b7d9-048f921e000d, P0983                , 21e0f7d8-9044-4f2f-b5a5-7cb0d451432c, Reminder , 3M_SURVEY_REMINDER_1  , p0983@example.org, study-team@example.org,              2, Survey reminder, p0983@example.org, 2025-10-21T03:32:39Z
7a97b73d-81c9-478b-b7d9-048f921e000d, P0983                , 9d35352d-5779-4036-9e1f-ee52174983df, Reminder , 3M_SURVEY_REMINDER_2  , p0983@example.org, study-team@example.org,              4, Survey reminder, p0983@example.org, 2025-10-22T03:32:39Z
7a97b73d-81c9-478b-b7d9-048f921e000d, P0983                , d4d78434-d95d-4f3e-ab1d-5d44626a074d, Reminder , 3M_SURVEY_REMINDER_3  , p0983@example.org, study-team@example.org,              5, Survey reminder, p0983@example.org, 2025-10-23T03:32:39Z
432fb23b-6cd3-4253-9b17-f8c7573bac7c, P0984                , 308fa6ea-3a25-4cb9-a530-77ba610c829b, Reminder , 7D_SURVEY_REMINDER_1  , p0984@example.org, study-team@example.org,              3, Survey reminder, p0984@example.org, 2025-09-30T00:41:46Z
a019b5cb-a2fb-4a66-b29a-bc96e7641596, P0985                , e4336ed6-1f48-4751-9dd0-6320a3ed39e3, Reminder , 24H_SURVEY_REMINDER_1 , p0985@example.org, study-team@example.org,              4, Survey reminder, p0985@example.org, 2025-08-18T06:27:09Z
a019b5cb-a2fb-4a66-b29a-bc96e7641596, P0985                , c0455331-47e3-493d-8204-a10d4b331129, Reminder , 24H_SURVEY_REMINDER_2 , p0985@example.org, study-team@example.org,              1, Survey reminder, p0985@example.org, 2025-08-19T06:27:09Z
a019b5cb-a2fb-4a66-b29a-bc96e7641596, P0985                , 702e81d7-9eca-4318-86ed-1b1867410ec0, Reminder , 1M_SURVEY_REMINDER_1  , p0985@example.org, study-team@example.org,              3, Survey reminder, p0985@example.org, 2025-09-17T06:27:09Z
a019b5cb-a2fb-4a66-b29a-bc96e7641596, P0985                , c161466e-afc0-4184-afcc-31046e5cf09f, Reminder , 3M_SURVEY_REMINDER_1  , p0985@example.org, study-team@example.org,              5, Survey reminder, p0985@example.org, 2025-11-16T07:27:09Z
a019b5cb-a2fb-4a66-b29a-bc96e7641596, P0985                , 4edf1bd6-2ed0-4713-92c2-f263825d5c60, Reminder , 3M_SURVEY_REMINDER_2  , p0985@example.org, study-team@example.org,              1, Survey reminder, p0985@example.org, 2025-11-17T07:27:09Z
a019b5cb-a2fb-4a66-b29a-bc96e7641596, P0985                , df651aad-8780-4e22-87ea-a16f00de8167, Reminder , 3M_SURVEY_REMINDER_3  , p0985@example.org, study-team@example.org,              1, Survey reminder, p0985@example.org, 2025-11-18T07:27:09Z
e1acade3-5e6b-4aa5-ab9a-864b443ec424, P0986                , 8267353e-c957-45cf-8615-b52fd10d920f, Reminder , 24H_SURVEY_REMINDER_1 , p0986@example.org, study-team@example.org,              2, Survey reminder, p0986@example.org, 2025-08-06T15:44:00Z
e1acade3-5e6b-4aa5-ab9a-864b443ec424, P0986                , 3afb1166-3776-4554-a89b-601ae9a5631d, Reminder , 24H_SURVEY_REMINDER_2 , p0986@example.org, study-team@example.org,              4, Survey reminder, p0986@example.org, 2025-08-07T15:44:00Z
e1acade3-5e6b-4aa5-ab9a-864b443ec424, P0986                , 95909991-8d13-4567-9665-08adc0b7e84b, Reminder , 7D_SURVEY_REMINDER_1  , p0986@example.org, study-team@example.org,              4, Survey reminder, p0986@example.org, 2025-08-13T15:44:00Z
e1acade3-5e6b-4aa5-ab9a-864b443ec424, P0986                , 8edeb505-14ee-466d-8a57-58fe8e5965e3, Reminder , 1M_SURVEY_REMINDER_1  , p0986@example.org, study-team@example.org,              5, Survey reminder, p0986@example.org, 2025-09-05T15:44:00Z
e1acade3-5e6b-4aa5-ab9a-864b443ec424, P0986                , 50783ae8-8a58-4c66-893b-1cd0ca473ebf, Reminder , 3M_SURVEY_REMINDER_1  , p0986@example.org, study-team@example.org,              4, Survey reminder, p0986@example.org, 2025-11-04T16:44:00Z
e1acade3-5e6b-4aa5-ab9a-864b443ec424, P0986                , 0598cf7a-6dba-44c5-800f-5b1b826ab692, Reminder , 3M_SURVEY_REMINDER_2  , p0986@example.org, study-team@example.org,              2, Survey reminder, p0986@example.org, 2025-11-05T16:44:00Z
e1acade3-5e6b-4aa5-ab9a-864b443ec424, P0986                , ba0b4218-4ad5-41e3-b3f0-232a8e40aa09, Reminder , 4_6M_SURVEY_REMINDER_1, p0986@example.org, study-team@example.org,              4, Survey reminder, p0986@example.org, 2026-01-06T16:44:00Z
e1acade3-5e6b-4aa5-ab9a-864b443ec424, P0986                , fd3be589-4e40-427c-9449-9a399168e1db, Reminder , 4_6M_SURVEY_REMINDER_2, p0986@example.org, study-team@example.org,              4, Survey reminder, p0986@example.org, 2026-01-07T16:44:00Z
1041ff43-1d60-47f5-b2c4-55a29c7259ee, P0989                , 34d0ea25-f604-4c34-92e4-41f657125a5e, Reminder , 24H_SURVEY_REMINDER_1 , p0989@example.org, study-team@example.org,              5, Survey reminder, p0989@example.org, 2025-01-12T12:49:26Z
1041ff43-1d60-47f5-b2c4-55a29c7259ee, P0989                , 8dbdee1d-060a-482c-935d-07f520c2eb4b, Reminder , 24H_SURVEY_REMINDER_2 , p0989@example.org, study-team@example.org,              3, Survey reminder, p0989@example.org, 2025-01-13T12:49:26Z
1041ff43-1d60-47f5-b2c4-55a29c7259ee, P0989                , 703b253e-8451-4a48-a999-d38c85e2d79b, Reminder , 7D_SURVEY_REMINDER_1  , p0989@example.org, study-team@example.org,              1, Survey reminder, p0989@example.org, 2025-01-19T12:49:26Z
1041ff43-1d60-47f5-b2c4-55a29c7259ee, P0989                , ae306fd6-82d5-48a2-b8ea-fbb1e6dd733c, Reminder , 7D_SURVEY_REMINDER_2  , p0989@example.org, study-team@example.org,              3, Survey reminder, p0989@example.org, 2025-01-20T12:49:26Z
1041ff43-1d60-47f5-b2c4-55a29c7259ee, P0989                , e9213294-c8ef-4aa2-8263-bea8ac54a119, Reminder , 3M_SURVEY_REMINDER_1  , p0989@example.org, study-team@example.org,              4, Survey reminder, p0989@example.org, 2025-04-12T11:49:26Z
359afd23-8f1e-448a-bfed-80ee49099072, P0993                , 955991ea-633e-4e19-99d4-7032a8dfebe1, Reminder , 24H_SURVEY_REMINDER_1 , p0993@example.org, study-team@example.org,              3, Survey reminder, p0993@example.org, 2025-03-14T10:44:23Z
359afd23-8f1e-448a-bfed-80ee49099072, P0993                , 2060c06f-5630-4b1f-9f1f-ab5f46c3ef81, Reminder , 24H_SURVEY_REMINDER_2 , p0993@example.org, study-team@example.org,              1, Survey reminder, p0993@example.org, 2025-03-15T10:44:23Z
359afd23-8f1e-448a-bfed-80ee49099072, P0993                , faefd113-6545-4233-a5f9-1a746a8c59e6, Reminder , 7D_SURVEY_REMINDER_1  , p0993@example.org, study-team@example.org,              1, Survey reminder, p0993@example.org, 2025-03-21T10:44:23Z
359afd23-8f1e-448a-bfed-80ee49099072, P0993                , 4da6edce-7600-410c-a79b-773c669e18b2, Reminder , 7D_SURVEY_REMINDER_2  , p0993@example.org, study-team@example.org,              4, Survey reminder, p0993@example.org, 2025-03-22T10:44:23Z
359afd23-8f1e-448a-bfed-80ee49099072, P0993                , 48c34a28-2646-429e-9dfd-201ed2badbf1, Reminder , 1M_SURVEY_REMINDER_1  , p0993@example.org, study-team@example.org,              1, Survey reminder, p0993@example.org, 2025-04-13T10:44:23Z
359afd23-8f1e-448a-bfed-80ee49099072, P0993                , e91c6bc3-f26b-442f-8623-179487483d10, Reminder , 3M_SURVEY_REMINDER_1  , p0993@example.org, study-team@example.org,              2, Survey reminder, p0993@example.org, 2025-06-12T10:44:23Z
359afd23-8f1e-448a-bfed-80ee49099072, P0993                , 894d871e-fe03-4b48-9638-e5022e3fdc46, Reminder , 3M_SURVEY_REMINDER_2  , p0993@example.org, study-team@example.org,              5, Survey reminder, p0993@example.org, 2025-06-13T10:44:23Z
359afd23-8f1e-448a-bfed-80ee49099072, P0993                , 85b02e38-6f90-4f3f-abd9-3b1098eedd8e, Reminder , 4_6M_SURVEY_REMINDER_1, p0993@example.org, study-team@example.org,              4, Survey reminder, p0993@example.org, 2025-08-15T10:44:23Z
9f13c7a8-caa1-4a75-895c-e12b0192dc62, P0994                , c1e77d3f-3065-4600-ad84-42ed40469ef0, Reminder , 7D_SURVEY_REMINDER_1  , p0994@example.org, study-team@example.org,              3, Survey reminder, p0994@example.org, 2025-08-10T04:32:43Z
9f13c7a8-caa1-4a75-895c-e12b0192dc62, P0994                , effc094e-60b9-4059-8263-62c3041fedcb, Reminder , 4_6M_SURVEY_REMINDER_1, p0994@example.org, study-team@example.org,              4, Survey reminder, p0994@example.org, 2026-01-19T05:32:43Z
593740f2-3009-4da7-b8bc-80315445c177, P0995                , a6543709-a78c-4c38-ae63-f99f83d20609, Reminder , 4_6M_SURVEY_REMINDER_1, p0995@example.org, study-team@example.org,              4, Survey reminder, p0995@example.org, 2026-03-03T16:43:13Z
203a8f1e-4ab6-4503-beb0-bb70003e2657, P0996                , c59b1ba0-8fcd-48c5-93c6-80c2efc58f74, Reminder , 1M_SURVEY_REMINDER_1  , p0996@example.org, study-team@example.org,              3, Survey reminder, p0996@example.org, 2025-08-18T21:29:16Z
203a8f1e-4ab6-4503-beb0-bb70003e2657, P0996                , 2c610bc2-6d6f-4fc5-9531-16b65fa764fa, Reminder , 4_6M_SURVEY_REMINDER_1, p0996@example.org, study-team@example.org,              5, Survey reminder, p0996@example.org, 2025-12-26T22:29:16Z
203a8f1e-4ab6-4503-beb0-bb70003e2657, P0996                , f7a75e5a-ecea-49fe-83d5-f127f05a8de5, Reminder , 4_6M_SURVEY_REMINDER_2, p0996@example.org, study-team@example.org,              3, Survey reminder, p0996@example.org, 2025-12-27T22:29:16Z
203a8f1e-4ab6-4503-beb0-bb70003e2657, P0996                , 7b7f3038-2360-4a33-a598-78b6704ad316, Reminder , 4_6M_SURVEY_REMINDER_3, p0996@example.org, study-team@example.org,              3, Survey reminder, p0996@example.org, 2025-12-28T22:29:16Z
39436e94-ba94-4023-9054-812534137021, P0998                , 8695843d-43e5-4750-a7f3-5f7e4e53c592, Reminder , 24H_SURVEY_REMINDER_1 , p0998@example.org, study-team@example.org,              4, Survey reminder, p0998@example.org, 2025-12-21T03:07:11Z
39436e94-ba94-4023-9054-812534137021, P0998                , b788d56d-e83e-446e-ab06-a1584380a659, Reminder , 24H_SURVEY_REMINDER_2 , p0998@example.org, study-team@example.org,              5, Survey reminder, p0998@example.org, 2025-12-22T03:07:11Z
39436e94-ba94-4023-9054-812534137021, P0998                , 591fa803-9b7b-4508-92c2-c4de47c1931d, Reminder , 7D_SURVEY_REMINDER_1  , p0998@example.org, study-team@example.org,              5, Survey reminder, p0998@example.org, 2025-12-28T03:07:11Z
39436e94-ba94-4023-9054-812534137021, P0998                , da8f3fb9-e262-4d9b-8418-e5abe7ff1256, Reminder , 7D_SURVEY_REMINDER_2  , p0998@example.org, study-team@example.org,              2, Survey reminder, p0998@example.org, 2025-12-29T03:07:11Z
39436e94-ba94-4023-9054-812534137021, P0998                , b6b4e8ac-b2f6-46da-88c5-3b580a7b1d04, Reminder , 3M_SURVEY_REMINDER_1  , p0998@example.org, study-team@example.org,              2, Survey reminder, p0998@example.org, 2026-03-21T02:07:11Z
39436e94-ba94-4023-9054-812534137021, P0998                , 33cccb2d-2dbc-42a9-ac2f-58acbab6b896, Reminder , 3M_SURVEY_REMINDER_2  , p0998@example.org, study-team@example.org,              2, Survey reminder, p0998@example.org, 2026-03-22T02:07:11Z
3c567f05-5f05-4c08-ba69-9db79fe99d58, P0999                , 4d9cb32f-5cb3-4551-86d6-dea2a50eef3a, Reminder , 1M_SURVEY_REMINDER_1  , p0999@example.org, study-team@example.org,              2, Survey reminder, p0999@example.org, 2025-08-02T07:54:02Z
3c567f05-5f05-4c08-ba69-9db79fe99d58, P0999                , f8ddc8d1-bc52-4ab1-a7ff-2c65e53f1179, Reminder , 1M_SURVEY_REMINDER_2  , p0999@example.org, study-team@example.org,              4, Survey reminder, p0999@example.org, 2025-08-03T07:54:02Z
713a982e-73fc-449c-b4ce-2fcb8d93fe92, P1000                , d214f1da-f2f6-4301-81df-882086c529b8, Reminder , 24H_SURVEY_REMINDER_1 , p1000@example.org, study-team@example.org,              4, Survey reminder, p1000@example.org, 2025-09-13T23:56:28Z
713a982e-73fc-449c-b4ce-2fcb8d93fe92, P1000                , 19a9fa19-d751-4f9e-a6ef-251bfa7a798d, Reminder , 3M_SURVEY_REMINDER_1  , p1000@example.org, study-team@example.org,              2, Survey reminder, p1000@example.org, 2025-12-13T00:56:28Z
713a982e-73fc-449c-b4ce-2fcb8d93fe92, P1000                , b730e003-6514-4656-a65f-cc46a796f215, Reminder , 4_6M_SURVEY_REMINDER_1, p1000@example.org, study-team@example.org,              4, Survey reminder, p1000@example.org, 2026-01-23T00:56:28Z
