ParticipantID                       , ParticipantIdentifier, Timestamp           , PushNotificationIdentifier          , StatusCode
84bf7b38-130c-49cc-bf18-3aad6494196f, P0001                , 2025-02-16T19:16:40Z, 3fc75355-ded8-4c1a-9d6f-59b55b7d0a90, Succeeded
84bf7b38-130c-49cc-bf18-3aad6494196f, P0001                , 2025-03-18T18:16:40Z, b915c2f0-631d-475d-bfc4-fa4ae3188f38, Succeeded
6d43b916-b00c-4c03-9950-d5289331ebae, P0002                , 2025-05-12T13:48:40Z, f7f0fc56-ae30-4f6a-bb45-774d72a7ed77, Succeeded
6d43b916-b00c-4c03-9950-d5289331ebae, P0002                , 2025-08-03T13:48:40Z, 2601dc23-6d8a-4a68-b8dc-a0838f62f298, Succeeded
f557d92d-a0d5-4229-bbf4-2d8edd9d8025, P0003                , 2025-08-14T15:47:10Z, 57dd58d0-f342-4251-8228-36d5c7460006, Succeeded
f557d92d-a0d5-4229-bbf4-2d8edd9d8025, P0003                , 2025-11-26T16:47:10Z, 41f67624-9ec9-49bf-8fa0-a111f29bcef2, Succeeded
3cb498bf-9f35-45f7-a552-497593eac1b1, P0004                , 2025-07-19T06:32:00Z, 03eaa7aa-c222-45df-bbf5-2301d2ae5416, Succeeded
3cb498bf-9f35-45f7-a552-497593eac1b1, P0004                , 2025-12-25T07:32:00Z, 77e49591-344b-4ef6-906c-036ddd30de3d, Succeeded
36f8155d-d024-47da-a6e5-c3b412661fe4, P0005                , 2025-09-09T20:19:27Z, 0525a3e9-5102-4817-b590-b15f9af4b24f, Succeeded
36f8155d-d024-47da-a6e5-c3b412661fe4, P0005                , 2025-09-10T20:19:27Z, 0525a3e9-5102-4817-b590-b15f9af4b24f, Succeeded
36f8155d-d024-47da-a6e5-c3b412661fe4, P0005                , 2026-02-14T21:19:27Z, 656bf280-ae19-4dd0-ad50-86d81eb17f9c, Succeeded
36f8155d-d024-47da-a6e5-c3b412661fe4, P0005                , 2026-02-15T21:19:27Z, 656bf280-ae19-4dd0-ad50-86d81eb17f9c, Succeeded
1345933a-4a17-4362-80b3-ba4af94a2d9e, P0006                , 2025-12-08T12:47:11Z, b56e5cfb-f76b-4ead-9849-ddede809f226, Succeeded
1345933a-4a17-4362-80b3-ba4af94a2d9e, P0006                , 2025-12-31T12:47:11Z, 936ad01c-8bad-40b5-8721-d7fc22fc8cee, Succeeded
1345933a-4a17-4362-80b3-ba4af94a2d9e, P0006                , 2026-05-05T11:47:11Z, 17dacc74-cdab-4eee-8f3a-47d6b9e41bfc, Succeeded
1345933a-4a17-4362-80b3-ba4af94a2d9e, P0006                , 2026-05-06T11:47:11Z, 17dacc74-cdab-4eee-8f3a-47d6b9e41bfc, Succeeded
1345933a-4a17-4362-80b3-ba4af94a2d9e, P0006                , 2026-05-07T11:47:11Z, 17dacc74-cdab-4eee-8f3a-47d6b9e41bfc, Succeeded
91b27b68-9045-4460-9bbe-419262a86d9b, P0008                , 2025-12-10T21:35:37Z, 4a957177-da85-4b84-8993-c1ff3ce783c3, Succeeded
91b27b68-9045-4460-9bbe-419262a86d9b, P0008                , 2025-12-11T21:35:37Z, 4a957177-da85-4b84-8993-c1ff3ce783c3, Succeeded
91b27b68-9045-4460-9bbe-419262a86d9b, P0008                , 2026-04-09T20:35:37Z, 70d04d67-09f8-4c01-a464-fc56e4f48582, Succeeded
82a8198d-1793-4396-ad37-a404feb213b0, P0009                , 2025-06-27T05:09:46Z, 90e59599-0b77-4290-b7d3-c0e17ca84c7e, Succeeded
82a8198d-1793-4396-ad37-a404feb213b0, P0009                , 2025-06-28T05:09:46Z, 90e59599-0b77-4290-b7d3-c0e17ca84c7e, Succeeded
82a8198d-1793-4396-ad37-a404feb213b0, P0009                , 2025-06-29T05:09:46Z, 90e59599-0b77-4290-b7d3-c0e17ca84c7e, Succeeded
86ed57a9-ebd1-47b8-8536-59c480407459, P0010                , 2025-12-22T01:12:25Z, 4dc16828-bb85-4344-a7de-324a8dec5363, Succeeded
86ed57a9-ebd1-47b8-8536-59c480407459, P0010                , 2025-12-23T01:12:25Z, 4dc16828-bb85-4344-a7de-324a8dec5363, Succeeded
86ed57a9-ebd1-47b8-8536-59c480407459, P0010                , 2026-01-14T01:12:25Z, 457d0b61-066e-47d4-b059-1a358894f510, Succeeded
86ed57a9-ebd1-47b8-8536-59c480407459, P0010                , 2026-01-15T01:12:25Z, 457d0b61-066e-47d4-b059-1a358894f510, Succeeded
86ed57a9-ebd1-47b8-8536-59c480407459, P0010                , 2026-03-15T00:12:25Z, 12f695c9-14e4-404e-9643-2280066a58b7, Succeeded
86ed57a9-ebd1-47b8-8536-59c480407459, P0010                , 2026-03-16T00:12:25Z, 12f695c9-14e4-404e-9643-2280066a58b7, Succeeded
86ed57a9-ebd1-47b8-8536-59c480407459, P0010                , 2026-05-28T00:12:25Z, 6d765498-13fd-493a-98c4-ea5780e0dea6, Succeeded
4d721588-1a42-4782-89dd-16bd1baf26cf, P0011                , 2026-01-28T23:00:42Z, 3b4e42ff-dd83-406b-ac64-9afa124c7afe, Succeeded
4d721588-1a42-4782-89dd-16bd1baf26cf, P0011                , 2026-01-29T23:00:42Z, 3b4e42ff-dd83-406b-ac64-9afa124c7afe, Succeeded
4d721588-1a42-4782-89dd-16bd1baf26cf, P0011                , 2026-01-30T23:00:42Z, 3b4e42ff-dd83-406b-ac64-9afa124c7afe, Succeeded
6882d01f-d90c-4d57-89f1-f1bcf8663311, P0012                , 2025-08-30T20:39:06Z, baa0a0d3-0319-40c7-a48f-657a14efd851, Succeeded
6882d01f-d90c-4d57-89f1-f1bcf8663311, P0012                , 2025-09-29T20:39:06Z, e4945ce3-989e-43e1-8d4e-e56693752140, Succeeded
6882d01f-d90c-4d57-89f1-f1bcf8663311, P0012                , 2025-11-28T21:39:06Z, 3c5140fa-c26f-4ca8-b84c-f12fc609fbe4, Succeeded
6882d01f-d90c-4d57-89f1-f1bcf8663311, P0012                , 2025-11-29T21:39:06Z, 3c5140fa-c26f-4ca8-b84c-f12fc609fbe4, Succeeded
6882d01f-d90c-4d57-89f1-f1bcf8663311, P0012                , 2025-11-30T21:39:06Z, 3c5140fa-c26f-4ca8-b84c-f12fc609fbe4, Succeeded
10a375d1-9c4e-420c-8d06-ea850e2a12f5, P0013                , 2025-12-20T16:30:21Z, b8aeed38-78b8-41da-87bc-3a990a3a4ff3, Succeeded
10a375d1-9c4e-420c-8d06-ea850e2a12f5, P0013                , 2025-12-21T16:30:21Z, b8aeed38-78b8-41da-87bc-3a990a3a4ff3, Succeeded
8434845c-17e7-4b22-a978-871a0fc78650, P0014                , 2025-06-13T20:24:55Z, cce6702e-76f1-43cb-9d41-d002886cf40d, Succeeded
8434845c-17e7-4b22-a978-871a0fc78650, P0014                , 2025-06-14T20:24:55Z, cce6702e-76f1-43cb-9d41-d002886cf40d, Succeeded
8434845c-17e7-4b22-a978-871a0fc78650, P0014                , 2025-11-06T21:24:55Z, 777c9e3e-0a12-42d6-a153-1d227dd754d8, Succeeded
8434845c-17e7-4b22-a978-871a0fc78650, P0014                , 2025-11-07T21:24:55Z, 777c9e3e-0a12-42d6-a153-1d227dd754d8, Succeeded
cde65350-2071-4aef-9a72-fd723453bee9, P0015                , 2025-12-01T18:34:08Z, 8f2adbfd-c8c5-4283-af96-8752ec284410, Succeeded
cde65350-2071-4aef-9a72-fd723453bee9, P0015                , 2026-01-30T18:34:08Z, 880e5104-d224-4ef2-ab4c-ff8e73b6c963, Succeeded
6c378f1f-d517-4132-b938-210c98b9c7eb, P0017                , 2025-08-02T05:58:22Z, 79cd4957-96a8-403c-87c0-82972d2cfc89, Succeeded
9a71b9e0-c6fe-47b5-a869-dee80fbaec78, P0018                , 2025-12-01T16:45:11Z, c922a226-bafd-4025-87d1-929c74dba78d, Succeeded
9a71b9e0-c6fe-47b5-a869-dee80fbaec78, P0018                , 2025-12-02T16:45:11Z, c922a226-bafd-4025-87d1-929c74dba78d, Succeeded
9a71b9e0-c6fe-47b5-a869-dee80fbaec78, P0018                , 2025-12-03T16:45:11Z, c922a226-bafd-4025-87d1-929c74dba78d, Succeeded
9a71b9e0-c6fe-47b5-a869-dee80fbaec78, P0018                , 2026-02-22T16:45:11Z, 852e228b-c609-44af-838a-5f13515a4547, Succeeded
b92ee448-1c12-4f3a-9aa2-af411806f2e4, P0019                , 2025-10-19T05:07:00Z, b54797c9-e3d8-4ad8-9177-dcbebc8e6545, Succeeded
f88e1fc2-6b27-46dd-bdfc-81333342f20a, P0020                , 2025-11-29T03:10:51Z, 4bd7d192-0da4-401e-bb5d-e3df1beb91b4, Succeeded
f88e1fc2-6b27-46dd-bdfc-81333342f20a, P0020                , 2026-04-01T02:10:51Z, e951c080-fde3-4459-9dd5-f23d5b63eb7e, Succeeded
cdf58739-0e9a-4822-98fe-18bbe8f12539, P0021                , 2026-01-24T20:21:13Z, 957e0c6d-6536-47b3-bc09-47052960812e, Succeeded
cdf58739-0e9a-4822-98fe-18bbe8f12539, P0021                , 2026-01-25T20:21:13Z, 957e0c6d-6536-47b3-bc09-47052960812e, Succeeded
cdf58739-0e9a-4822-98fe-18bbe8f12539, P0021                , 2026-01-26T20:21:13Z, 957e0c6d-6536-47b3-bc09-47052960812e, Succeeded
cdf58739-0e9a-4822-98fe-18bbe8f12539, P0021                , 2026-03-21T19:21:13Z, 5fdf8423-0c33-4515-ae82-0ebe2a44fbf1, Succeeded
5d8b825e-2096-45f1-9555-18ef3bde48d6, P0022                , 2025-07-11T03:33:38Z, ab573e85-06ac-4ca7-a1f3-e0bb9e0c4ef1, Succeeded
5d8b825e-2096-45f1-9555-18ef3bde48d6, P0022                , 2025-07-18T03:33:38Z, 491db13b-cc9c-4e24-826b-67fd55ca7d56, Succeeded
5d8b825e-2096-45f1-9555-18ef3bde48d6, P0022                , 2025-07-19T03:33:38Z, 491db13b-cc9c-4e24-826b-67fd55ca7d56, Succeeded
f47cb7ce-d8be-490a-bab0-93db17d4148a, P0023                , 2025-10-20T04:04:09Z, 0876c0da-e9a7-401b-80ea-130d94bd1437, Succeeded
f47cb7ce-d8be-490a-bab0-93db17d4148a, P0023                , 2025-10-21T04:04:09Z, 0876c0da-e9a7-401b-80ea-130d94bd1437, Succeeded
730bdf06-493d-4b85-a64e-88d3270cea5f, P0024                , 2025-10-28T17:33:37Z, 5d7c20db-7478-4317-846d-be3f763cd465, Succeeded
730bdf06-493d-4b85-a64e-88d3270cea5f, P0024                , 2026-01-26T18:33:37Z, b1f447d1-9608-4e1c-be42-c0c69c214d25, Succeeded
730bdf06-493d-4b85-a64e-88d3270cea5f, P0024                , 2026-01-27T18:33:37Z, b1f447d1-9608-4e1c-be42-c0c69c214d25, Succeeded
730bdf06-493d-4b85-a64e-88d3270cea5f, P0024                , 2026-01-28T18:33:37Z, b1f447d1-9608-4e1c-be42-c0c69c214d25, Succeeded
730bdf06-493d-4b85-a64e-88d3270cea5f, P0024                , 2026-04-17T17:33:37Z, 4d374e93-6735-48ed-b697-b9d464455ac0, Succeeded
2423fe9e-5326-4109-841d-7d9c49eb029c, P0025                , 2025-08-24T06:46:13Z, b7f68789-f823-4d0a-9d67-96bcea8a40e6, Succeeded
2423fe9e-5326-4109-841d-7d9c49eb029c, P0025                , 2025-08-25T06:46:13Z, b7f68789-f823-4d0a-9d67-96bcea8a40e6, Succeeded
2423fe9e-5326-4109-841d-7d9c49eb029c, P0025                , 2025-09-16T06:46:13Z, cef969b8-f68c-432a-8026-849e089d1ac7, Succeeded
2423fe9e-5326-4109-841d-7d9c49eb029c, P0025                , 2025-09-17T06:46:13Z, cef969b8-f68c-432a-8026-849e089d1ac7, Succeeded
2423fe9e-5326-4109-841d-7d9c49eb029c, P0025                , 2025-09-18T06:46:13Z, cef969b8-f68c-432a-8026-849e089d1ac7, Succeeded
bb3f171c-a669-43d8-95e6-aae323f68bc3, P0026                , 2025-09-19T19:18:12Z, 705f0835-99c9-4994-bbb8-1edef336d479, Succeeded
bb3f171c-a669-43d8-95e6-aae323f68bc3, P0026                , 2025-09-20T19:18:12Z, 705f0835-99c9-4994-bbb8-1edef336d479, Succeeded
93473430-9409-4797-93e3-5609dc03d883, P0027                , 2025-04-04T16:20:51Z, 2decd051-90c9-4d7f-ae2f-1c27c90a5422, Succeeded
93473430-9409-4797-93e3-5609dc03d883, P0027                , 2025-09-16T16:20:51Z, b8188cdd-9955-4775-96df-5f38c30493e9, Succeeded
93473430-9409-4797-93e3-5609dc03d883, P0027                , 2025-09-17T16:20:51Z, b8188cdd-9955-4775-96df-5f38c30493e9, Succeeded
93473430-9409-4797-93e3-5609dc03d883, P0027                , 2025-09-18T16:20:51Z, b8188cdd-9955-4775-96df-5f38c30493e9, Succeeded
25327ead-55ff-4dc6-be62-aee7404b6c4d, P0028                , 2025-01-02T12:37:35Z, 5f262348-9d20-463c-9265-1e2ae32d5d1e, Succeeded
25327ead-55ff-4dc6-be62-aee7404b6c4d, P0028                , 2025-01-09T12:37:35Z, 76bbfd72-3e20-4a2e-9bc8-116f0bd9ec23, Succeeded
25327ead-55ff-4dc6-be62-aee7404b6c4d, P0028                , 2025-04-02T11:37:35Z, cab2905d-b896-4134-af1f-c3976a215d0c, Succeeded
e4bfd8bb-a560-43af-a1d8-78eb0815157e, P0029                , 2025-09-04T00:47:55Z, 54ffc6dd-7b3d-4d0a-a735-d5411812296f, Succeeded
e4bfd8bb-a560-43af-a1d8-78eb0815157e, P0029                , 2025-09-05T00:47:55Z, 54ffc6dd-7b3d-4d0a-a735-d5411812296f, Succeeded
c5685835-4d66-4fc0-85ae-41bb9498ad2f, P0030                , 2025-02-01T21:23:56Z, 0a796e1b-8dbf-4e6f-a6e5-3ae4f4db64df, Succeeded
c5685835-4d66-4fc0-85ae-41bb9498ad2f, P0030                , 2025-02-02T21:23:56Z, 0a796e1b-8dbf-4e6f-a6e5-3ae4f4db64df, Succeeded
6a7cd6c6-0460-4001-99bf-cedb7d3b1163, P0031                , 2025-02-13T13:08:21Z, 241a449a-dd02-42b9-b27a-b5531e1a2801, Succeeded
6a7cd6c6-0460-4001-99bf-cedb7d3b1163, P0031                , 2025-02-14T13:08:21Z, 241a449a-dd02-42b9-b27a-b5531e1a2801, Succeeded
6a7cd6c6-0460-4001-99bf-cedb7d3b1163, P0031                , 2025-02-20T13:08:21Z, 3bbcb481-1d56-4463-a131-e63a8a70cd0c, Succeeded
6a7cd6c6-0460-4001-99bf-cedb7d3b1163, P0031                , 2025-03-15T12:08:21Z, 2b20b8db-1184-4ac2-bab3-7676c534788d, Succeeded
6a7cd6c6-0460-4001-99bf-cedb7d3b1163, P0031                , 2025-03-16T12:08:21Z, 2b20b8db-1184-4ac2-bab3-7676c534788d, Succeeded
6a7cd6c6-0460-4001-99bf-cedb7d3b1163, P0031                , 2025-03-17T12:08:21Z, 2b20b8db-1184-4ac2-bab3-7676c534788d, Succeeded
6a7cd6c6-0460-4001-99bf-cedb7d3b1163, P0031                , 2025-05-14T12:08:21Z, 333e3f9c-2493-4e7d-a98a-c9a9b6b4f6e5, Succeeded
85b24152-517d-4291-995b-e68cf4bc63d5, P0032                , 2025-04-30T01:16:22Z, e0825001-d191-4c05-93fc-cb870fc97b8b, Succeeded
85b24152-517d-4291-995b-e68cf4bc63d5, P0032                , 2025-10-14T01:16:22Z, 52b5e668-72cd-482d-890f-79b579e41ceb, Succeeded
85b24152-517d-4291-995b-e68cf4bc63d5, P0032                , 2025-10-15T01:16:22Z, 52b5e668-72cd-482d-890f-79b579e41ceb, Succeeded
85b24152-517d-4291-995b-e68cf4bc63d5, P0032                , 2025-10-16T01:16:22Z, 52b5e668-72cd-482d-890f-79b579e41ceb, Succeeded
d3af3a5b-f786-4df3-bcaa-704627b087ca, P0033                , 2025-11-21T17:46:03Z, 1b3086e2-ddbc-4695-b39e-6a47db894103, Succeeded
d3af3a5b-f786-4df3-bcaa-704627b087ca, P0033                , 2025-11-22T17:46:03Z, 1b3086e2-ddbc-4695-b39e-6a47db894103, Succeeded
d3af3a5b-f786-4df3-bcaa-704627b087ca, P0033                , 2026-03-22T16:46:03Z, 1802e38f-e8b1-451a-9197-f2e79952ee5a, Succeeded
d3af3a5b-f786-4df3-bcaa-704627b087ca, P0033                , 2026-03-23T16:46:03Z, 1802e38f-e8b1-451a-9197-f2e79952ee5a, Succeeded
d3af3a5b-f786-4df3-bcaa-704627b087ca, P0033                , 2026-03-24T16:46:03Z, 1802e38f-e8b1-451a-9197-f2e79952ee5a, Succeeded
c3a38da1-fa39-41fd-9ab4-8f15a1803da5, P0034                , 2025-02-08T14:54:26Z, e239eee8-69dd-4ba3-bae9-b5f4c4c630b4, Succeeded
52e3c972-520b-44a1-9d6e-d81e47cc6e9d, P0035                , 2025-06-25T03:05:12Z, b6bc9e73-0131-48c1-bed8-c5e93a2c8545, Succeeded
e879626b-5207-449f-975f-ac255e6d4489, P0036                , 2025-06-19T23:05:01Z, ef58535d-c8f6-4e0c-a7b0-590967ec7a32, Succeeded
e879626b-5207-449f-975f-ac255e6d4489, P0036                , 2025-06-20T23:05:01Z, ef58535d-c8f6-4e0c-a7b0-590967ec7a32, Succeeded
e879626b-5207-449f-975f-ac255e6d4489, P0036                , 2025-06-21T23:05:01Z, ef58535d-c8f6-4e0c-a7b0-590967ec7a32, Succeeded
400ff076-649c-44f5-a903-fa51eb10a71c, P0037                , 2025-11-13T23:08:19Z, 91bcf28d-666f-45c7-858a-2278ff06d3c9, Succeeded
400ff076-649c-44f5-a903-fa51eb10a71c, P0037                , 2025-11-14T23:08:19Z, 91bcf28d-666f-45c7-858a-2278ff06d3c9, Succeeded
400ff076-649c-44f5-a903-fa51eb10a71c, P0037                , 2025-11-15T23:08:19Z, 91bcf28d-666f-45c7-858a-2278ff06d3c9, Succeeded
400ff076-649c-44f5-a903-fa51eb10a71c, P0037                , 2026-02-11T23:08:19Z, d5de5b58-7097-467e-8157-6d84eea75ce3, Succeeded
400ff076-649c-44f5-a903-fa51eb10a71c, P0037                , 2026-02-12T23:08:19Z, d5de5b58-7097-467e-8157-6d84eea75ce3, Succeeded
ac61297c-ea06-4815-8161-cdfdae444f80, P0038                , 2025-12-20T13:23:00Z, 3f1c813e-0b28-486e-bb2f-171e891dd245, Succeeded
abd94de1-67ae-4baa-b4d3-3ffaca459bd7, P0039                , 2025-09-24T14:19:20Z, 0e10863a-da4e-473c-95da-2c1fb888e6ce, Succeeded
abd94de1-67ae-4baa-b4d3-3ffaca459bd7, P0039                , 2025-09-25T14:19:20Z, 0e10863a-da4e-473c-95da-2c1fb888e6ce, Succeeded
abd94de1-67ae-4baa-b4d3-3ffaca459bd7, P0039                , 2025-09-26T14:19:20Z, 0e10863a-da4e-473c-95da-2c1fb888e6ce, Succeeded
abd94de1-67ae-4baa-b4d3-3ffaca459bd7, P0039                , 2025-10-01T14:19:20Z, bf65e324-682a-4f4b-8e3a-364d8db5dbae, Succeeded
abd94de1-67ae-4baa-b4d3-3ffaca459bd7, P0039                , 2025-12-23T15:19:20Z, 0e8d6852-be46-49e5-aec7-a77b24e66269, Succeeded
abd94de1-67ae-4baa-b4d3-3ffaca459bd7, P0039                , 2025-12-24T15:19:20Z, 0e8d6852-be46-49e5-aec7-a77b24e66269, Succeeded
abd94de1-67ae-4baa-b4d3-3ffaca459bd7, P0039                , 2025-12-25T15:19:20Z, 0e8d6852-be46-49e5-aec7-a77b24e66269, Succeeded
f77e701b-e5d2-4e53-8dd7-5574a2cd9ce3, P0040                , 2025-07-10T21:48:12Z, dd7cd77c-7b67-41b0-a998-d2a418a00a1c, Succeeded
f77e701b-e5d2-4e53-8dd7-5574a2cd9ce3, P0040                , 2025-07-11T21:48:12Z, dd7cd77c-7b67-41b0-a998-d2a418a00a1c, Succeeded
0107f88a-cd7f-4218-a820-5d9abbc458f8, P0041                , 2025-09-22T08:21:50Z, 61b293d3-aa3b-4508-8f2c-e5abf6facac5, Succeeded
32551c80-b925-417b-93a3-8d72e2de213a, P0042                , 2025-06-02T12:51:54Z, 38c6f45f-07db-4a4e-a727-430bc7afb858, Succeeded
32551c80-b925-417b-93a3-8d72e2de213a, P0042                , 2025-06-03T12:51:54Z, 38c6f45f-07db-4a4e-a727-430bc7afb858, Succeeded
32551c80-b925-417b-93a3-8d72e2de213a, P0042                , 2025-08-01T12:51:54Z, dcef44fb-f2a0-4dca-9868-0f1a07b14b7d, Succeeded
e9783527-d679-4eaf-9b3b-84d7ca9b12f0, P0043                , 2025-03-24T03:26:09Z, da5f235b-2c91-45d0-aefc-fa9939cc6ef4, Succeeded
923a24f4-8a15-4e89-9006-8e949e073d65, P0046                , 2025-06-15T12:24:21Z, 2074a45b-3edf-4602-9229-4a971f96cc4c, Succeeded
923a24f4-8a15-4e89-9006-8e949e073d65, P0046                , 2025-06-16T12:24:21Z, 2074a45b-3edf-4602-9229-4a971f96cc4c, Succeeded
923a24f4-8a15-4e89-9006-8e949e073d65, P0046                , 2025-06-17T12:24:21Z, 2074a45b-3edf-4602-9229-4a971f96cc4c, Succeeded
923a24f4-8a15-4e89-9006-8e949e073d65, P0046                , 2025-10-18T12:24:21Z, 45f5a664-38b9-46d0-b69f-17c9cffb7881, Succeeded
923a24f4-8a15-4e89-9006-8e949e073d65, P0046                , 2025-10-19T12:24:21Z, 45f5a664-38b9-46d0-b69f-17c9cffb7881, Succeeded
734601b9-87ac-42e7-bdda-8db4221b4f48, P0047                , 2026-05-26T09:51:54Z, c0f29792-819e-483f-a215-5cce4f138f87, Succeeded
cfcb5ec9-cee5-4de3-9538-fb8df896e496, P0048                , 2025-05-20T00:05:20Z, 8c5c7552-2ec1-4de7-8b1b-52c7b677a71c, Succeeded
cfcb5ec9-cee5-4de3-9538-fb8df896e496, P0048                , 2025-05-21T00:05:20Z, 8c5c7552-2ec1-4de7-8b1b-52c7b677a71c, Succeeded
cfcb5ec9-cee5-4de3-9538-fb8df896e496, P0048                , 2025-05-22T00:05:20Z, 8c5c7552-2ec1-4de7-8b1b-52c7b677a71c, Succeeded
cfcb5ec9-cee5-4de3-9538-fb8df896e496, P0048                , 2025-05-27T00:05:20Z, 63745d8b-64ce-4271-9f87-5e77ced7cd82, Succeeded
cfcb5ec9-cee5-4de3-9538-fb8df896e496, P0048                , 2025-05-28T00:05:20Z, 63745d8b-64ce-4271-9f87-5e77ced7cd82, Succeeded
cfcb5ec9-cee5-4de3-9538-fb8df896e496, P0048                , 2025-11-05T01:05:20Z, bb82d8fe-ed7b-4209-96f6-c8b0e2d10549, Succeeded
b73426c7-b601-4f88-91ee-0715b50d24ec, P0049                , 2025-11-10T05:24:37Z, bf682c11-a72a-4fd9-b473-7fa5c71f110e, Succeeded
b73426c7-b601-4f88-91ee-0715b50d24ec, P0049                , 2025-12-10T05:24:37Z, 7c9fc55a-82c1-4be1-b992-28deebf5ed94, Succeeded
b73426c7-b601-4f88-91ee-0715b50d24ec, P0049                , 2026-02-08T05:24:37Z, 9f212b63-52e8-4395-8bc2-bdcedc25399b, Succeeded
b73426c7-b601-4f88-91ee-0715b50d24ec, P0049                , 2026-04-16T04:24:37Z, 57181e81-0101-441f-b3ff-ac4c62bfe068, Succeeded
ed0116e6-3f3a-481a-9bad-8b30f9ddfc07, P0050                , 2025-06-26T15:47:05Z, 00e6dd2b-fc0f-4f3b-91dc-d729a318fb5c, Succeeded
ed0116e6-3f3a-481a-9bad-8b30f9ddfc07, P0050                , 2025-06-27T15:47:05Z, 00e6dd2b-fc0f-4f3b-91dc-d729a318fb5c, Succeeded
8175a901-94c1-413c-9a52-e0e035e3bbb6, P0051                , 2025-11-17T05:56:36Z, 8018740d-ffbf-4d61-8d69-670d7b6809d0, Succeeded
0aabec2d-112b-49e6-9422-0e839970ba2e, P0052                , 2025-10-17T22:58:58Z, 5a77bbc3-0d52-4277-aab2-b034d67e2501, Succeeded
6b12cf83-49a2-44a0-b09a-a6c28cf87bfc, P0054                , 2025-01-31T04:21:10Z, c748aa0e-7278-4633-b59a-f4dfa6ffa220, Succeeded
6b12cf83-49a2-44a0-b09a-a6c28cf87bfc, P0054                , 2025-02-01T04:21:10Z, c748aa0e-7278-4633-b59a-f4dfa6ffa220, Succeeded
6b12cf83-49a2-44a0-b09a-a6c28cf87bfc, P0054                , 2025-02-07T04:21:10Z, ebd8fc89-9e03-4ba5-9d20-927b8c37c017, Succeeded
6b12cf83-49a2-44a0-b09a-a6c28cf87bfc, P0054                , 2025-02-08T04:21:10Z, ebd8fc89-9e03-4ba5-9d20-927b8c37c017, Succeeded
6b12cf83-49a2-44a0-b09a-a6c28cf87bfc, P0054                , 2025-02-09T04:21:10Z, ebd8fc89-9e03-4ba5-9d20-927b8c37c017, Succeeded
6b12cf83-49a2-44a0-b09a-a6c28cf87bfc, P0054                , 2025-05-01T03:21:10Z, 5f323ea0-be51-442b-aab3-64336f523662, Succeeded
6b12cf83-49a2-44a0-b09a-a6c28cf87bfc, P0054                , 2025-07-27T03:21:10Z, 377afcf5-e3eb-49c1-927a-19cc68526af7, Succeeded
6b12cf83-49a2-44a0-b09a-a6c28cf87bfc, P0054                , 2025-07-28T03:21:10Z, 377afcf5-e3eb-49c1-927a-19cc68526af7, Succeeded
6b12cf83-49a2-44a0-b09a-a6c28cf87bfc, P0054                , 2025-07-29T03:21:10Z, 377afcf5-e3eb-49c1-927a-19cc68526af7, Succeeded
c939b3f0-0501-4ca2-aa7c-791b92f90114, P0055                , 2025-10-09T07:53:31Z, 32e39bd4-7e5c-4092-b001-f86f7f98cffe, Succeeded
c939b3f0-0501-4ca2-aa7c-791b92f90114, P0055                , 2026-01-07T08:53:31Z, c2776158-f955-4c24-b9aa-378ee15fb1e3, Succeeded
2ba0ff4a-8531-4a0d-9916-f9048f7d6d5e, P0056                , 2025-06-12T16:42:26Z, fc1ea6a7-bcdc-443f-b365-b1e3b1da47bb, Succeeded
2ba0ff4a-8531-4a0d-9916-f9048f7d6d5e, P0056                , 2025-06-13T16:42:26Z, fc1ea6a7-bcdc-443f-b365-b1e3b1da47bb, Succeeded
c0b1fe99-5409-43d4-ae74-ae3291b40a6b, P0057                , 2025-03-07T08:44:17Z, 4f80c859-6103-4725-8920-410c6db7374c, Succeeded
c0b1fe99-5409-43d4-ae74-ae3291b40a6b, P0057                , 2025-03-08T08:44:17Z, 4f80c859-6103-4725-8920-410c6db7374c, Succeeded
a21c107c-0028-4277-8e30-65833e01e54d, P0058                , 2025-09-04T23:48:56Z, b1f0d51c-5309-4cd7-a417-1f835cca8700, Succeeded
a21c107c-0028-4277-8e30-65833e01e54d, P0058                , 2025-09-05T23:48:56Z, b1f0d51c-5309-4cd7-a417-1f835cca8700, Succeeded
a21c107c-0028-4277-8e30-65833e01e54d, P0058                , 2025-12-18T00:48:56Z, d81c91b4-0482-4999-901b-57f57aa5c57f, Succeeded
a21c107c-0028-4277-8e30-65833e01e54d, P0058                , 2025-12-19T00:48:56Z, d81c91b4-0482-4999-901b-57f57aa5c57f, Succeeded
c5fc6bfc-4080-4232-b149-597ee24b7638, P0059                , 2025-08-28T11:07:36Z, 86e88548-278c-4c28-ad9f-d8ffbc4d5239, Succeeded
c5fc6bfc-4080-4232-b149-597ee24b7638, P0059                , 2025-08-29T11:07:36Z, 86e88548-278c-4c28-ad9f-d8ffbc4d5239, Succeeded
c5fc6bfc-4080-4232-b149-597ee24b7638, P0059                , 2025-10-27T11:07:36Z, fdd60a2e-526d-4908-ac71-916535b356eb, Succeeded
33fb9e95-1283-4803-b03e-a48106a712f7, P0060                , 2025-07-23T22:46:23Z, 5cd1fd11-5516-476e-9814-3dc33a484a73, Succeeded
33fb9e95-1283-4803-b03e-a48106a712f7, P0060                , 2025-07-24T22:46:23Z, 5cd1fd11-5516-476e-9814-3dc33a484a73, Succeeded
33fb9e95-1283-4803-b03e-a48106a712f7, P0060                , 2025-08-26T22:46:23Z, 57555b60-1c80-49c1-9162-7f39b081e433, Succeeded
bb737c14-c512-43d5-84a5-b8faaa5a05da, P0061                , 2025-04-30T04:38:39Z, b0d46af1-fb23-469b-b0e0-0aeb80ebe476, Succeeded
e6d5bddb-c717-42d5-9d6b-d3019ec31f0b, P0062                , 2025-06-28T03:43:21Z, b1265859-1f9d-47e4-81c3-c336d2db0790, Succeeded
e6d5bddb-c717-42d5-9d6b-d3019ec31f0b, P0062                , 2025-07-28T03:43:21Z, a842794c-7484-46eb-ad7a-54294c7f4cf3, Succeeded
0bdf062e-5ec9-4e45-aa30-36e9032021a2, P0063                , 2025-03-27T05:10:28Z, b44550f0-e1a0-4d86-ad08-48e06973ac34, Succeeded
0bdf062e-5ec9-4e45-aa30-36e9032021a2, P0063                , 2025-03-28T05:10:28Z, b44550f0-e1a0-4d86-ad08-48e06973ac34, Succeeded
ebb28622-1607-4d77-b6f0-d99d03f87626, P0064                , 2026-01-06T22:20:14Z, 4c58c17b-a7d1-40f8-bf83-6b9b1762f2df, Succeeded
ebb28622-1607-4d77-b6f0-d99d03f87626, P0064                , 2026-05-18T21:20:14Z, 86acc89b-f528-4b7b-bebf-d475968d1eb8, Succeeded
217e814c-685b-4705-b2aa-fb154438d30c, P0065                , 2025-10-08T21:55:31Z, 8948958c-a4ab-4beb-95d8-0c537f101de7, Succeeded
217e814c-685b-4705-b2aa-fb154438d30c, P0065                , 2025-10-09T21:55:31Z, 8948958c-a4ab-4beb-95d8-0c537f101de7, Succeeded
3b07bf15-ec82-42d0-95af-4e8de2873033, P0066                , 2025-10-08T21:31:39Z, 3c57d681-d89b-4ab3-9da2-232eaa3e157d, Succeeded
3b07bf15-ec82-42d0-95af-4e8de2873033, P0066                , 2025-10-09T21:31:39Z, 3c57d681-d89b-4ab3-9da2-232eaa3e157d, Succeeded
3b07bf15-ec82-42d0-95af-4e8de2873033, P0066                , 2026-03-09T21:31:39Z, 7cec226d-3610-4a4b-99dc-9915c351cccf, Succeeded
3b07bf15-ec82-42d0-95af-4e8de2873033, P0066                , 2026-03-10T21:31:39Z, 7cec226d-3610-4a4b-99dc-9915c351cccf, Succeeded
5a5a2141-8c92-4bb7-9414-da635505f423, P0067                , 2025-10-06T17:28:30Z, beabba5d-977f-408a-86c2-0b4c2fc9c38a, Succeeded
234f480a-cecb-4cff-b26a-2ab0f2957a73, P0068                , 2025-08-20T17:58:32Z, 82dd66f3-e816-4dcb-8ce1-212bc899281d, Succeeded
234f480a-cecb-4cff-b26a-2ab0f2957a73, P0068                , 2025-09-12T17:58:32Z, ae5488fa-c41c-49ed-9724-636adcffac58, Succeeded
0913f118-eb66-41d3-b2e5-99a9bd0f80f5, P0069                , 2025-05-01T12:04:36Z, 823714f3-2702-41ae-8774-222b46eacb5e, Succeeded
0913f118-eb66-41d3-b2e5-99a9bd0f80f5, P0069                , 2025-05-02T12:04:36Z, 823714f3-2702-41ae-8774-222b46eacb5e, Succeeded
0913f118-eb66-41d3-b2e5-99a9bd0f80f5, P0069                , 2025-05-03T12:04:36Z, 823714f3-2702-41ae-8774-222b46eacb5e, Succeeded
0913f118-eb66-41d3-b2e5-99a9bd0f80f5, P0069                , 2025-05-08T12:04:36Z, 37943cd2-f4d6-4616-9829-f56be9938d4d, Succeeded
0913f118-eb66-41d3-b2e5-99a9bd0f80f5, P0069                , 2025-05-31T12:04:36Z, aab3286a-1596-422d-a0f6-870a6b71bb8f, Succeeded
bf7cc898-96e6-4591-97d7-3259531f0936, P0070                , 2025-01-11T03:35:13Z, 713faeda-7be1-45e9-8bab-180971d8a981, Succeeded
bf7cc898-96e6-4591-97d7-3259531f0936, P0070                , 2025-04-11T02:35:13Z, f8c02925-9aaf-4d7b-b8b3-42c41ede0f6d, Succeeded
bf7cc898-96e6-4591-97d7-3259531f0936, P0070                , 2025-04-12T02:35:13Z, f8c02925-9aaf-4d7b-b8b3-42c41ede0f6d, Succeeded
bf7cc898-96e6-4591-97d7-3259531f0936, P0070                , 2025-04-13T02:35:13Z, f8c02925-9aaf-4d7b-b8b3-42c41ede0f6d, Succeeded
bf7cc898-96e6-4591-97d7-3259531f0936, P0070                , 2025-05-16T02:35:13Z, 9a91e2db-610e-49fc-905e-7246bf114588, Succeeded
fdea8b6b-0de9-42e4-b471-0e8d262c3d74, P0071                , 2025-11-26T19:00:55Z, 24e81ada-3e67-4faa-ab79-d0ec292939a3, Succeeded
fdea8b6b-0de9-42e4-b471-0e8d262c3d74, P0071                , 2026-02-24T19:00:55Z, b4ecf751-1cd1-49e2-91e3-10aa05886416, Succeeded
2cf4ab67-fa28-4dd5-b912-31bccb7d95ad, P0072                , 2025-10-04T13:43:01Z, 733227e6-87e9-4cb7-a290-dc52f0950617, Succeeded
2cf4ab67-fa28-4dd5-b912-31bccb7d95ad, P0072                , 2025-10-05T13:43:01Z, 733227e6-87e9-4cb7-a290-dc52f0950617, Succeeded
2cf4ab67-fa28-4dd5-b912-31bccb7d95ad, P0072                , 2025-10-06T13:43:01Z, 733227e6-87e9-4cb7-a290-dc52f0950617, Succeeded
2cf4ab67-fa28-4dd5-b912-31bccb7d95ad, P0072                , 2025-11-03T14:43:01Z, 89897617-2f1d-4a54-ae4a-ee50218bb17d, Succeeded
2cf4ab67-fa28-4dd5-b912-31bccb7d95ad, P0072                , 2026-03-09T13:43:01Z, dec42d94-c039-46e2-ad8f-9e892372cd54, Succeeded
47e65a23-f73d-4e97-8d8e-a907ffe8774a, P0073                , 2025-05-24T17:52:51Z, c502b460-84a2-4e4b-b9fa-60e1388a72fa, Succeeded
47e65a23-f73d-4e97-8d8e-a907ffe8774a, P0073                , 2025-05-31T17:52:51Z, b904dc05-542d-4902-bbdb-d8dc03aade67, Succeeded
47e65a23-f73d-4e97-8d8e-a907ffe8774a, P0073                , 2025-08-22T17:52:51Z, 4d022e4a-b3f7-472d-b129-a1d7fa0c4de2, Succeeded
54e2e4d7-4ad3-4a5e-a7ab-ca3461e61e40, P0076                , 2025-06-21T11:21:08Z, a01840a4-c055-47c8-8c30-e5d4b1cf99ae, Succeeded
54e2e4d7-4ad3-4a5e-a7ab-ca3461e61e40, P0076                , 2025-06-22T11:21:08Z, a01840a4-c055-47c8-8c30-e5d4b1cf99ae, Succeeded
54e2e4d7-4ad3-4a5e-a7ab-ca3461e61e40, P0076                , 2025-07-14T11:21:08Z, 9a003d17-108e-4859-8227-08a77731981d, Succeeded
54e2e4d7-4ad3-4a5e-a7ab-ca3461e61e40, P0076                , 2025-07-15T11:21:08Z, 9a003d17-108e-4859-8227-08a77731981d, Succeeded
54e2e4d7-4ad3-4a5e-a7ab-ca3461e61e40, P0076                , 2025-07-16T11:21:08Z, 9a003d17-108e-4859-8227-08a77731981d, Succeeded
54e2e4d7-4ad3-4a5e-a7ab-ca3461e61e40, P0076                , 2025-11-14T12:21:08Z, a6352a06-dba2-4544-b8a3-977d20c0fae5, Succeeded
3012e4a2-76da-4dce-a759-f4a444f25d36, P0077                , 2025-05-06T17:14:16Z, 3f1f04b0-aadd-4a1d-9174-040a17c212e6, Succeeded
3012e4a2-76da-4dce-a759-f4a444f25d36, P0077                , 2025-05-07T17:14:16Z, 3f1f04b0-aadd-4a1d-9174-040a17c212e6, Succeeded
3012e4a2-76da-4dce-a759-f4a444f25d36, P0077                , 2025-05-08T17:14:16Z, 3f1f04b0-aadd-4a1d-9174-040a17c212e6, Succeeded
46f303b3-ceb4-4984-a9f2-58c4e041bffa, P0078                , 2025-06-05T08:50:12Z, 3bd488f4-a37c-485c-b8cd-f62574f37e03, Succeeded
46f303b3-ceb4-4984-a9f2-58c4e041bffa, P0078                , 2025-07-05T08:50:12Z, 88fcff5a-25a9-4429-8732-cec3c7a12c22, Succeeded
46f303b3-ceb4-4984-a9f2-58c4e041bffa, P0078                , 2025-10-09T08:50:12Z, c01bae19-a0db-47d6-98d2-b4b3da6a17b5, Succeeded
2eb3eee0-2092-4c32-9804-22801280160e, P0079                , 2025-12-20T13:25:49Z, 48407d85-1c95-41a7-9e3a-4a2eab967359, Succeeded
2eb3eee0-2092-4c32-9804-22801280160e, P0079                , 2025-12-21T13:25:49Z, 48407d85-1c95-41a7-9e3a-4a2eab967359, Succeeded
2eb3eee0-2092-4c32-9804-22801280160e, P0079                , 2026-04-25T12:25:49Z, 62ad4520-7d78-4c4b-b434-edfcc7452829, Succeeded
f074ffbe-8502-4805-a99d-fbf0d81d6f84, P0080                , 2025-08-16T23:17:08Z, bcf08a03-18b4-45a3-bdf2-228b7a162e6c, Succeeded
f074ffbe-8502-4805-a99d-fbf0d81d6f84, P0080                , 2025-09-15T23:17:08Z, 155e3de3-526f-44ff-a463-00647a001102, Succeeded
f074ffbe-8502-4805-a99d-fbf0d81d6f84, P0080                , 2025-09-16T23:17:08Z, 155e3de3-526f-44ff-a463-00647a001102, Succeeded
f074ffbe-8502-4805-a99d-fbf0d81d6f84, P0080                , 2025-09-17T23:17:08Z, 155e3de3-526f-44ff-a463-00647a001102, Succeeded
c3cc9c9a-c920-4433-8779-c5fad3824dd6, P0081                , 2025-08-11T19:50:22Z, e53f47d1-0ca2-4216-9efd-37f2aa37091f, Succeeded
c3cc9c9a-c920-4433-8779-c5fad3824dd6, P0081                , 2025-11-02T20:50:22Z, 34d12bdc-37fb-4635-9cdb-585775f2e5b2, Succeeded
2d4584de-eae1-4df1-8811-b9bb32a2713c, P0082                , 2025-07-14T01:56:17Z, 70ad36ee-edad-471b-afda-1fdca9f389bd, Succeeded
2d4584de-eae1-4df1-8811-b9bb32a2713c, P0082                , 2025-07-15T01:56:17Z, 70ad36ee-edad-471b-afda-1fdca9f389bd, Succeeded
2d4584de-eae1-4df1-8811-b9bb32a2713c, P0082                , 2025-07-16T01:56:17Z, 70ad36ee-edad-471b-afda-1fdca9f389bd, Succeeded
2d4584de-eae1-4df1-8811-b9bb32a2713c, P0082                , 2025-11-20T02:56:17Z, 2439e2be-b84e-43c4-aa43-50df45d64f4b, Succeeded
860a3bcb-8efd-4922-b996-1779d5f162d0, P0083                , 2026-05-25T07:07:31Z, 1e6859b4-3a61-4502-8eb9-9404d55276de, Succeeded
860a3bcb-8efd-4922-b996-1779d5f162d0, P0083                , 2026-05-26T07:07:31Z, 1e6859b4-3a61-4502-8eb9-9404d55276de, Succeeded
c80712ea-dc1c-49a4-915e-82e897b8dcb5, P0084                , 2025-02-15T18:22:24Z, 7365731b-a3b2-4a35-950c-7a29ee051574, Succeeded
c80712ea-dc1c-49a4-915e-82e897b8dcb5, P0084                , 2025-02-22T18:22:24Z, 79546c1a-e877-4e75-9e54-24155302814f, Succeeded
c80712ea-dc1c-49a4-915e-82e897b8dcb5, P0084                , 2025-05-16T17:22:24Z, ae4bbef2-8913-43db-8dd0-512d54741e6f, Succeeded
c80712ea-dc1c-49a4-915e-82e897b8dcb5, P0084                , 2025-06-28T17:22:24Z, c9e1c5af-d777-4f03-9bb8-bdbd62050835, Succeeded
c80712ea-dc1c-49a4-915e-82e897b8dcb5, P0084                , 2025-06-29T17:22:24Z, c9e1c5af-d777-4f03-9bb8-bdbd62050835, Succeeded
4aaa4966-d77d-43ab-94c1-069d5bb903c7, P0085                , 2025-06-15T17:25:08Z, 4156a660-fb6c-4e80-ba47-c93fec8569e3, Succeeded
4aaa4966-d77d-43ab-94c1-069d5bb903c7, P0085                , 2025-11-04T18:25:08Z, 65e2269c-1303-4622-af4f-1300442c758b, Succeeded
6a923399-7071-4f8c-b8ec-88a81ad77bea, P0086                , 2025-10-15T03:36:20Z, 5d4babb2-3994-45d7-83ec-7fb30b077072, Succeeded
6a923399-7071-4f8c-b8ec-88a81ad77bea, P0086                , 2025-10-16T03:36:20Z, 5d4babb2-3994-45d7-83ec-7fb30b077072, Succeeded
4dd5eca2-21d9-48ba-89d8-1e9f3dc852d8, P0087                , 2025-11-09T05:18:04Z, a0d6c17b-ed8a-4f83-85a7-64fc2d2886bc, Succeeded
4dd5eca2-21d9-48ba-89d8-1e9f3dc852d8, P0087                , 2025-11-10T05:18:04Z, a0d6c17b-ed8a-4f83-85a7-64fc2d2886bc, Succeeded
4dd5eca2-21d9-48ba-89d8-1e9f3dc852d8, P0087                , 2025-11-11T05:18:04Z, a0d6c17b-ed8a-4f83-85a7-64fc2d2886bc, Succeeded
4dd5eca2-21d9-48ba-89d8-1e9f3dc852d8, P0087                , 2025-12-09T05:18:04Z, e40be8c7-3fa0-4899-8a18-4846b0afb905, Succeeded
4dd5eca2-21d9-48ba-89d8-1e9f3dc852d8, P0087                , 2026-04-10T04:18:04Z, 8a172b9f-988c-4195-b09f-df44a7ffd996, Succeeded
4dd5eca2-21d9-48ba-89d8-1e9f3dc852d8, P0087                , 2026-04-11T04:18:04Z, 8a172b9f-988c-4195-b09f-df44a7ffd996, Succeeded
4dd5eca2-21d9-48ba-89d8-1e9f3dc852d8, P0087                , 2026-04-12T04:18:04Z, 8a172b9f-988c-4195-b09f-df44a7ffd996, Succeeded
82ad68eb-95a4-4ea2-a5a8-a9ac30b69e25, P0088                , 2025-11-18T20:52:29Z, e667d7b4-4f39-4ddc-ae9f-e7873f7f943a, Succeeded
82ad68eb-95a4-4ea2-a5a8-a9ac30b69e25, P0088                , 2025-11-19T20:52:29Z, e667d7b4-4f39-4ddc-ae9f-e7873f7f943a, Succeeded
82ad68eb-95a4-4ea2-a5a8-a9ac30b69e25, P0088                , 2025-11-20T20:52:29Z, e667d7b4-4f39-4ddc-ae9f-e7873f7f943a, Succeeded
82ad68eb-95a4-4ea2-a5a8-a9ac30b69e25, P0088                , 2026-03-27T19:52:29Z, 2519759e-ccb8-40d4-813f-4c8a343e4535, Succeeded
cbfcfd41-c898-4bb4-b426-c60b07a8a656, P0089                , 2026-03-04T03:44:22Z, 4749a51f-971a-457d-9b2b-682ddd18ca4b, Succeeded
cbfcfd41-c898-4bb4-b426-c60b07a8a656, P0089                , 2026-03-05T03:44:22Z, 4749a51f-971a-457d-9b2b-682ddd18ca4b, Succeeded
cb2c82e7-a1fa-4dda-990a-fc2a7501db86, P0090                , 2025-08-29T13:56:43Z, 5dd4e36f-b8a4-4709-84b6-9b14eceecc9a, Succeeded
e02ff6a9-15be-43fb-a5b2-e697df1d8f33, P0091                , 2026-01-06T12:37:52Z, fdbb5323-13ed-4153-af06-f1c571df6fd6, Succeeded
e02ff6a9-15be-43fb-a5b2-e697df1d8f33, P0091                , 2026-01-07T12:37:52Z, fdbb5323-13ed-4153-af06-f1c571df6fd6, Succeeded
e02ff6a9-15be-43fb-a5b2-e697df1d8f33, P0091                , 2026-01-08T12:37:52Z, fdbb5323-13ed-4153-af06-f1c571df6fd6, Succeeded
e02ff6a9-15be-43fb-a5b2-e697df1d8f33, P0091                , 2026-03-07T12:37:52Z, 14940f4c-00a1-4f70-98da-10a9e241cde1, Succeeded
832b9391-3f31-46a4-9d8b-66086a62f485, P0092                , 2025-07-11T04:44:16Z, c630ae5d-5d25-4621-8c0e-a02bd5198e47, Succeeded
832b9391-3f31-46a4-9d8b-66086a62f485, P0092                , 2025-10-09T04:44:16Z, 7f6e1b2b-41e0-4e6c-8346-23937cfa31c0, Succeeded
832b9391-3f31-46a4-9d8b-66086a62f485, P0092                , 2025-10-10T04:44:16Z, 7f6e1b2b-41e0-4e6c-8346-23937cfa31c0, Succeeded
832b9391-3f31-46a4-9d8b-66086a62f485, P0092                , 2025-10-11T04:44:16Z, 7f6e1b2b-41e0-4e6c-8346-23937cfa31c0, Succeeded
3bebe902-34ba-4086-848e-b8c5e34ca11e, P0093                , 2025-07-05T03:00:43Z, d4cfab8b-72a2-4c2f-abf2-bb673a5f4e98, Succeeded
3bebe902-34ba-4086-848e-b8c5e34ca11e, P0093                , 2025-09-03T03:00:43Z, 0a863fe7-3390-4e60-aef8-14616cdd76e3, Succeeded
67b3b994-84de-4f2a-8c07-085f88fd25b7, P0094                , 2025-12-30T13:46:21Z, e7974f2c-68a3-48db-96b5-9c376f385a80, Succeeded
67b3b994-84de-4f2a-8c07-085f88fd25b7, P0094                , 2025-12-31T13:46:21Z, e7974f2c-68a3-48db-96b5-9c376f385a80, Succeeded
67b3b994-84de-4f2a-8c07-085f88fd25b7, P0094                , 2026-01-01T13:46:21Z, e7974f2c-68a3-48db-96b5-9c376f385a80, Succeeded
67b3b994-84de-4f2a-8c07-085f88fd25b7, P0094                , 2026-01-22T13:46:21Z, dd4d0fe1-8b92-4d00-8639-190c483e6fc3, Succeeded
c26ff39f-748c-4639-bcee-ce77ca585f17, P0095                , 2025-10-22T06:07:03Z, b0e76ac0-3b07-4432-8f3b-7e7a996c6e51, Succeeded
37169d44-6169-48a3-b4bc-967e6d34c5bb, P0097                , 2025-12-25T12:06:09Z, a0cbdc6e-3110-4c72-8e5d-c41b933f0dbc, Succeeded
37169d44-6169-48a3-b4bc-967e6d34c5bb, P0097                , 2025-12-26T12:06:09Z, a0cbdc6e-3110-4c72-8e5d-c41b933f0dbc, Succeeded
e9457857-bb30-488b-883f-e2f8bfcb4879, P0098                , 2025-06-20T14:22:05Z, 21626ed3-b213-448f-9e88-f66843d4257d, Succeeded
e9457857-bb30-488b-883f-e2f8bfcb4879, P0098                , 2025-06-21T14:22:05Z, 21626ed3-b213-448f-9e88-f66843d4257d, Succeeded
e9457857-bb30-488b-883f-e2f8bfcb4879, P0098                , 2025-06-22T14:22:05Z, 21626ed3-b213-448f-9e88-f66843d4257d, Succeeded
d05d5865-c366-4e19-9541-09c2fcc3abdd, P0099                , 2025-08-15T12:51:43Z, 3f332dde-b8a9-43c9-a71a-ac8342cd51b9, Succeeded
d05d5865-c366-4e19-9541-09c2fcc3abdd, P0099                , 2025-09-07T12:51:43Z, 2b0b12d8-c633-4859-9be9-54e8b963a72a, Succeeded
d05d5865-c366-4e19-9541-09c2fcc3abdd, P0099                , 2025-09-08T12:51:43Z, 2b0b12d8-c633-4859-9be9-54e8b963a72a, Succeeded
d05d5865-c366-4e19-9541-09c2fcc3abdd, P0099                , 2025-09-09T12:51:43Z, 2b0b12d8-c633-4859-9be9-54e8b963a72a, Succeeded
d05d5865-c366-4e19-9541-09c2fcc3abdd, P0099                , 2025-11-06T13:51:43Z, 22ace17e-a740-447f-82c0-99001554d90d, Succeeded
bf40fbb2-09b4-4de4-979e-3b017c7ce859, P0100                , 2026-01-26T06:07:06Z, 32fd9762-f336-45ae-8608-3c2191a998ef, Succeeded
bf40fbb2-09b4-4de4-979e-3b017c7ce859, P0100                , 2026-01-27T06:07:06Z, 32fd9762-f336-45ae-8608-3c2191a998ef, Succeeded
2182b888-ff9a-4d0c-af68-9032efc746c4, P0101                , 2025-10-04T14:22:27Z, 3b141a33-ee3e-4460-bbf5-9db20b47d2f4, Succeeded
2182b888-ff9a-4d0c-af68-9032efc746c4, P0101                , 2025-12-06T15:22:27Z, fa3db838-1d9b-469f-a160-967f8ab900c9, Succeeded
2182b888-ff9a-4d0c-af68-9032efc746c4, P0101                , 2025-12-07T15:22:27Z, fa3db838-1d9b-469f-a160-967f8ab900c9, Succeeded
6d91d440-e8b6-4b5d-b1ee-8ec83e849784, P0102                , 2025-07-19T17:02:06Z, 38806f62-265b-48dc-af1b-7fef721ac860, Succeeded
6d91d440-e8b6-4b5d-b1ee-8ec83e849784, P0102                , 2025-07-20T17:02:06Z, 38806f62-265b-48dc-af1b-7fef721ac860, Succeeded
6d91d440-e8b6-4b5d-b1ee-8ec83e849784, P0102                , 2025-07-21T17:02:06Z, 38806f62-265b-48dc-af1b-7fef721ac860, Succeeded
6d91d440-e8b6-4b5d-b1ee-8ec83e849784, P0102                , 2025-07-26T17:02:06Z, 7d7ef334-d000-4265-a6f3-60aaf7a6692d, Succeeded
6d91d440-e8b6-4b5d-b1ee-8ec83e849784, P0102                , 2025-07-27T17:02:06Z, 7d7ef334-d000-4265-a6f3-60aaf7a6692d, Succeeded
6d91d440-e8b6-4b5d-b1ee-8ec83e849784, P0102                , 2025-07-28T17:02:06Z, 7d7ef334-d000-4265-a6f3-60aaf7a6692d, Succeeded
ed17be10-5ef2-4e08-82d7-e9ceaa77a274, P0103                , 2025-07-21T15:59:27Z, 523cf616-fcbe-41dd-9921-3fbef4e8e46c, Succeeded
ed17be10-5ef2-4e08-82d7-e9ceaa77a274, P0103                , 2025-07-22T15:59:27Z, 523cf616-fcbe-41dd-9921-3fbef4e8e46c, Succeeded
ed17be10-5ef2-4e08-82d7-e9ceaa77a274, P0103                , 2025-12-14T16:59:27Z, 65e96981-66fc-4d39-9e63-16719b437b6e, Succeeded
ed17be10-5ef2-4e08-82d7-e9ceaa77a274, P0103                , 2025-12-15T16:59:27Z, 65e96981-66fc-4d39-9e63-16719b437b6e, Succeeded
3c75e7d3-e73e-4006-b309-f5913258dcdd, P0104                , 2026-02-08T05:45:27Z, 21de7de6-cf5f-4e66-ab92-66213984df99, Succeeded
c45fb116-034d-4748-9a8b-12294c0766b5, P0105                , 2025-02-10T09:31:21Z, f0a43be0-35d0-44b7-9f25-77dcee59f4e5, Succeeded
c45fb116-034d-4748-9a8b-12294c0766b5, P0105                , 2025-04-11T08:31:21Z, f8af2ac8-7afa-4f7f-97d6-e871cfe8e12e, Succeeded
8ad6165c-d325-4e3e-9d1b-cef4a0ea2161, P0106                , 2025-08-13T00:12:00Z, d9e09531-10e7-4cbc-a51b-744d19dadba8, Succeeded
8ad6165c-d325-4e3e-9d1b-cef4a0ea2161, P0106                , 2025-08-20T00:12:00Z, 29be40ff-2494-433c-b0c5-2aa41de620f1, Succeeded
4737ff54-7cb3-46b4-bf29-403be08eaf85, P0107                , 2025-04-28T16:43:24Z, dfdef9ac-cfd7-4042-9aee-b3228e365db9, Succeeded
4737ff54-7cb3-46b4-bf29-403be08eaf85, P0107                , 2025-04-29T16:43:24Z, dfdef9ac-cfd7-4042-9aee-b3228e365db9, Succeeded
4737ff54-7cb3-46b4-bf29-403be08eaf85, P0107                , 2025-06-27T16:43:24Z, ddafb70a-2866-440d-be2d-249d107c5768, Succeeded
5b5be5a3-e055-4745-b63f-cbd428dc8ec9, P0108                , 2025-10-25T22:01:07Z, 353b78fe-8511-43af-bff8-2240206d2c2b, Succeeded
5b5be5a3-e055-4745-b63f-cbd428dc8ec9, P0108                , 2025-10-26T22:01:07Z, 353b78fe-8511-43af-bff8-2240206d2c2b, Succeeded
5b5be5a3-e055-4745-b63f-cbd428dc8ec9, P0108                , 2025-10-27T22:01:07Z, 353b78fe-8511-43af-bff8-2240206d2c2b, Succeeded
5b5be5a3-e055-4745-b63f-cbd428dc8ec9, P0108                , 2025-11-01T22:01:07Z, 020b046d-e302-43dc-a471-beafbb14c78e, Succeeded
5b5be5a3-e055-4745-b63f-cbd428dc8ec9, P0108                , 2025-11-24T23:01:07Z, c8cdfd99-9174-462f-8ccf-bf3049ccc259, Succeeded
5b5be5a3-e055-4745-b63f-cbd428dc8ec9, P0108                , 2026-04-17T22:01:07Z, a2e4475d-02f0-42f7-b6c7-a3283407fe37, Succeeded
5b5be5a3-e055-4745-b63f-cbd428dc8ec9, P0108                , 2026-04-18T22:01:07Z, a2e4475d-02f0-42f7-b6c7-a3283407fe37, Succeeded
fd80a43e-a6da-4002-ad35-96722ee14272, P0109                , 2025-02-27T15:21:23Z, 35d07548-46e8-4e94-ae44-7191a65065e6, Succeeded
fd80a43e-a6da-4002-ad35-96722ee14272, P0109                , 2025-02-28T15:21:23Z, 35d07548-46e8-4e94-ae44-7191a65065e6, Succeeded
fbdefe74-17f7-4ba7-85ef-64bd5b30cb9b, P0110                , 2026-05-03T05:32:41Z, 940d382c-52f9-41d4-a198-31188934ec52, Succeeded
fbdefe74-17f7-4ba7-85ef-64bd5b30cb9b, P0110                , 2026-05-04T05:32:41Z, 940d382c-52f9-41d4-a198-31188934ec52, Succeeded
fbdefe74-17f7-4ba7-85ef-64bd5b30cb9b, P0110                , 2026-05-05T05:32:41Z, 940d382c-52f9-41d4-a198-31188934ec52, Succeeded
636e6d9b-0f73-4ea4-8baf-1ac5c158bfaa, P0111                , 2025-01-20T12:39:59Z, 584c2d33-b4f5-406a-84f4-8aa60f422963, Succeeded
636e6d9b-0f73-4ea4-8baf-1ac5c158bfaa, P0111                , 2025-01-27T12:39:59Z, f9c23a26-8192-400b-8032-7f3fb08b73fb, Succeeded
636e6d9b-0f73-4ea4-8baf-1ac5c158bfaa, P0111                , 2025-01-28T12:39:59Z, f9c23a26-8192-400b-8032-7f3fb08b73fb, Succeeded
636e6d9b-0f73-4ea4-8baf-1ac5c158bfaa, P0111                , 2025-01-29T12:39:59Z, f9c23a26-8192-400b-8032-7f3fb08b73fb, Succeeded
f9ecdbec-c624-4136-a82f-9668606b408b, P0112                , 2025-10-09T03:55:54Z, 9d98422c-4493-4f9f-9a22-df8fafa1bd20, Succeeded
f9ecdbec-c624-4136-a82f-9668606b408b, P0112                , 2025-10-10T03:55:54Z, 9d98422c-4493-4f9f-9a22-df8fafa1bd20, Succeeded
b2168069-4c3f-43fe-9820-0e3decc6fd86, P0113                , 2025-07-23T16:43:53Z, 7fe04c2f-8e5f-4ac4-bbd0-3059d3b5fd71, Succeeded
b2168069-4c3f-43fe-9820-0e3decc6fd86, P0113                , 2025-07-24T16:43:53Z, 7fe04c2f-8e5f-4ac4-bbd0-3059d3b5fd71, Succeeded
b2168069-4c3f-43fe-9820-0e3decc6fd86, P0113                , 2025-07-30T16:43:53Z, f6051737-18f6-45eb-b0ba-d7beb7026c8c, Succeeded
b2168069-4c3f-43fe-9820-0e3decc6fd86, P0113                , 2025-10-21T16:43:53Z, 70c4b36d-bf5b-4727-a729-ab6d8ffd4ff6, Succeeded
b2168069-4c3f-43fe-9820-0e3decc6fd86, P0113                , 2025-10-22T16:43:53Z, 70c4b36d-bf5b-4727-a729-ab6d8ffd4ff6, Succeeded
b2168069-4c3f-43fe-9820-0e3decc6fd86, P0113                , 2026-01-12T17:43:53Z, d49df33d-3fcb-4c07-a3a8-ed6f03613f78, Succeeded
b2168069-4c3f-43fe-9820-0e3decc6fd86, P0113                , 2026-01-13T17:43:53Z, d49df33d-3fcb-4c07-a3a8-ed6f03613f78, Succeeded
86142a0c-17b6-44cc-bd67-8c52abfb272d, P0114                , 2025-12-11T22:48:17Z, 9f5075fd-f8de-4ae2-9696-4bbf9e762fb7, Succeeded
86142a0c-17b6-44cc-bd67-8c52abfb272d, P0114                , 2025-12-12T22:48:17Z, 9f5075fd-f8de-4ae2-9696-4bbf9e762fb7, Succeeded
86142a0c-17b6-44cc-bd67-8c52abfb272d, P0114                , 2025-12-13T22:48:17Z, 9f5075fd-f8de-4ae2-9696-4bbf9e762fb7, Succeeded
86142a0c-17b6-44cc-bd67-8c52abfb272d, P0114                , 2026-03-11T21:48:17Z, 5dbe3807-fb13-4a2e-8f3c-a328555a236c, Succeeded
fafdbfd6-777d-422f-9c8d-27a0381598b3, P0115                , 2025-09-18T21:21:18Z, 996d78ac-b6a6-4aec-b748-5898c28e5bfa, Succeeded
fafdbfd6-777d-422f-9c8d-27a0381598b3, P0115                , 2025-09-19T21:21:18Z, 996d78ac-b6a6-4aec-b748-5898c28e5bfa, Succeeded
fafdbfd6-777d-422f-9c8d-27a0381598b3, P0115                , 2025-10-18T21:21:18Z, 0697a23a-9a92-4b9b-947a-6e7d5e1d90d2, Succeeded
fafdbfd6-777d-422f-9c8d-27a0381598b3, P0115                , 2025-10-19T21:21:18Z, 0697a23a-9a92-4b9b-947a-6e7d5e1d90d2, Succeeded
fafdbfd6-777d-422f-9c8d-27a0381598b3, P0115                , 2025-10-20T21:21:18Z, 0697a23a-9a92-4b9b-947a-6e7d5e1d90d2, Succeeded
fafdbfd6-777d-422f-9c8d-27a0381598b3, P0115                , 2026-03-02T22:21:18Z, c133b0b6-d4e2-473c-8c85-c6d073bad067, Succeeded
c09e27bb-6aac-4869-a1d8-cf96573e7e0e, P0116                , 2025-05-11T08:04:52Z, 304b9ac5-46f1-4850-bd17-7a60eb70674f, Succeeded
c09e27bb-6aac-4869-a1d8-cf96573e7e0e, P0116                , 2025-06-10T08:04:52Z, c625d952-3c61-4edf-9763-cd21bc66a389, Succeeded
9ffc5c42-1f03-4c3e-b224-c375f5b1eddb, P0117                , 2025-10-07T01:47:26Z, a5253b8d-141f-4d24-9cc7-47f821c37255, Succeeded
9ffc5c42-1f03-4c3e-b224-c375f5b1eddb, P0117                , 2026-01-05T02:47:26Z, 74a56bca-da67-441e-84b5-34bdb76e45f6, Succeeded
9ffc5c42-1f03-4c3e-b224-c375f5b1eddb, P0117                , 2026-01-06T02:47:26Z, 74a56bca-da67-441e-84b5-34bdb76e45f6, Succeeded
5efdd097-6097-40cd-b4e5-12a293470cbf, P0118                , 2025-09-30T04:20:48Z, bc015399-0250-41f5-b1a6-e1514095e702, Succeeded
61f0e083-12b5-45e5-b226-8d869d0c0b0d, P0119                , 2025-11-19T07:23:12Z, 6aef4c5c-550a-4795-b2f2-d65a594b7bd9, Succeeded
3fb754fb-198c-45f5-8e9b-674cef89dc93, P0120                , 2025-07-03T01:05:36Z, e466dccf-bb04-4d91-9ec8-a28ccb1a9e81, Succeeded
3fb754fb-198c-45f5-8e9b-674cef89dc93, P0120                , 2025-08-02T01:05:36Z, f122a618-f7a1-4adf-aa8d-959b744c1b35, Succeeded
3fb754fb-198c-45f5-8e9b-674cef89dc93, P0120                , 2025-12-12T02:05:36Z, 0cf2a2ce-9bf8-426f-b54e-1e7d8456a586, Succeeded
3fb754fb-198c-45f5-8e9b-674cef89dc93, P0120                , 2025-12-13T02:05:36Z, 0cf2a2ce-9bf8-426f-b54e-1e7d8456a586, Succeeded
3fb754fb-198c-45f5-8e9b-674cef89dc93, P0120                , 2025-12-14T02:05:36Z, 0cf2a2ce-9bf8-426f-b54e-1e7d8456a586, Succeeded
180c06aa-92ed-4cff-ac15-b66dbf398e94, P0121                , 2025-02-25T20:22:52Z, 9b574a8c-b7bf-46de-8dd0-3abc1c6b54ef, Succeeded
180c06aa-92ed-4cff-ac15-b66dbf398e94, P0121                , 2025-07-21T19:22:52Z, a31b75b7-5bce-4ce4-9e8f-ec79db4b1fdd, Succeeded
7971749f-55bd-48a2-9497-0228146a262c, P0122                , 2025-07-07T17:37:11Z, d17fe448-620f-4713-becc-d5e94623814b, Succeeded
cf521abc-9667-45ec-9dab-37a6f3e3e767, P0123                , 2025-12-10T23:19:50Z, e75945d3-0e88-4307-916a-88bd68f0fc3e, Succeeded
cf521abc-9667-45ec-9dab-37a6f3e3e767, P0123                , 2025-12-11T23:19:50Z, e75945d3-0e88-4307-916a-88bd68f0fc3e, Succeeded
cf521abc-9667-45ec-9dab-37a6f3e3e767, P0123                , 2025-12-12T23:19:50Z, e75945d3-0e88-4307-916a-88bd68f0fc3e, Succeeded
cf521abc-9667-45ec-9dab-37a6f3e3e767, P0123                , 2026-01-09T23:19:50Z, 5e8255ed-6d64-4d1e-b01d-13a2bdc57dda, Succeeded
4985abef-f7c8-4153-9354-d3643ae35264, P0124                , 2025-04-30T09:45:24Z, a5a59314-60f1-454b-b747-0045553e5979, Succeeded
4985abef-f7c8-4153-9354-d3643ae35264, P0124                , 2025-06-29T09:45:24Z, ad95239d-5eed-4996-9b30-325ff770d5cc, Succeeded
2ba2ef23-a761-41b3-8c0b-2b76cf5e0fd3, P0125                , 2025-12-04T12:06:50Z, 80f4e822-db75-48f1-9df7-d58cd04a5658, Succeeded
58717162-ee01-4b56-a54f-bbf01cc689f2, P0126                , 2025-12-18T14:23:03Z, edc1b40c-555a-4e19-9906-f6ba6166101f, Succeeded
086ab6a6-b85d-465a-a673-ddb8a46a9f59, P0127                , 2025-05-18T21:14:45Z, 1df9ff73-9621-42a6-a58b-b87fbb862dda, Succeeded
81ae2885-2a88-4426-bef2-532eb804f0fe, P0128                , 2025-11-30T21:59:32Z, 9aa5b590-5cf0-4190-bb2d-55dd09ceec81, Succeeded
81ae2885-2a88-4426-bef2-532eb804f0fe, P0128                , 2025-12-01T21:59:32Z, 9aa5b590-5cf0-4190-bb2d-55dd09ceec81, Succeeded
81ae2885-2a88-4426-bef2-532eb804f0fe, P0128                , 2025-12-02T21:59:32Z, 9aa5b590-5cf0-4190-bb2d-55dd09ceec81, Succeeded
4bf08555-83c9-4308-aa48-0a119e0475dd, P0129                , 2025-10-07T15:03:56Z, 60f8ce94-5db8-403e-a038-d2bb2e6e8dfe, Succeeded
4bf08555-83c9-4308-aa48-0a119e0475dd, P0129                , 2025-10-08T15:03:56Z, 60f8ce94-5db8-403e-a038-d2bb2e6e8dfe, Succeeded
4bf08555-83c9-4308-aa48-0a119e0475dd, P0129                , 2025-10-09T15:03:56Z, 60f8ce94-5db8-403e-a038-d2bb2e6e8dfe, Succeeded
4bf08555-83c9-4308-aa48-0a119e0475dd, P0129                , 2025-10-30T15:03:56Z, 8a40e882-e9f5-4c8d-993a-69a7857a716e, Succeeded
d1d8da7e-fc1a-464e-97da-4b160454d64e, P0131                , 2025-09-27T08:57:39Z, 8e347556-8c62-434a-951b-b5ee6147123a, Succeeded
d1d8da7e-fc1a-464e-97da-4b160454d64e, P0131                , 2025-10-20T08:57:39Z, 1b378b7f-0880-4ecf-b999-6ee29b34c586, Succeeded
fb1fd1d5-b443-4f39-8b6f-f19d9437358a, P0132                , 2025-07-02T19:10:52Z, ef328c2d-e209-4abf-993a-dfb347190033, Succeeded
fb1fd1d5-b443-4f39-8b6f-f19d9437358a, P0132                , 2025-11-06T20:10:52Z, 2c77181d-3430-4c28-913f-c2ae39ca93af, Succeeded
fb1fd1d5-b443-4f39-8b6f-f19d9437358a, P0132                , 2025-11-07T20:10:52Z, 2c77181d-3430-4c28-913f-c2ae39ca93af, Succeeded
d8ae5455-3c73-4ae7-95d6-5dbb6ea72e12, P0133                , 2025-10-12T23:50:23Z, 02745a75-0d5f-4c5f-be0a-5b023c44e4aa, Succeeded
d8ae5455-3c73-4ae7-95d6-5dbb6ea72e12, P0133                , 2025-10-13T23:50:23Z, 02745a75-0d5f-4c5f-be0a-5b023c44e4aa, Succeeded
d8ae5455-3c73-4ae7-95d6-5dbb6ea72e12, P0133                , 2025-10-14T23:50:23Z, 02745a75-0d5f-4c5f-be0a-5b023c44e4aa, Succeeded
e3c3a77c-bbb7-499d-ab38-a438b8dba160, P0134                , 2025-12-28T12:14:19Z, 7e2ca177-23cb-4b3d-a6d3-680e31989f67, Succeeded
ad085821-1549-4a85-a4fc-8c21e70eca59, P0136                , 2025-04-08T23:32:59Z, facb9462-c1fe-48cf-a313-71581bb0ee12, Succeeded
ad085821-1549-4a85-a4fc-8c21e70eca59, P0136                , 2025-04-09T23:32:59Z, facb9462-c1fe-48cf-a313-71581bb0ee12, Succeeded
ad085821-1549-4a85-a4fc-8c21e70eca59, P0136                , 2025-07-07T23:32:59Z, 2ab54a31-e46b-4d61-a566-979eb68b4058, Succeeded
ad085821-1549-4a85-a4fc-8c21e70eca59, P0136                , 2025-07-08T23:32:59Z, 2ab54a31-e46b-4d61-a566-979eb68b4058, Succeeded
ad085821-1549-4a85-a4fc-8c21e70eca59, P0136                , 2025-08-08T23:32:59Z, 49db8121-3107-477d-9208-367f2fc60868, Succeeded
ad085821-1549-4a85-a4fc-8c21e70eca59, P0136                , 2025-08-09T23:32:59Z, 49db8121-3107-477d-9208-367f2fc60868, Succeeded
aefacd01-9c74-4326-958c-58776dd5310b, P0137                , 2025-08-13T21:40:38Z, b1c92579-5ed0-40b6-898c-56fe353589d5, Succeeded
aefacd01-9c74-4326-958c-58776dd5310b, P0137                , 2025-08-14T21:40:38Z, b1c92579-5ed0-40b6-898c-56fe353589d5, Succeeded
aefacd01-9c74-4326-958c-58776dd5310b, P0137                , 2025-09-05T21:40:38Z, 517bfca6-bbc9-4e5b-9eee-1c19014422b3, Succeeded
aefacd01-9c74-4326-958c-58776dd5310b, P0137                , 2025-09-06T21:40:38Z, 517bfca6-bbc9-4e5b-9eee-1c19014422b3, Succeeded
aefacd01-9c74-4326-958c-58776dd5310b, P0137                , 2025-12-23T22:40:38Z, 104aa8b0-f595-4a2e-abb0-cee5ddf04932, Succeeded
aefacd01-9c74-4326-958c-58776dd5310b, P0137                , 2025-12-24T22:40:38Z, 104aa8b0-f595-4a2e-abb0-cee5ddf04932, Succeeded
82f844ac-a7fb-46b6-88c4-c8efdfa87683, P0138                , 2025-11-23T16:39:36Z, 6a787f9b-5c84-4cdf-815b-f39da7b4f920, Succeeded
3969720b-5461-47ed-8f8b-adc1e7a5f4e8, P0139                , 2025-10-18T14:33:32Z, 6cb53ec1-7e31-4aa1-9c84-6ba36262fed5, Succeeded
3969720b-5461-47ed-8f8b-adc1e7a5f4e8, P0139                , 2025-10-19T14:33:32Z, 6cb53ec1-7e31-4aa1-9c84-6ba36262fed5, Succeeded
3969720b-5461-47ed-8f8b-adc1e7a5f4e8, P0139                , 2025-10-20T14:33:32Z, 6cb53ec1-7e31-4aa1-9c84-6ba36262fed5, Succeeded
780ee018-d9f8-4ec9-a0a3-3b44a21b6a30, P0140                , 2025-05-30T23:17:38Z, ac876257-dbb1-472a-bd82-5e4fbd0148a2, Succeeded
780ee018-d9f8-4ec9-a0a3-3b44a21b6a30, P0140                , 2025-05-31T23:17:38Z, ac876257-dbb1-472a-bd82-5e4fbd0148a2, Succeeded
780ee018-d9f8-4ec9-a0a3-3b44a21b6a30, P0140                , 2025-06-01T23:17:38Z, ac876257-dbb1-472a-bd82-5e4fbd0148a2, Succeeded
4f1fb45a-435d-4817-a171-e7f4e2d61b3a, P0141                , 2025-08-02T09:06:52Z, 5eec7a8d-4a45-40db-82ab-1a49b115d8bd, Succeeded
4f1fb45a-435d-4817-a171-e7f4e2d61b3a, P0141                , 2025-09-01T09:06:52Z, 274261dc-5663-4809-beb9-1b4d8b71546a, Succeeded
4f1fb45a-435d-4817-a171-e7f4e2d61b3a, P0141                , 2025-09-02T09:06:52Z, 274261dc-5663-4809-beb9-1b4d8b71546a, Succeeded
c43210cf-d018-4fcc-9070-86e1f236c285, P0142                , 2025-11-08T03:41:41Z, 2ebd90fe-cb04-4488-8374-8e676152c762, Succeeded
c43210cf-d018-4fcc-9070-86e1f236c285, P0142                , 2025-11-09T03:41:41Z, 2ebd90fe-cb04-4488-8374-8e676152c762, Succeeded
21f6114b-1f13-4457-8ff6-b194877855f1, P0143                , 2025-09-09T17:12:01Z, 543c09ee-bde8-431f-9942-e9f1dc356fbc, Succeeded
a39e4319-30d4-4624-9a99-e471dddebc47, P0144                , 2025-07-15T10:02:36Z, de6a96c8-e381-4d21-b8ce-42613e78201e, Succeeded
a39e4319-30d4-4624-9a99-e471dddebc47, P0144                , 2025-07-22T10:02:36Z, ff4f59ef-1e34-4793-87c6-1d067e200dbb, Succeeded
a39e4319-30d4-4624-9a99-e471dddebc47, P0144                , 2025-07-23T10:02:36Z, ff4f59ef-1e34-4793-87c6-1d067e200dbb, Succeeded
a39e4319-30d4-4624-9a99-e471dddebc47, P0144                , 2025-07-24T10:02:36Z, ff4f59ef-1e34-4793-87c6-1d067e200dbb, Succeeded
6ab5b7de-f50c-46a9-9ee8-5fb7fb0daec5, P0145                , 2025-09-29T16:50:50Z, b445e91b-afb9-450a-b290-cb0829960fd2, Succeeded
6ab5b7de-f50c-46a9-9ee8-5fb7fb0daec5, P0145                , 2025-10-06T16:50:50Z, dda93eec-ea45-4373-bb1f-e996de747b1f, Succeeded
6ab5b7de-f50c-46a9-9ee8-5fb7fb0daec5, P0145                , 2025-10-07T16:50:50Z, dda93eec-ea45-4373-bb1f-e996de747b1f, Succeeded
6ab5b7de-f50c-46a9-9ee8-5fb7fb0daec5, P0145                , 2025-10-08T16:50:50Z, dda93eec-ea45-4373-bb1f-e996de747b1f, Succeeded
4c783683-a5ca-4b5b-a94f-059da01cf898, P0146                , 2025-07-06T11:36:19Z, 7082e24d-6ee6-4cdc-bd30-cbd095cf0b83, Succeeded
4c783683-a5ca-4b5b-a94f-059da01cf898, P0146                , 2025-07-07T11:36:19Z, 7082e24d-6ee6-4cdc-bd30-cbd095cf0b83, Succeeded
4c783683-a5ca-4b5b-a94f-059da01cf898, P0146                , 2025-07-08T11:36:19Z, 7082e24d-6ee6-4cdc-bd30-cbd095cf0b83, Succeeded
4c783683-a5ca-4b5b-a94f-059da01cf898, P0146                , 2025-12-28T12:36:19Z, b60bfbe7-dfe1-4938-bc18-e148249de4cb, Succeeded
0db07907-88ed-4203-8e49-16d45e95ec7a, P0148                , 2025-12-11T00:40:20Z, ec099d67-20b1-41c1-a6a2-71d02f9528ab, Succeeded
7a4366e9-7dc4-402f-ac71-fe85237078b1, P0149                , 2025-07-06T14:25:38Z, d7a09930-6742-4fda-9f65-89c4bd8125c1, Succeeded
7a4366e9-7dc4-402f-ac71-fe85237078b1, P0149                , 2025-07-07T14:25:38Z, d7a09930-6742-4fda-9f65-89c4bd8125c1, Succeeded
cf292ad4-1074-49f8-8832-77c631d8ec07, P0150                , 2025-07-18T16:28:31Z, 16010851-6cf6-43e0-9a56-40bc7ccb6079, Succeeded
cf292ad4-1074-49f8-8832-77c631d8ec07, P0150                , 2025-07-19T16:28:31Z, 16010851-6cf6-43e0-9a56-40bc7ccb6079, Succeeded
365de387-c420-40fc-a8d7-00f4a0c1fd0f, P0151                , 2025-03-21T03:43:44Z, 676f421f-4df9-44e9-b369-ca9d1dea4912, Succeeded
365de387-c420-40fc-a8d7-00f4a0c1fd0f, P0151                , 2025-03-22T03:43:44Z, 676f421f-4df9-44e9-b369-ca9d1dea4912, Succeeded
365de387-c420-40fc-a8d7-00f4a0c1fd0f, P0151                , 2025-04-20T03:43:44Z, 8fa3f5ad-49ff-4cf0-b7b5-7e3c5197bed3, Succeeded
365de387-c420-40fc-a8d7-00f4a0c1fd0f, P0151                , 2025-04-21T03:43:44Z, 8fa3f5ad-49ff-4cf0-b7b5-7e3c5197bed3, Succeeded
365de387-c420-40fc-a8d7-00f4a0c1fd0f, P0151                , 2025-06-19T03:43:44Z, f90b2ec8-a982-4e5f-90c8-8c9ea6afe1e9, Succeeded
ab0b59af-bce9-452a-8b04-e65e43d74541, P0152                , 2025-04-25T19:45:57Z, dc5c3302-9ca1-4833-8abe-3ad84681ffa8, Succeeded
ab0b59af-bce9-452a-8b04-e65e43d74541, P0152                , 2025-04-26T19:45:57Z, dc5c3302-9ca1-4833-8abe-3ad84681ffa8, Succeeded
ab0b59af-bce9-452a-8b04-e65e43d74541, P0152                , 2025-07-24T19:45:57Z, 2689b5f4-fa69-45b7-8372-d1745cfed977, Succeeded
ab0b59af-bce9-452a-8b04-e65e43d74541, P0152                , 2025-09-23T19:45:57Z, d8294ec9-c457-4a84-b69c-953b0af43aa6, Succeeded
ab0b59af-bce9-452a-8b04-e65e43d74541, P0152                , 2025-09-24T19:45:57Z, d8294ec9-c457-4a84-b69c-953b0af43aa6, Succeeded
2c138161-7b12-436f-b291-337b51a4b16b, P0153                , 2025-11-20T14:19:45Z, a608e4d8-a072-48d0-b370-cd07a24944ea, Succeeded
2c138161-7b12-436f-b291-337b51a4b16b, P0153                , 2025-11-27T14:19:45Z, ec030b3b-74e7-4b0d-952c-dc3a327ccb39, Succeeded
2c138161-7b12-436f-b291-337b51a4b16b, P0153                , 2025-12-20T14:19:45Z, 69c55430-c5e5-4b3f-a4b7-6a97aa84e97a, Succeeded
2c138161-7b12-436f-b291-337b51a4b16b, P0153                , 2025-12-21T14:19:45Z, 69c55430-c5e5-4b3f-a4b7-6a97aa84e97a, Succeeded
2c138161-7b12-436f-b291-337b51a4b16b, P0153                , 2025-12-22T14:19:45Z, 69c55430-c5e5-4b3f-a4b7-6a97aa84e97a, Succeeded
2c138161-7b12-436f-b291-337b51a4b16b, P0153                , 2026-05-08T13:19:45Z, f2c10337-7f0f-4432-814c-6a627313c460, Succeeded
6249d580-4977-45cf-8895-2e941e027475, P0154                , 2025-05-15T23:35:48Z, 67d05d61-bea5-4454-bf2b-0df30fa6b696, Succeeded
6249d580-4977-45cf-8895-2e941e027475, P0154                , 2025-05-16T23:35:48Z, 67d05d61-bea5-4454-bf2b-0df30fa6b696, Succeeded
6249d580-4977-45cf-8895-2e941e027475, P0154                , 2025-05-17T23:35:48Z, 67d05d61-bea5-4454-bf2b-0df30fa6b696, Succeeded
7a76b2da-965e-426d-a50d-d0ec129892c1, P0155                , 2025-01-05T03:28:00Z, 34d9e696-40c3-450c-a652-0b88bacf36c7, Succeeded
fa8598b2-4147-4eb6-b6e6-0b28e07ef51a, P0156                , 2025-01-14T09:36:02Z, 6de5ed67-c139-4b41-a693-88615d8164d8, Succeeded
fa8598b2-4147-4eb6-b6e6-0b28e07ef51a, P0156                , 2025-02-13T09:36:02Z, b136a5a1-75c6-4c8b-a6bf-3c86a8c61c52, Succeeded
fa8598b2-4147-4eb6-b6e6-0b28e07ef51a, P0156                , 2025-04-14T08:36:02Z, 7ba7a823-d314-4da5-815e-d61e6091758a, Succeeded
fa8598b2-4147-4eb6-b6e6-0b28e07ef51a, P0156                , 2025-04-15T08:36:02Z, 7ba7a823-d314-4da5-815e-d61e6091758a, Succeeded
21c4b008-1379-42ca-a605-a708130a80fd, P0158                , 2025-09-20T03:01:58Z, 0b1be9ca-d997-48a5-adf2-57ce1975b762, Succeeded
21c4b008-1379-42ca-a605-a708130a80fd, P0158                , 2025-09-21T03:01:58Z, 0b1be9ca-d997-48a5-adf2-57ce1975b762, Succeeded
21c4b008-1379-42ca-a605-a708130a80fd, P0158                , 2025-09-22T03:01:58Z, 0b1be9ca-d997-48a5-adf2-57ce1975b762, Succeeded
efcdce13-cdd7-4650-9a22-fc855cfce5d1, P0159                , 2025-12-10T02:13:27Z, 005374e3-2b13-4d5d-880b-93dd35f3feaa, Succeeded
78b3bd3a-78de-4c0c-8ec6-e32e76bee3b2, P0160                , 2025-08-21T10:59:23Z, 77c1906b-7fa6-4f01-9309-6b39a356532e, Succeeded
78b3bd3a-78de-4c0c-8ec6-e32e76bee3b2, P0160                , 2025-08-28T10:59:23Z, d529dcf8-7e4e-4023-b792-5196abbcb19a, Succeeded
40a124fe-062b-4c30-87e5-6f355d2c0de7, P0161                , 2025-06-28T10:59:21Z, 359e01b0-dc3d-4418-9579-9eb8290a46ed, Succeeded
0929136c-6346-4712-b9da-a10efdc6a955, P0162                , 2025-11-09T14:36:01Z, fd358fbd-0685-4869-bd59-ab8d7aafe5d3, Succeeded
0929136c-6346-4712-b9da-a10efdc6a955, P0162                , 2025-11-10T14:36:01Z, fd358fbd-0685-4869-bd59-ab8d7aafe5d3, Succeeded
0929136c-6346-4712-b9da-a10efdc6a955, P0162                , 2025-11-11T14:36:01Z, fd358fbd-0685-4869-bd59-ab8d7aafe5d3, Succeeded
a545bf4e-fc17-4a0c-90c7-0ba12fee7933, P0163                , 2025-07-30T13:40:36Z, 6370b616-37be-4b7e-bdad-24d71c4afce5, Succeeded
a545bf4e-fc17-4a0c-90c7-0ba12fee7933, P0163                , 2025-08-22T13:40:36Z, 7214ce21-8a51-4d24-bbfd-fc492cd249e5, Succeeded
a545bf4e-fc17-4a0c-90c7-0ba12fee7933, P0163                , 2025-08-23T13:40:36Z, 7214ce21-8a51-4d24-bbfd-fc492cd249e5, Succeeded
edb1d54f-8b3f-4d21-9ba2-e0141e9936a4, P0164                , 2026-01-03T12:52:19Z, 1ac79da2-e51f-41e3-ae46-4f24742768d2, Succeeded
edb1d54f-8b3f-4d21-9ba2-e0141e9936a4, P0164                , 2026-01-26T12:52:19Z, 1084a586-7aa7-4ce7-bb1f-6bcb7d68bdc2, Succeeded
edb1d54f-8b3f-4d21-9ba2-e0141e9936a4, P0164                , 2026-01-27T12:52:19Z, 1084a586-7aa7-4ce7-bb1f-6bcb7d68bdc2, Succeeded
edb1d54f-8b3f-4d21-9ba2-e0141e9936a4, P0164                , 2026-01-28T12:52:19Z, 1084a586-7aa7-4ce7-bb1f-6bcb7d68bdc2, Succeeded
527949ee-363b-475b-8b5c-df13f536420b, P0165                , 2025-07-17T14:38:02Z, 649191ea-6225-4e2e-a8fe-5bc07a5f4d98, Succeeded
f0b24bce-76de-40aa-973c-2132bdc8082d, P0166                , 2025-05-28T06:50:43Z, 926e6e05-de51-408e-a0e2-f2f9a6228c74, Succeeded
f0b24bce-76de-40aa-973c-2132bdc8082d, P0166                , 2025-05-29T06:50:43Z, 926e6e05-de51-408e-a0e2-f2f9a6228c74, Succeeded
f0b24bce-76de-40aa-973c-2132bdc8082d, P0166                , 2025-08-19T06:50:43Z, 8bea23be-b377-4371-9640-ccb311a43233, Succeeded
f0b24bce-76de-40aa-973c-2132bdc8082d, P0166                , 2025-08-20T06:50:43Z, 8bea23be-b377-4371-9640-ccb311a43233, Succeeded
894ff0c7-1503-4a0c-8509-2d037654e3ad, P0169                , 2025-04-19T12:24:20Z, d1e9aba4-a949-4810-ac90-2d55e242fd52, Succeeded
894ff0c7-1503-4a0c-8509-2d037654e3ad, P0169                , 2025-07-11T12:24:20Z, a8c603f7-6e0b-4dd1-8682-41758bb59504, Succeeded
894ff0c7-1503-4a0c-8509-2d037654e3ad, P0169                , 2025-07-12T12:24:20Z, a8c603f7-6e0b-4dd1-8682-41758bb59504, Succeeded
894ff0c7-1503-4a0c-8509-2d037654e3ad, P0169                , 2025-07-13T12:24:20Z, a8c603f7-6e0b-4dd1-8682-41758bb59504, Succeeded
894ff0c7-1503-4a0c-8509-2d037654e3ad, P0169                , 2025-10-02T12:24:20Z, 900f6508-8c4b-4b55-81b4-ca6fe25864c1, Succeeded
ebb458ce-a375-49f8-9855-e572e2779b3a, P0170                , 2025-10-27T11:56:47Z, 20e6e933-e3c2-40ff-98a2-e9e8d7b7eedb, Succeeded
63864ecf-3d35-429e-a0ee-b7dc2f3d0911, P0171                , 2025-07-09T01:49:56Z, 900fa1ce-2c32-422f-871f-e2050e59126b, Succeeded
63864ecf-3d35-429e-a0ee-b7dc2f3d0911, P0171                , 2025-07-10T01:49:56Z, 900fa1ce-2c32-422f-871f-e2050e59126b, Succeeded
63864ecf-3d35-429e-a0ee-b7dc2f3d0911, P0171                , 2025-07-11T01:49:56Z, 900fa1ce-2c32-422f-871f-e2050e59126b, Succeeded
63864ecf-3d35-429e-a0ee-b7dc2f3d0911, P0171                , 2025-07-16T01:49:56Z, 9ccf662f-d7b8-48ee-9d02-474ca879401e, Succeeded
6ce1b220-2206-4575-b03f-41209af5f3e0, P0172                , 2025-09-29T17:33:00Z, 679c8e74-1607-4f3b-9aba-d700faf94345, Succeeded
6ce1b220-2206-4575-b03f-41209af5f3e0, P0172                , 2025-11-15T18:33:00Z, 11814bd7-d888-4341-bef0-8f6b649bcc76, Succeeded
6ce1b220-2206-4575-b03f-41209af5f3e0, P0172                , 2025-11-16T18:33:00Z, 11814bd7-d888-4341-bef0-8f6b649bcc76, Succeeded
6ce1b220-2206-4575-b03f-41209af5f3e0, P0172                , 2025-11-17T18:33:00Z, 11814bd7-d888-4341-bef0-8f6b649bcc76, Succeeded
e4409f20-e331-4beb-9637-fbf2323bd415, P0174                , 2025-10-26T06:11:35Z, 0b90e6ab-1b00-421d-bd4a-cbaf2873b0bd, Succeeded
9fcfd7e3-7ef9-4b56-82d7-84551f63d987, P0175                , 2025-11-18T09:29:42Z, a22dbdd0-de2a-4a17-917a-fb9abcf1724d, Succeeded
9fcfd7e3-7ef9-4b56-82d7-84551f63d987, P0175                , 2025-11-19T09:29:42Z, a22dbdd0-de2a-4a17-917a-fb9abcf1724d, Succeeded
9fcfd7e3-7ef9-4b56-82d7-84551f63d987, P0175                , 2026-02-16T09:29:42Z, 20bac052-9fac-4b38-8812-4e2a50b82da4, Succeeded
9fcfd7e3-7ef9-4b56-82d7-84551f63d987, P0175                , 2026-02-17T09:29:42Z, 20bac052-9fac-4b38-8812-4e2a50b82da4, Succeeded
fad339a5-9371-4154-b577-a3ec118f8618, P0176                , 2025-07-13T13:50:25Z, 5f77d44b-36bb-4054-952c-92ceb5fb3f4b, Succeeded
fad339a5-9371-4154-b577-a3ec118f8618, P0176                , 2025-07-14T13:50:25Z, 5f77d44b-36bb-4054-952c-92ceb5fb3f4b, Succeeded
fad339a5-9371-4154-b577-a3ec118f8618, P0176                , 2025-07-15T13:50:25Z, 5f77d44b-36bb-4054-952c-92ceb5fb3f4b, Succeeded
fad339a5-9371-4154-b577-a3ec118f8618, P0176                , 2025-10-11T13:50:25Z, 21232ee2-e0a7-49d9-9e97-6fb5c456587f, Succeeded
fad339a5-9371-4154-b577-a3ec118f8618, P0176                , 2025-10-12T13:50:25Z, 21232ee2-e0a7-49d9-9e97-6fb5c456587f, Succeeded
5103cd40-b672-4925-a836-fd353c3e1341, P0177                , 2025-11-18T07:43:34Z, 557a0448-59c3-49c4-869b-6f970486b851, Succeeded
5103cd40-b672-4925-a836-fd353c3e1341, P0177                , 2025-11-19T07:43:34Z, 557a0448-59c3-49c4-869b-6f970486b851, Succeeded
5103cd40-b672-4925-a836-fd353c3e1341, P0177                , 2026-04-30T06:43:34Z, a5474eb7-eb4c-4e1e-8dd4-4bc9c955d708, Succeeded
5103cd40-b672-4925-a836-fd353c3e1341, P0177                , 2026-05-01T06:43:34Z, a5474eb7-eb4c-4e1e-8dd4-4bc9c955d708, Succeeded
b1df84ff-3fea-419b-a06f-4c757c8fdcba, P0179                , 2025-09-05T03:25:37Z, 69d0ba01-f70c-4946-bbe5-0dfc4f28d995, Succeeded
b1df84ff-3fea-419b-a06f-4c757c8fdcba, P0179                , 2025-09-06T03:25:37Z, 69d0ba01-f70c-4946-bbe5-0dfc4f28d995, Succeeded
3dac9f8d-7b0f-426a-bf7a-1d203d30981a, P0180                , 2025-09-16T07:58:24Z, 465710ca-ca66-4a33-9c6e-4ea1a4c6584f, Succeeded
3dac9f8d-7b0f-426a-bf7a-1d203d30981a, P0180                , 2025-09-17T07:58:24Z, 465710ca-ca66-4a33-9c6e-4ea1a4c6584f, Succeeded
3dac9f8d-7b0f-426a-bf7a-1d203d30981a, P0180                , 2025-09-18T07:58:24Z, 465710ca-ca66-4a33-9c6e-4ea1a4c6584f, Succeeded
3dac9f8d-7b0f-426a-bf7a-1d203d30981a, P0180                , 2025-10-16T07:58:24Z, 6add44d5-d807-4ced-a61d-b4cdcb7d94cf, Succeeded
3dac9f8d-7b0f-426a-bf7a-1d203d30981a, P0180                , 2025-10-17T07:58:24Z, 6add44d5-d807-4ced-a61d-b4cdcb7d94cf, Succeeded
3dac9f8d-7b0f-426a-bf7a-1d203d30981a, P0180                , 2026-01-30T08:58:24Z, da3647cd-02e4-4cc3-9dca-56e457597237, Succeeded
3dac9f8d-7b0f-426a-bf7a-1d203d30981a, P0180                , 2026-01-31T08:58:24Z, da3647cd-02e4-4cc3-9dca-56e457597237, Succeeded
3dac9f8d-7b0f-426a-bf7a-1d203d30981a, P0180                , 2026-02-01T08:58:24Z, da3647cd-02e4-4cc3-9dca-56e457597237, Succeeded
03e24b65-c959-455f-8eb2-58c5a8890ad5, P0181                , 2025-12-19T21:20:02Z, 09363107-a090-4e21-9269-f99c279a612b, Succeeded
9c126754-de5b-4b0b-a654-44239a2564ef, P0182                , 2025-04-14T13:21:38Z, 281b93e6-775f-48f5-a5c3-850e69d77587, Succeeded
9c126754-de5b-4b0b-a654-44239a2564ef, P0182                , 2025-04-15T13:21:38Z, 281b93e6-775f-48f5-a5c3-850e69d77587, Succeeded
3214e498-43de-43e9-b5be-fd303a2fe425, P0183                , 2025-12-20T10:14:12Z, 6909a8a5-6a90-45d5-8568-a73e1ee6f6ad, Succeeded
3214e498-43de-43e9-b5be-fd303a2fe425, P0183                , 2025-12-21T10:14:12Z, 6909a8a5-6a90-45d5-8568-a73e1ee6f6ad, Succeeded
3c506462-bff6-4769-858b-610d571b363b, P0184                , 2025-04-24T03:38:25Z, 91d77911-1737-4459-923a-88e63a7f99dd, Succeeded
8bfd1969-cea2-443b-a89c-c520e9ec93f7, P0185                , 2025-05-11T11:27:29Z, 032823ed-a178-42e1-b796-d02fb498f8dd, Succeeded
8bfd1969-cea2-443b-a89c-c520e9ec93f7, P0185                , 2025-05-12T11:27:29Z, 032823ed-a178-42e1-b796-d02fb498f8dd, Succeeded
8bfd1969-cea2-443b-a89c-c520e9ec93f7, P0185                , 2025-06-03T11:27:29Z, f7dfa5cd-bd01-4ef4-85c9-60616a9c0298, Succeeded
8bfd1969-cea2-443b-a89c-c520e9ec93f7, P0185                , 2025-06-04T11:27:29Z, f7dfa5cd-bd01-4ef4-85c9-60616a9c0298, Succeeded
8bfd1969-cea2-443b-a89c-c520e9ec93f7, P0185                , 2025-06-05T11:27:29Z, f7dfa5cd-bd01-4ef4-85c9-60616a9c0298, Succeeded
de934db8-7da0-4de8-8903-8653a67c6e3a, P0186                , 2025-06-28T05:39:32Z, a24d6f51-94b1-480c-ad31-f2822174c8a5, Succeeded
f4d96764-dd23-4ae7-907d-dc7e999bdfa2, P0187                , 2025-12-30T14:18:15Z, 305d30f2-6c83-4990-aefd-598bc1045d3e, Succeeded
019929d8-1eed-4948-bdff-5fc460e1e06b, P0188                , 2025-11-12T20:28:06Z, 37a03445-2fc6-4719-bd80-b9f4daab9174, Succeeded
019929d8-1eed-4948-bdff-5fc460e1e06b, P0188                , 2025-11-13T20:28:06Z, 37a03445-2fc6-4719-bd80-b9f4daab9174, Succeeded
dea84563-d765-4b5f-8371-df7c90bca240, P0189                , 2025-02-08T17:54:43Z, fc5c025a-5870-4160-9930-861d59f82f66, Succeeded
dea84563-d765-4b5f-8371-df7c90bca240, P0189                , 2025-02-09T17:54:43Z, fc5c025a-5870-4160-9930-861d59f82f66, Succeeded
dea84563-d765-4b5f-8371-df7c90bca240, P0189                , 2025-02-10T17:54:43Z, fc5c025a-5870-4160-9930-861d59f82f66, Succeeded
dea84563-d765-4b5f-8371-df7c90bca240, P0189                , 2025-06-10T16:54:43Z, e9bfd281-297f-4f5d-b4e4-db806c3ad54a, Succeeded
dea84563-d765-4b5f-8371-df7c90bca240, P0189                , 2025-06-11T16:54:43Z, e9bfd281-297f-4f5d-b4e4-db806c3ad54a, Succeeded
dea84563-d765-4b5f-8371-df7c90bca240, P0189                , 2025-06-12T16:54:43Z, e9bfd281-297f-4f5d-b4e4-db806c3ad54a, Succeeded
b3f78303-73cd-46e6-813b-4313645ebbe5, P0190                , 2025-06-20T18:39:35Z, 3e735d89-1e28-4e9e-9ce0-85496d92ee88, Succeeded
b3f78303-73cd-46e6-813b-4313645ebbe5, P0190                , 2025-11-06T19:39:35Z, 78c4e679-e5a7-43c7-9c6b-ae2c1b839452, Succeeded
b72b6d21-a8bb-47db-b5d3-7162386b9353, P0191                , 2025-09-26T05:03:01Z, 8f45304f-d5f4-4bed-97e6-aebacc7f4c80, Succeeded
b72b6d21-a8bb-47db-b5d3-7162386b9353, P0191                , 2025-10-26T05:03:01Z, 31caf0ba-88df-4310-ad42-af2075c67b13, Succeeded
60673e53-be52-4aa9-a779-3f29f7a466d0, P0192                , 2025-11-05T19:26:09Z, 56872d14-7ee5-4487-8767-2947edb42932, Succeeded
60673e53-be52-4aa9-a779-3f29f7a466d0, P0192                , 2026-02-15T19:26:09Z, e49da4e3-cda6-4c24-870f-2883192962e7, Succeeded
60673e53-be52-4aa9-a779-3f29f7a466d0, P0192                , 2026-02-16T19:26:09Z, e49da4e3-cda6-4c24-870f-2883192962e7, Succeeded
60673e53-be52-4aa9-a779-3f29f7a466d0, P0192                , 2026-02-17T19:26:09Z, e49da4e3-cda6-4c24-870f-2883192962e7, Succeeded
a47ae2ac-1575-4d44-bca9-111225b5c679, P0193                , 2025-11-09T10:30:48Z, 00ca4045-3b3c-4329-b8b4-88afefd2c3c7, Succeeded
a47ae2ac-1575-4d44-bca9-111225b5c679, P0193                , 2025-11-10T10:30:48Z, 00ca4045-3b3c-4329-b8b4-88afefd2c3c7, Succeeded
f6149e0e-2a67-416d-b5c3-29df7a4f3203, P0194                , 2025-10-18T13:45:48Z, eb60f5fc-8f4d-4072-a944-4f58284659fa, Succeeded
d4d73fa9-f6eb-461d-b2bd-708a35b96fef, P0195                , 2025-04-19T00:28:52Z, 7fbc9ba3-5e52-48a0-9076-51e172209221, Succeeded
d4d73fa9-f6eb-461d-b2bd-708a35b96fef, P0195                , 2025-04-20T00:28:52Z, 7fbc9ba3-5e52-48a0-9076-51e172209221, Succeeded
d4d73fa9-f6eb-461d-b2bd-708a35b96fef, P0195                , 2025-04-21T00:28:52Z, 7fbc9ba3-5e52-48a0-9076-51e172209221, Succeeded
d4d73fa9-f6eb-461d-b2bd-708a35b96fef, P0195                , 2025-05-12T00:28:52Z, bbc8c607-61f2-4129-b426-428e3f8334f8, Succeeded
d4d73fa9-f6eb-461d-b2bd-708a35b96fef, P0195                , 2025-08-14T00:28:52Z, 60acefbc-f2a9-4c6c-9c61-901ca6221ead, Succeeded
b8c3f77e-46c6-4290-b87b-aaba9476b0b6, P0196                , 2025-06-26T09:31:36Z, 0553d4be-9ecd-4a3f-8b13-0436961a6c87, Succeeded
26f22487-c3e6-4762-8ec7-2dd1864632a2, P0197                , 2025-12-25T14:23:19Z, f2eaea4c-79b4-4284-9add-bc59b19636e5, Succeeded
26f22487-c3e6-4762-8ec7-2dd1864632a2, P0197                , 2025-12-26T14:23:19Z, f2eaea4c-79b4-4284-9add-bc59b19636e5, Succeeded
26f22487-c3e6-4762-8ec7-2dd1864632a2, P0197                , 2025-12-27T14:23:19Z, f2eaea4c-79b4-4284-9add-bc59b19636e5, Succeeded
26f22487-c3e6-4762-8ec7-2dd1864632a2, P0197                , 2026-03-25T13:23:19Z, 7cb2a08b-858f-4fc9-a075-e97d3921e0b7, Succeeded
26f22487-c3e6-4762-8ec7-2dd1864632a2, P0197                , 2026-03-26T13:23:19Z, 7cb2a08b-858f-4fc9-a075-e97d3921e0b7, Succeeded
26f22487-c3e6-4762-8ec7-2dd1864632a2, P0197                , 2026-05-30T13:23:19Z, 7309d16f-5e34-4e8e-8da8-a45dcb8fafdf, Succeeded
d08e1823-ff85-4f3b-bd98-231a4e276d3f, P0198                , 2025-04-12T14:08:19Z, 6efc0212-0342-4f43-888e-ca17ca8490f1, Succeeded
4d20721a-369c-44fd-a90f-6b2b196aae7e, P0199                , 2025-07-15T20:31:29Z, 79063ac8-3741-4392-9a08-ab470eb43aa5, Succeeded
4d20721a-369c-44fd-a90f-6b2b196aae7e, P0199                , 2025-07-16T20:31:29Z, 79063ac8-3741-4392-9a08-ab470eb43aa5, Succeeded
4d20721a-369c-44fd-a90f-6b2b196aae7e, P0199                , 2025-10-31T20:31:29Z, c051845e-1036-4e83-93a0-4f0b9378d347, Succeeded
4d20721a-369c-44fd-a90f-6b2b196aae7e, P0199                , 2025-11-01T20:31:29Z, c051845e-1036-4e83-93a0-4f0b9378d347, Succeeded
4d20721a-369c-44fd-a90f-6b2b196aae7e, P0199                , 2025-11-02T21:31:29Z, c051845e-1036-4e83-93a0-4f0b9378d347, Succeeded
05745887-b91c-459b-8205-ae10916432c9, P0200                , 2025-12-01T17:06:28Z, d97e260a-f01c-44e5-b1de-b5e9e04da9b0, Succeeded
05745887-b91c-459b-8205-ae10916432c9, P0200                , 2025-12-02T17:06:28Z, d97e260a-f01c-44e5-b1de-b5e9e04da9b0, Succeeded
05745887-b91c-459b-8205-ae10916432c9, P0200                , 2025-12-24T17:06:28Z, d3842eb8-6648-4ecb-a765-f13d3030889e, Succeeded
05745887-b91c-459b-8205-ae10916432c9, P0200                , 2025-12-25T17:06:28Z, d3842eb8-6648-4ecb-a765-f13d3030889e, Succeeded
05745887-b91c-459b-8205-ae10916432c9, P0200                , 2026-04-02T16:06:28Z, af16ecf0-c886-4cf6-b525-373283f490a1, Succeeded
05745887-b91c-459b-8205-ae10916432c9, P0200                , 2026-04-03T16:06:28Z, af16ecf0-c886-4cf6-b525-373283f490a1, Succeeded
05745887-b91c-459b-8205-ae10916432c9, P0200                , 2026-04-04T16:06:28Z, af16ecf0-c886-4cf6-b525-373283f490a1, Succeeded
536ee717-ba21-40b2-8b7d-d230ee603501, P0201                , 2026-03-09T05:12:46Z, f3a1bc6e-dd2f-4913-8e6b-3caeb1ae3692, Succeeded
536ee717-ba21-40b2-8b7d-d230ee603501, P0201                , 2026-03-10T05:12:46Z, f3a1bc6e-dd2f-4913-8e6b-3caeb1ae3692, Succeeded
90022626-8be1-45f6-be88-39dab8a4051c, P0202                , 2025-10-04T13:58:00Z, 05990efe-a6e9-423c-9c2d-d3892cf322a3, Succeeded
bf4725bd-1c39-4649-8b7d-7f05cf31aeb4, P0203                , 2025-01-26T12:16:27Z, 0e225423-995f-4f02-a986-2f7e5ff63c09, Succeeded
bf4725bd-1c39-4649-8b7d-7f05cf31aeb4, P0203                , 2025-02-02T12:16:27Z, 546f0704-7262-4914-ac6c-224c8cb82d2d, Succeeded
bf4725bd-1c39-4649-8b7d-7f05cf31aeb4, P0203                , 2025-02-03T12:16:27Z, 546f0704-7262-4914-ac6c-224c8cb82d2d, Succeeded
bf4725bd-1c39-4649-8b7d-7f05cf31aeb4, P0203                , 2025-04-26T11:16:27Z, fe43c252-c51c-4bae-9f38-8e33f693113d, Succeeded
bf4725bd-1c39-4649-8b7d-7f05cf31aeb4, P0203                , 2025-04-27T11:16:27Z, fe43c252-c51c-4bae-9f38-8e33f693113d, Succeeded
bf4725bd-1c39-4649-8b7d-7f05cf31aeb4, P0203                , 2025-06-13T11:16:27Z, 81dd7277-c2c1-4cc9-a0c3-d9f4f7c80732, Succeeded
bfec3a82-ad28-4a60-bddd-304754276df2, P0204                , 2025-09-10T08:54:27Z, 05d56c8e-b7db-47b1-b76d-a1f2b087cf8f, Succeeded
bfec3a82-ad28-4a60-bddd-304754276df2, P0204                , 2025-09-11T08:54:27Z, 05d56c8e-b7db-47b1-b76d-a1f2b087cf8f, Succeeded
c0e862ec-fdb2-4c72-ba8e-51cc435fa72e, P0206                , 2025-12-18T08:01:39Z, 6a377544-8e77-4e13-aa00-aebae8f7bd17, Succeeded
c0e862ec-fdb2-4c72-ba8e-51cc435fa72e, P0206                , 2025-12-19T08:01:39Z, 6a377544-8e77-4e13-aa00-aebae8f7bd17, Succeeded
c0e862ec-fdb2-4c72-ba8e-51cc435fa72e, P0206                , 2026-01-17T08:01:39Z, 81a83eb0-fb02-4fec-bd8b-7394d93ccda0, Succeeded
c0e862ec-fdb2-4c72-ba8e-51cc435fa72e, P0206                , 2026-01-18T08:01:39Z, 81a83eb0-fb02-4fec-bd8b-7394d93ccda0, Succeeded
c0e862ec-fdb2-4c72-ba8e-51cc435fa72e, P0206                , 2026-01-19T08:01:39Z, 81a83eb0-fb02-4fec-bd8b-7394d93ccda0, Succeeded
c5ec03c2-21dc-4e4d-af21-33cdd7e6cc42, P0207                , 2025-08-13T01:37:05Z, 99f58b9b-e654-45ff-b561-db0475d7af87, Succeeded
c5ec03c2-21dc-4e4d-af21-33cdd7e6cc42, P0207                , 2025-11-22T02:37:05Z, 7c088c7f-c58d-4058-8bb1-86eadc8a3a4c, Succeeded
c5ec03c2-21dc-4e4d-af21-33cdd7e6cc42, P0207                , 2025-11-23T02:37:05Z, 7c088c7f-c58d-4058-8bb1-86eadc8a3a4c, Succeeded
c5ec03c2-21dc-4e4d-af21-33cdd7e6cc42, P0207                , 2025-11-24T02:37:05Z, 7c088c7f-c58d-4058-8bb1-86eadc8a3a4c, Succeeded
1462cb6f-9735-4f23-b552-bbe78bfd8967, P0208                , 2025-06-24T05:51:00Z, 6d931aca-24dd-4968-b8b5-39abba5a3598, Succeeded
cd8c948d-502e-4833-bf7c-e58732e6e180, P0209                , 2025-05-09T00:57:36Z, bd6be2ed-f73e-431c-b328-3dd0936a3ece, Succeeded
cd8c948d-502e-4833-bf7c-e58732e6e180, P0209                , 2025-05-10T00:57:36Z, bd6be2ed-f73e-431c-b328-3dd0936a3ece, Succeeded
cd8c948d-502e-4833-bf7c-e58732e6e180, P0209                , 2025-05-11T00:57:36Z, bd6be2ed-f73e-431c-b328-3dd0936a3ece, Succeeded
cd8c948d-502e-4833-bf7c-e58732e6e180, P0209                , 2025-08-06T00:57:36Z, 6832aaa4-a895-472e-94a7-25b557f7cfd0, Succeeded
cd8c948d-502e-4833-bf7c-e58732e6e180, P0209                , 2025-08-07T00:57:36Z, 6832aaa4-a895-472e-94a7-25b557f7cfd0, Succeeded
cd8c948d-502e-4833-bf7c-e58732e6e180, P0209                , 2025-08-08T00:57:36Z, 6832aaa4-a895-472e-94a7-25b557f7cfd0, Succeeded
da80a69b-7865-4050-b4e1-dbc864b3cd73, P0210                , 2025-03-25T01:40:43Z, 1a74e4d2-b849-444d-b47e-715e57b7dc59, Succeeded
da80a69b-7865-4050-b4e1-dbc864b3cd73, P0210                , 2025-06-16T01:40:43Z, 2524bc4a-d714-4076-bf04-2d613059b1e7, Succeeded
7ce421d8-57a2-4485-a239-129a447f2609, P0211                , 2025-11-17T20:40:59Z, 054d65fd-84c9-4a12-ab37-a1dcab2036f8, Succeeded
7ce421d8-57a2-4485-a239-129a447f2609, P0211                , 2025-11-18T20:40:59Z, 054d65fd-84c9-4a12-ab37-a1dcab2036f8, Succeeded
7ce421d8-57a2-4485-a239-129a447f2609, P0211                , 2025-11-19T20:40:59Z, 054d65fd-84c9-4a12-ab37-a1dcab2036f8, Succeeded
7ce421d8-57a2-4485-a239-129a447f2609, P0211                , 2026-01-16T20:40:59Z, c6ca9c06-5e1a-4722-9176-227feaf1d058, Succeeded
7ce421d8-57a2-4485-a239-129a447f2609, P0211                , 2026-01-17T20:40:59Z, c6ca9c06-5e1a-4722-9176-227feaf1d058, Succeeded
4aa24097-59e3-440e-8fec-fc31f804d78f, P0212                , 2025-11-30T05:26:17Z, e7e4bcfc-824b-4d29-b6d5-eb4414d5cf46, Succeeded
4aa24097-59e3-440e-8fec-fc31f804d78f, P0212                , 2025-12-07T05:26:17Z, f1bf405b-2ae7-482b-8d64-ab8e65264f2e, Succeeded
4aa24097-59e3-440e-8fec-fc31f804d78f, P0212                , 2025-12-08T05:26:17Z, f1bf405b-2ae7-482b-8d64-ab8e65264f2e, Succeeded
4aa24097-59e3-440e-8fec-fc31f804d78f, P0212                , 2025-12-30T05:26:17Z, 9e617bae-487a-445d-a66e-7eaefb69f5c9, Succeeded
4aa24097-59e3-440e-8fec-fc31f804d78f, P0212                , 2025-12-31T05:26:17Z, 9e617bae-487a-445d-a66e-7eaefb69f5c9, Succeeded
7f58c36a-1b71-49e2-9104-dd0bee3f635b, P0213                , 2025-11-12T06:41:41Z, 34753105-fff5-46dc-95dc-831e8df08573, Succeeded
6df109b2-103b-4bf0-9aa1-c0197d3b12b9, P0214                , 2025-03-06T09:09:42Z, 2a56a526-8ec1-4310-89d2-de068f5b7930, Succeeded
513d3b91-78ba-4ecb-96ea-f59eebd7084d, P0215                , 2025-06-25T00:39:47Z, 03db0173-8ab7-446f-a99d-86e08f5576fc, Succeeded
513d3b91-78ba-4ecb-96ea-f59eebd7084d, P0215                , 2025-11-07T01:39:47Z, b4c62caa-a7cb-4c8b-8b89-e2dd492e5eb2, Succeeded
513d3b91-78ba-4ecb-96ea-f59eebd7084d, P0215                , 2025-11-08T01:39:47Z, b4c62caa-a7cb-4c8b-8b89-e2dd492e5eb2, Succeeded
513d3b91-78ba-4ecb-96ea-f59eebd7084d, P0215                , 2025-11-09T01:39:47Z, b4c62caa-a7cb-4c8b-8b89-e2dd492e5eb2, Succeeded
26dfb107-4bb6-4918-8309-8f55e64703cc, P0216                , 2025-12-23T11:13:09Z, 8fe0d967-f310-4251-8839-b0e2bdd9b691, Succeeded
26dfb107-4bb6-4918-8309-8f55e64703cc, P0216                , 2025-12-24T11:13:09Z, 8fe0d967-f310-4251-8839-b0e2bdd9b691, Succeeded
26dfb107-4bb6-4918-8309-8f55e64703cc, P0216                , 2026-01-22T11:13:09Z, 5bbf84bb-08ac-40e0-8641-2da7f40dd1e7, Succeeded
26dfb107-4bb6-4918-8309-8f55e64703cc, P0216                , 2026-01-23T11:13:09Z, 5bbf84bb-08ac-40e0-8641-2da7f40dd1e7, Succeeded
26dfb107-4bb6-4918-8309-8f55e64703cc, P0216                , 2026-01-24T11:13:09Z, 5bbf84bb-08ac-40e0-8641-2da7f40dd1e7, Succeeded
26dfb107-4bb6-4918-8309-8f55e64703cc, P0216                , 2026-05-01T10:13:09Z, 58a2002c-7331-423c-847c-6327db50bea0, Succeeded
60b077b7-8eaa-41e6-9f2d-aa9f4e172d9b, P0217                , 2025-01-06T23:47:34Z, 21c77d48-b6e2-482c-b1e1-8284f57331ff, Succeeded
60b077b7-8eaa-41e6-9f2d-aa9f4e172d9b, P0217                , 2025-04-06T22:47:34Z, 7bf07d88-0ea7-4c9b-9712-57612492de27, Succeeded
60b077b7-8eaa-41e6-9f2d-aa9f4e172d9b, P0217                , 2025-04-07T22:47:34Z, 7bf07d88-0ea7-4c9b-9712-57612492de27, Succeeded
295b037d-4a35-455f-af9c-c6175c635e1c, P0218                , 2025-02-06T08:04:26Z, 480da220-62fe-4dfe-a874-9df8df12d22d, Succeeded
295b037d-4a35-455f-af9c-c6175c635e1c, P0218                , 2025-02-07T08:04:26Z, 480da220-62fe-4dfe-a874-9df8df12d22d, Succeeded
295b037d-4a35-455f-af9c-c6175c635e1c, P0218                , 2025-02-08T08:04:26Z, 480da220-62fe-4dfe-a874-9df8df12d22d, Succeeded
82a17b00-e8a1-4458-a3b5-95134df6e649, P0219                , 2025-01-01T14:59:39Z, b4f4b90f-1e6a-4953-9a98-abf8b7196b8f, Succeeded
82a17b00-e8a1-4458-a3b5-95134df6e649, P0219                , 2025-01-02T14:59:39Z, b4f4b90f-1e6a-4953-9a98-abf8b7196b8f, Succeeded
82a17b00-e8a1-4458-a3b5-95134df6e649, P0219                , 2025-05-19T13:59:39Z, f585d24d-6838-45aa-a758-d4c5c7fc6fb2, Succeeded
82a17b00-e8a1-4458-a3b5-95134df6e649, P0219                , 2025-05-20T13:59:39Z, f585d24d-6838-45aa-a758-d4c5c7fc6fb2, Succeeded
40342a16-356d-4aa7-a69f-0d9cff57b9a6, P0220                , 2025-09-23T17:46:17Z, 2cc54fbe-50f5-43e1-9c92-5fab81aacd58, Succeeded
40342a16-356d-4aa7-a69f-0d9cff57b9a6, P0220                , 2025-09-24T17:46:17Z, 2cc54fbe-50f5-43e1-9c92-5fab81aacd58, Succeeded
b30b5d04-25aa-4323-a39d-7dac3cfeedb9, P0221                , 2025-08-14T23:57:25Z, 852ae99e-72ff-422f-b082-02034e694f28, Succeeded
b30b5d04-25aa-4323-a39d-7dac3cfeedb9, P0221                , 2025-08-15T23:57:25Z, 852ae99e-72ff-422f-b082-02034e694f28, Succeeded
b30b5d04-25aa-4323-a39d-7dac3cfeedb9, P0221                , 2026-02-02T00:57:25Z, 3062086e-0f1b-4eea-b3c1-1bb08b7cb370, Succeeded
885459a0-f2a6-4ae7-b052-dae49bf2a331, P0222                , 2025-08-08T18:35:34Z, e4c3fd69-76bd-45f0-ac7e-f520fa8c4be2, Succeeded
885459a0-f2a6-4ae7-b052-dae49bf2a331, P0222                , 2025-08-31T18:35:34Z, e3d5e88f-cb9f-47b0-bd05-61243415986d, Succeeded
885459a0-f2a6-4ae7-b052-dae49bf2a331, P0222                , 2026-01-15T19:35:34Z, f344f837-54f2-4137-b6be-86183c5cb4f1, Succeeded
96097fc3-c46b-400e-956b-41ede0061768, P0223                , 2025-12-29T13:31:54Z, bb8e82a6-7280-4ade-8927-bc7bccd98414, Succeeded
96097fc3-c46b-400e-956b-41ede0061768, P0223                , 2025-12-30T13:31:54Z, bb8e82a6-7280-4ade-8927-bc7bccd98414, Succeeded
96097fc3-c46b-400e-956b-41ede0061768, P0223                , 2026-01-05T13:31:54Z, 2ab570a0-2ae4-41de-b8cf-67559d6542cc, Succeeded
96097fc3-c46b-400e-956b-41ede0061768, P0223                , 2026-03-29T12:31:54Z, 9f41e272-b316-4294-9f51-8211485a0be9, Succeeded
96097fc3-c46b-400e-956b-41ede0061768, P0223                , 2026-03-30T12:31:54Z, 9f41e272-b316-4294-9f51-8211485a0be9, Succeeded
4aefb69f-be70-4a44-9ee7-81088615412f, P0224                , 2025-12-22T08:23:40Z, 9ee32516-4f95-4b81-b74f-95c99c65c6dc, Succeeded
4aefb69f-be70-4a44-9ee7-81088615412f, P0224                , 2025-12-23T08:23:40Z, 9ee32516-4f95-4b81-b74f-95c99c65c6dc, Succeeded
4aefb69f-be70-4a44-9ee7-81088615412f, P0224                , 2026-05-18T07:23:40Z, 226542f2-4f71-43b3-bff1-7883e5cd0329, Succeeded
7084590c-7eae-4c82-a38a-607f12d4a617, P0225                , 2025-02-02T19:13:37Z, dccecd18-4c22-4f5d-8d86-79981f90295e, Succeeded
7084590c-7eae-4c82-a38a-607f12d4a617, P0225                , 2025-02-09T19:13:37Z, 76b79aad-c0a3-4795-af7b-54eea9130fb6, Succeeded
7084590c-7eae-4c82-a38a-607f12d4a617, P0225                , 2025-02-10T19:13:37Z, 76b79aad-c0a3-4795-af7b-54eea9130fb6, Succeeded
7084590c-7eae-4c82-a38a-607f12d4a617, P0225                , 2025-03-04T19:13:37Z, 072f643e-9722-46cf-93af-a1d00c5a7f97, Succeeded
31e9c7bc-affd-463a-b08e-cd8bb2e708d8, P0226                , 2025-08-26T10:51:30Z, 6adc2560-fd2f-425f-8754-5c143e1ae910, Succeeded
31e9c7bc-affd-463a-b08e-cd8bb2e708d8, P0226                , 2025-11-24T11:51:30Z, 4bac3dc7-96a1-46a9-a57c-84eb644ddc39, Succeeded
6a33d975-94d4-4e72-b818-85f3045768e0, P0227                , 2025-11-05T19:28:41Z, ba13029e-9c0f-46f1-8ced-5cbf6ed80f36, Succeeded
6a33d975-94d4-4e72-b818-85f3045768e0, P0227                , 2025-12-05T19:28:41Z, 2cd43ff2-aafc-49d2-a2bb-23ba3eb8e7ac, Succeeded
6a33d975-94d4-4e72-b818-85f3045768e0, P0227                , 2025-12-06T19:28:41Z, 2cd43ff2-aafc-49d2-a2bb-23ba3eb8e7ac, Succeeded
6af34475-3297-4a6e-b7ce-e80505c96439, P0229                , 2025-07-06T18:00:50Z, cc5be8ff-4ee2-4fb3-8af6-c2aa2e811048, Succeeded
2afc6a03-35c6-47d1-835e-bcfe9a3fe0f7, P0230                , 2025-02-17T11:06:49Z, bc4ca342-1f69-4be2-aeec-6e14357c7201, Succeeded
2afc6a03-35c6-47d1-835e-bcfe9a3fe0f7, P0230                , 2025-02-18T11:06:49Z, bc4ca342-1f69-4be2-aeec-6e14357c7201, Succeeded
2afc6a03-35c6-47d1-835e-bcfe9a3fe0f7, P0230                , 2025-02-24T11:06:49Z, 4fc1fe26-e1a1-4f10-a95e-9fc4042bd538, Succeeded
2afc6a03-35c6-47d1-835e-bcfe9a3fe0f7, P0230                , 2025-03-19T10:06:49Z, c4579a58-d5a8-47d6-a8d1-8048144555e7, Succeeded
2afc6a03-35c6-47d1-835e-bcfe9a3fe0f7, P0230                , 2025-05-18T10:06:49Z, c3598f5c-e6dc-41cf-893f-dcf5e00a7535, Succeeded
2afc6a03-35c6-47d1-835e-bcfe9a3fe0f7, P0230                , 2025-05-19T10:06:49Z, c3598f5c-e6dc-41cf-893f-dcf5e00a7535, Succeeded
2afc6a03-35c6-47d1-835e-bcfe9a3fe0f7, P0230                , 2025-05-20T10:06:49Z, c3598f5c-e6dc-41cf-893f-dcf5e00a7535, Succeeded
2afc6a03-35c6-47d1-835e-bcfe9a3fe0f7, P0230                , 2025-06-24T10:06:49Z, 6712b31e-cae0-4282-a948-4b2fa9d003b9, Succeeded
2afc6a03-35c6-47d1-835e-bcfe9a3fe0f7, P0230                , 2025-06-25T10:06:49Z, 6712b31e-cae0-4282-a948-4b2fa9d003b9, Succeeded
2afc6a03-35c6-47d1-835e-bcfe9a3fe0f7, P0230                , 2025-06-26T10:06:49Z, 6712b31e-cae0-4282-a948-4b2fa9d003b9, Succeeded
2cdf20b5-3c78-41bd-85ea-4b6af486ac4d, P0231                , 2025-08-30T16:50:07Z, 658f10b6-aea3-490b-9eea-765e03e8b16b, Succeeded
2cdf20b5-3c78-41bd-85ea-4b6af486ac4d, P0231                , 2025-08-31T16:50:07Z, 658f10b6-aea3-490b-9eea-765e03e8b16b, Succeeded
2cdf20b5-3c78-41bd-85ea-4b6af486ac4d, P0231                , 2025-11-28T17:50:07Z, 57cd16d3-9ab3-4173-8321-935435a6c641, Succeeded
98a10254-9069-40d9-957f-d99d4aa7ec9b, P0232                , 2025-02-17T21:15:09Z, dfadeeb6-4779-4dd8-8b35-adbd7cf1ac83, Succeeded
98a10254-9069-40d9-957f-d99d4aa7ec9b, P0232                , 2025-02-18T21:15:09Z, dfadeeb6-4779-4dd8-8b35-adbd7cf1ac83, Succeeded
98a10254-9069-40d9-957f-d99d4aa7ec9b, P0232                , 2025-02-19T21:15:09Z, dfadeeb6-4779-4dd8-8b35-adbd7cf1ac83, Succeeded
4df4d6eb-ffd4-49f9-ac6d-00be78b4af6a, P0234                , 2025-08-01T17:16:12Z, 1de868f2-fa68-4c82-b1d0-45de8498b3af, Succeeded
4df4d6eb-ffd4-49f9-ac6d-00be78b4af6a, P0234                , 2025-08-08T17:16:12Z, fa1780e0-4a15-4183-a8f6-994261c904b6, Succeeded
4df4d6eb-ffd4-49f9-ac6d-00be78b4af6a, P0234                , 2025-08-09T17:16:12Z, fa1780e0-4a15-4183-a8f6-994261c904b6, Succeeded
4df4d6eb-ffd4-49f9-ac6d-00be78b4af6a, P0234                , 2025-08-10T17:16:12Z, fa1780e0-4a15-4183-a8f6-994261c904b6, Succeeded
4df4d6eb-ffd4-49f9-ac6d-00be78b4af6a, P0234                , 2025-12-27T18:16:12Z, 77ff6f08-6b5d-4a12-a99b-654382bb5606, Succeeded
479acc0e-8d16-4c04-a768-cb1c579650d4, P0236                , 2025-10-18T02:39:30Z, 6b7b3f76-0067-4319-8f0f-5b8d1e213b4b, Succeeded
e578ecb0-8250-44eb-9423-df3ec101241d, P0237                , 2026-03-29T17:54:58Z, 54b4c036-1181-4033-a284-5b6bc536dcee, Succeeded
e578ecb0-8250-44eb-9423-df3ec101241d, P0237                , 2026-03-30T17:54:58Z, 54b4c036-1181-4033-a284-5b6bc536dcee, Succeeded
ad23840a-1755-48f1-b413-63be0ae13170, P0238                , 2025-09-05T06:26:10Z, 65dfa00d-4a7c-450e-b0fb-7061e1a25863, Succeeded
ad23840a-1755-48f1-b413-63be0ae13170, P0238                , 2025-09-12T06:26:10Z, 0d24b992-3ad1-424b-b7c6-212d4169ce8a, Succeeded
ad23840a-1755-48f1-b413-63be0ae13170, P0238                , 2025-12-04T07:26:10Z, ea8175e2-3ea3-4997-9391-defd87781f45, Succeeded
ad23840a-1755-48f1-b413-63be0ae13170, P0238                , 2026-01-22T07:26:10Z, e73ff8ee-63e0-4513-8c7b-e3b55201f65d, Succeeded
ad23840a-1755-48f1-b413-63be0ae13170, P0238                , 2026-01-23T07:26:10Z, e73ff8ee-63e0-4513-8c7b-e3b55201f65d, Succeeded
ad23840a-1755-48f1-b413-63be0ae13170, P0238                , 2026-01-24T07:26:10Z, e73ff8ee-63e0-4513-8c7b-e3b55201f65d, Succeeded
2af0d524-4dd0-4a77-bf34-36498b2790f1, P0239                , 2025-05-27T05:49:02Z, 9fb89ee0-6eae-4ff0-a8ec-672229fbe019, Succeeded
2af0d524-4dd0-4a77-bf34-36498b2790f1, P0239                , 2025-05-28T05:49:02Z, 9fb89ee0-6eae-4ff0-a8ec-672229fbe019, Succeeded
2af0d524-4dd0-4a77-bf34-36498b2790f1, P0239                , 2025-05-29T05:49:02Z, 9fb89ee0-6eae-4ff0-a8ec-672229fbe019, Succeeded
c9060b3f-1a05-40cf-8bc9-5b50baed9999, P0241                , 2025-01-03T12:49:31Z, 70c455ba-83d2-4c26-ae07-999eeb425584, Succeeded
c9060b3f-1a05-40cf-8bc9-5b50baed9999, P0241                , 2025-01-04T12:49:31Z, 70c455ba-83d2-4c26-ae07-999eeb425584, Succeeded
c9060b3f-1a05-40cf-8bc9-5b50baed9999, P0241                , 2025-01-05T12:49:31Z, 70c455ba-83d2-4c26-ae07-999eeb425584, Succeeded
c9060b3f-1a05-40cf-8bc9-5b50baed9999, P0241                , 2025-04-03T11:49:31Z, f4f2ecc2-3186-49d8-9c2a-1d54d69eb831, Succeeded
c9060b3f-1a05-40cf-8bc9-5b50baed9999, P0241                , 2025-04-04T11:49:31Z, f4f2ecc2-3186-49d8-9c2a-1d54d69eb831, Succeeded
669631e1-9419-4cf6-904e-f1f6538e59aa, P0242                , 2025-05-03T05:29:52Z, b0a61223-e8a0-4b9c-b579-3207a2d24169, Succeeded
669631e1-9419-4cf6-904e-f1f6538e59aa, P0242                , 2025-05-04T05:29:52Z, b0a61223-e8a0-4b9c-b579-3207a2d24169, Succeeded
669631e1-9419-4cf6-904e-f1f6538e59aa, P0242                , 2025-05-10T05:29:52Z, ba929577-188a-41b2-a608-9fac4b534b32, Succeeded
669631e1-9419-4cf6-904e-f1f6538e59aa, P0242                , 2025-08-01T05:29:52Z, f32c3b02-047c-4f3a-9bca-9cdb7424da12, Succeeded
669631e1-9419-4cf6-904e-f1f6538e59aa, P0242                , 2025-10-05T05:29:52Z, 76c2678a-c5be-4f2f-875f-96adb1d7e708, Succeeded
a92f63de-dbd1-4a4e-bd70-fd1f4eb03580, P0243                , 2026-02-20T15:20:48Z, d9b1de33-9a84-49bb-94f0-ae05cd75e43b, Succeeded
f7875158-ab17-4fa6-9354-0a8bd0015389, P0244                , 2025-08-15T22:33:49Z, 45314739-938b-4094-ae22-578c3d1d7caf, Succeeded
f7875158-ab17-4fa6-9354-0a8bd0015389, P0244                , 2025-08-22T22:33:49Z, 75435850-bc32-4296-82fd-a76aef6b1740, Succeeded
f7875158-ab17-4fa6-9354-0a8bd0015389, P0244                , 2025-09-14T22:33:49Z, 91bb6ff2-70d0-4fc5-9e39-7574362f0c1e, Succeeded
f7875158-ab17-4fa6-9354-0a8bd0015389, P0244                , 2025-12-13T23:33:49Z, a2b2aded-f606-46ad-80cf-8ff7a3f061da, Succeeded
f7875158-ab17-4fa6-9354-0a8bd0015389, P0244                , 2025-12-14T23:33:49Z, a2b2aded-f606-46ad-80cf-8ff7a3f061da, Succeeded
41ca1140-a261-4f5a-a6ae-27c7463f729a, P0245                , 2025-08-19T12:42:39Z, 4f8c4eff-6bf2-49f0-b22a-58d033ba9e5f, Succeeded
41ca1140-a261-4f5a-a6ae-27c7463f729a, P0245                , 2025-08-20T12:42:39Z, 4f8c4eff-6bf2-49f0-b22a-58d033ba9e5f, Succeeded
41ca1140-a261-4f5a-a6ae-27c7463f729a, P0245                , 2026-01-31T13:42:39Z, 0ddbe5dc-f983-417d-99f3-daea95b5d972, Succeeded
41ca1140-a261-4f5a-a6ae-27c7463f729a, P0245                , 2026-02-01T13:42:39Z, 0ddbe5dc-f983-417d-99f3-daea95b5d972, Succeeded
41ca1140-a261-4f5a-a6ae-27c7463f729a, P0245                , 2026-02-02T13:42:39Z, 0ddbe5dc-f983-417d-99f3-daea95b5d972, Succeeded
673ebfeb-3a94-4dfe-b711-cc29291ebdef, P0246                , 2026-03-05T09:31:08Z, 78251764-f71e-440a-b91f-42a9252e2c1e, Succeeded
593e45a7-c14f-4f5d-ba72-8e8f40383059, P0247                , 2026-01-26T05:50:19Z, 08488223-bb6b-41d1-99e6-12efc596694d, Succeeded
593e45a7-c14f-4f5d-ba72-8e8f40383059, P0247                , 2026-01-27T05:50:19Z, 08488223-bb6b-41d1-99e6-12efc596694d, Succeeded
5ff4ee2c-2144-4cb2-a820-af313fa877ac, P0248                , 2025-12-08T19:18:33Z, cda8e8e4-9a5b-416b-8de0-f8956c9deae3, Succeeded
5ff4ee2c-2144-4cb2-a820-af313fa877ac, P0248                , 2025-12-09T19:18:33Z, cda8e8e4-9a5b-416b-8de0-f8956c9deae3, Succeeded
5ff4ee2c-2144-4cb2-a820-af313fa877ac, P0248                , 2025-12-10T19:18:33Z, cda8e8e4-9a5b-416b-8de0-f8956c9deae3, Succeeded
0e5700c8-cec9-4e87-9da5-9010479fce82, P0249                , 2025-07-11T13:40:08Z, 560e8c49-399f-4616-baca-7f9ab392b386, Succeeded
0e5700c8-cec9-4e87-9da5-9010479fce82, P0249                , 2025-07-12T13:40:08Z, 560e8c49-399f-4616-baca-7f9ab392b386, Succeeded
0e5700c8-cec9-4e87-9da5-9010479fce82, P0249                , 2025-08-10T13:40:08Z, e429760f-cc9e-4949-8088-d25a01ef763b, Succeeded
1d669808-eb26-42f5-814e-342267eca01b, P0251                , 2025-10-15T07:17:29Z, c8bdaecb-7b26-40c3-aa2c-ca16392ba2bc, Succeeded
1909a985-6faf-4dbf-a28d-531f133134d7, P0252                , 2025-12-31T15:15:35Z, e2c23316-5b3f-4ae1-b03b-64d99a46c877, Succeeded
1909a985-6faf-4dbf-a28d-531f133134d7, P0252                , 2026-01-01T15:15:35Z, e2c23316-5b3f-4ae1-b03b-64d99a46c877, Succeeded
1909a985-6faf-4dbf-a28d-531f133134d7, P0252                , 2026-01-02T15:15:35Z, e2c23316-5b3f-4ae1-b03b-64d99a46c877, Succeeded
1ab0dd27-2a45-4586-a8ff-1b6ce3501b09, P0253                , 2025-05-23T21:01:44Z, 3ca18b1a-493a-49a6-b670-787c0585135e, Succeeded
1ab0dd27-2a45-4586-a8ff-1b6ce3501b09, P0253                , 2025-07-08T21:01:44Z, 56e26c35-2d5f-4cc2-92e9-4b95b675d195, Succeeded
1ab0dd27-2a45-4586-a8ff-1b6ce3501b09, P0253                , 2025-07-09T21:01:44Z, 56e26c35-2d5f-4cc2-92e9-4b95b675d195, Succeeded
2b43c2df-73dc-4209-ba10-82909be0357d, P0254                , 2025-08-01T11:15:30Z, 60ea0fb3-d8b7-4ec0-a58c-59dd83bf915d, Succeeded
2b43c2df-73dc-4209-ba10-82909be0357d, P0254                , 2025-08-08T11:15:30Z, ef46446f-f4d5-4d96-b81c-e14afe31474a, Succeeded
2b43c2df-73dc-4209-ba10-82909be0357d, P0254                , 2025-08-09T11:15:30Z, ef46446f-f4d5-4d96-b81c-e14afe31474a, Succeeded
2b43c2df-73dc-4209-ba10-82909be0357d, P0254                , 2025-08-31T11:15:30Z, 9f9fc093-95af-49bc-b878-36b03bd6a640, Succeeded
2b43c2df-73dc-4209-ba10-82909be0357d, P0254                , 2025-09-01T11:15:30Z, 9f9fc093-95af-49bc-b878-36b03bd6a640, Succeeded
2b43c2df-73dc-4209-ba10-82909be0357d, P0254                , 2025-09-02T11:15:30Z, 9f9fc093-95af-49bc-b878-36b03bd6a640, Succeeded
2b43c2df-73dc-4209-ba10-82909be0357d, P0254                , 2025-12-19T12:15:30Z, 60eefda7-98d5-4bcd-b689-35a051d63e7d, Succeeded
2b43c2df-73dc-4209-ba10-82909be0357d, P0254                , 2025-12-20T12:15:30Z, 60eefda7-98d5-4bcd-b689-35a051d63e7d, Succeeded
2c2640c2-c8d5-46b0-8fbe-5d8004e324f6, P0256                , 2025-07-04T04:31:33Z, 2a40b7a7-7e0d-4ea0-815e-240b0efdadde, Succeeded
2c2640c2-c8d5-46b0-8fbe-5d8004e324f6, P0256                , 2025-07-05T04:31:33Z, 2a40b7a7-7e0d-4ea0-815e-240b0efdadde, Succeeded
2c2640c2-c8d5-46b0-8fbe-5d8004e324f6, P0256                , 2025-07-11T04:31:33Z, 72b2ba90-560f-45ba-bd11-9ade68505dc1, Succeeded
2c2640c2-c8d5-46b0-8fbe-5d8004e324f6, P0256                , 2025-10-02T04:31:33Z, 4e047f0f-ea08-46ff-ad18-f4071007b841, Succeeded
2c2640c2-c8d5-46b0-8fbe-5d8004e324f6, P0256                , 2025-10-03T04:31:33Z, 4e047f0f-ea08-46ff-ad18-f4071007b841, Succeeded
984caa35-ff7f-430c-9e52-84373a6a4b08, P0257                , 2025-08-17T19:56:48Z, 68d6d9fc-b6da-4b12-ac0d-4af3aab3048c, Succeeded
984caa35-ff7f-430c-9e52-84373a6a4b08, P0257                , 2025-08-18T19:56:48Z, 68d6d9fc-b6da-4b12-ac0d-4af3aab3048c, Succeeded
984caa35-ff7f-430c-9e52-84373a6a4b08, P0257                , 2025-09-16T19:56:48Z, 2d59d776-4654-4dde-a72f-5b8281e17cfc, Succeeded
984caa35-ff7f-430c-9e52-84373a6a4b08, P0257                , 2025-09-17T19:56:48Z, 2d59d776-4654-4dde-a72f-5b8281e17cfc, Succeeded
984caa35-ff7f-430c-9e52-84373a6a4b08, P0257                , 2025-11-15T20:56:48Z, 22e37c4c-b802-4407-8725-d2aa4e1ff48f, Succeeded
ab1947fe-b754-4746-92d8-88c825fe3ea0, P0258                , 2025-06-25T11:01:27Z, 30610ad4-67e2-4dd5-b38c-8c7600c321af, Succeeded
ab1947fe-b754-4746-92d8-88c825fe3ea0, P0258                , 2025-06-26T11:01:27Z, 30610ad4-67e2-4dd5-b38c-8c7600c321af, Succeeded
ab1947fe-b754-4746-92d8-88c825fe3ea0, P0258                , 2025-06-27T11:01:27Z, 30610ad4-67e2-4dd5-b38c-8c7600c321af, Succeeded
6922ba7d-53fc-4d44-b1d3-b6eeed66179a, P0259                , 2025-08-28T19:02:07Z, 7634f499-7613-4035-9059-e54e3844f3a8, Succeeded
6922ba7d-53fc-4d44-b1d3-b6eeed66179a, P0259                , 2025-09-20T19:02:07Z, 6c96c3bb-b755-41f7-9c5f-450e6a941cfb, Succeeded
e4486b6d-7272-4e57-bfff-5ac26decb5af, P0260                , 2025-12-14T17:51:14Z, ec988330-3113-4786-bac6-93b077a9d91a, Succeeded
e4486b6d-7272-4e57-bfff-5ac26decb5af, P0260                , 2025-12-15T17:51:14Z, ec988330-3113-4786-bac6-93b077a9d91a, Succeeded
e4486b6d-7272-4e57-bfff-5ac26decb5af, P0260                , 2026-01-06T17:51:14Z, 1cd0d326-58e0-41a8-b866-b8809dc8a5dc, Succeeded
e4486b6d-7272-4e57-bfff-5ac26decb5af, P0260                , 2026-01-07T17:51:14Z, 1cd0d326-58e0-41a8-b866-b8809dc8a5dc, Succeeded
e4486b6d-7272-4e57-bfff-5ac26decb5af, P0260                , 2026-01-08T17:51:14Z, 1cd0d326-58e0-41a8-b866-b8809dc8a5dc, Succeeded
e4486b6d-7272-4e57-bfff-5ac26decb5af, P0260                , 2026-03-07T17:51:14Z, 9798b904-4cc5-401c-ae32-d77637230204, Succeeded
7cb8f780-ca51-4583-a5a1-81998a73ede4, P0261                , 2025-09-27T11:00:01Z, 1e826023-a6bb-42de-a121-b29b3ee138a0, Succeeded
7cb8f780-ca51-4583-a5a1-81998a73ede4, P0261                , 2025-10-27T11:00:01Z, ebf45c42-de7a-4bb8-8720-c49eec41b478, Succeeded
607d04a3-a4fa-4175-a440-82df351e4e2c, P0262                , 2025-07-23T12:20:39Z, c879a169-7482-4536-b113-438656c1478e, Succeeded
607d04a3-a4fa-4175-a440-82df351e4e2c, P0262                , 2025-08-15T12:20:39Z, a18828ef-a523-44fb-bb0e-32583ad2ff0b, Succeeded
607d04a3-a4fa-4175-a440-82df351e4e2c, P0262                , 2025-10-14T12:20:39Z, 2d544533-646e-4712-a187-eb26deb36734, Succeeded
737c899d-af3c-46b6-9bcf-ae588baf2522, P0263                , 2025-05-01T09:20:07Z, ef713b85-99e1-41ad-bcb5-c25d3f213524, Succeeded
aebc24d9-f7bd-4009-bc36-a7da7ab01982, P0264                , 2025-02-03T07:58:28Z, 757ebc13-7e62-406b-926d-0133ef7bbe8f, Succeeded
aebc24d9-f7bd-4009-bc36-a7da7ab01982, P0264                , 2025-03-05T07:58:28Z, 53a5a936-e79e-4a79-a498-153d0a206eaa, Succeeded
aebc24d9-f7bd-4009-bc36-a7da7ab01982, P0264                , 2025-03-06T07:58:28Z, 53a5a936-e79e-4a79-a498-153d0a206eaa, Succeeded
aebc24d9-f7bd-4009-bc36-a7da7ab01982, P0264                , 2025-03-07T07:58:28Z, 53a5a936-e79e-4a79-a498-153d0a206eaa, Succeeded
aebc24d9-f7bd-4009-bc36-a7da7ab01982, P0264                , 2025-05-04T06:58:28Z, b185945b-49d1-4e33-b54e-62c9271c942b, Succeeded
21c9369b-1ab7-4ac4-a9f0-7cbdb8360d0d, P0266                , 2025-09-25T03:22:59Z, a864ba64-73c2-456b-aa3e-151672be1569, Succeeded
21c9369b-1ab7-4ac4-a9f0-7cbdb8360d0d, P0266                , 2025-10-18T03:22:59Z, 8d0cc38f-d885-465b-bd3b-855f18a1064e, Succeeded
21c9369b-1ab7-4ac4-a9f0-7cbdb8360d0d, P0266                , 2025-10-19T03:22:59Z, 8d0cc38f-d885-465b-bd3b-855f18a1064e, Succeeded
25c61a94-88cd-4c6c-846f-60ecb34b8e6e, P0267                , 2025-03-04T17:26:26Z, 5d28d5e2-ad44-4524-b6c4-c964ca98f842, Succeeded
25c61a94-88cd-4c6c-846f-60ecb34b8e6e, P0267                , 2025-03-05T17:26:26Z, 5d28d5e2-ad44-4524-b6c4-c964ca98f842, Succeeded
25c61a94-88cd-4c6c-846f-60ecb34b8e6e, P0267                , 2025-06-02T16:26:26Z, acf99d73-e9b8-4c82-951f-d1a065e258cf, Succeeded
25c61a94-88cd-4c6c-846f-60ecb34b8e6e, P0267                , 2025-07-02T16:26:26Z, ad32e760-e31d-46a9-8e06-ee96753c4110, Succeeded
3f474acf-5ea1-4eed-b288-eb1a9d0d9fb9, P0268                , 2026-01-06T16:21:10Z, 998b31a0-24b1-42af-8250-5d9765b21005, Succeeded
3f474acf-5ea1-4eed-b288-eb1a9d0d9fb9, P0268                , 2026-06-24T15:21:10Z, a2aae2fa-80ba-403c-9411-d82f30a31ace, Succeeded
3f474acf-5ea1-4eed-b288-eb1a9d0d9fb9, P0268                , 2026-06-25T15:21:10Z, a2aae2fa-80ba-403c-9411-d82f30a31ace, Succeeded
3f474acf-5ea1-4eed-b288-eb1a9d0d9fb9, P0268                , 2026-06-26T15:21:10Z, a2aae2fa-80ba-403c-9411-d82f30a31ace, Succeeded
1f38cab0-7170-4db6-97e1-c92fe0f31cb9, P0269                , 2025-03-02T02:31:02Z, b711e8a5-5455-4354-8515-a04848e7272a, Succeeded
1f38cab0-7170-4db6-97e1-c92fe0f31cb9, P0269                , 2025-03-03T02:31:02Z, b711e8a5-5455-4354-8515-a04848e7272a, Succeeded
1f38cab0-7170-4db6-97e1-c92fe0f31cb9, P0269                , 2025-03-04T02:31:02Z, b711e8a5-5455-4354-8515-a04848e7272a, Succeeded
1f38cab0-7170-4db6-97e1-c92fe0f31cb9, P0269                , 2025-05-24T01:31:02Z, 7644b94c-b627-42dc-acc5-161b3bfd57e7, Succeeded
e86c700f-bcc2-4a7a-b248-28af4d44c618, P0270                , 2025-11-08T19:10:15Z, f7ba2757-b8f2-4661-92bb-1d89cc0526f9, Succeeded
e86c700f-bcc2-4a7a-b248-28af4d44c618, P0270                , 2026-03-26T18:10:15Z, 9970a622-dd81-4edd-aece-7d4f4be41dc6, Succeeded
a597a573-22c1-4405-a252-2cf8ef214852, P0271                , 2025-11-01T08:36:01Z, 82375291-9d05-433a-a2d0-c96fc940dea9, Succeeded
a597a573-22c1-4405-a252-2cf8ef214852, P0271                , 2025-11-08T09:36:01Z, 681ba9a3-73b1-4eb9-98c2-377560158ef9, Succeeded
a597a573-22c1-4405-a252-2cf8ef214852, P0271                , 2025-11-09T09:36:01Z, 681ba9a3-73b1-4eb9-98c2-377560158ef9, Succeeded
a597a573-22c1-4405-a252-2cf8ef214852, P0271                , 2026-01-30T09:36:01Z, 9245243d-c053-4d36-83dd-21689220f1da, Succeeded
a597a573-22c1-4405-a252-2cf8ef214852, P0271                , 2026-01-31T09:36:01Z, 9245243d-c053-4d36-83dd-21689220f1da, Succeeded
a597a573-22c1-4405-a252-2cf8ef214852, P0271                , 2026-03-17T08:36:01Z, 894067b8-10a0-4fa1-8fb6-3e182181b9ae, Succeeded
b6c492f4-147c-428d-8e89-3be2064d19b2, P0272                , 2025-12-22T21:34:06Z, 5dcce696-a6b5-4b85-afe0-cd871e4ca447, Succeeded
b6c492f4-147c-428d-8e89-3be2064d19b2, P0272                , 2025-12-29T21:34:06Z, 5b1cebb9-9c5e-4043-ab02-270bb1def66b, Succeeded
07e37b59-cf75-4447-849f-d2a3b037c393, P0274                , 2025-09-25T08:10:01Z, d3a7a55b-f0b9-4b21-9792-2553b8384e01, Succeeded
cafa2fce-0d7a-49a6-b862-711d4ca202c4, P0275                , 2025-08-16T16:07:28Z, 781c4b26-d382-4e1f-b152-61f1c178d756, Succeeded
cafa2fce-0d7a-49a6-b862-711d4ca202c4, P0275                , 2025-08-17T16:07:28Z, 781c4b26-d382-4e1f-b152-61f1c178d756, Succeeded
671e5026-6e48-443e-b24d-072b142929cc, P0276                , 2025-09-08T12:28:59Z, cbcf8d40-48f2-4e6d-b9bd-7aea3400cb82, Succeeded
671e5026-6e48-443e-b24d-072b142929cc, P0276                , 2025-09-09T12:28:59Z, cbcf8d40-48f2-4e6d-b9bd-7aea3400cb82, Succeeded
671e5026-6e48-443e-b24d-072b142929cc, P0276                , 2025-11-14T13:28:59Z, abda2eb1-1c1b-4d86-9f6b-78f0bcede3af, Succeeded
dfb6fee1-49b8-40dc-ac6e-16934278c992, P0277                , 2025-06-09T02:51:35Z, 10f036f9-df74-426b-b675-5eeeb89233b9, Succeeded
dfb6fee1-49b8-40dc-ac6e-16934278c992, P0277                , 2025-06-10T02:51:35Z, 10f036f9-df74-426b-b675-5eeeb89233b9, Succeeded
856cf640-c38d-46a4-91c3-3b322d6d714c, P0278                , 2025-11-11T08:03:33Z, 72c5ed30-788a-47be-b481-5e409eadd68b, Succeeded
b691ae26-1901-4b19-a9b2-ad0d36a53503, P0279                , 2025-03-30T04:27:31Z, 7eff37ff-cc33-4fb7-be07-75a25758f162, Succeeded
b691ae26-1901-4b19-a9b2-ad0d36a53503, P0279                , 2025-05-29T04:27:31Z, 5c4568a3-7fe6-4dcf-a698-d060cd274e74, Succeeded
c2d1a12c-39af-4f1c-8640-7f8c25505a04, P0280                , 2025-07-29T11:02:22Z, 45a7141f-f329-4c3f-ad73-bb4f837cf282, Succeeded
c2d1a12c-39af-4f1c-8640-7f8c25505a04, P0280                , 2025-08-21T11:02:22Z, 180cf29b-9721-4634-9d00-66840a89b984, Succeeded
c2d1a12c-39af-4f1c-8640-7f8c25505a04, P0280                , 2025-10-20T11:02:22Z, 9879768b-9507-4508-8ab3-9ae25af988c9, Succeeded
c2d1a12c-39af-4f1c-8640-7f8c25505a04, P0280                , 2025-10-21T11:02:22Z, 9879768b-9507-4508-8ab3-9ae25af988c9, Succeeded
c2d1a12c-39af-4f1c-8640-7f8c25505a04, P0280                , 2025-12-27T12:02:22Z, 2673ecf1-a9e2-4ea3-9616-1ec68d4875cb, Succeeded
1ed0c43b-4bc7-4fbe-8650-4a523181a521, P0281                , 2025-11-10T21:55:32Z, 44186161-2283-4f2c-b79d-1a07b3d77c27, Succeeded
1ed0c43b-4bc7-4fbe-8650-4a523181a521, P0281                , 2025-11-11T21:55:32Z, 44186161-2283-4f2c-b79d-1a07b3d77c27, Succeeded
1ed0c43b-4bc7-4fbe-8650-4a523181a521, P0281                , 2025-12-10T21:55:32Z, 0e837fc9-72f7-4965-8195-4ada07571cc9, Succeeded
23a24264-882f-4b57-9c9c-5451df60f30b, P0282                , 2025-06-16T21:20:59Z, a806699e-9c60-4850-ba7e-ba971f7dd57c, Succeeded
23a24264-882f-4b57-9c9c-5451df60f30b, P0282                , 2025-06-17T21:20:59Z, a806699e-9c60-4850-ba7e-ba971f7dd57c, Succeeded
23a24264-882f-4b57-9c9c-5451df60f30b, P0282                , 2025-06-18T21:20:59Z, a806699e-9c60-4850-ba7e-ba971f7dd57c, Succeeded
49f38784-a134-423e-9e97-5cb12533f64c, P0283                , 2025-06-26T12:37:54Z, 5748a06c-addf-4140-80d9-8ede174d8d7e, Succeeded
49f38784-a134-423e-9e97-5cb12533f64c, P0283                , 2025-06-27T12:37:54Z, 5748a06c-addf-4140-80d9-8ede174d8d7e, Succeeded
49f38784-a134-423e-9e97-5cb12533f64c, P0283                , 2025-06-28T12:37:54Z, 5748a06c-addf-4140-80d9-8ede174d8d7e, Succeeded
de610eb7-077d-47da-9bef-5b6e1f81a871, P0284                , 2025-01-07T00:43:06Z, 6801239c-2fcf-4a78-9b33-901628f88ffa, Succeeded
de610eb7-077d-47da-9bef-5b6e1f81a871, P0284                , 2025-02-06T00:43:06Z, 948a682a-e672-4e47-b4e8-30a171ca5cbf, Succeeded
ed2a08e5-ad32-46ed-81ba-e8b9e8f19962, P0285                , 2025-02-11T18:14:24Z, c0dc8534-988a-4eef-9423-1aad68024adb, Succeeded
ed2a08e5-ad32-46ed-81ba-e8b9e8f19962, P0285                , 2025-06-18T17:14:24Z, 2e4536bd-53e3-4ca9-8652-d40985ee428a, Succeeded
ed2a08e5-ad32-46ed-81ba-e8b9e8f19962, P0285                , 2025-06-19T17:14:24Z, 2e4536bd-53e3-4ca9-8652-d40985ee428a, Succeeded
ed2a08e5-ad32-46ed-81ba-e8b9e8f19962, P0285                , 2025-06-20T17:14:24Z, 2e4536bd-53e3-4ca9-8652-d40985ee428a, Succeeded
e4531655-f4d6-494d-a1dd-e4e5c69b2949, P0286                , 2025-10-15T16:59:10Z, 824df9de-4342-4eb0-af1a-c387304d6f8e, Succeeded
b3c402fc-a420-48bf-99b1-4a8720c7b2ea, P0287                , 2025-12-19T07:37:23Z, e1bdc421-34a8-44f8-a560-a742275a2d7e, Succeeded
b3c402fc-a420-48bf-99b1-4a8720c7b2ea, P0287                , 2025-12-20T07:37:23Z, e1bdc421-34a8-44f8-a560-a742275a2d7e, Succeeded
f396132b-7181-4ecb-86d3-b2668b488686, P0288                , 2025-01-30T01:26:53Z, 91899de0-35a8-4ef4-93ff-5e84ccb1ff38, Succeeded
f396132b-7181-4ecb-86d3-b2668b488686, P0288                , 2025-01-31T01:26:53Z, 91899de0-35a8-4ef4-93ff-5e84ccb1ff38, Succeeded
f396132b-7181-4ecb-86d3-b2668b488686, P0288                , 2025-02-06T01:26:53Z, 643ab0b7-5043-4570-810a-1d85837ea126, Succeeded
f396132b-7181-4ecb-86d3-b2668b488686, P0288                , 2025-02-07T01:26:53Z, 643ab0b7-5043-4570-810a-1d85837ea126, Succeeded
31746d32-b253-46f5-9d49-5d96c7588668, P0289                , 2025-01-28T11:51:11Z, 116b1733-88d6-46c6-8c1e-cc9fef880e62, Succeeded
31746d32-b253-46f5-9d49-5d96c7588668, P0289                , 2025-01-29T11:51:11Z, 116b1733-88d6-46c6-8c1e-cc9fef880e62, Succeeded
31746d32-b253-46f5-9d49-5d96c7588668, P0289                , 2025-04-21T10:51:11Z, 11a820de-509d-4556-8700-ecec70943172, Succeeded
31746d32-b253-46f5-9d49-5d96c7588668, P0289                , 2025-06-19T10:51:11Z, c923dccc-2433-459f-8d95-fd2352b795e5, Succeeded
31746d32-b253-46f5-9d49-5d96c7588668, P0289                , 2025-06-20T10:51:11Z, c923dccc-2433-459f-8d95-fd2352b795e5, Succeeded
ca6af0c0-9379-4046-9716-9331cdfdf8b0, P0290                , 2025-12-21T08:34:39Z, b8843d63-5646-42d7-a824-65474676459b, Succeeded
ca6af0c0-9379-4046-9716-9331cdfdf8b0, P0290                , 2025-12-22T08:34:39Z, b8843d63-5646-42d7-a824-65474676459b, Succeeded
95e315e3-8f43-45a8-a9a0-837288657244, P0291                , 2025-05-23T06:26:26Z, ac4c937e-b9e4-434f-b60c-72645f9b4815, Succeeded
95e315e3-8f43-45a8-a9a0-837288657244, P0291                , 2025-06-15T06:26:26Z, 7d885d43-414c-4acc-b5f2-56a7a900f912, Succeeded
95e315e3-8f43-45a8-a9a0-837288657244, P0291                , 2025-08-14T06:26:26Z, b989fba7-48fa-468a-8871-497cd803292f, Succeeded
95e315e3-8f43-45a8-a9a0-837288657244, P0291                , 2025-08-15T06:26:26Z, b989fba7-48fa-468a-8871-497cd803292f, Succeeded
95e315e3-8f43-45a8-a9a0-837288657244, P0291                , 2025-08-16T06:26:26Z, b989fba7-48fa-468a-8871-497cd803292f, Succeeded
95e315e3-8f43-45a8-a9a0-837288657244, P0291                , 2025-09-28T06:26:26Z, 9e59d90d-e949-4280-bf54-f35a1d9c7be6, Succeeded
95e315e3-8f43-45a8-a9a0-837288657244, P0291                , 2025-09-29T06:26:26Z, 9e59d90d-e949-4280-bf54-f35a1d9c7be6, Succeeded
95e315e3-8f43-45a8-a9a0-837288657244, P0291                , 2025-09-30T06:26:26Z, 9e59d90d-e949-4280-bf54-f35a1d9c7be6, Succeeded
a18199ce-f644-4898-a32a-642f26055392, P0292                , 2025-09-16T11:41:44Z, 6f651e80-39b3-4b01-8d1d-3366f3d324da, Succeeded
a18199ce-f644-4898-a32a-642f26055392, P0292                , 2025-09-17T11:41:44Z, 6f651e80-39b3-4b01-8d1d-3366f3d324da, Succeeded
a18199ce-f644-4898-a32a-642f26055392, P0292                , 2025-10-09T11:41:44Z, 262245df-3c3d-4593-909c-130011547762, Succeeded
75f6e2ee-79b9-4d5a-bb39-b2aad7ffd322, P0295                , 2025-10-27T08:34:27Z, f57c1421-fdaf-4467-8b31-466039d6ed96, Succeeded
75f6e2ee-79b9-4d5a-bb39-b2aad7ffd322, P0295                , 2026-01-25T09:34:27Z, 8f5e03a9-d9e2-4b76-b449-66d569a1005e, Succeeded
2c378517-f52c-45cd-9904-4188db09d512, P0296                , 2025-01-11T13:22:56Z, bfd02a4d-a2a2-4872-97d3-6cd3ed34ebdc, Succeeded
2c378517-f52c-45cd-9904-4188db09d512, P0296                , 2025-01-12T13:22:56Z, bfd02a4d-a2a2-4872-97d3-6cd3ed34ebdc, Succeeded
2c378517-f52c-45cd-9904-4188db09d512, P0296                , 2025-01-13T13:22:56Z, bfd02a4d-a2a2-4872-97d3-6cd3ed34ebdc, Succeeded
2c378517-f52c-45cd-9904-4188db09d512, P0296                , 2025-01-18T13:22:56Z, 403df005-e940-4ad7-bdd6-da5c1d52c6ce, Succeeded
2c378517-f52c-45cd-9904-4188db09d512, P0296                , 2025-01-19T13:22:56Z, 403df005-e940-4ad7-bdd6-da5c1d52c6ce, Succeeded
2c378517-f52c-45cd-9904-4188db09d512, P0296                , 2025-02-10T13:22:56Z, 885ad5a1-6bf5-4e37-88fe-baaad59fa07a, Succeeded
2c378517-f52c-45cd-9904-4188db09d512, P0296                , 2025-04-11T12:22:56Z, 81689aaf-e991-4e57-99db-71074be1670f, Succeeded
4b0976fc-5e48-4505-8629-b52fb5bf0ad2, P0297                , 2025-04-11T10:26:39Z, 5b919251-ae78-4254-bc8d-6282d90dbaea, Succeeded
4b0976fc-5e48-4505-8629-b52fb5bf0ad2, P0297                , 2025-04-12T10:26:39Z, 5b919251-ae78-4254-bc8d-6282d90dbaea, Succeeded
4b0976fc-5e48-4505-8629-b52fb5bf0ad2, P0297                , 2025-07-02T10:26:39Z, 2292e068-e3fb-409d-959e-c08a46b48a30, Succeeded
4b0976fc-5e48-4505-8629-b52fb5bf0ad2, P0297                , 2025-07-03T10:26:39Z, 2292e068-e3fb-409d-959e-c08a46b48a30, Succeeded
7762e523-96a5-418a-a382-e669ce3f470a, P0298                , 2025-08-17T17:09:34Z, 467848d3-2e69-40e7-980a-2c9ab6a8385a, Succeeded
7762e523-96a5-418a-a382-e669ce3f470a, P0298                , 2025-10-16T17:09:34Z, fb93ff2f-cafb-4bfa-a714-1b366c540243, Succeeded
7762e523-96a5-418a-a382-e669ce3f470a, P0298                , 2025-10-17T17:09:34Z, fb93ff2f-cafb-4bfa-a714-1b366c540243, Succeeded
7762e523-96a5-418a-a382-e669ce3f470a, P0298                , 2025-12-20T18:09:34Z, 3c085dd7-787b-4155-9f02-03afef314c48, Succeeded
d9d97df4-bc06-4b57-8c3a-aee430f02ac5, P0299                , 2025-07-05T08:52:09Z, 950a6956-2808-40b4-a5d4-acc0ee93d265, Succeeded
0c8a230a-86e7-4549-ab23-49b52a2d2c13, P0300                , 2025-05-15T18:56:42Z, 0b0a5a2e-a5e4-4c73-89a9-5d29a738fd25, Succeeded
0c8a230a-86e7-4549-ab23-49b52a2d2c13, P0300                , 2025-05-16T18:56:42Z, 0b0a5a2e-a5e4-4c73-89a9-5d29a738fd25, Succeeded
0c8a230a-86e7-4549-ab23-49b52a2d2c13, P0300                , 2025-06-07T18:56:42Z, a1c13555-ca00-4ae9-bf47-8afec74a8a6b, Succeeded
0c8a230a-86e7-4549-ab23-49b52a2d2c13, P0300                , 2025-06-08T18:56:42Z, a1c13555-ca00-4ae9-bf47-8afec74a8a6b, Succeeded
0c8a230a-86e7-4549-ab23-49b52a2d2c13, P0300                , 2025-09-05T18:56:42Z, 2badebc7-e17a-4c34-8826-ee884efd814d, Succeeded
e27ee634-4ff7-4ac6-80b0-75ca4e23fd27, P0301                , 2025-09-30T16:06:20Z, cd21336a-8574-4cdd-a0f1-a3386a9bf3f8, Succeeded
e27ee634-4ff7-4ac6-80b0-75ca4e23fd27, P0301                , 2025-10-01T16:06:20Z, cd21336a-8574-4cdd-a0f1-a3386a9bf3f8, Succeeded
c73605f2-fdf9-4271-8657-14b7950bce57, P0303                , 2025-09-23T07:36:44Z, 4270bcdf-c397-480c-b4be-114590e3199c, Succeeded
09601e05-069b-4a72-a5d2-3dfc5da44223, P0304                , 2025-06-07T02:56:19Z, bea398f1-2c99-4d62-9be9-b90678baa69f, Succeeded
20ce1c3a-ad30-4238-9f96-df0c03544724, P0305                , 2025-12-22T11:41:45Z, 7b44023f-51eb-4416-ac4e-34193d72af6e, Succeeded
c4b4e563-3ba1-4b69-b37f-b3439de1baf9, P0306                , 2025-05-18T15:16:36Z, 3400c2a9-78e3-408a-a76d-659ab5ddf2c0, Succeeded
c4b4e563-3ba1-4b69-b37f-b3439de1baf9, P0306                , 2025-05-19T15:16:36Z, 3400c2a9-78e3-408a-a76d-659ab5ddf2c0, Succeeded
d94905d3-2cef-477e-9f8a-1133a85b2a95, P0307                , 2025-07-20T17:41:07Z, 2689f603-799b-4522-b84f-16fb65c8d477, Succeeded
d94905d3-2cef-477e-9f8a-1133a85b2a95, P0307                , 2025-07-21T17:41:07Z, 2689f603-799b-4522-b84f-16fb65c8d477, Succeeded
d94905d3-2cef-477e-9f8a-1133a85b2a95, P0307                , 2025-08-12T17:41:07Z, 18d637eb-9da3-4a8c-8f68-e902d45aa9a2, Succeeded
5ab57f78-c88b-4114-bac7-b7e06c13795f, P0308                , 2025-07-08T16:52:01Z, a55784c8-5efe-4999-bc5e-15c76cb65ce2, Succeeded
5ab57f78-c88b-4114-bac7-b7e06c13795f, P0308                , 2025-07-31T16:52:01Z, 8cd8b312-ac40-440a-a90a-cf43a60c9f37, Succeeded
5ab57f78-c88b-4114-bac7-b7e06c13795f, P0308                , 2025-08-01T16:52:01Z, 8cd8b312-ac40-440a-a90a-cf43a60c9f37, Succeeded
5ab57f78-c88b-4114-bac7-b7e06c13795f, P0308                , 2025-08-02T16:52:01Z, 8cd8b312-ac40-440a-a90a-cf43a60c9f37, Succeeded
5ab57f78-c88b-4114-bac7-b7e06c13795f, P0308                , 2025-12-07T17:52:01Z, b473f020-1c76-4cb7-881a-e84ad7a55516, Succeeded
7963a906-ad57-41a6-8609-f3a67114b545, P0309                , 2025-09-10T11:52:04Z, 3ecf4fe1-2d0d-4aa8-b377-2f0c50231a29, Succeeded
7963a906-ad57-41a6-8609-f3a67114b545, P0309                , 2025-09-11T11:52:04Z, 3ecf4fe1-2d0d-4aa8-b377-2f0c50231a29, Succeeded
7963a906-ad57-41a6-8609-f3a67114b545, P0309                , 2025-12-24T12:52:04Z, dcd4a1af-9250-4068-bf2d-6918a443deb8, Succeeded
7963a906-ad57-41a6-8609-f3a67114b545, P0309                , 2025-12-25T12:52:04Z, dcd4a1af-9250-4068-bf2d-6918a443deb8, Succeeded
7963a906-ad57-41a6-8609-f3a67114b545, P0309                , 2025-12-26T12:52:04Z, dcd4a1af-9250-4068-bf2d-6918a443deb8, Succeeded
0a03acc0-a081-4976-a23a-d5da1252fe0f, P0310                , 2025-11-27T18:49:33Z, 8362b679-745e-4473-a006-47f5177c3e3b, Succeeded
0a03acc0-a081-4976-a23a-d5da1252fe0f, P0310                , 2025-11-28T18:49:33Z, 8362b679-745e-4473-a006-47f5177c3e3b, Succeeded
0a03acc0-a081-4976-a23a-d5da1252fe0f, P0310                , 2026-01-26T18:49:33Z, c63fff8b-3d98-48c8-8612-5094f5ac1036, Succeeded
0a03acc0-a081-4976-a23a-d5da1252fe0f, P0310                , 2026-01-27T18:49:33Z, c63fff8b-3d98-48c8-8612-5094f5ac1036, Succeeded
2a27eab8-5ead-4edf-9827-e78c58347180, P0312                , 2025-03-08T20:21:09Z, 2bca7430-66ea-4a7e-b042-efea9c7737a6, Succeeded
2a27eab8-5ead-4edf-9827-e78c58347180, P0312                , 2025-04-07T19:21:09Z, a6447ed4-402e-4077-8290-9ba9e5839982, Succeeded
2a27eab8-5ead-4edf-9827-e78c58347180, P0312                , 2025-06-06T19:21:09Z, 91e604c0-54b1-4c7d-8c4a-0f8defe9121a, Succeeded
2a27eab8-5ead-4edf-9827-e78c58347180, P0312                , 2025-06-07T19:21:09Z, 91e604c0-54b1-4c7d-8c4a-0f8defe9121a, Succeeded
2a27eab8-5ead-4edf-9827-e78c58347180, P0312                , 2025-06-08T19:21:09Z, 91e604c0-54b1-4c7d-8c4a-0f8defe9121a, Succeeded
315bdd01-264c-4e54-a8b0-82a209e84b01, P0313                , 2025-03-09T07:21:51Z, e19caaf8-9cce-40cf-91d7-fafb9cb4f530, Succeeded
315bdd01-264c-4e54-a8b0-82a209e84b01, P0313                , 2025-03-10T06:21:51Z, e19caaf8-9cce-40cf-91d7-fafb9cb4f530, Succeeded
315bdd01-264c-4e54-a8b0-82a209e84b01, P0313                , 2025-03-11T06:21:51Z, e19caaf8-9cce-40cf-91d7-fafb9cb4f530, Succeeded
315bdd01-264c-4e54-a8b0-82a209e84b01, P0313                , 2025-04-01T06:21:51Z, 8547ea5a-6d29-468c-acde-2e9d30469395, Succeeded
315bdd01-264c-4e54-a8b0-82a209e84b01, P0313                , 2025-04-02T06:21:51Z, 8547ea5a-6d29-468c-acde-2e9d30469395, Succeeded
315bdd01-264c-4e54-a8b0-82a209e84b01, P0313                , 2025-05-31T06:21:51Z, 5ab1a13d-b248-4b12-89d0-d20eec8e107c, Succeeded
315bdd01-264c-4e54-a8b0-82a209e84b01, P0313                , 2025-06-01T06:21:51Z, 5ab1a13d-b248-4b12-89d0-d20eec8e107c, Succeeded
315bdd01-264c-4e54-a8b0-82a209e84b01, P0313                , 2025-06-02T06:21:51Z, 5ab1a13d-b248-4b12-89d0-d20eec8e107c, Succeeded
d5fc957f-d1ec-42bd-8567-42e90b68ba22, P0314                , 2025-08-19T02:57:34Z, 104e88a9-9f35-43f0-a14e-9fa3135161a0, Succeeded
d5fc957f-d1ec-42bd-8567-42e90b68ba22, P0314                , 2025-08-20T02:57:34Z, 104e88a9-9f35-43f0-a14e-9fa3135161a0, Succeeded
d5fc957f-d1ec-42bd-8567-42e90b68ba22, P0314                , 2025-12-17T03:57:34Z, 22bba260-df64-4010-8804-6b8cee3e7652, Succeeded
d5fc957f-d1ec-42bd-8567-42e90b68ba22, P0314                , 2025-12-18T03:57:34Z, 22bba260-df64-4010-8804-6b8cee3e7652, Succeeded
c63f3718-db2c-41bd-975f-edaf2010fc37, P0315                , 2025-07-22T07:09:03Z, a2e82316-c53d-43ab-bc5c-c167e55bfa3f, Succeeded
c63f3718-db2c-41bd-975f-edaf2010fc37, P0315                , 2026-01-05T08:09:03Z, 3c965796-e181-4f6b-a8b9-19ca936016d5, Succeeded
b4f5da92-a9b3-4747-b356-24b44c8700fa, P0316                , 2025-03-22T21:14:45Z, 90f50b26-21c8-46cf-85b9-0925997d6f5b, Succeeded
b4f5da92-a9b3-4747-b356-24b44c8700fa, P0316                , 2025-04-21T21:14:45Z, 5e176a63-793c-4d71-bcc8-d39707cb4070, Succeeded
b4f5da92-a9b3-4747-b356-24b44c8700fa, P0316                , 2025-06-20T21:14:45Z, b8e32746-bfd8-4744-af45-988e5f5c205b, Succeeded
b4f5da92-a9b3-4747-b356-24b44c8700fa, P0316                , 2025-09-09T21:14:45Z, 0688c696-d447-4530-9e74-83a4295dce64, Succeeded
b4f5da92-a9b3-4747-b356-24b44c8700fa, P0316                , 2025-09-10T21:14:45Z, 0688c696-d447-4530-9e74-83a4295dce64, Succeeded
102c67f7-c6b1-473b-91d1-b28ceeb0e2c8, P0317                , 2025-06-18T21:30:55Z, 22f65fa8-7c5b-4324-b507-6143c88502fa, Succeeded
102c67f7-c6b1-473b-91d1-b28ceeb0e2c8, P0317                , 2025-07-18T21:30:55Z, 51535f30-3975-4d21-85f0-258e9a161cca, Succeeded
102c67f7-c6b1-473b-91d1-b28ceeb0e2c8, P0317                , 2025-10-31T21:30:55Z, 9dc678b5-c0d7-4a6e-af42-8779597cbaa2, Succeeded
102c67f7-c6b1-473b-91d1-b28ceeb0e2c8, P0317                , 2025-11-01T21:30:55Z, 9dc678b5-c0d7-4a6e-af42-8779597cbaa2, Succeeded
085f51f2-8443-44d3-b73e-7b66e296c27d, P0318                , 2025-08-31T13:58:42Z, 852cfbe1-02bf-4762-9628-4040ae4bd4ac, Succeeded
085f51f2-8443-44d3-b73e-7b66e296c27d, P0318                , 2025-09-07T13:58:42Z, ff74452d-4a9d-4e1d-aad6-992b006891c2, Succeeded
085f51f2-8443-44d3-b73e-7b66e296c27d, P0318                , 2025-09-30T13:58:42Z, 9fd19544-a501-4f91-8461-08567780a72a, Succeeded
085f51f2-8443-44d3-b73e-7b66e296c27d, P0318                , 2025-10-01T13:58:42Z, 9fd19544-a501-4f91-8461-08567780a72a, Succeeded
56475e66-c3b7-468e-8eca-48a1777a721f, P0319                , 2025-05-12T03:39:03Z, cd040212-4234-4cdc-b16e-88e5696e125b, Succeeded
56475e66-c3b7-468e-8eca-48a1777a721f, P0319                , 2025-05-13T03:39:03Z, cd040212-4234-4cdc-b16e-88e5696e125b, Succeeded
56475e66-c3b7-468e-8eca-48a1777a721f, P0319                , 2025-06-11T03:39:03Z, 65e3e79e-5e2f-4620-946c-0b418ac81bf0, Succeeded
56475e66-c3b7-468e-8eca-48a1777a721f, P0319                , 2025-08-10T03:39:03Z, c5e08d00-1132-4649-98db-8340b5003f23, Succeeded
a0cfb88d-8234-48ae-8437-32ca63017c6f, P0320                , 2025-06-28T16:29:12Z, 7ed8ad0d-e856-4bc7-bbc7-b06962bd0f53, Succeeded
a0cfb88d-8234-48ae-8437-32ca63017c6f, P0320                , 2025-07-05T16:29:12Z, c122201f-dcd4-4b52-97ec-302fbcc12c26, Succeeded
a0cfb88d-8234-48ae-8437-32ca63017c6f, P0320                , 2025-07-06T16:29:12Z, c122201f-dcd4-4b52-97ec-302fbcc12c26, Succeeded
a0cfb88d-8234-48ae-8437-32ca63017c6f, P0320                , 2025-10-28T16:29:12Z, 160ce40b-1752-4221-9187-fee944ee575e, Succeeded
8304f575-85f8-49a5-92c4-d6eaa99c0e83, P0321                , 2026-01-19T20:48:39Z, 01d5af55-801c-470d-a6f8-2d0d9c3cf3c9, Succeeded
8304f575-85f8-49a5-92c4-d6eaa99c0e83, P0321                , 2026-01-20T20:48:39Z, 01d5af55-801c-470d-a6f8-2d0d9c3cf3c9, Succeeded
cd510047-0413-48e4-95f3-c14a9c1479e1, P0322                , 2025-07-01T02:45:38Z, 262112c6-c774-44f5-bde9-63b727b39d37, Succeeded
cd510047-0413-48e4-95f3-c14a9c1479e1, P0322                , 2025-07-02T02:45:38Z, 262112c6-c774-44f5-bde9-63b727b39d37, Succeeded
e729f36b-2b39-4db1-a2c3-e4522e09bd75, P0324                , 2025-10-04T13:54:24Z, a2bcbce6-8d85-4381-b4a6-5f4b5503b583, Succeeded
e729f36b-2b39-4db1-a2c3-e4522e09bd75, P0324                , 2025-10-11T13:54:24Z, 5c166084-ed98-41c9-887b-76a6f969f440, Succeeded
e729f36b-2b39-4db1-a2c3-e4522e09bd75, P0324                , 2025-10-12T13:54:24Z, 5c166084-ed98-41c9-887b-76a6f969f440, Succeeded
e729f36b-2b39-4db1-a2c3-e4522e09bd75, P0324                , 2025-10-13T13:54:24Z, 5c166084-ed98-41c9-887b-76a6f969f440, Succeeded
e729f36b-2b39-4db1-a2c3-e4522e09bd75, P0324                , 2026-01-02T14:54:24Z, 0ccb4101-54d2-4897-9d92-ebe717946477, Succeeded
efe8e19c-577c-474a-8e37-51761dad1478, P0325                , 2025-02-04T12:51:57Z, 0ee3e3d9-263a-40e5-88e1-4fecfc645b5e, Succeeded
efe8e19c-577c-474a-8e37-51761dad1478, P0325                , 2025-02-27T12:51:57Z, 1fa5b707-ef8e-46e4-92ec-29ce7a375798, Succeeded
607efef2-72b0-4330-8558-268c628c2d1a, P0326                , 2025-08-02T01:42:31Z, a8d882f9-b5c8-41a9-978f-f3b5e3b396f2, Succeeded
607efef2-72b0-4330-8558-268c628c2d1a, P0326                , 2025-10-31T01:42:31Z, a81d1c31-9928-4ccc-8bc0-564b30bdd34f, Succeeded
09df5e41-bbc3-4d14-b5d8-7d30b417295c, P0327                , 2025-07-05T12:24:48Z, 7d3c2e60-3674-4657-9ad6-35b10718d934, Succeeded
e1d261df-ffed-41b4-85c5-c785fff17b89, P0328                , 2025-02-13T19:19:34Z, 735695ea-420b-4e6d-a40e-de4da77750e5, Succeeded
e1d261df-ffed-41b4-85c5-c785fff17b89, P0328                , 2025-02-14T19:19:34Z, 735695ea-420b-4e6d-a40e-de4da77750e5, Succeeded
e1d261df-ffed-41b4-85c5-c785fff17b89, P0328                , 2025-02-15T19:19:34Z, 735695ea-420b-4e6d-a40e-de4da77750e5, Succeeded
e1d261df-ffed-41b4-85c5-c785fff17b89, P0328                , 2025-04-14T18:19:34Z, 4ee7b233-3df4-4237-a2e2-8f65115fed42, Succeeded
b5eff270-2af3-4cd6-8404-7b6c681d52f8, P0329                , 2025-07-23T10:08:07Z, 94408572-ba0f-4229-a407-69d163e134b6, Succeeded
b5eff270-2af3-4cd6-8404-7b6c681d52f8, P0329                , 2025-07-24T10:08:07Z, 94408572-ba0f-4229-a407-69d163e134b6, Succeeded
b5eff270-2af3-4cd6-8404-7b6c681d52f8, P0329                , 2025-07-25T10:08:07Z, 94408572-ba0f-4229-a407-69d163e134b6, Succeeded
b07b956d-4956-46ec-87e4-f32522dfa601, P0330                , 2025-09-16T20:37:30Z, 4d4f9362-a5de-41ea-b020-6950d8a9ab3a, Succeeded
b07b956d-4956-46ec-87e4-f32522dfa601, P0330                , 2025-10-09T20:37:30Z, 30420377-2471-4b5c-a661-8881a466404e, Succeeded
b07b956d-4956-46ec-87e4-f32522dfa601, P0330                , 2025-10-10T20:37:30Z, 30420377-2471-4b5c-a661-8881a466404e, Succeeded
a5731bb2-b985-43e6-9c8f-1a608ddd38f7, P0331                , 2026-01-24T09:35:14Z, 6028d4d0-faad-495d-879d-0f9c25f38bf1, Succeeded
a5731bb2-b985-43e6-9c8f-1a608ddd38f7, P0331                , 2026-03-25T08:35:14Z, 1837f65c-5775-44d2-ac99-a4c4ef646e51, Succeeded
a5731bb2-b985-43e6-9c8f-1a608ddd38f7, P0331                , 2026-05-05T08:35:14Z, 07370fbf-4fab-4e1c-aea0-a3cfdb89c662, Succeeded
a5731bb2-b985-43e6-9c8f-1a608ddd38f7, P0331                , 2026-05-06T08:35:14Z, 07370fbf-4fab-4e1c-aea0-a3cfdb89c662, Succeeded
eb68f45f-8193-4fd5-b10d-fdc40e8975fa, P0332                , 2025-03-16T19:52:07Z, 91a001d4-aef5-4e4e-981a-9a1c841ad5ee, Succeeded
eb68f45f-8193-4fd5-b10d-fdc40e8975fa, P0332                , 2025-06-07T19:52:07Z, 9c045fcb-64d0-45c6-a54a-a784d653a77b, Succeeded
df736bf7-860c-4ff5-bcb6-77f2e2e2ce13, P0333                , 2025-01-26T02:38:08Z, 00a9c68b-c6e8-44b3-99c2-b3ce387f3d59, Succeeded
650a3f4d-d698-459b-b7ce-eeb67d40552b, P0334                , 2025-09-17T05:56:56Z, 6f848867-3ec7-4b5a-9f0c-b27731109fec, Succeeded
a094ac28-ee39-4537-a0a1-3f98b015bf73, P0336                , 2025-12-29T02:08:46Z, b606408c-8860-4498-8d5e-3795e4096cb8, Succeeded
a094ac28-ee39-4537-a0a1-3f98b015bf73, P0336                , 2026-03-29T01:08:46Z, 82282b8c-35cd-4db5-90ce-f589903b6633, Succeeded
f62b86eb-64cc-40ad-a09b-bfab9b988246, P0337                , 2025-12-23T08:51:47Z, d8ab530b-f5c5-4980-9996-1310020ccbe0, Succeeded
cb706e6b-eed5-4b62-bd5e-1a546439a799, P0338                , 2025-01-20T06:08:22Z, 926e7e32-9a7a-4c04-a0a1-93b44b1f87ed, Succeeded
cb706e6b-eed5-4b62-bd5e-1a546439a799, P0338                , 2025-01-21T06:08:22Z, 926e7e32-9a7a-4c04-a0a1-93b44b1f87ed, Succeeded
cb706e6b-eed5-4b62-bd5e-1a546439a799, P0338                , 2025-01-22T06:08:22Z, 926e7e32-9a7a-4c04-a0a1-93b44b1f87ed, Succeeded
6d553a1f-ae01-4759-bf2e-974dd68fea72, P0340                , 2025-12-04T16:14:03Z, a8e965c4-d99a-4d39-967a-77836aa43cb1, Succeeded
6d553a1f-ae01-4759-bf2e-974dd68fea72, P0340                , 2025-12-11T16:14:03Z, 1ab73985-76ac-49b6-81d4-5fc5ff7c720d, Succeeded
6d553a1f-ae01-4759-bf2e-974dd68fea72, P0340                , 2025-12-12T16:14:03Z, 1ab73985-76ac-49b6-81d4-5fc5ff7c720d, Succeeded
488fa566-4714-49f4-9a9e-deb5abb9d319, P0341                , 2025-11-20T15:24:15Z, e04a7537-235c-4a31-b875-ccad580757e7, Succeeded
488fa566-4714-49f4-9a9e-deb5abb9d319, P0341                , 2025-11-21T15:24:15Z, e04a7537-235c-4a31-b875-ccad580757e7, Succeeded
488fa566-4714-49f4-9a9e-deb5abb9d319, P0341                , 2026-01-19T15:24:15Z, 861d8ba4-2d9f-4269-ad13-e152da846f13, Succeeded
284ab260-6795-4458-aa8e-869fed5838de, P0342                , 2025-10-07T09:10:49Z, 5761d10f-70a5-49c1-8222-34bba1557710, Succeeded
3bd07a78-1be9-4e94-acf1-e4b88ba7b2e3, P0343                , 2025-04-14T17:13:13Z, 2cef1887-0dbc-4193-af50-abcf5dc1f58a, Succeeded
3bd07a78-1be9-4e94-acf1-e4b88ba7b2e3, P0343                , 2025-08-04T17:13:13Z, d18439a8-dadc-41cb-ba99-5b84bee5daf3, Succeeded
3bd07a78-1be9-4e94-acf1-e4b88ba7b2e3, P0343                , 2025-08-05T17:13:13Z, d18439a8-dadc-41cb-ba99-5b84bee5daf3, Succeeded
3bd07a78-1be9-4e94-acf1-e4b88ba7b2e3, P0343                , 2025-08-06T17:13:13Z, d18439a8-dadc-41cb-ba99-5b84bee5daf3, Succeeded
acfabf04-5a4f-4c5b-906f-83518b954d3f, P0344                , 2025-12-26T10:43:22Z, 7a1d1952-558f-4010-bc00-1d1f6dbbdcce, Succeeded
2a3925cf-cdcc-4d0a-8436-ad35617971d0, P0345                , 2025-11-03T15:29:32Z, 4927643e-b063-49ce-a180-d98dd0c62808, Succeeded
2a3925cf-cdcc-4d0a-8436-ad35617971d0, P0345                , 2025-11-04T15:29:32Z, 4927643e-b063-49ce-a180-d98dd0c62808, Succeeded
e58e8a32-1872-48c4-a7bc-3ff93989fa99, P0346                , 2025-09-22T01:19:57Z, 2cbf183f-e76b-463c-9401-0555ea37251c, Succeeded
e58e8a32-1872-48c4-a7bc-3ff93989fa99, P0346                , 2025-10-22T01:19:57Z, a6c84d0a-a1a5-4c0d-97a6-419d0bb61f85, Succeeded
e58e8a32-1872-48c4-a7bc-3ff93989fa99, P0346                , 2025-10-23T01:19:57Z, a6c84d0a-a1a5-4c0d-97a6-419d0bb61f85, Succeeded
e58e8a32-1872-48c4-a7bc-3ff93989fa99, P0346                , 2025-10-24T01:19:57Z, a6c84d0a-a1a5-4c0d-97a6-419d0bb61f85, Succeeded
6d84d440-f322-437e-b522-bf92b5a59de2, P0347                , 2025-12-08T10:50:47Z, 00de3706-d192-4c7c-bee0-12d8d02f7ebd, Succeeded
6d84d440-f322-437e-b522-bf92b5a59de2, P0347                , 2026-01-07T10:50:47Z, 98c1c0f3-814a-41b4-8e0a-70bb4ceb060d, Succeeded
8fce5461-df84-4ed4-afcb-7abf01b82f53, P0348                , 2025-01-09T11:47:33Z, 546ea8b9-adb5-4d51-9213-6afae52e0246, Succeeded
59942e73-d159-49f8-a4fa-694bb2bd1902, P0349                , 2025-02-20T16:40:11Z, 7308e8e9-1242-4d0d-9b86-2311c606e49c, Succeeded
59942e73-d159-49f8-a4fa-694bb2bd1902, P0349                , 2025-02-21T16:40:11Z, 7308e8e9-1242-4d0d-9b86-2311c606e49c, Succeeded
59942e73-d159-49f8-a4fa-694bb2bd1902, P0349                , 2025-03-22T15:40:11Z, d98f6398-1478-4451-8c65-228c6fc870bd, Succeeded
80c1a327-6864-4f75-b92a-53d75167a3fb, P0350                , 2025-09-16T05:54:56Z, f9dac1b1-7e7e-4b6d-94ee-0678fcad5195, Succeeded
efdc6b3f-0b9b-42b6-bbf3-d97dc3916c69, P0351                , 2025-10-24T07:22:00Z, 7369943b-21f5-4221-bf38-fec57df3f56f, Succeeded
efdc6b3f-0b9b-42b6-bbf3-d97dc3916c69, P0351                , 2025-10-25T07:22:00Z, 7369943b-21f5-4221-bf38-fec57df3f56f, Succeeded
1eb60a74-a40a-4436-b28a-52147ba10374, P0352                , 2025-04-03T10:39:03Z, 36597434-f890-415f-818b-8f9aac67a67f, Succeeded
1eb60a74-a40a-4436-b28a-52147ba10374, P0352                , 2025-06-25T10:39:03Z, ae4c9c08-0e6e-40eb-99ca-816c37ccda62, Succeeded
743751a1-b5f2-49de-9bbf-44042c6bdcfc, P0353                , 2025-11-09T13:32:31Z, 10410be4-0416-4af0-9175-15bdf8b54eed, Succeeded
743751a1-b5f2-49de-9bbf-44042c6bdcfc, P0353                , 2026-01-31T13:32:31Z, e33c986f-69a0-4abc-8098-b48be41824bf, Succeeded
2a6ad266-eb26-4bee-a2af-d32064d78984, P0354                , 2025-12-10T08:02:48Z, 8a8c7eb4-91ae-4877-a3d0-d879fd327f6f, Succeeded
2a6ad266-eb26-4bee-a2af-d32064d78984, P0354                , 2025-12-17T08:02:48Z, 9cf37f34-074e-4231-909f-0c44587ce360, Succeeded
2a6ad266-eb26-4bee-a2af-d32064d78984, P0354                , 2025-12-18T08:02:48Z, 9cf37f34-074e-4231-909f-0c44587ce360, Succeeded
2a6ad266-eb26-4bee-a2af-d32064d78984, P0354                , 2025-12-19T08:02:48Z, 9cf37f34-074e-4231-909f-0c44587ce360, Succeeded
2a6ad266-eb26-4bee-a2af-d32064d78984, P0354                , 2026-03-10T07:02:48Z, dc4e89a9-8c0a-44a2-8490-f0611fdb502c, Succeeded
2a6ad266-eb26-4bee-a2af-d32064d78984, P0354                , 2026-03-11T07:02:48Z, dc4e89a9-8c0a-44a2-8490-f0611fdb502c, Succeeded
2a6ad266-eb26-4bee-a2af-d32064d78984, P0354                , 2026-05-09T07:02:48Z, 26e5d0d3-2530-4474-b5aa-fc8b4936c07e, Succeeded
2a6ad266-eb26-4bee-a2af-d32064d78984, P0354                , 2026-05-10T07:02:48Z, 26e5d0d3-2530-4474-b5aa-fc8b4936c07e, Succeeded
d9463037-afc6-48b3-9a87-2b6de83246c9, P0355                , 2025-07-21T05:24:57Z, e8ac1f0a-af4d-458e-b7d8-787fca7ff9f9, Succeeded
d9463037-afc6-48b3-9a87-2b6de83246c9, P0355                , 2025-07-22T05:24:57Z, e8ac1f0a-af4d-458e-b7d8-787fca7ff9f9, Succeeded
d9463037-afc6-48b3-9a87-2b6de83246c9, P0355                , 2026-01-03T06:24:57Z, 4c572a45-0f1d-40df-aad2-5e0fc113477f, Succeeded
d9463037-afc6-48b3-9a87-2b6de83246c9, P0355                , 2026-01-04T06:24:57Z, 4c572a45-0f1d-40df-aad2-5e0fc113477f, Succeeded
d9463037-afc6-48b3-9a87-2b6de83246c9, P0355                , 2026-01-05T06:24:57Z, 4c572a45-0f1d-40df-aad2-5e0fc113477f, Succeeded
b079d03f-d895-42cc-b753-ffd75201ea10, P0356                , 2026-01-13T23:25:21Z, a393e8b8-9c72-48b5-9c09-37a335048660, Succeeded
b079d03f-d895-42cc-b753-ffd75201ea10, P0356                , 2026-01-14T23:25:21Z, a393e8b8-9c72-48b5-9c09-37a335048660, Succeeded
b079d03f-d895-42cc-b753-ffd75201ea10, P0356                , 2026-03-14T22:25:21Z, 4b130d18-5dca-40b5-9050-0a3ec6a21fcc, Succeeded
dbf620c3-8205-47ae-ace9-e1cdfc548f70, P0357                , 2025-03-25T23:39:35Z, d79aac67-94a6-450a-830b-a5278ca14517, Succeeded
25895338-7a36-4b19-be50-b2c97e7a9b21, P0358                , 2025-07-19T18:56:58Z, e075f929-2ec8-43ee-a2e7-9703d319ef0d, Succeeded
25895338-7a36-4b19-be50-b2c97e7a9b21, P0358                , 2025-07-20T18:56:58Z, e075f929-2ec8-43ee-a2e7-9703d319ef0d, Succeeded
8f7a36c4-6ea7-4f5c-b981-ca008689b74e, P0359                , 2025-09-15T07:02:39Z, 66307855-2f06-4ef4-8142-fd8bc8252d16, Succeeded
8f7a36c4-6ea7-4f5c-b981-ca008689b74e, P0359                , 2025-09-16T07:02:39Z, 66307855-2f06-4ef4-8142-fd8bc8252d16, Succeeded
8f7a36c4-6ea7-4f5c-b981-ca008689b74e, P0359                , 2025-12-14T08:02:39Z, 95e9995a-5458-42b6-a348-042a70c7fdc8, Succeeded
8f7a36c4-6ea7-4f5c-b981-ca008689b74e, P0359                , 2026-02-02T08:02:39Z, 51526c87-66b3-442f-b4f9-538ddb305aa9, Succeeded
8f7a36c4-6ea7-4f5c-b981-ca008689b74e, P0359                , 2026-02-03T08:02:39Z, 51526c87-66b3-442f-b4f9-538ddb305aa9, Succeeded
a8574ed5-7170-4267-8315-4e35eee497fd, P0361                , 2025-03-14T17:41:39Z, 43f7f513-fbda-4237-bf5c-f96c27a69452, Succeeded
a8574ed5-7170-4267-8315-4e35eee497fd, P0361                , 2025-03-15T17:41:39Z, 43f7f513-fbda-4237-bf5c-f96c27a69452, Succeeded
a8574ed5-7170-4267-8315-4e35eee497fd, P0361                , 2025-03-16T17:41:39Z, 43f7f513-fbda-4237-bf5c-f96c27a69452, Succeeded
88564e78-0065-4cfa-9769-2d79946a6e7e, P0363                , 2025-04-24T10:44:40Z, 3fd409f3-7729-4580-a17e-0573341d869c, Succeeded
fc3daad5-8173-47dd-aff8-2495e57f3273, P0364                , 2025-06-15T16:35:21Z, 11acf0ca-d7f8-4845-88d6-df82c9564473, Succeeded
fc3daad5-8173-47dd-aff8-2495e57f3273, P0364                , 2025-07-15T16:35:21Z, d8b79d27-67ef-4330-bd20-4318781d6300, Succeeded
fc3daad5-8173-47dd-aff8-2495e57f3273, P0364                , 2025-07-16T16:35:21Z, d8b79d27-67ef-4330-bd20-4318781d6300, Succeeded
fc3daad5-8173-47dd-aff8-2495e57f3273, P0364                , 2025-07-17T16:35:21Z, d8b79d27-67ef-4330-bd20-4318781d6300, Succeeded
fc3daad5-8173-47dd-aff8-2495e57f3273, P0364                , 2025-09-13T16:35:21Z, 295eab4b-17de-45cb-941e-f588dfb0e4d1, Succeeded
fc3daad5-8173-47dd-aff8-2495e57f3273, P0364                , 2025-09-14T16:35:21Z, 295eab4b-17de-45cb-941e-f588dfb0e4d1, Succeeded
fc3daad5-8173-47dd-aff8-2495e57f3273, P0364                , 2025-09-15T16:35:21Z, 295eab4b-17de-45cb-941e-f588dfb0e4d1, Succeeded
fc3daad5-8173-47dd-aff8-2495e57f3273, P0364                , 2025-11-11T17:35:21Z, c7b79106-44fa-4100-b103-10d012169890, Succeeded
2ca4477d-01a4-416b-94a7-1e01aa8594b1, P0365                , 2025-10-25T12:01:18Z, 95743a7e-9b69-49aa-80c0-bdbbc123e581, Succeeded
2ca4477d-01a4-416b-94a7-1e01aa8594b1, P0365                , 2025-10-26T12:01:18Z, 95743a7e-9b69-49aa-80c0-bdbbc123e581, Succeeded
2ca4477d-01a4-416b-94a7-1e01aa8594b1, P0365                , 2025-11-29T13:01:18Z, 8893cb13-3e86-4ad7-9fec-824e5d165fe7, Succeeded
06114f0b-3851-4f57-89ac-dd9fb695a2bf, P0366                , 2025-07-11T07:34:06Z, 38d775bd-191d-429c-972d-1f43007ce7b7, Succeeded
06114f0b-3851-4f57-89ac-dd9fb695a2bf, P0366                , 2025-10-25T07:34:06Z, b4471a6a-c93d-4d66-bc08-349001c68ff2, Succeeded
ed571bf2-0ecb-4969-b47b-208c71c656be, P0367                , 2025-12-04T15:46:28Z, 36709800-6f1f-418d-a231-fac699a8b97b, Succeeded
78052071-09dd-4373-a873-4c751bc759d2, P0368                , 2025-06-06T01:09:11Z, 33860f33-0fa4-4929-8d33-9ef7b6e65c0a, Succeeded
78052071-09dd-4373-a873-4c751bc759d2, P0368                , 2025-06-07T01:09:11Z, 33860f33-0fa4-4929-8d33-9ef7b6e65c0a, Succeeded
dc792219-652e-433d-99ee-a59de9102cfc, P0369                , 2025-05-30T07:32:46Z, 2a2e2fb1-8622-4c2f-94ad-9b313d437be8, Succeeded
dc792219-652e-433d-99ee-a59de9102cfc, P0369                , 2025-05-31T07:32:46Z, 2a2e2fb1-8622-4c2f-94ad-9b313d437be8, Succeeded
dc792219-652e-433d-99ee-a59de9102cfc, P0369                , 2025-06-01T07:32:46Z, 2a2e2fb1-8622-4c2f-94ad-9b313d437be8, Succeeded
dc792219-652e-433d-99ee-a59de9102cfc, P0369                , 2025-06-06T07:32:46Z, cf2c1ceb-3d0e-4a26-ac47-ac30be5e37be, Succeeded
dc792219-652e-433d-99ee-a59de9102cfc, P0369                , 2025-06-29T07:32:46Z, 5b5216d5-3d87-405a-b113-5d1f665bcfa6, Succeeded
8e3bba86-f9a9-421a-9d9f-51f0a9a64877, P0370                , 2025-05-06T21:57:37Z, cf5081cf-c779-4627-8a3e-5ee79f4d859f, Succeeded
8e3bba86-f9a9-421a-9d9f-51f0a9a64877, P0370                , 2025-05-07T21:57:37Z, cf5081cf-c779-4627-8a3e-5ee79f4d859f, Succeeded
8e3bba86-f9a9-421a-9d9f-51f0a9a64877, P0370                , 2025-05-08T21:57:37Z, cf5081cf-c779-4627-8a3e-5ee79f4d859f, Succeeded
8e3bba86-f9a9-421a-9d9f-51f0a9a64877, P0370                , 2025-05-29T21:57:37Z, 43cd3f86-553f-4179-9a22-037058f7f070, Succeeded
c85452d6-6333-4b90-82bc-314cc6bf776d, P0371                , 2025-03-15T04:49:08Z, b28f0a38-f51c-4dd6-95ba-2a4dc2cef308, Succeeded
c85452d6-6333-4b90-82bc-314cc6bf776d, P0371                , 2025-03-22T04:49:08Z, 8efb0ab0-17fd-460a-af9d-94aa8fbdf1fd, Succeeded
ac01b18e-3d15-41af-b185-252b63568f08, P0375                , 2025-07-30T16:00:12Z, a384aa9a-617e-4a11-9460-2d3e5b88d6ad, Succeeded
ac01b18e-3d15-41af-b185-252b63568f08, P0375                , 2025-07-31T16:00:12Z, a384aa9a-617e-4a11-9460-2d3e5b88d6ad, Succeeded
ac01b18e-3d15-41af-b185-252b63568f08, P0375                , 2025-08-01T16:00:12Z, a384aa9a-617e-4a11-9460-2d3e5b88d6ad, Succeeded
3afcde89-292c-4fd7-919f-3a38202202ba, P0376                , 2025-08-12T17:59:26Z, 5a203b39-934c-4d7b-9af5-092b182f82e3, Succeeded
3afcde89-292c-4fd7-919f-3a38202202ba, P0376                , 2025-08-13T17:59:26Z, 5a203b39-934c-4d7b-9af5-092b182f82e3, Succeeded
7e2ae7c6-7d7c-4741-a34d-a1cc6371a3e2, P0377                , 2025-10-31T12:26:20Z, 913e0a23-68af-4365-b4f7-331b63df6824, Succeeded
7e2ae7c6-7d7c-4741-a34d-a1cc6371a3e2, P0377                , 2025-11-01T12:26:20Z, 913e0a23-68af-4365-b4f7-331b63df6824, Succeeded
7e2ae7c6-7d7c-4741-a34d-a1cc6371a3e2, P0377                , 2025-11-07T13:26:20Z, 3e86361e-5dc0-4f71-b92b-b6a6bf2d8e8f, Succeeded
7e2ae7c6-7d7c-4741-a34d-a1cc6371a3e2, P0377                , 2025-11-30T13:26:20Z, 74aa33a4-ef01-40b3-86c9-3bb266307af5, Succeeded
7e2ae7c6-7d7c-4741-a34d-a1cc6371a3e2, P0377                , 2026-04-05T12:26:20Z, 8b03f179-04ae-4d68-b5d1-5fefd9fabcec, Succeeded
7e2ae7c6-7d7c-4741-a34d-a1cc6371a3e2, P0377                , 2026-04-06T12:26:20Z, 8b03f179-04ae-4d68-b5d1-5fefd9fabcec, Succeeded
4b1f57e5-ae05-4a35-a9d7-27fec749d4f5, P0378                , 2025-11-14T01:17:40Z, 8f2f8038-7b00-480d-816a-f7241851df69, Succeeded
4b1f57e5-ae05-4a35-a9d7-27fec749d4f5, P0378                , 2025-11-21T01:17:40Z, 53b28d86-c647-40dd-ae66-935032a348db, Succeeded
4b1f57e5-ae05-4a35-a9d7-27fec749d4f5, P0378                , 2025-11-22T01:17:40Z, 53b28d86-c647-40dd-ae66-935032a348db, Succeeded
4b1f57e5-ae05-4a35-a9d7-27fec749d4f5, P0378                , 2026-02-12T01:17:40Z, a4de65d9-1b67-4564-bcd7-018d1c727933, Succeeded
4b1f57e5-ae05-4a35-a9d7-27fec749d4f5, P0378                , 2026-02-13T01:17:40Z, a4de65d9-1b67-4564-bcd7-018d1c727933, Succeeded
4b1f57e5-ae05-4a35-a9d7-27fec749d4f5, P0378                , 2026-02-14T01:17:40Z, a4de65d9-1b67-4564-bcd7-018d1c727933, Succeeded
4b1f57e5-ae05-4a35-a9d7-27fec749d4f5, P0378                , 2026-04-08T00:17:40Z, fce9899f-90c3-4c86-a4e9-bac613a82c90, Succeeded
4b1f57e5-ae05-4a35-a9d7-27fec749d4f5, P0378                , 2026-04-09T00:17:40Z, fce9899f-90c3-4c86-a4e9-bac613a82c90, Succeeded
47c28fc8-0842-49fe-8f9d-22318e63beca, P0379                , 2025-06-11T22:57:12Z, 00290344-eec9-4fb3-9940-528ea9727715, Succeeded
47c28fc8-0842-49fe-8f9d-22318e63beca, P0379                , 2025-09-09T22:57:12Z, 172381b0-8a8a-454f-a46a-7e557c2def49, Succeeded
f7d5112a-9e3e-434c-abd3-5c6fe32bea45, P0380                , 2025-05-23T05:16:52Z, 9e79b5a7-9763-4df6-9fe1-5f60ce0aa71e, Succeeded
f7d5112a-9e3e-434c-abd3-5c6fe32bea45, P0380                , 2025-07-22T05:16:52Z, 6633cde7-b271-48fe-b0d4-f6963daee4ee, Succeeded
5a1d8197-1745-472b-9048-7e58165c4b0c, P0382                , 2025-07-19T05:24:28Z, 6327e37c-afb0-4bf6-b879-a95fb27615a6, Succeeded
57d51b75-64e8-4108-baf2-9767319e0def, P0384                , 2025-07-29T04:33:14Z, b3d8f3bb-64c0-4421-aedc-acaa74f343b3, Succeeded
57d51b75-64e8-4108-baf2-9767319e0def, P0384                , 2025-07-30T04:33:14Z, b3d8f3bb-64c0-4421-aedc-acaa74f343b3, Succeeded
57d51b75-64e8-4108-baf2-9767319e0def, P0384                , 2025-10-20T04:33:14Z, 0652e55e-1ae1-4301-92a3-41edaf516783, Succeeded
57d51b75-64e8-4108-baf2-9767319e0def, P0384                , 2025-10-21T04:33:14Z, 0652e55e-1ae1-4301-92a3-41edaf516783, Succeeded
57d51b75-64e8-4108-baf2-9767319e0def, P0384                , 2026-01-06T05:33:14Z, 6b68a7bf-eb21-4b8f-8893-7630fa8f69d1, Succeeded
483c982d-4da8-4b21-9518-dfd0312621c9, P0385                , 2025-07-14T17:03:27Z, 012b3b66-115e-468a-9050-113110b72500, Succeeded
483c982d-4da8-4b21-9518-dfd0312621c9, P0385                , 2025-07-15T17:03:27Z, 012b3b66-115e-468a-9050-113110b72500, Succeeded
483c982d-4da8-4b21-9518-dfd0312621c9, P0385                , 2025-07-16T17:03:27Z, 012b3b66-115e-468a-9050-113110b72500, Succeeded
4b957e17-0fde-42c8-b91a-ecf578fee5b8, P0387                , 2025-02-17T04:27:55Z, 809b93ad-e34b-4731-9f7d-f4b7ab07a0e9, Succeeded
4b957e17-0fde-42c8-b91a-ecf578fee5b8, P0387                , 2025-05-18T03:27:55Z, 6136c023-7565-419f-b47c-a21497ef4571, Succeeded
4b957e17-0fde-42c8-b91a-ecf578fee5b8, P0387                , 2025-08-11T03:27:55Z, 95b4aecc-a518-474e-9f89-a7bf125894f6, Succeeded
4b957e17-0fde-42c8-b91a-ecf578fee5b8, P0387                , 2025-08-12T03:27:55Z, 95b4aecc-a518-474e-9f89-a7bf125894f6, Succeeded
40474e23-9ded-495b-a5f6-78bc78f1764c, P0388                , 2025-08-24T06:20:36Z, 7db80a74-3ca0-43e6-b95e-5ded8da403fe, Succeeded
91251029-c86b-46f2-b7c2-ef784bd94343, P0390                , 2025-10-22T06:32:54Z, 4346fd56-e398-4224-a96e-46e1c5eba7d7, Succeeded
91251029-c86b-46f2-b7c2-ef784bd94343, P0390                , 2025-12-30T07:32:54Z, 7d592682-eabb-4e01-81ee-63dcfee656fb, Succeeded
8244f7af-e235-4612-960d-425f3d5e2795, P0392                , 2025-04-24T20:18:19Z, dea5f254-ec90-4c00-9705-161eb698b516, Succeeded
8244f7af-e235-4612-960d-425f3d5e2795, P0392                , 2025-05-17T20:18:19Z, f0aadf48-88d1-4565-889f-503bb58b05c9, Succeeded
8244f7af-e235-4612-960d-425f3d5e2795, P0392                , 2025-05-18T20:18:19Z, f0aadf48-88d1-4565-889f-503bb58b05c9, Succeeded
8244f7af-e235-4612-960d-425f3d5e2795, P0392                , 2025-05-19T20:18:19Z, f0aadf48-88d1-4565-889f-503bb58b05c9, Succeeded
8244f7af-e235-4612-960d-425f3d5e2795, P0392                , 2025-07-16T20:18:19Z, 176a15e4-30d3-41fa-8953-723033c7aae9, Succeeded
8244f7af-e235-4612-960d-425f3d5e2795, P0392                , 2025-07-17T20:18:19Z, 176a15e4-30d3-41fa-8953-723033c7aae9, Succeeded
f30cb9c8-452f-4126-8a6f-cb4dc3ce0af9, P0393                , 2025-12-14T12:05:28Z, 91f3f2f7-25ca-46b1-a5aa-34bdc74328ec, Succeeded
f30cb9c8-452f-4126-8a6f-cb4dc3ce0af9, P0393                , 2026-03-19T11:05:28Z, 688370ba-d108-4d35-ad71-4f1fd92d804f, Succeeded
f30cb9c8-452f-4126-8a6f-cb4dc3ce0af9, P0393                , 2026-03-20T11:05:28Z, 688370ba-d108-4d35-ad71-4f1fd92d804f, Succeeded
f0754fe2-f64f-4dc8-a071-5eef1ff04a9d, P0394                , 2025-02-07T06:25:09Z, 9fe203bb-89fe-4f21-ab84-84648b982cd6, Succeeded
1daff0b5-b473-4105-b8bb-d8d2cdcd51bb, P0395                , 2025-11-26T19:43:14Z, 8c39d1d0-5c45-43ec-ad0c-182ee127f6d1, Succeeded
1daff0b5-b473-4105-b8bb-d8d2cdcd51bb, P0395                , 2025-12-26T19:43:14Z, 5b9c1f62-b0e3-4cfc-9936-c1fd76a823bd, Succeeded
1daff0b5-b473-4105-b8bb-d8d2cdcd51bb, P0395                , 2026-04-22T18:43:14Z, ed86f1a3-ffcf-4061-937e-e24c20b7d0ac, Succeeded
a3b0a3e9-6a0c-47e2-995f-47e6cabe9d18, P0396                , 2025-03-25T17:42:34Z, bf07692c-b629-4b04-ab60-fcf03b3b27ea, Succeeded
a3b0a3e9-6a0c-47e2-995f-47e6cabe9d18, P0396                , 2025-08-22T17:42:34Z, 508d0bd1-e63e-4e3e-84d0-0577dd7c1af9, Succeeded
193f7ae6-dfdf-450c-a327-0c74c7c728d6, P0397                , 2025-08-27T08:11:48Z, 9997b237-72e5-443d-8427-2f88af3f1f6c, Succeeded
193f7ae6-dfdf-450c-a327-0c74c7c728d6, P0397                , 2025-08-28T08:11:48Z, 9997b237-72e5-443d-8427-2f88af3f1f6c, Succeeded
c2394f69-4149-41bf-b24f-363d3e6b2b71, P0398                , 2025-01-10T10:43:32Z, d0f34f22-2fb7-4f37-9ff2-8dd0be59591b, Succeeded
f7540176-b7ed-4fb7-9e8f-92c3ff1bf783, P0399                , 2025-02-06T16:56:15Z, 8c20d816-cf50-42be-8d1a-d0890d16e88a, Succeeded
f7540176-b7ed-4fb7-9e8f-92c3ff1bf783, P0399                , 2025-02-07T16:56:15Z, 8c20d816-cf50-42be-8d1a-d0890d16e88a, Succeeded
f7540176-b7ed-4fb7-9e8f-92c3ff1bf783, P0399                , 2025-02-08T16:56:15Z, 8c20d816-cf50-42be-8d1a-d0890d16e88a, Succeeded
f7540176-b7ed-4fb7-9e8f-92c3ff1bf783, P0399                , 2025-02-13T16:56:15Z, 0224e782-16ec-4a3b-b1be-bd25b27163bc, Succeeded
f7540176-b7ed-4fb7-9e8f-92c3ff1bf783, P0399                , 2025-03-08T16:56:15Z, 0a375764-b530-4e33-a30d-760685f4deb9, Succeeded
8ce90ed1-8624-48a5-b3ba-e68d8f6cb35a, P0400                , 2026-01-07T18:20:20Z, bc1f80fb-23e0-4e55-8daa-174e66f9c50a, Succeeded
8ce90ed1-8624-48a5-b3ba-e68d8f6cb35a, P0400                , 2026-01-08T18:20:20Z, bc1f80fb-23e0-4e55-8daa-174e66f9c50a, Succeeded
8ce90ed1-8624-48a5-b3ba-e68d8f6cb35a, P0400                , 2026-03-08T17:20:20Z, 065f4835-a2e3-439f-b39d-45cc44443fde, Succeeded
73a2efa5-2b91-4b72-95c2-fb6ccaabf4d8, P0401                , 2025-06-26T20:38:45Z, 7c6f1ddf-09f6-4dc7-b524-6ba959fb63ff, Succeeded
73a2efa5-2b91-4b72-95c2-fb6ccaabf4d8, P0401                , 2025-06-27T20:38:45Z, 7c6f1ddf-09f6-4dc7-b524-6ba959fb63ff, Succeeded
73a2efa5-2b91-4b72-95c2-fb6ccaabf4d8, P0401                , 2025-07-03T20:38:45Z, 8e56f2ed-bc57-45b6-9086-8afc91605faf, Succeeded
73a2efa5-2b91-4b72-95c2-fb6ccaabf4d8, P0401                , 2025-07-26T20:38:45Z, 799f9e9a-6fa6-4600-b2f5-8487aae99ad2, Succeeded
73a2efa5-2b91-4b72-95c2-fb6ccaabf4d8, P0401                , 2025-07-27T20:38:45Z, 799f9e9a-6fa6-4600-b2f5-8487aae99ad2, Succeeded
6f560654-d77d-4dad-8922-d0f8233ecfe8, P0402                , 2025-09-16T06:09:59Z, 32f62ee8-daba-43e9-b703-ce9245181302, Succeeded
6f560654-d77d-4dad-8922-d0f8233ecfe8, P0402                , 2025-09-17T06:09:59Z, 32f62ee8-daba-43e9-b703-ce9245181302, Succeeded
6f560654-d77d-4dad-8922-d0f8233ecfe8, P0402                , 2025-09-18T06:09:59Z, 32f62ee8-daba-43e9-b703-ce9245181302, Succeeded
6f560654-d77d-4dad-8922-d0f8233ecfe8, P0402                , 2026-02-28T07:09:59Z, 38da2b0b-90c0-4feb-a6d8-cbed63fb6911, Succeeded
a7368190-714d-47fe-8322-54c52278f634, P0403                , 2025-06-08T19:56:38Z, 212e4505-0c86-417d-bca1-5b36433556f8, Succeeded
a7368190-714d-47fe-8322-54c52278f634, P0403                , 2025-08-07T19:56:38Z, 2d913c58-26a6-49de-95c5-7fc3bae1caec, Succeeded
a7368190-714d-47fe-8322-54c52278f634, P0403                , 2025-08-08T19:56:38Z, 2d913c58-26a6-49de-95c5-7fc3bae1caec, Succeeded
a7368190-714d-47fe-8322-54c52278f634, P0403                , 2025-08-09T19:56:38Z, 2d913c58-26a6-49de-95c5-7fc3bae1caec, Succeeded
85e40ba7-0ca4-41a6-a97c-dc5cffcb60bb, P0404                , 2025-06-15T22:51:30Z, fbbd8012-c3d4-4919-aa2b-1da8276fa472, Succeeded
85e40ba7-0ca4-41a6-a97c-dc5cffcb60bb, P0404                , 2025-09-06T22:51:30Z, 7840c3f7-49a5-4dc1-a179-04adfb1395cb, Succeeded
72ea18ab-f178-41d5-be97-11baf6f70517, P0405                , 2025-11-29T05:19:43Z, f75ad47a-41a5-4d66-ac39-a00cdb7ea280, Succeeded
0a2daf81-92c6-4126-b954-970891e78ad3, P0406                , 2025-12-01T18:00:50Z, f442b6e4-3317-4d41-8152-93557f48f386, Succeeded
0a2daf81-92c6-4126-b954-970891e78ad3, P0406                , 2025-12-02T18:00:50Z, f442b6e4-3317-4d41-8152-93557f48f386, Succeeded
0a2daf81-92c6-4126-b954-970891e78ad3, P0406                , 2025-12-03T18:00:50Z, f442b6e4-3317-4d41-8152-93557f48f386, Succeeded
91e94c87-7a28-4003-aeb4-a98c77fac442, P0407                , 2026-02-19T06:17:30Z, da2f648c-20b3-425c-9324-472811942b04, Succeeded
91e94c87-7a28-4003-aeb4-a98c77fac442, P0407                , 2026-05-02T05:17:30Z, a7463872-0c8c-4a98-abfe-984bc42156cd, Succeeded
91e94c87-7a28-4003-aeb4-a98c77fac442, P0407                , 2026-05-03T05:17:30Z, a7463872-0c8c-4a98-abfe-984bc42156cd, Succeeded
5ee5cade-20e7-4e37-b091-3a70dd0fed98, P0408                , 2026-05-24T09:51:10Z, b61d7ef5-30ee-470b-8aa9-05f16ffd1e6c, Succeeded
9386f8e9-97d1-444c-ab40-176fd33a2deb, P0409                , 2025-11-26T06:08:55Z, 5fcab279-5033-4148-a85b-e58890468619, Succeeded
9386f8e9-97d1-444c-ab40-176fd33a2deb, P0409                , 2025-12-03T06:08:55Z, 8f406fa0-6634-45b4-8396-26169ec9895e, Succeeded
9386f8e9-97d1-444c-ab40-176fd33a2deb, P0409                , 2025-12-26T06:08:55Z, 151c4d8a-7afd-44fc-89a9-bfc557508d6c, Succeeded
9386f8e9-97d1-444c-ab40-176fd33a2deb, P0409                , 2025-12-27T06:08:55Z, 151c4d8a-7afd-44fc-89a9-bfc557508d6c, Succeeded
9386f8e9-97d1-444c-ab40-176fd33a2deb, P0409                , 2025-12-28T06:08:55Z, 151c4d8a-7afd-44fc-89a9-bfc557508d6c, Succeeded
8eb8b07e-e2d0-4490-a925-9b41dc3a99ae, P0410                , 2025-09-18T20:34:16Z, 3344ef97-1144-4ba7-97fb-0154bc937766, Succeeded
8eb8b07e-e2d0-4490-a925-9b41dc3a99ae, P0410                , 2025-10-18T20:34:16Z, b310a9ea-7877-4ed6-a5c2-7f0b83a458ec, Succeeded
8eb8b07e-e2d0-4490-a925-9b41dc3a99ae, P0410                , 2025-12-17T21:34:16Z, 9815b42e-7a3f-45a9-b094-5b5ee2ecfa11, Succeeded
8eb8b07e-e2d0-4490-a925-9b41dc3a99ae, P0410                , 2025-12-18T21:34:16Z, 9815b42e-7a3f-45a9-b094-5b5ee2ecfa11, Succeeded
8eb8b07e-e2d0-4490-a925-9b41dc3a99ae, P0410                , 2025-12-19T21:34:16Z, 9815b42e-7a3f-45a9-b094-5b5ee2ecfa11, Succeeded
0a8d4cbf-d6e8-4003-bfc2-b30283114f4f, P0411                , 2025-03-13T08:34:15Z, d7c200df-4a4b-40e9-a404-b6de539b211d, Succeeded
0a8d4cbf-d6e8-4003-bfc2-b30283114f4f, P0411                , 2025-03-14T08:34:15Z, d7c200df-4a4b-40e9-a404-b6de539b211d, Succeeded
0a8d4cbf-d6e8-4003-bfc2-b30283114f4f, P0411                , 2025-03-15T08:34:15Z, d7c200df-4a4b-40e9-a404-b6de539b211d, Succeeded
0a8d4cbf-d6e8-4003-bfc2-b30283114f4f, P0411                , 2025-04-12T08:34:15Z, dc6aef05-6c13-4086-a631-5e86ad6dbde1, Succeeded
2bbb414b-3e5f-4b1c-b00f-c60baef89268, P0412                , 2025-02-11T02:22:49Z, 3218ad8b-0198-4af5-9f01-6849aca1d69e, Succeeded
d672293f-efcd-47c0-b332-b49e2db16dcf, P0413                , 2025-05-25T04:24:47Z, b574b884-ef4c-4d13-998c-ea8d56b3db7c, Succeeded
d672293f-efcd-47c0-b332-b49e2db16dcf, P0413                , 2025-08-16T04:24:47Z, 68e7cbd4-658b-4f8f-8dce-d9729149b164, Succeeded
7b058937-2044-4001-a24e-71bd218dc4c8, P0415                , 2025-03-10T09:06:03Z, fec7c069-095b-4549-a44f-29f40931f1fa, Succeeded
7b058937-2044-4001-a24e-71bd218dc4c8, P0415                , 2025-03-11T09:06:03Z, fec7c069-095b-4549-a44f-29f40931f1fa, Succeeded
7b058937-2044-4001-a24e-71bd218dc4c8, P0415                , 2025-04-02T09:06:03Z, 1e4c70e8-813d-4fc7-b47c-cf86a1f0ab5d, Succeeded
7b058937-2044-4001-a24e-71bd218dc4c8, P0415                , 2025-06-01T09:06:03Z, 4d68f743-9ebd-41f5-af9e-08743728952d, Succeeded
758e248a-5a2b-47b6-a723-c549bce8d2ac, P0417                , 2025-08-07T18:14:36Z, 7f0dac0b-6005-49ad-9ae2-ce2b011c18cc, Succeeded
c61fb93a-dd58-41db-8007-576e45a5882a, P0418                , 2025-10-25T08:46:07Z, 78554d4a-365a-4360-82f6-29194663b15a, Succeeded
c61fb93a-dd58-41db-8007-576e45a5882a, P0418                , 2026-01-25T09:46:07Z, 94afcf58-f780-4801-81ae-4f836f64e9b1, Succeeded
49645155-73c0-496f-9b86-5a773da5de11, P0419                , 2025-08-11T18:31:23Z, cc9fbfc1-e1a6-46c9-b4d4-aeae4fff6c18, Succeeded
f3fb0f5c-2aba-40db-8b87-1f4b9f29a74c, P0420                , 2025-12-05T01:08:20Z, 5981a5af-16f1-454f-80f6-bda4b176b241, Succeeded
f3fb0f5c-2aba-40db-8b87-1f4b9f29a74c, P0420                , 2025-12-06T01:08:20Z, 5981a5af-16f1-454f-80f6-bda4b176b241, Succeeded
f3fb0f5c-2aba-40db-8b87-1f4b9f29a74c, P0420                , 2026-05-02T00:08:20Z, 3c9cd3be-0dea-4f15-adaa-f750d4ee32b5, Succeeded
f3fb0f5c-2aba-40db-8b87-1f4b9f29a74c, P0420                , 2026-05-03T00:08:20Z, 3c9cd3be-0dea-4f15-adaa-f750d4ee32b5, Succeeded
a11e653c-a268-4530-b6b7-f3e48735d702, P0421                , 2025-07-29T14:03:12Z, cc008784-ee61-4d9e-8134-6230ac95d729, Succeeded
a11e653c-a268-4530-b6b7-f3e48735d702, P0421                , 2026-01-25T15:03:12Z, 2caff494-9eba-413c-80af-57dddcf1a957, Succeeded
f3a20290-0922-4302-98cb-1dafd0f951f9, P0423                , 2025-03-15T02:25:03Z, 507a7681-4823-4847-9532-ff0b80f0b6e4, Succeeded
571a8687-ffb5-403d-8932-e1bb90d00c51, P0424                , 2025-09-29T14:07:48Z, c96e013a-4816-46f7-898c-0b4789d82fed, Succeeded
571a8687-ffb5-403d-8932-e1bb90d00c51, P0424                , 2025-09-30T14:07:48Z, c96e013a-4816-46f7-898c-0b4789d82fed, Succeeded
026fc606-2fe8-4a69-ad29-03a72f9c2f67, P0425                , 2025-10-13T13:43:14Z, 6850e83a-622f-40df-8a2d-0641ea34b087, Succeeded
0ef434bb-4ea0-4496-bd65-9af751c644a8, P0426                , 2025-04-20T10:11:27Z, 86a1c33c-aab0-4853-b04c-8ff067c34816, Succeeded
0ef434bb-4ea0-4496-bd65-9af751c644a8, P0426                , 2025-04-21T10:11:27Z, 86a1c33c-aab0-4853-b04c-8ff067c34816, Succeeded
0ef434bb-4ea0-4496-bd65-9af751c644a8, P0426                , 2025-05-20T10:11:27Z, 2dd18062-56a4-49ef-8ff8-c2bc0eb5dd42, Succeeded
0ef434bb-4ea0-4496-bd65-9af751c644a8, P0426                , 2025-05-21T10:11:27Z, 2dd18062-56a4-49ef-8ff8-c2bc0eb5dd42, Succeeded
395f7a09-d4a6-4f72-b018-32ea06bbfd59, P0427                , 2026-01-04T09:25:45Z, 2105906f-46ba-4e0d-8d31-a3b66b431e34, Succeeded
395f7a09-d4a6-4f72-b018-32ea06bbfd59, P0427                , 2026-01-05T09:25:45Z, 2105906f-46ba-4e0d-8d31-a3b66b431e34, Succeeded
395f7a09-d4a6-4f72-b018-32ea06bbfd59, P0427                , 2026-01-06T09:25:45Z, 2105906f-46ba-4e0d-8d31-a3b66b431e34, Succeeded
b2a50b1c-4bcc-4600-98cf-9981b7f09cec, P0428                , 2025-10-20T06:07:20Z, 65c178df-343b-402a-ae3b-dd637801a324, Succeeded
b2a50b1c-4bcc-4600-98cf-9981b7f09cec, P0428                , 2025-10-27T06:07:20Z, b91219d8-9860-44d4-b017-986bedca086d, Succeeded
b2a50b1c-4bcc-4600-98cf-9981b7f09cec, P0428                , 2025-10-28T06:07:20Z, b91219d8-9860-44d4-b017-986bedca086d, Succeeded
ca3818b6-e194-4f16-a55d-98c7f004e39c, P0429                , 2025-08-10T02:31:50Z, 04271995-8f11-4f96-9cfd-ecc5f17a9bd8, Succeeded
ca3818b6-e194-4f16-a55d-98c7f004e39c, P0429                , 2025-11-08T03:31:50Z, 9da523e6-e835-46f5-8475-f03151960d0c, Succeeded
ca3818b6-e194-4f16-a55d-98c7f004e39c, P0429                , 2026-01-19T03:31:50Z, dde6912b-e2b2-48c5-95df-b8bc37c74ab0, Succeeded
600c1651-5da1-4fd4-b144-21c2e848097a, P0430                , 2025-10-12T09:08:19Z, efc6e3d0-cc33-41b8-a61d-995e3f1e176b, Succeeded
600c1651-5da1-4fd4-b144-21c2e848097a, P0430                , 2025-11-11T10:08:19Z, f5e1d469-cd5b-41ea-b337-b400856efa35, Succeeded
600c1651-5da1-4fd4-b144-21c2e848097a, P0430                , 2026-01-10T10:08:19Z, 9cb50b53-6a6e-40e5-a364-eae194673e29, Succeeded
d7bf1d28-f1da-49bb-bdaf-631aa2dbc37f, P0431                , 2025-09-14T18:40:46Z, 8b2fae02-5b7f-4c96-9ebe-e29d56b3ae54, Succeeded
d7bf1d28-f1da-49bb-bdaf-631aa2dbc37f, P0431                , 2025-09-15T18:40:46Z, 8b2fae02-5b7f-4c96-9ebe-e29d56b3ae54, Succeeded
d7bf1d28-f1da-49bb-bdaf-631aa2dbc37f, P0431                , 2025-09-16T18:40:46Z, 8b2fae02-5b7f-4c96-9ebe-e29d56b3ae54, Succeeded
f30ed78a-3c5d-44cd-908e-1163c592bef5, P0432                , 2025-11-08T20:14:50Z, 0b183dd3-63d7-41fb-b23e-ca53aa914182, Succeeded
dc1f1910-83a7-42c7-95c7-bd43a10155cf, P0433                , 2025-04-25T22:48:15Z, 5c095278-5f9d-429a-877f-8de0f8d08ac0, Succeeded
dc1f1910-83a7-42c7-95c7-bd43a10155cf, P0433                , 2025-05-02T22:48:15Z, fe0a1ae1-a36f-40f5-a02d-45b900d7b055, Succeeded
dc1f1910-83a7-42c7-95c7-bd43a10155cf, P0433                , 2025-05-03T22:48:15Z, fe0a1ae1-a36f-40f5-a02d-45b900d7b055, Succeeded
dc1f1910-83a7-42c7-95c7-bd43a10155cf, P0433                , 2025-09-15T22:48:15Z, 635f45e7-ab83-4fa7-bc8b-6b869140330d, Succeeded
dc1f1910-83a7-42c7-95c7-bd43a10155cf, P0433                , 2025-09-16T22:48:15Z, 635f45e7-ab83-4fa7-bc8b-6b869140330d, Succeeded
d267b947-0edb-4a4b-a78a-f8609c8c7386, P0434                , 2025-11-06T02:58:07Z, 3f10c921-47eb-4211-b159-d8b6f6954338, Succeeded
d267b947-0edb-4a4b-a78a-f8609c8c7386, P0434                , 2025-11-07T02:58:07Z, 3f10c921-47eb-4211-b159-d8b6f6954338, Succeeded
d267b947-0edb-4a4b-a78a-f8609c8c7386, P0434                , 2025-11-08T02:58:07Z, 3f10c921-47eb-4211-b159-d8b6f6954338, Succeeded
d267b947-0edb-4a4b-a78a-f8609c8c7386, P0434                , 2026-01-21T02:58:07Z, 367ff131-8165-4542-8b4b-71b832b7790e, Succeeded
d267b947-0edb-4a4b-a78a-f8609c8c7386, P0434                , 2026-01-22T02:58:07Z, 367ff131-8165-4542-8b4b-71b832b7790e, Succeeded
d267b947-0edb-4a4b-a78a-f8609c8c7386, P0434                , 2026-01-23T02:58:07Z, 367ff131-8165-4542-8b4b-71b832b7790e, Succeeded
69947818-41ce-49e1-a004-a335c2e274bd, P0436                , 2026-02-23T20:43:02Z, bf899517-6e2e-4c7b-b482-52e776fda017, Succeeded
9797bf7e-b57e-4a44-a6c0-821bc8ebea63, P0437                , 2025-08-12T07:49:04Z, f4d6d6aa-c459-4b8c-85c6-a6bedcec3c9b, Succeeded
9797bf7e-b57e-4a44-a6c0-821bc8ebea63, P0437                , 2025-08-13T07:49:04Z, f4d6d6aa-c459-4b8c-85c6-a6bedcec3c9b, Succeeded
9797bf7e-b57e-4a44-a6c0-821bc8ebea63, P0437                , 2025-08-14T07:49:04Z, f4d6d6aa-c459-4b8c-85c6-a6bedcec3c9b, Succeeded
9797bf7e-b57e-4a44-a6c0-821bc8ebea63, P0437                , 2025-11-03T08:49:04Z, 67bf3e01-56a9-441f-aac6-fef1f8498e1d, Succeeded
926ca5af-08a6-4642-b85e-7f535344c76b, P0438                , 2025-03-24T00:05:27Z, f5dd2485-c515-4300-bd9b-2752a4676f4e, Succeeded
9565f66d-2b12-48d1-bd12-3302f6399727, P0439                , 2025-02-09T22:38:09Z, 4bf651b2-d824-45dc-967f-192893efda7c, Succeeded
9565f66d-2b12-48d1-bd12-3302f6399727, P0439                , 2025-02-10T22:38:09Z, 4bf651b2-d824-45dc-967f-192893efda7c, Succeeded
9565f66d-2b12-48d1-bd12-3302f6399727, P0439                , 2025-03-11T21:38:09Z, 34d0cc6e-dc22-49e7-958b-c59e39c1dd0f, Succeeded
9565f66d-2b12-48d1-bd12-3302f6399727, P0439                , 2025-03-12T21:38:09Z, 34d0cc6e-dc22-49e7-958b-c59e39c1dd0f, Succeeded
9565f66d-2b12-48d1-bd12-3302f6399727, P0439                , 2025-03-13T21:38:09Z, 34d0cc6e-dc22-49e7-958b-c59e39c1dd0f, Succeeded
9565f66d-2b12-48d1-bd12-3302f6399727, P0439                , 2025-06-15T21:38:09Z, a6904486-bc83-4ab4-a5fb-9258c2b2bcfc, Succeeded
9565f66d-2b12-48d1-bd12-3302f6399727, P0439                , 2025-06-16T21:38:09Z, a6904486-bc83-4ab4-a5fb-9258c2b2bcfc, Succeeded
e630a8e9-922a-4467-a797-fce07c715169, P0440                , 2026-01-30T01:29:00Z, f771c998-4acc-474b-8f87-046ac99d9468, Succeeded
e630a8e9-922a-4467-a797-fce07c715169, P0440                , 2026-04-17T00:29:00Z, 2edac3c9-e6eb-4cd8-aff8-bac1cd1bb3f7, Succeeded
e630a8e9-922a-4467-a797-fce07c715169, P0440                , 2026-04-18T00:29:00Z, 2edac3c9-e6eb-4cd8-aff8-bac1cd1bb3f7, Succeeded
e630a8e9-922a-4467-a797-fce07c715169, P0440                , 2026-04-19T00:29:00Z, 2edac3c9-e6eb-4cd8-aff8-bac1cd1bb3f7, Succeeded
79ba1e38-8e2c-4449-8d97-86532c6c111c, P0441                , 2025-09-11T21:58:50Z, c79288b2-8905-4701-b273-b75d723be9ff, Succeeded
79ba1e38-8e2c-4449-8d97-86532c6c111c, P0441                , 2025-09-12T21:58:50Z, c79288b2-8905-4701-b273-b75d723be9ff, Succeeded
79ba1e38-8e2c-4449-8d97-86532c6c111c, P0441                , 2025-09-13T21:58:50Z, c79288b2-8905-4701-b273-b75d723be9ff, Succeeded
fdba3052-b7a8-4ee2-b6b9-9f73af108b3d, P0442                , 2025-05-08T22:47:58Z, c8d67319-44c2-4641-9a95-8e245ef8ad5a, Succeeded
82aeeff8-716a-46b4-8413-0ee3a9641f10, P0443                , 2025-06-19T20:18:26Z, 1f211c97-ccb6-4e73-8e7e-52c3f0663a74, Succeeded
82aeeff8-716a-46b4-8413-0ee3a9641f10, P0443                , 2025-06-26T20:18:26Z, 54e974aa-0623-43a4-b9ee-9e20424194d6, Succeeded
82aeeff8-716a-46b4-8413-0ee3a9641f10, P0443                , 2025-06-27T20:18:26Z, 54e974aa-0623-43a4-b9ee-9e20424194d6, Succeeded
82aeeff8-716a-46b4-8413-0ee3a9641f10, P0443                , 2025-06-28T20:18:26Z, 54e974aa-0623-43a4-b9ee-9e20424194d6, Succeeded
82aeeff8-716a-46b4-8413-0ee3a9641f10, P0443                , 2025-07-19T20:18:26Z, 92760f7c-2a0b-42e5-b27f-e6592f999ee2, Succeeded
82aeeff8-716a-46b4-8413-0ee3a9641f10, P0443                , 2025-07-20T20:18:26Z, 92760f7c-2a0b-42e5-b27f-e6592f999ee2, Succeeded
82aeeff8-716a-46b4-8413-0ee3a9641f10, P0443                , 2025-07-21T20:18:26Z, 92760f7c-2a0b-42e5-b27f-e6592f999ee2, Succeeded
82aeeff8-716a-46b4-8413-0ee3a9641f10, P0443                , 2025-09-17T20:18:26Z, 7e3e0c5d-4fa6-43c7-b1f1-e3853b5cb103, Succeeded
82aeeff8-716a-46b4-8413-0ee3a9641f10, P0443                , 2025-12-13T21:18:26Z, d543eabb-e68f-41f7-825b-8a28fdba0b12, Succeeded
ff21fa3f-86d0-4b41-8a54-d380a34f4ce1, P0445                , 2025-03-13T16:19:28Z, edc82673-7ebc-4e44-8b2a-ea1651f76e44, Succeeded
ff21fa3f-86d0-4b41-8a54-d380a34f4ce1, P0445                , 2025-08-10T16:19:28Z, 2a6fc9cb-0f8d-4cc6-9ab2-d8dc18ea203d, Succeeded
ff21fa3f-86d0-4b41-8a54-d380a34f4ce1, P0445                , 2025-08-11T16:19:28Z, 2a6fc9cb-0f8d-4cc6-9ab2-d8dc18ea203d, Succeeded
ae5de905-9d99-45c5-b52c-05e38ac9cecc, P0446                , 2025-09-24T08:26:35Z, c222bcfe-40c6-4eb9-a986-a79de22fcff2, Succeeded
ae5de905-9d99-45c5-b52c-05e38ac9cecc, P0446                , 2025-09-25T08:26:35Z, c222bcfe-40c6-4eb9-a986-a79de22fcff2, Succeeded
ae5de905-9d99-45c5-b52c-05e38ac9cecc, P0446                , 2025-10-01T08:26:35Z, 24aaa436-3bf8-4f20-9fc0-d1d44af86160, Succeeded
ae5de905-9d99-45c5-b52c-05e38ac9cecc, P0446                , 2025-10-24T08:26:35Z, 16a68f3a-8a8c-4e26-81a5-939599ed1af9, Succeeded
ae5de905-9d99-45c5-b52c-05e38ac9cecc, P0446                , 2025-10-25T08:26:35Z, 16a68f3a-8a8c-4e26-81a5-939599ed1af9, Succeeded
ae5de905-9d99-45c5-b52c-05e38ac9cecc, P0446                , 2026-02-18T09:26:35Z, 34df832a-beea-46c8-8cdd-478f874ad678, Succeeded
ae5de905-9d99-45c5-b52c-05e38ac9cecc, P0446                , 2026-02-19T09:26:35Z, 34df832a-beea-46c8-8cdd-478f874ad678, Succeeded
ae5de905-9d99-45c5-b52c-05e38ac9cecc, P0446                , 2026-02-20T09:26:35Z, 34df832a-beea-46c8-8cdd-478f874ad678, Succeeded
ab2bce44-d1eb-4aa8-b3d3-09344cd40a9f, P0447                , 2025-02-01T00:12:43Z, bc9fb558-786d-4b28-a682-52d9a3d873b3, Succeeded
ab2bce44-d1eb-4aa8-b3d3-09344cd40a9f, P0447                , 2025-04-24T23:12:43Z, e76525a8-22ad-4425-8d88-567c36b49e09, Succeeded
e8d1e7dd-b37b-4eae-8207-d2474fd64a85, P0448                , 2025-10-30T07:26:36Z, 599214e3-a5cd-4b2b-81ba-64b72d1834ee, Succeeded
e8d1e7dd-b37b-4eae-8207-d2474fd64a85, P0448                , 2025-11-22T08:26:36Z, 17b177ca-0cfc-4320-93f3-44173967f9fe, Succeeded
e8d1e7dd-b37b-4eae-8207-d2474fd64a85, P0448                , 2025-11-23T08:26:36Z, 17b177ca-0cfc-4320-93f3-44173967f9fe, Succeeded
e8d1e7dd-b37b-4eae-8207-d2474fd64a85, P0448                , 2025-11-24T08:26:36Z, 17b177ca-0cfc-4320-93f3-44173967f9fe, Succeeded
e8d1e7dd-b37b-4eae-8207-d2474fd64a85, P0448                , 2026-01-21T08:26:36Z, c992ef2c-691c-47cd-adf6-17ae3d811aaa, Succeeded
977ca4a8-7fd6-4d70-aaa6-69b6f2ecb6be, P0450                , 2025-10-09T00:52:02Z, 484c0b3b-9b4e-491d-a20a-c21eafb091bb, Succeeded
977ca4a8-7fd6-4d70-aaa6-69b6f2ecb6be, P0450                , 2025-10-10T00:52:02Z, 484c0b3b-9b4e-491d-a20a-c21eafb091bb, Succeeded
0164e8ff-5df3-4b59-a3a5-a9b779e9001f, P0451                , 2025-11-09T03:08:14Z, a3cd887d-b505-43bf-9c46-56f8a1feb50d, Succeeded
0164e8ff-5df3-4b59-a3a5-a9b779e9001f, P0451                , 2025-11-16T03:08:14Z, 543fd7a6-341d-43e2-b641-19a9a8899c34, Succeeded
0164e8ff-5df3-4b59-a3a5-a9b779e9001f, P0451                , 2025-11-17T03:08:14Z, 543fd7a6-341d-43e2-b641-19a9a8899c34, Succeeded
0164e8ff-5df3-4b59-a3a5-a9b779e9001f, P0451                , 2025-11-18T03:08:14Z, 543fd7a6-341d-43e2-b641-19a9a8899c34, Succeeded
0164e8ff-5df3-4b59-a3a5-a9b779e9001f, P0451                , 2026-04-25T02:08:14Z, 2ebf0c7a-6af0-477b-8c1c-9aa3ca30b84d, Succeeded
455ae3e0-1f33-481d-80e2-2f382a9f271b, P0452                , 2025-03-14T12:56:25Z, fe2d40f2-f232-4357-aa11-786d37d907e7, Succeeded
455ae3e0-1f33-481d-80e2-2f382a9f271b, P0452                , 2025-03-21T12:56:25Z, c518fe14-4ff2-4010-befb-78607814479f, Succeeded
455ae3e0-1f33-481d-80e2-2f382a9f271b, P0452                , 2025-04-13T12:56:25Z, 222fae7b-874f-4a68-b3fa-01098a9b8b28, Succeeded
455ae3e0-1f33-481d-80e2-2f382a9f271b, P0452                , 2025-06-12T12:56:25Z, 01f9a778-b27e-4d8a-90c6-627079c3474b, Succeeded
455ae3e0-1f33-481d-80e2-2f382a9f271b, P0452                , 2025-06-13T12:56:25Z, 01f9a778-b27e-4d8a-90c6-627079c3474b, Succeeded
455ae3e0-1f33-481d-80e2-2f382a9f271b, P0452                , 2025-09-09T12:56:25Z, 445aaac2-bcb9-47d0-85ad-c3c0418b74f5, Succeeded
455ae3e0-1f33-481d-80e2-2f382a9f271b, P0452                , 2025-09-10T12:56:25Z, 445aaac2-bcb9-47d0-85ad-c3c0418b74f5, Succeeded
1d02dbc8-fa6d-4008-9509-ceaf7e52c20c, P0453                , 2025-09-16T08:38:17Z, 92427596-c6c7-426f-9bd7-c035f41481a8, Succeeded
1d02dbc8-fa6d-4008-9509-ceaf7e52c20c, P0453                , 2025-09-17T08:38:17Z, 92427596-c6c7-426f-9bd7-c035f41481a8, Succeeded
1d02dbc8-fa6d-4008-9509-ceaf7e52c20c, P0453                , 2025-12-08T09:38:17Z, a84b967d-c0ee-46f0-ac84-bcdc9423eb9d, Succeeded
78be8bdc-33fd-4ccd-8ee1-d9eaf4fcd028, P0454                , 2025-12-02T05:49:55Z, 2840b917-46d2-473d-b021-2c89888da3d9, Succeeded
78be8bdc-33fd-4ccd-8ee1-d9eaf4fcd028, P0454                , 2026-02-25T05:49:55Z, 8881eeec-ab23-4e0f-8162-843850b63475, Succeeded
78be8bdc-33fd-4ccd-8ee1-d9eaf4fcd028, P0454                , 2026-02-26T05:49:55Z, 8881eeec-ab23-4e0f-8162-843850b63475, Succeeded
78be8bdc-33fd-4ccd-8ee1-d9eaf4fcd028, P0454                , 2026-02-27T05:49:55Z, 8881eeec-ab23-4e0f-8162-843850b63475, Succeeded
68b8ac25-c44f-4b8f-a3ad-dccde0f51de9, P0455                , 2025-02-11T19:58:28Z, 8c0c85f8-1653-4427-b154-55803afdb5cc, Succeeded
68b8ac25-c44f-4b8f-a3ad-dccde0f51de9, P0455                , 2025-05-12T18:58:28Z, 1cbd995c-329b-4aa9-8e99-4327283b67b7, Succeeded
300fd5be-fbdc-45a6-ae88-0d267b45f995, P0456                , 2025-07-17T06:06:11Z, c2a518fe-cd50-483b-a63d-e8658a787ed9, Succeeded
300fd5be-fbdc-45a6-ae88-0d267b45f995, P0456                , 2025-07-18T06:06:11Z, c2a518fe-cd50-483b-a63d-e8658a787ed9, Succeeded
300fd5be-fbdc-45a6-ae88-0d267b45f995, P0456                , 2025-07-24T06:06:11Z, f89b2ae8-cd0e-4549-90ba-9fec268ab821, Succeeded
5ec305f3-f368-4a02-be45-4277568266c4, P0457                , 2025-05-03T06:30:22Z, b3a34330-6999-49a7-b1d1-4a6b88aa3994, Succeeded
5ec305f3-f368-4a02-be45-4277568266c4, P0457                , 2025-06-02T06:30:22Z, 18d9367a-278c-4396-bd6c-873e058dfa2d, Succeeded
5ec305f3-f368-4a02-be45-4277568266c4, P0457                , 2025-06-03T06:30:22Z, 18d9367a-278c-4396-bd6c-873e058dfa2d, Succeeded
5ec305f3-f368-4a02-be45-4277568266c4, P0457                , 2025-08-01T06:30:22Z, 0b7c2dfc-13a2-4278-bc58-155c22be03dd, Succeeded
5ec305f3-f368-4a02-be45-4277568266c4, P0457                , 2025-08-02T06:30:22Z, 0b7c2dfc-13a2-4278-bc58-155c22be03dd, Succeeded
5ec305f3-f368-4a02-be45-4277568266c4, P0457                , 2025-08-03T06:30:22Z, 0b7c2dfc-13a2-4278-bc58-155c22be03dd, Succeeded
5ec305f3-f368-4a02-be45-4277568266c4, P0457                , 2025-08-31T06:30:22Z, 841c286f-7a6e-4815-b3fe-2897e40dbe8d, Succeeded
5ec305f3-f368-4a02-be45-4277568266c4, P0457                , 2025-09-01T06:30:22Z, 841c286f-7a6e-4815-b3fe-2897e40dbe8d, Succeeded
a9781f16-e344-4c70-8763-eda03f97a652, P0458                , 2025-04-25T23:49:59Z, f516c8ae-5817-4e67-acad-095bd53bec89, Succeeded
04c54d51-8275-4ce8-8554-2d534b09edf3, P0460                , 2026-02-20T18:03:07Z, b661ab13-9372-4380-bbed-10198ae46342, Succeeded
04c54d51-8275-4ce8-8554-2d534b09edf3, P0460                , 2026-02-21T18:03:07Z, b661ab13-9372-4380-bbed-10198ae46342, Succeeded
974c0cef-9321-40f2-9300-4efb7ca68590, P0461                , 2025-02-25T08:43:52Z, 7a011a2c-463e-4918-a0cd-7ab05305d3a0, Succeeded
974c0cef-9321-40f2-9300-4efb7ca68590, P0461                , 2025-02-26T08:43:52Z, 7a011a2c-463e-4918-a0cd-7ab05305d3a0, Succeeded
6cbee485-40b1-45b2-b1bb-d8bebb303d8d, P0462                , 2025-04-24T12:39:12Z, c192cf7c-4646-4799-b2a7-6a08fc2cb410, Succeeded
6cbee485-40b1-45b2-b1bb-d8bebb303d8d, P0462                , 2025-05-01T12:39:12Z, 674a9791-60ef-47ba-88c3-4a9c5fbc5eab, Succeeded
6cbee485-40b1-45b2-b1bb-d8bebb303d8d, P0462                , 2025-05-24T12:39:12Z, 7bb16205-bd1f-4732-999f-0f331025c4d9, Succeeded
6cbee485-40b1-45b2-b1bb-d8bebb303d8d, P0462                , 2025-07-23T12:39:12Z, 0eea4381-96bb-4ec6-b54d-88dcb616ef2b, Succeeded
6cbee485-40b1-45b2-b1bb-d8bebb303d8d, P0462                , 2025-07-24T12:39:12Z, 0eea4381-96bb-4ec6-b54d-88dcb616ef2b, Succeeded
f370825c-fa5c-4ee8-bd99-ccb3bb354423, P0463                , 2025-12-29T10:10:20Z, 05403d75-d3b4-48b6-9792-0cd7b734500c, Succeeded
f370825c-fa5c-4ee8-bd99-ccb3bb354423, P0463                , 2025-12-30T10:10:20Z, 05403d75-d3b4-48b6-9792-0cd7b734500c, Succeeded
bb5cdf17-e1b8-4a06-bd90-20aab11b8c88, P0464                , 2025-05-10T16:18:04Z, 37ede378-7612-4c24-bac6-a7bd86e0d7f3, Succeeded
bb5cdf17-e1b8-4a06-bd90-20aab11b8c88, P0464                , 2025-05-11T16:18:04Z, 37ede378-7612-4c24-bac6-a7bd86e0d7f3, Succeeded
bb5cdf17-e1b8-4a06-bd90-20aab11b8c88, P0464                , 2025-05-12T16:18:04Z, 37ede378-7612-4c24-bac6-a7bd86e0d7f3, Succeeded
bb5cdf17-e1b8-4a06-bd90-20aab11b8c88, P0464                , 2025-06-02T16:18:04Z, fccda7d6-6abc-4d79-8e86-db770a15811b, Succeeded
bb5cdf17-e1b8-4a06-bd90-20aab11b8c88, P0464                , 2025-06-03T16:18:04Z, fccda7d6-6abc-4d79-8e86-db770a15811b, Succeeded
bb5cdf17-e1b8-4a06-bd90-20aab11b8c88, P0464                , 2025-10-21T16:18:04Z, 5f68c3d2-395e-44e7-bec3-94842fe3b048, Succeeded
bb5cdf17-e1b8-4a06-bd90-20aab11b8c88, P0464                , 2025-10-22T16:18:04Z, 5f68c3d2-395e-44e7-bec3-94842fe3b048, Succeeded
bb5cdf17-e1b8-4a06-bd90-20aab11b8c88, P0464                , 2025-10-23T16:18:04Z, 5f68c3d2-395e-44e7-bec3-94842fe3b048, Succeeded
f4d29d91-8d6c-4c25-9c70-6ecb5509fa72, P0465                , 2025-06-03T04:16:19Z, 0354c5f9-434f-4cd7-ac95-1cecfcbaeae6, Succeeded
c5d89af1-a656-452c-a996-4e335ecc233b, P0466                , 2025-04-12T19:22:32Z, 4220d841-3e99-4a57-9070-c1e064f3c027, Succeeded
c5d89af1-a656-452c-a996-4e335ecc233b, P0466                , 2025-04-19T19:22:32Z, b6c80873-d08e-49dd-8bc4-6aade1a20d29, Succeeded
c5d89af1-a656-452c-a996-4e335ecc233b, P0466                , 2025-05-12T19:22:32Z, 6a38f61c-db4a-40e2-8774-4b4cac55d39f, Succeeded
c5d89af1-a656-452c-a996-4e335ecc233b, P0466                , 2025-05-13T19:22:32Z, 6a38f61c-db4a-40e2-8774-4b4cac55d39f, Succeeded
c5d89af1-a656-452c-a996-4e335ecc233b, P0466                , 2025-05-14T19:22:32Z, 6a38f61c-db4a-40e2-8774-4b4cac55d39f, Succeeded
fe0c9489-b9a0-458a-b4b3-7f396543e793, P0467                , 2025-04-10T23:14:58Z, dc882913-edf9-410c-9573-1bdaae5ab039, Succeeded
fe0c9489-b9a0-458a-b4b3-7f396543e793, P0467                , 2025-05-10T23:14:58Z, ae68af89-97d1-4914-9095-091ef77d13e0, Succeeded
fe0c9489-b9a0-458a-b4b3-7f396543e793, P0467                , 2025-07-09T23:14:58Z, 99c6881c-0b5c-4fe8-8269-716ca7887414, Succeeded
fe0c9489-b9a0-458a-b4b3-7f396543e793, P0467                , 2025-07-10T23:14:58Z, 99c6881c-0b5c-4fe8-8269-716ca7887414, Succeeded
fe0c9489-b9a0-458a-b4b3-7f396543e793, P0467                , 2025-07-11T23:14:58Z, 99c6881c-0b5c-4fe8-8269-716ca7887414, Succeeded
c0d67692-4566-4fd1-aece-35f1790c3440, P0469                , 2025-01-13T22:16:57Z, 529dae97-95d6-4026-9ad4-2f731e8d82bf, Succeeded
c0d67692-4566-4fd1-aece-35f1790c3440, P0469                , 2025-02-05T22:16:57Z, eec2c9db-6bbc-423b-a865-c5a695d3576c, Succeeded
c0d67692-4566-4fd1-aece-35f1790c3440, P0469                , 2025-04-06T21:16:57Z, 8e451c10-d913-4bbc-ae79-2aa2c3c8dd50, Succeeded
c0d67692-4566-4fd1-aece-35f1790c3440, P0469                , 2025-04-07T21:16:57Z, 8e451c10-d913-4bbc-ae79-2aa2c3c8dd50, Succeeded
c0d67692-4566-4fd1-aece-35f1790c3440, P0469                , 2025-05-24T21:16:57Z, 762290c6-a597-49b1-8df1-8bbac87e1a08, Succeeded
c0d67692-4566-4fd1-aece-35f1790c3440, P0469                , 2025-05-25T21:16:57Z, 762290c6-a597-49b1-8df1-8bbac87e1a08, Succeeded
71081554-f146-4e43-ab9a-14029c1bb284, P0470                , 2025-11-12T09:47:04Z, f9ae5910-82be-49b5-ac2a-fc8cb3dca837, Succeeded
71081554-f146-4e43-ab9a-14029c1bb284, P0470                , 2025-11-13T09:47:04Z, f9ae5910-82be-49b5-ac2a-fc8cb3dca837, Succeeded
a32a4492-bf9d-4752-bbf7-72b61340aa51, P0471                , 2025-12-04T01:18:17Z, f106cb25-636e-4b8a-88fe-c642d8e1286c, Succeeded
a32a4492-bf9d-4752-bbf7-72b61340aa51, P0471                , 2026-01-03T01:18:17Z, 453fe689-e03d-4cbb-99ac-8b98995a4cb3, Succeeded
a32a4492-bf9d-4752-bbf7-72b61340aa51, P0471                , 2026-01-04T01:18:17Z, 453fe689-e03d-4cbb-99ac-8b98995a4cb3, Succeeded
a32a4492-bf9d-4752-bbf7-72b61340aa51, P0471                , 2026-06-01T00:18:17Z, 9eaabfdc-cf8a-4a34-92b7-e31a2a169a5f, Succeeded
a32a4492-bf9d-4752-bbf7-72b61340aa51, P0471                , 2026-06-02T00:18:17Z, 9eaabfdc-cf8a-4a34-92b7-e31a2a169a5f, Succeeded
a32a4492-bf9d-4752-bbf7-72b61340aa51, P0471                , 2026-06-03T00:18:17Z, 9eaabfdc-cf8a-4a34-92b7-e31a2a169a5f, Succeeded
e640c13b-9db3-4826-a92c-4e8720627b01, P0473                , 2025-12-18T23:22:16Z, 4d3e5e53-cabd-4c5e-90c8-491c045c2e8b, Succeeded
e640c13b-9db3-4826-a92c-4e8720627b01, P0473                , 2025-12-19T23:22:16Z, 4d3e5e53-cabd-4c5e-90c8-491c045c2e8b, Succeeded
e640c13b-9db3-4826-a92c-4e8720627b01, P0473                , 2025-12-20T23:22:16Z, 4d3e5e53-cabd-4c5e-90c8-491c045c2e8b, Succeeded
e640c13b-9db3-4826-a92c-4e8720627b01, P0473                , 2025-12-25T23:22:16Z, 9568074b-af4c-4811-acac-bc88f9ef250a, Succeeded
e640c13b-9db3-4826-a92c-4e8720627b01, P0473                , 2025-12-26T23:22:16Z, 9568074b-af4c-4811-acac-bc88f9ef250a, Succeeded
e640c13b-9db3-4826-a92c-4e8720627b01, P0473                , 2026-03-18T22:22:16Z, 27520c60-05ef-4e3c-b79b-7e264471e641, Succeeded
e640c13b-9db3-4826-a92c-4e8720627b01, P0473                , 2026-03-19T22:22:16Z, 27520c60-05ef-4e3c-b79b-7e264471e641, Succeeded
e640c13b-9db3-4826-a92c-4e8720627b01, P0473                , 2026-03-20T22:22:16Z, 27520c60-05ef-4e3c-b79b-7e264471e641, Succeeded
d322fd02-64c1-4bda-8944-e96749a40d06, P0474                , 2026-04-14T04:06:28Z, ae311117-8cba-4f7b-885b-4f07fac60758, Succeeded
d322fd02-64c1-4bda-8944-e96749a40d06, P0474                , 2026-04-15T04:06:28Z, ae311117-8cba-4f7b-885b-4f07fac60758, Succeeded
5decdf96-60c4-470a-964f-47212892b602, P0475                , 2025-09-19T07:48:19Z, 7a615e9a-ac25-42fa-8ed3-e91117286833, Succeeded
9cb5084a-1a00-49f3-9d95-6fb74307ed51, P0476                , 2025-06-11T11:41:00Z, 620d4788-d77c-4a2e-b68f-27abde3d5ea8, Succeeded
9cb5084a-1a00-49f3-9d95-6fb74307ed51, P0476                , 2025-06-12T11:41:00Z, 620d4788-d77c-4a2e-b68f-27abde3d5ea8, Succeeded
9cb5084a-1a00-49f3-9d95-6fb74307ed51, P0476                , 2025-07-11T11:41:00Z, d46072d7-faa6-4e0a-8b26-de5ba09257de, Succeeded
9cb5084a-1a00-49f3-9d95-6fb74307ed51, P0476                , 2025-09-09T11:41:00Z, ad6a04ff-cd96-45ec-ac1d-ce98870f755f, Succeeded
9cb5084a-1a00-49f3-9d95-6fb74307ed51, P0476                , 2025-09-10T11:41:00Z, ad6a04ff-cd96-45ec-ac1d-ce98870f755f, Succeeded
9cb5084a-1a00-49f3-9d95-6fb74307ed51, P0476                , 2025-09-11T11:41:00Z, ad6a04ff-cd96-45ec-ac1d-ce98870f755f, Succeeded
8b81e2bf-2f65-418c-ab89-5133bfcb0815, P0477                , 2025-01-07T12:49:04Z, 348d7c3f-f3b7-460e-a810-14b534ce6196, Succeeded
e4dfb6df-906f-44de-86ce-8629fd816397, P0478                , 2025-01-23T19:10:58Z, d515faa6-12dc-44e6-90ce-9875a98c0df7, Succeeded
e4dfb6df-906f-44de-86ce-8629fd816397, P0478                , 2025-02-22T19:10:58Z, dc175e49-602c-4e48-b467-4cfa6873d0e5, Succeeded
e4dfb6df-906f-44de-86ce-8629fd816397, P0478                , 2025-04-23T18:10:58Z, 566fb1d1-2a8d-427f-a87c-b3feb41466c5, Succeeded
9e9ab39d-05e4-4413-ba4a-389ecff5e93a, P0479                , 2025-05-08T22:58:42Z, 1e69bdaa-a36c-49bc-9387-f47860153278, Succeeded
9e9ab39d-05e4-4413-ba4a-389ecff5e93a, P0479                , 2025-07-19T22:58:42Z, 98dc871c-91b9-4631-b442-146fbf87a164, Succeeded
9e9ab39d-05e4-4413-ba4a-389ecff5e93a, P0479                , 2025-07-20T22:58:42Z, 98dc871c-91b9-4631-b442-146fbf87a164, Succeeded
6e23c35f-37bd-4896-9ac1-3ecb85d3140c, P0480                , 2025-05-02T20:27:34Z, 0aa80969-2f46-473f-86c7-d777807dcde4, Succeeded
6e23c35f-37bd-4896-9ac1-3ecb85d3140c, P0480                , 2025-07-01T20:27:34Z, 5cd92bcf-3449-431a-9a08-62618068c886, Succeeded
26dbe47d-ae4e-45e3-be92-1c964b8abe76, P0482                , 2025-05-31T20:39:05Z, de57e89d-b4bd-45df-97da-d30b644a7f31, Succeeded
26dbe47d-ae4e-45e3-be92-1c964b8abe76, P0482                , 2025-09-14T20:39:05Z, b0a02e82-a00e-4f8f-9adb-9bc497ec5b03, Succeeded
26dbe47d-ae4e-45e3-be92-1c964b8abe76, P0482                , 2025-09-15T20:39:05Z, b0a02e82-a00e-4f8f-9adb-9bc497ec5b03, Succeeded
26dbe47d-ae4e-45e3-be92-1c964b8abe76, P0482                , 2025-09-16T20:39:05Z, b0a02e82-a00e-4f8f-9adb-9bc497ec5b03, Succeeded
a0438346-2296-4605-89e8-57dc7226ee99, P0483                , 2025-03-20T06:37:56Z, 0e0767d7-f964-400d-83ce-37a17d408dd6, Succeeded
a0438346-2296-4605-89e8-57dc7226ee99, P0483                , 2025-03-21T06:37:56Z, 0e0767d7-f964-400d-83ce-37a17d408dd6, Succeeded
c30cde6b-ef68-4f00-9233-73ba882632c6, P0485                , 2025-09-24T20:21:59Z, 0327ca8d-82f1-4e5f-a73c-f0ee755732e1, Succeeded
c30cde6b-ef68-4f00-9233-73ba882632c6, P0485                , 2025-09-25T20:21:59Z, 0327ca8d-82f1-4e5f-a73c-f0ee755732e1, Succeeded
c30cde6b-ef68-4f00-9233-73ba882632c6, P0485                , 2025-09-26T20:21:59Z, 0327ca8d-82f1-4e5f-a73c-f0ee755732e1, Succeeded
c30cde6b-ef68-4f00-9233-73ba882632c6, P0485                , 2025-12-23T21:21:59Z, eb69da09-3c4a-45cf-9ad7-4d63a9339782, Succeeded
c30cde6b-ef68-4f00-9233-73ba882632c6, P0485                , 2025-12-24T21:21:59Z, eb69da09-3c4a-45cf-9ad7-4d63a9339782, Succeeded
c30cde6b-ef68-4f00-9233-73ba882632c6, P0485                , 2025-12-25T21:21:59Z, eb69da09-3c4a-45cf-9ad7-4d63a9339782, Succeeded
4f5d20f1-4edf-40ce-8f8c-c1c66326673d, P0486                , 2025-08-07T10:33:37Z, 48cc5262-81ba-41d3-a21b-6192c6630e61, Succeeded
4f5d20f1-4edf-40ce-8f8c-c1c66326673d, P0486                , 2025-08-08T10:33:37Z, 48cc5262-81ba-41d3-a21b-6192c6630e61, Succeeded
4f5d20f1-4edf-40ce-8f8c-c1c66326673d, P0486                , 2025-09-06T10:33:37Z, 625e9b77-ed6a-410a-ba97-ad92a89cdb0b, Succeeded
4f5d20f1-4edf-40ce-8f8c-c1c66326673d, P0486                , 2025-11-05T11:33:37Z, f81513e1-5edf-46fd-9b62-01deb635f7ed, Succeeded
4f5d20f1-4edf-40ce-8f8c-c1c66326673d, P0486                , 2025-11-06T11:33:37Z, f81513e1-5edf-46fd-9b62-01deb635f7ed, Succeeded
4f5d20f1-4edf-40ce-8f8c-c1c66326673d, P0486                , 2025-11-07T11:33:37Z, f81513e1-5edf-46fd-9b62-01deb635f7ed, Succeeded
4f5d20f1-4edf-40ce-8f8c-c1c66326673d, P0486                , 2025-12-06T11:33:37Z, 3510bcc1-780c-4b6a-9a2c-8bcf8ef0f118, Succeeded
4f5d20f1-4edf-40ce-8f8c-c1c66326673d, P0486                , 2025-12-07T11:33:37Z, 3510bcc1-780c-4b6a-9a2c-8bcf8ef0f118, Succeeded
4f5d20f1-4edf-40ce-8f8c-c1c66326673d, P0486                , 2025-12-08T11:33:37Z, 3510bcc1-780c-4b6a-9a2c-8bcf8ef0f118, Succeeded
6266d2fc-0c86-4084-998c-533af9990551, P0487                , 2025-11-11T10:11:34Z, 7a1992a9-df32-45e1-8a56-261eec728a72, Succeeded
6266d2fc-0c86-4084-998c-533af9990551, P0487                , 2025-11-12T10:11:34Z, 7a1992a9-df32-45e1-8a56-261eec728a72, Succeeded
6266d2fc-0c86-4084-998c-533af9990551, P0487                , 2026-01-31T10:11:34Z, 659e9c25-441b-4db4-8a71-2fa2fad53074, Succeeded
d5bbb75f-ccf8-4034-ae15-e6385bc10114, P0488                , 2026-03-31T01:11:15Z, b0ccbdc0-b129-4b90-b036-78de7a0b33ae, Succeeded
d5bbb75f-ccf8-4034-ae15-e6385bc10114, P0488                , 2026-04-01T01:11:15Z, b0ccbdc0-b129-4b90-b036-78de7a0b33ae, Succeeded
d5bbb75f-ccf8-4034-ae15-e6385bc10114, P0488                , 2026-04-02T01:11:15Z, b0ccbdc0-b129-4b90-b036-78de7a0b33ae, Succeeded
de897d6c-e15a-4111-9951-2b38fb567f26, P0490                , 2025-05-24T13:05:46Z, a020030f-5e14-4616-96b0-41557ac3765b, Succeeded
de897d6c-e15a-4111-9951-2b38fb567f26, P0490                , 2025-05-25T13:05:46Z, a020030f-5e14-4616-96b0-41557ac3765b, Succeeded
64e9ec8d-e722-4dea-8e69-6de0c0201e34, P0491                , 2025-05-10T19:46:28Z, 9d3e7ed7-9199-4446-8a7b-e6e92cca5d16, Succeeded
64e9ec8d-e722-4dea-8e69-6de0c0201e34, P0491                , 2025-05-11T19:46:28Z, 9d3e7ed7-9199-4446-8a7b-e6e92cca5d16, Succeeded
64e9ec8d-e722-4dea-8e69-6de0c0201e34, P0491                , 2025-05-12T19:46:28Z, 9d3e7ed7-9199-4446-8a7b-e6e92cca5d16, Succeeded
cd672c38-d65c-4cc3-a70a-4003d8238b5d, P0493                , 2025-06-27T14:38:41Z, 830329ae-dd58-4f0f-8389-618f4d159504, Succeeded
cd672c38-d65c-4cc3-a70a-4003d8238b5d, P0493                , 2025-06-28T14:38:41Z, 830329ae-dd58-4f0f-8389-618f4d159504, Succeeded
cd672c38-d65c-4cc3-a70a-4003d8238b5d, P0493                , 2025-11-29T15:38:41Z, 17768019-39f3-438f-af19-0993c9d882c2, Succeeded
447dfefe-f278-434b-a6e9-e81d183c1225, P0494                , 2025-11-23T09:01:38Z, eb7fe933-22cb-457f-902c-17b55c6b39cc, Succeeded
447dfefe-f278-434b-a6e9-e81d183c1225, P0494                , 2025-11-24T09:01:38Z, eb7fe933-22cb-457f-902c-17b55c6b39cc, Succeeded
447dfefe-f278-434b-a6e9-e81d183c1225, P0494                , 2025-11-25T09:01:38Z, eb7fe933-22cb-457f-902c-17b55c6b39cc, Succeeded
8212bd06-8bec-42e5-afcc-b995aed2a17b, P0495                , 2025-09-01T12:12:16Z, 0e14e4fe-0aa1-479f-89d7-11a655ab0890, Succeeded
8212bd06-8bec-42e5-afcc-b995aed2a17b, P0495                , 2025-09-02T12:12:16Z, 0e14e4fe-0aa1-479f-89d7-11a655ab0890, Succeeded
8212bd06-8bec-42e5-afcc-b995aed2a17b, P0495                , 2025-09-08T12:12:16Z, 92913364-e091-4d04-8818-b8cf4399548e, Succeeded
8212bd06-8bec-42e5-afcc-b995aed2a17b, P0495                , 2025-10-01T12:12:16Z, 705becd1-c1ba-4e35-9709-1b602be98679, Succeeded
8212bd06-8bec-42e5-afcc-b995aed2a17b, P0495                , 2025-11-30T13:12:16Z, cc68aa81-2f1f-4e97-8c48-638e9d390410, Succeeded
8212bd06-8bec-42e5-afcc-b995aed2a17b, P0495                , 2026-02-07T13:12:16Z, 80d5472b-d771-4e6f-bb70-4b3ee1fd64b5, Succeeded
02dc1fa7-117d-4c22-9e56-0d6cc1d1430a, P0496                , 2025-10-12T18:24:20Z, 1131fb1e-b2fe-4750-8ab3-88da680a4417, Succeeded
02dc1fa7-117d-4c22-9e56-0d6cc1d1430a, P0496                , 2025-10-13T18:24:20Z, 1131fb1e-b2fe-4750-8ab3-88da680a4417, Succeeded
02dc1fa7-117d-4c22-9e56-0d6cc1d1430a, P0496                , 2025-10-14T18:24:20Z, 1131fb1e-b2fe-4750-8ab3-88da680a4417, Succeeded
02dc1fa7-117d-4c22-9e56-0d6cc1d1430a, P0496                , 2025-12-11T19:24:20Z, 6ef83486-a3f2-4e8d-8849-e3cc713fb69c, Succeeded
e393d81f-6a66-40d2-95cf-f347dbd71624, P0497                , 2026-03-14T20:58:42Z, e490aedd-ed2d-4d23-acdd-2cc12f6448d3, Succeeded
e393d81f-6a66-40d2-95cf-f347dbd71624, P0497                , 2026-03-15T20:58:42Z, e490aedd-ed2d-4d23-acdd-2cc12f6448d3, Succeeded
ce6ce84e-94c2-4f81-aa4b-7aef9ec6e1cb, P0498                , 2025-09-04T09:33:55Z, 0c0d52ab-1b83-44a8-9f7b-6fe7421cca42, Succeeded
fb4cb801-b7fe-4d47-9d8c-67e12e2e90c4, P0500                , 2026-03-26T15:14:18Z, 1cd5f330-afdb-491a-8815-a364b4329b26, Succeeded
fb4cb801-b7fe-4d47-9d8c-67e12e2e90c4, P0500                , 2026-06-05T15:14:18Z, 26740919-1af3-4dde-a4da-ca381c4b257e, Succeeded
fb4cb801-b7fe-4d47-9d8c-67e12e2e90c4, P0500                , 2026-06-06T15:14:18Z, 26740919-1af3-4dde-a4da-ca381c4b257e, Succeeded
2358658d-4c56-4b78-850d-55f7bd526a78, P0501                , 2025-06-07T11:19:44Z, f5eea09f-5f33-4d28-80c8-e9f8350f3078, Succeeded
2358658d-4c56-4b78-850d-55f7bd526a78, P0501                , 2025-06-14T11:19:44Z, 12717ef5-347d-4596-8d4a-56422984f8a9, Succeeded
2358658d-4c56-4b78-850d-55f7bd526a78, P0501                , 2025-06-15T11:19:44Z, 12717ef5-347d-4596-8d4a-56422984f8a9, Succeeded
2358658d-4c56-4b78-850d-55f7bd526a78, P0501                , 2025-06-16T11:19:44Z, 12717ef5-347d-4596-8d4a-56422984f8a9, Succeeded
c0c2540f-158e-46d4-a72d-1b8dc3b6e7d6, P0502                , 2025-06-03T05:55:38Z, d5cc46f7-aba9-4ca0-9abc-a9d85611ec7a, Succeeded
97dedb70-54af-4e18-9904-faa97688a4dc, P0503                , 2025-11-23T13:58:22Z, d15458e9-fa02-41a7-b8c0-24f44df25897, Succeeded
b652e1f5-055a-4ea1-8c9b-daf120ee912c, P0504                , 2025-03-26T05:52:31Z, e51d5947-8c4e-4e41-b6a4-a43a3b66e738, Succeeded
b652e1f5-055a-4ea1-8c9b-daf120ee912c, P0504                , 2025-04-25T05:52:31Z, 0ad8e294-2e80-463e-9a93-cdd53a6a5342, Succeeded
b652e1f5-055a-4ea1-8c9b-daf120ee912c, P0504                , 2025-09-19T05:52:31Z, e6d407a2-acf5-4db0-8550-a6b1aa3b1a58, Succeeded
b652e1f5-055a-4ea1-8c9b-daf120ee912c, P0504                , 2025-09-20T05:52:31Z, e6d407a2-acf5-4db0-8550-a6b1aa3b1a58, Succeeded
5de4f606-43a9-418f-9ab8-a8583c9faae1, P0506                , 2025-07-07T04:23:43Z, 107625c6-0201-4dfa-b230-0909cec86508, Succeeded
5de4f606-43a9-418f-9ab8-a8583c9faae1, P0506                , 2025-07-08T04:23:43Z, 107625c6-0201-4dfa-b230-0909cec86508, Succeeded
4e7a0a2c-7a3e-4624-8e0c-d699bfed305b, P0507                , 2025-07-15T23:45:47Z, 7c563c60-23ca-423c-8134-0a33438a2d06, Succeeded
4e7a0a2c-7a3e-4624-8e0c-d699bfed305b, P0507                , 2025-07-16T23:45:47Z, 7c563c60-23ca-423c-8134-0a33438a2d06, Succeeded
e5e3fd33-78a7-4375-b8a3-554dcd2666b6, P0508                , 2025-09-28T00:01:27Z, 7998abe1-588e-4e7c-b251-e9ce7aaa93d1, Succeeded
e5e3fd33-78a7-4375-b8a3-554dcd2666b6, P0508                , 2025-09-29T00:01:27Z, 7998abe1-588e-4e7c-b251-e9ce7aaa93d1, Succeeded
1233a4d3-b6d1-42ba-9c12-82b6bca52755, P0509                , 2026-03-08T15:18:40Z, 51089a57-b002-4b03-8f3e-516edab3c678, Succeeded
08083b80-2306-410b-a48d-6c5ff30c92e0, P0510                , 2025-02-23T22:15:49Z, f2c3849f-54ab-452e-a649-bfbb7415beed, Succeeded
08083b80-2306-410b-a48d-6c5ff30c92e0, P0510                , 2025-02-24T22:15:49Z, f2c3849f-54ab-452e-a649-bfbb7415beed, Succeeded
08083b80-2306-410b-a48d-6c5ff30c92e0, P0510                , 2025-03-18T21:15:49Z, 1d7a6d27-a4d6-46aa-86ba-2c9328eefb5f, Succeeded
08083b80-2306-410b-a48d-6c5ff30c92e0, P0510                , 2025-03-19T21:15:49Z, 1d7a6d27-a4d6-46aa-86ba-2c9328eefb5f, Succeeded
14f80d2f-f217-4836-b171-929df0346021, P0511                , 2025-10-02T02:18:11Z, a2ae1c07-759c-468a-a5f8-f635ce0e26ff, Succeeded
14f80d2f-f217-4836-b171-929df0346021, P0511                , 2025-10-03T02:18:11Z, a2ae1c07-759c-468a-a5f8-f635ce0e26ff, Succeeded
14f80d2f-f217-4836-b171-929df0346021, P0511                , 2025-10-04T02:18:11Z, a2ae1c07-759c-468a-a5f8-f635ce0e26ff, Succeeded
40fc5617-8090-4e56-bf16-8286b33ccb89, P0512                , 2025-10-03T19:18:05Z, 7b5c0b51-441b-4a4c-87ac-2dd560889b9e, Succeeded
57b33573-313b-4045-a040-284d0ad23896, P0513                , 2025-12-02T00:54:18Z, d1dd4ae6-a972-4e48-9464-428087436ef2, Succeeded
0d0c8b10-63d9-43e0-913b-b45ef3add0b6, P0514                , 2025-07-22T04:05:54Z, c956a30a-f2aa-41f7-bed3-6254a84030e0, Succeeded
0d0c8b10-63d9-43e0-913b-b45ef3add0b6, P0514                , 2025-08-14T04:05:54Z, 4d220056-6819-4c03-90ec-9b739813d641, Succeeded
0d0c8b10-63d9-43e0-913b-b45ef3add0b6, P0514                , 2025-08-15T04:05:54Z, 4d220056-6819-4c03-90ec-9b739813d641, Succeeded
0d0c8b10-63d9-43e0-913b-b45ef3add0b6, P0514                , 2025-08-16T04:05:54Z, 4d220056-6819-4c03-90ec-9b739813d641, Succeeded
0d0c8b10-63d9-43e0-913b-b45ef3add0b6, P0514                , 2026-01-04T05:05:54Z, 86d528f8-c5c3-4e2d-895e-a66498a2a6e6, Succeeded
0d0c8b10-63d9-43e0-913b-b45ef3add0b6, P0514                , 2026-01-05T05:05:54Z, 86d528f8-c5c3-4e2d-895e-a66498a2a6e6, Succeeded
0d0c8b10-63d9-43e0-913b-b45ef3add0b6, P0514                , 2026-01-06T05:05:54Z, 86d528f8-c5c3-4e2d-895e-a66498a2a6e6, Succeeded
44c1c883-80df-4e5f-824e-a562607096f2, P0516                , 2026-05-23T05:48:23Z, ef8b9e06-dd6c-4756-ac4b-b177dec9bcf1, Succeeded
44c1c883-80df-4e5f-824e-a562607096f2, P0516                , 2026-05-24T05:48:23Z, ef8b9e06-dd6c-4756-ac4b-b177dec9bcf1, Succeeded
a2215b15-a9be-4d16-b976-281e6644b2b5, P0517                , 2025-04-09T04:52:22Z, f0ad169e-7106-48ac-ae69-7c4bc9b0b957, Succeeded
a2215b15-a9be-4d16-b976-281e6644b2b5, P0517                , 2025-04-10T04:52:22Z, f0ad169e-7106-48ac-ae69-7c4bc9b0b957, Succeeded
a2215b15-a9be-4d16-b976-281e6644b2b5, P0517                , 2025-04-11T04:52:22Z, f0ad169e-7106-48ac-ae69-7c4bc9b0b957, Succeeded
a2215b15-a9be-4d16-b976-281e6644b2b5, P0517                , 2025-07-08T04:52:22Z, e472314f-dc34-4faf-a46b-3be8a241a4da, Succeeded
a2215b15-a9be-4d16-b976-281e6644b2b5, P0517                , 2025-07-09T04:52:22Z, e472314f-dc34-4faf-a46b-3be8a241a4da, Succeeded
a2215b15-a9be-4d16-b976-281e6644b2b5, P0517                , 2025-07-10T04:52:22Z, e472314f-dc34-4faf-a46b-3be8a241a4da, Succeeded
a2215b15-a9be-4d16-b976-281e6644b2b5, P0517                , 2025-08-08T04:52:22Z, 48cb59b6-ac07-4946-b9c7-760bc85bbf22, Succeeded
a2215b15-a9be-4d16-b976-281e6644b2b5, P0517                , 2025-08-09T04:52:22Z, 48cb59b6-ac07-4946-b9c7-760bc85bbf22, Succeeded
fb52b74a-3d2b-45b9-bcfd-9491f1d7db63, P0518                , 2025-06-01T14:11:01Z, caaf1425-c064-4d56-9300-a3b673ae8f0a, Succeeded
fb52b74a-3d2b-45b9-bcfd-9491f1d7db63, P0518                , 2025-08-30T14:11:01Z, 6a212e32-b6b3-4e30-a146-41e4f06e23a0, Succeeded
fb52b74a-3d2b-45b9-bcfd-9491f1d7db63, P0518                , 2025-08-31T14:11:01Z, 6a212e32-b6b3-4e30-a146-41e4f06e23a0, Succeeded
10918653-f597-4ac8-8cc5-b503affdcd28, P0519                , 2025-05-01T20:31:54Z, 3fafcc03-1f6f-4ec2-b071-4c7d82d76d7e, Succeeded
10918653-f597-4ac8-8cc5-b503affdcd28, P0519                , 2025-05-02T20:31:54Z, 3fafcc03-1f6f-4ec2-b071-4c7d82d76d7e, Succeeded
10918653-f597-4ac8-8cc5-b503affdcd28, P0519                , 2025-07-23T20:31:54Z, ef8961de-a138-4801-bf53-1a64a5dc6dba, Succeeded
0b33c8be-4d14-451e-ba00-2a550ff98fde, P0521                , 2025-05-19T21:07:25Z, aa0925d9-c320-4daa-bd18-c50ea6a628af, Succeeded
0b33c8be-4d14-451e-ba00-2a550ff98fde, P0521                , 2025-05-26T21:07:25Z, 3b3c147f-7650-4514-8223-4d1c89e06521, Succeeded
437727f6-4bf1-47f3-90ae-2de2c1305a61, P0522                , 2025-01-23T22:09:25Z, 79ea0d6d-dcfc-4ae3-aa05-c6fb86b72386, Succeeded
437727f6-4bf1-47f3-90ae-2de2c1305a61, P0522                , 2025-01-24T22:09:25Z, 79ea0d6d-dcfc-4ae3-aa05-c6fb86b72386, Succeeded
437727f6-4bf1-47f3-90ae-2de2c1305a61, P0522                , 2025-01-25T22:09:25Z, 79ea0d6d-dcfc-4ae3-aa05-c6fb86b72386, Succeeded
437727f6-4bf1-47f3-90ae-2de2c1305a61, P0522                , 2025-01-30T22:09:25Z, fc4019cf-ab89-4785-a5d2-51612998e620, Succeeded
437727f6-4bf1-47f3-90ae-2de2c1305a61, P0522                , 2025-04-23T21:09:25Z, b959ad2e-2e19-41c4-95b7-de58fe9be092, Succeeded
437727f6-4bf1-47f3-90ae-2de2c1305a61, P0522                , 2025-07-20T21:09:25Z, 9bb77367-2367-47bf-bc3f-239790831fcb, Succeeded
437727f6-4bf1-47f3-90ae-2de2c1305a61, P0522                , 2025-07-21T21:09:25Z, 9bb77367-2367-47bf-bc3f-239790831fcb, Succeeded
437727f6-4bf1-47f3-90ae-2de2c1305a61, P0522                , 2025-07-22T21:09:25Z, 9bb77367-2367-47bf-bc3f-239790831fcb, Succeeded
a116f045-6a2b-45e3-ab42-03463b3d85a1, P0523                , 2025-10-14T02:18:10Z, 01c774c1-ea0f-4f1c-b8c1-500745988bcd, Succeeded
a116f045-6a2b-45e3-ab42-03463b3d85a1, P0523                , 2025-10-15T02:18:10Z, 01c774c1-ea0f-4f1c-b8c1-500745988bcd, Succeeded
a116f045-6a2b-45e3-ab42-03463b3d85a1, P0523                , 2025-10-16T02:18:10Z, 01c774c1-ea0f-4f1c-b8c1-500745988bcd, Succeeded
a116f045-6a2b-45e3-ab42-03463b3d85a1, P0523                , 2026-04-06T02:18:10Z, 903fc051-e79c-42a1-8304-cf69fcc9af40, Succeeded
7365581d-fb33-401a-a77a-bc8afb8c6a86, P0524                , 2025-11-05T06:53:33Z, 22f651d9-be46-4337-8465-ad7729fa4e33, Succeeded
7365581d-fb33-401a-a77a-bc8afb8c6a86, P0524                , 2025-11-06T06:53:33Z, 22f651d9-be46-4337-8465-ad7729fa4e33, Succeeded
7365581d-fb33-401a-a77a-bc8afb8c6a86, P0524                , 2025-11-07T06:53:33Z, 22f651d9-be46-4337-8465-ad7729fa4e33, Succeeded
a9d6f5dc-3080-4179-b052-049caa74af7a, P0525                , 2025-07-20T02:43:28Z, b2682994-28fa-4b94-846b-b7c785444f16, Succeeded
a9d6f5dc-3080-4179-b052-049caa74af7a, P0525                , 2025-07-21T02:43:28Z, b2682994-28fa-4b94-846b-b7c785444f16, Succeeded
3014eeaa-a154-44b5-8683-db4cc75b4f1b, P0526                , 2025-12-08T16:26:38Z, 7ef59fea-760b-4037-9775-d1c4bea8f09b, Succeeded
3014eeaa-a154-44b5-8683-db4cc75b4f1b, P0526                , 2025-12-15T16:26:38Z, d8577be0-58a7-4782-8dcc-9cbdbca7ff3e, Succeeded
3014eeaa-a154-44b5-8683-db4cc75b4f1b, P0526                , 2025-12-16T16:26:38Z, d8577be0-58a7-4782-8dcc-9cbdbca7ff3e, Succeeded
3014eeaa-a154-44b5-8683-db4cc75b4f1b, P0526                , 2025-12-17T16:26:38Z, d8577be0-58a7-4782-8dcc-9cbdbca7ff3e, Succeeded
3014eeaa-a154-44b5-8683-db4cc75b4f1b, P0526                , 2026-03-08T15:26:38Z, f7aa8bcc-f16a-4e3c-a236-9ac169d98bcc, Succeeded
3014eeaa-a154-44b5-8683-db4cc75b4f1b, P0526                , 2026-03-09T15:26:38Z, f7aa8bcc-f16a-4e3c-a236-9ac169d98bcc, Succeeded
18dd7cec-753c-4390-81d5-6fe2ec00d0e0, P0527                , 2025-02-09T17:33:29Z, 114eedce-def3-4b94-89dd-28bdf415de26, Succeeded
18dd7cec-753c-4390-81d5-6fe2ec00d0e0, P0527                , 2025-02-10T17:33:29Z, 114eedce-def3-4b94-89dd-28bdf415de26, Succeeded
16683c9b-a4e9-48e1-b88d-8e6fbe68994a, P0528                , 2025-05-20T19:07:35Z, cd8f5379-e854-4b9d-9222-8f31a30db767, Succeeded
16683c9b-a4e9-48e1-b88d-8e6fbe68994a, P0528                , 2025-08-18T19:07:35Z, 4f2fb91d-bf82-4e98-a86f-9ab92999aba6, Succeeded
e0d22f87-c399-442e-816f-521786b760c1, P0529                , 2025-12-27T13:40:17Z, 9ad98ff5-821b-4804-8a4d-791e9bca761f, Succeeded
e0d22f87-c399-442e-816f-521786b760c1, P0529                , 2026-02-21T13:40:17Z, fed69e2c-08a5-48d3-825a-8570d2c35a16, Succeeded
e0d22f87-c399-442e-816f-521786b760c1, P0529                , 2026-02-22T13:40:17Z, fed69e2c-08a5-48d3-825a-8570d2c35a16, Succeeded
e0d22f87-c399-442e-816f-521786b760c1, P0529                , 2026-02-23T13:40:17Z, fed69e2c-08a5-48d3-825a-8570d2c35a16, Succeeded
8a350062-0225-4571-82b6-7bcb42b3b7ff, P0530                , 2025-05-09T20:55:52Z, 0d62cbfa-e310-449e-9519-9da2cfec205b, Succeeded
8a350062-0225-4571-82b6-7bcb42b3b7ff, P0530                , 2025-05-10T20:55:52Z, 0d62cbfa-e310-449e-9519-9da2cfec205b, Succeeded
8a350062-0225-4571-82b6-7bcb42b3b7ff, P0530                , 2025-05-11T20:55:52Z, 0d62cbfa-e310-449e-9519-9da2cfec205b, Succeeded
b2c643a8-292d-418b-a6c7-6e8c77e7a0c7, P0531                , 2025-07-22T22:51:16Z, 4a6dda30-4dc0-40dc-bf5e-98afffb7723a, Succeeded
b2c643a8-292d-418b-a6c7-6e8c77e7a0c7, P0531                , 2025-10-18T22:51:16Z, 48625697-1f38-4787-af55-49eb67892098, Succeeded
918a6ab8-3e98-4219-b28d-42a53d4d4ef8, P0532                , 2026-03-03T22:18:41Z, 8a680721-5f7c-4f9b-a317-81359d0496de, Succeeded
918a6ab8-3e98-4219-b28d-42a53d4d4ef8, P0532                , 2026-03-04T22:18:41Z, 8a680721-5f7c-4f9b-a317-81359d0496de, Succeeded
6d25b72e-5775-40e4-8dfc-d82779bc9205, P0533                , 2025-11-03T06:00:10Z, f9cf8fde-9d08-4791-bf21-91943f1410d7, Succeeded
67ab7c33-64ce-4fe6-ad7b-68e7a47c4d6f, P0534                , 2026-02-06T04:04:41Z, 5fa6efab-463f-4b16-b94f-d6f0bc3afa74, Succeeded
67ab7c33-64ce-4fe6-ad7b-68e7a47c4d6f, P0534                , 2026-04-24T03:04:41Z, d8dd7987-51ad-4aa9-bbf1-e3c3af9020e2, Succeeded
0ca1bbec-b41a-4b4f-8622-fb39a1f5b901, P0535                , 2025-12-30T05:26:44Z, ad0d1dad-16c7-4d5e-abe6-ca8e53d49c73, Succeeded
0ca1bbec-b41a-4b4f-8622-fb39a1f5b901, P0535                , 2026-03-23T04:26:44Z, b0406feb-e1ac-4128-8dd5-70d551313331, Succeeded
18ffa972-b7c6-4d42-8a76-e8fd39ed3b4b, P0536                , 2025-02-25T01:03:38Z, dc9e6a3a-9886-45c2-9670-f9e0f3b36bd3, Succeeded
18ffa972-b7c6-4d42-8a76-e8fd39ed3b4b, P0536                , 2025-02-26T01:03:38Z, dc9e6a3a-9886-45c2-9670-f9e0f3b36bd3, Succeeded
18ffa972-b7c6-4d42-8a76-e8fd39ed3b4b, P0536                , 2025-03-20T00:03:38Z, 82fdd992-0170-49a9-94f5-1fbb9e698497, Succeeded
18ffa972-b7c6-4d42-8a76-e8fd39ed3b4b, P0536                , 2025-03-21T00:03:38Z, 82fdd992-0170-49a9-94f5-1fbb9e698497, Succeeded
a541c650-e841-4442-bc0d-47b5db31e197, P0537                , 2025-04-26T19:42:00Z, dc12233c-4544-4086-9488-9beb731f293f, Succeeded
a541c650-e841-4442-bc0d-47b5db31e197, P0537                , 2025-04-27T19:42:00Z, dc12233c-4544-4086-9488-9beb731f293f, Succeeded
a541c650-e841-4442-bc0d-47b5db31e197, P0537                , 2025-04-28T19:42:00Z, dc12233c-4544-4086-9488-9beb731f293f, Succeeded
a541c650-e841-4442-bc0d-47b5db31e197, P0537                , 2025-05-03T19:42:00Z, 0979c8b6-f462-46d8-a23e-faff4b6b3359, Succeeded
c715a539-8e02-4bab-8cbc-21df2012c26c, P0538                , 2025-11-02T18:17:07Z, b7040c64-de3f-4d5f-86a3-d3e016f4d39b, Succeeded
c715a539-8e02-4bab-8cbc-21df2012c26c, P0538                , 2025-11-03T18:17:07Z, b7040c64-de3f-4d5f-86a3-d3e016f4d39b, Succeeded
c715a539-8e02-4bab-8cbc-21df2012c26c, P0538                , 2025-11-25T18:17:07Z, 93c2dfee-9d5d-4fbb-bd1e-c74029cfadc0, Succeeded
c715a539-8e02-4bab-8cbc-21df2012c26c, P0538                , 2025-11-26T18:17:07Z, 93c2dfee-9d5d-4fbb-bd1e-c74029cfadc0, Succeeded
c715a539-8e02-4bab-8cbc-21df2012c26c, P0538                , 2026-01-24T18:17:07Z, f5d05c34-8d93-4d65-979f-b875f4241b67, Succeeded
c715a539-8e02-4bab-8cbc-21df2012c26c, P0538                , 2026-01-25T18:17:07Z, f5d05c34-8d93-4d65-979f-b875f4241b67, Succeeded
c715a539-8e02-4bab-8cbc-21df2012c26c, P0538                , 2026-01-26T18:17:07Z, f5d05c34-8d93-4d65-979f-b875f4241b67, Succeeded
c715a539-8e02-4bab-8cbc-21df2012c26c, P0538                , 2026-03-23T17:17:07Z, a014961a-053c-4b0c-9eb5-bbfbba2bf387, Succeeded
c715a539-8e02-4bab-8cbc-21df2012c26c, P0538                , 2026-03-24T17:17:07Z, a014961a-053c-4b0c-9eb5-bbfbba2bf387, Succeeded
3b17eb1d-c82d-495f-974d-495c65372fb3, P0539                , 2025-06-12T07:20:01Z, 4bb4652b-a3a4-4170-819e-50f555e74f32, Succeeded
3b17eb1d-c82d-495f-974d-495c65372fb3, P0539                , 2025-06-13T07:20:01Z, 4bb4652b-a3a4-4170-819e-50f555e74f32, Succeeded
3b17eb1d-c82d-495f-974d-495c65372fb3, P0539                , 2025-06-14T07:20:01Z, 4bb4652b-a3a4-4170-819e-50f555e74f32, Succeeded
89f3cb62-0f5a-42a3-9bd8-e8a5a059bad0, P0540                , 2025-05-05T08:12:01Z, df9b66e7-7f6e-48e3-b81e-9e7283a83597, Succeeded
55abb171-da57-48a5-8f96-54b99c105c5e, P0541                , 2025-09-15T22:14:39Z, 9e1012c3-58db-474a-b2b8-e7f985f2cb90, Succeeded
6c8515f3-f8f6-49e1-8003-19de61cb2e4f, P0542                , 2026-01-17T05:12:06Z, 5603abbe-ac14-495c-8682-0891bae372bb, Succeeded
6c8515f3-f8f6-49e1-8003-19de61cb2e4f, P0542                , 2026-01-18T05:12:06Z, 5603abbe-ac14-495c-8682-0891bae372bb, Succeeded
6c8515f3-f8f6-49e1-8003-19de61cb2e4f, P0542                , 2026-01-19T05:12:06Z, 5603abbe-ac14-495c-8682-0891bae372bb, Succeeded
6c8515f3-f8f6-49e1-8003-19de61cb2e4f, P0542                , 2026-03-18T04:12:06Z, 6ad8907c-c830-4834-ac80-6a5f48d79321, Succeeded
6c8515f3-f8f6-49e1-8003-19de61cb2e4f, P0542                , 2026-03-19T04:12:06Z, 6ad8907c-c830-4834-ac80-6a5f48d79321, Succeeded
6c8515f3-f8f6-49e1-8003-19de61cb2e4f, P0542                , 2026-05-01T04:12:06Z, 08b79b7d-69f5-414e-ab7b-a2e042896037, Succeeded
e6fe9d2a-d617-4262-9410-aa70fc872ae2, P0544                , 2025-07-31T01:16:04Z, 68eb4a36-8c7c-454c-9589-fb3a89bb7b19, Succeeded
e6fe9d2a-d617-4262-9410-aa70fc872ae2, P0544                , 2025-08-01T01:16:04Z, 68eb4a36-8c7c-454c-9589-fb3a89bb7b19, Succeeded
e6fe9d2a-d617-4262-9410-aa70fc872ae2, P0544                , 2025-10-29T01:16:04Z, b39a55fd-7fc8-47a0-81ee-b024669112c7, Succeeded
e6fe9d2a-d617-4262-9410-aa70fc872ae2, P0544                , 2025-10-30T01:16:04Z, b39a55fd-7fc8-47a0-81ee-b024669112c7, Succeeded
8cf54995-f506-4f0b-b265-9c5ecec36eb9, P0545                , 2025-05-21T12:10:50Z, 4fdba99a-2597-40f0-a6b1-927233a628f8, Succeeded
25b01ab3-4348-4be5-94b0-6a3db374c515, P0546                , 2025-04-18T04:21:05Z, fefdf49e-af05-477f-aeb7-da07194141c5, Succeeded
25b01ab3-4348-4be5-94b0-6a3db374c515, P0546                , 2025-04-19T04:21:05Z, fefdf49e-af05-477f-aeb7-da07194141c5, Succeeded
25b01ab3-4348-4be5-94b0-6a3db374c515, P0546                , 2025-06-17T04:21:05Z, 4b5a2cc8-c735-47d8-b8e6-c6d0243b81e8, Succeeded
25b01ab3-4348-4be5-94b0-6a3db374c515, P0546                , 2025-06-18T04:21:05Z, 4b5a2cc8-c735-47d8-b8e6-c6d0243b81e8, Succeeded
25b01ab3-4348-4be5-94b0-6a3db374c515, P0546                , 2025-06-19T04:21:05Z, 4b5a2cc8-c735-47d8-b8e6-c6d0243b81e8, Succeeded
41cffec3-4886-4a6e-9342-e08eef68b2fe, P0547                , 2025-08-14T07:37:14Z, 3f7bdb37-eff2-4751-9511-43ee6e0ac8b0, Succeeded
41cffec3-4886-4a6e-9342-e08eef68b2fe, P0547                , 2025-09-06T07:37:14Z, 44eb0dd6-a259-486a-97c5-81f0ac31fcfe, Succeeded
0058400e-3937-4e90-a886-7144dc38228c, P0548                , 2025-01-23T08:18:38Z, 57c9b414-7d7c-40b0-8cac-b13bcc2110e7, Succeeded
0058400e-3937-4e90-a886-7144dc38228c, P0548                , 2025-01-24T08:18:38Z, 57c9b414-7d7c-40b0-8cac-b13bcc2110e7, Succeeded
0058400e-3937-4e90-a886-7144dc38228c, P0548                , 2025-01-25T08:18:38Z, 57c9b414-7d7c-40b0-8cac-b13bcc2110e7, Succeeded
0058400e-3937-4e90-a886-7144dc38228c, P0548                , 2025-04-23T07:18:38Z, 8a112f2e-70b1-4ba7-aacc-f9435fcee3d1, Succeeded
0058400e-3937-4e90-a886-7144dc38228c, P0548                , 2025-04-24T07:18:38Z, 8a112f2e-70b1-4ba7-aacc-f9435fcee3d1, Succeeded
0058400e-3937-4e90-a886-7144dc38228c, P0548                , 2025-04-25T07:18:38Z, 8a112f2e-70b1-4ba7-aacc-f9435fcee3d1, Succeeded
264cf709-2d65-4cc1-9127-cd64778ad824, P0549                , 2025-10-08T18:31:42Z, 1f08e342-8eeb-4e50-bb2e-abab4c4a107c, Succeeded
264cf709-2d65-4cc1-9127-cd64778ad824, P0549                , 2025-10-09T18:31:42Z, 1f08e342-8eeb-4e50-bb2e-abab4c4a107c, Succeeded
264cf709-2d65-4cc1-9127-cd64778ad824, P0549                , 2025-10-15T18:31:42Z, d212ade9-711d-401c-a90d-da6dee532583, Succeeded
264cf709-2d65-4cc1-9127-cd64778ad824, P0549                , 2026-01-06T19:31:42Z, 5c1aa948-a661-4e40-95eb-8a01bdce1845, Succeeded
a40897ca-3c0f-438d-81e0-faceb46f5096, P0550                , 2025-02-21T06:29:08Z, 061359c4-1f09-4426-915c-261445c4c914, Succeeded
a40897ca-3c0f-438d-81e0-faceb46f5096, P0550                , 2025-08-10T05:29:08Z, add7de6d-7af3-4819-afb1-b9b3f5b77f25, Succeeded
247c97de-169a-428a-bfb1-9907d5e07107, P0551                , 2025-03-05T12:06:23Z, 5e07918e-e494-4d02-ac07-c8ce14b48af2, Succeeded
247c97de-169a-428a-bfb1-9907d5e07107, P0551                , 2025-03-06T12:06:23Z, 5e07918e-e494-4d02-ac07-c8ce14b48af2, Succeeded
247c97de-169a-428a-bfb1-9907d5e07107, P0551                , 2025-03-07T12:06:23Z, 5e07918e-e494-4d02-ac07-c8ce14b48af2, Succeeded
247c97de-169a-428a-bfb1-9907d5e07107, P0551                , 2025-04-04T11:06:23Z, aaae64aa-1c04-43a8-89a3-afe9607875d6, Succeeded
aa9f7a0a-565a-4185-8af9-2c677157b4db, P0552                , 2025-11-27T22:13:16Z, e354b7aa-3ab4-49e9-a1d3-7af96737b49b, Succeeded
aa9f7a0a-565a-4185-8af9-2c677157b4db, P0552                , 2025-11-28T22:13:16Z, e354b7aa-3ab4-49e9-a1d3-7af96737b49b, Succeeded
aa9f7a0a-565a-4185-8af9-2c677157b4db, P0552                , 2025-11-29T22:13:16Z, e354b7aa-3ab4-49e9-a1d3-7af96737b49b, Succeeded
566b6db3-d002-44b4-b712-4072e34abf63, P0553                , 2025-02-18T04:30:32Z, b3e39ef9-21cb-4252-b48b-ee6b7a03f766, Succeeded
566b6db3-d002-44b4-b712-4072e34abf63, P0553                , 2025-02-25T04:30:32Z, f342e60e-052f-480e-9b00-35c7e67205ce, Succeeded
566b6db3-d002-44b4-b712-4072e34abf63, P0553                , 2025-08-10T03:30:32Z, 76120666-cb01-45d9-a8a9-06770aaaa17b, Succeeded
6d61a9bc-2b66-44a3-b656-16d4f85647ac, P0554                , 2025-03-18T10:28:37Z, 94ae13d8-ecab-443d-90cd-d386d5097087, Succeeded
6d61a9bc-2b66-44a3-b656-16d4f85647ac, P0554                , 2025-06-17T10:28:37Z, 9c9e0877-08fa-4e57-b6b8-bd6b96c3f4d4, Succeeded
774855fe-25c5-4217-9737-52fcc9416f9e, P0556                , 2025-05-20T07:26:26Z, b9a46f22-eebf-4ec4-a2e7-a16ea6dab25f, Succeeded
ff3c61e5-f742-4785-a139-0ba5644bbf78, P0557                , 2025-07-30T10:50:05Z, ffacda13-31a2-42d0-9052-960cd1b81104, Succeeded
64c6f6d6-dd2c-4fb2-bea0-7b012aeb7515, P0558                , 2025-06-17T23:53:52Z, 4c249797-a671-464d-9f86-3fe62e4f57ef, Succeeded
bfd7e5af-9df6-4a8d-b7fb-01a02fb2becf, P0559                , 2025-08-21T08:00:06Z, 8526be61-95b5-4a84-b86c-52c0e8caa8bc, Succeeded
bfd7e5af-9df6-4a8d-b7fb-01a02fb2becf, P0559                , 2025-08-22T08:00:06Z, 8526be61-95b5-4a84-b86c-52c0e8caa8bc, Succeeded
bfd7e5af-9df6-4a8d-b7fb-01a02fb2becf, P0559                , 2025-08-28T08:00:06Z, b23b1b69-f167-4dfe-85ed-5e0e4a4245c6, Succeeded
bfd7e5af-9df6-4a8d-b7fb-01a02fb2becf, P0559                , 2025-09-20T08:00:06Z, 80bc2fc8-6e1d-43a9-866d-f3d908b59850, Succeeded
62de1ba5-4266-4f80-b455-af5d2b3602d0, P0560                , 2025-12-09T03:48:17Z, 09dcd508-4459-4e59-9a81-b79141477680, Succeeded
6776e2a1-7413-4eb1-ab57-a47a27dc2ebf, P0561                , 2025-09-13T04:29:51Z, 82d304a2-c5fa-4fa2-8a00-c56fd0c699dd, Succeeded
c92142f3-02e2-4bcb-bb0e-967b9fb43942, P0562                , 2025-04-28T21:05:30Z, 842e31ee-bb45-4bad-a449-34c6ad85ad69, Succeeded
c92142f3-02e2-4bcb-bb0e-967b9fb43942, P0562                , 2025-04-29T21:05:30Z, 842e31ee-bb45-4bad-a449-34c6ad85ad69, Succeeded
c92142f3-02e2-4bcb-bb0e-967b9fb43942, P0562                , 2025-04-30T21:05:30Z, 842e31ee-bb45-4bad-a449-34c6ad85ad69, Succeeded
c92142f3-02e2-4bcb-bb0e-967b9fb43942, P0562                , 2025-10-22T21:05:30Z, a5e07bf6-e821-4d34-acdf-6038ed6d9288, Succeeded
c92142f3-02e2-4bcb-bb0e-967b9fb43942, P0562                , 2025-10-23T21:05:30Z, a5e07bf6-e821-4d34-acdf-6038ed6d9288, Succeeded
e028287e-8c11-493b-8ff9-a55f3ee4a851, P0563                , 2025-01-12T17:22:52Z, 0ede465c-b65e-4489-a446-c3fa7f25b68c, Succeeded
e028287e-8c11-493b-8ff9-a55f3ee4a851, P0563                , 2025-02-11T17:22:52Z, 3a8a5671-5591-475a-95ab-7a6df623715c, Succeeded
e028287e-8c11-493b-8ff9-a55f3ee4a851, P0563                , 2025-07-10T16:22:52Z, c7ae38c0-0f4b-45f2-b6d6-fe102d20e96a, Succeeded
aecef429-843a-40bd-bf3e-5037280446c8, P0564                , 2025-06-22T11:08:38Z, 9ff5fdb7-9da9-4bb3-a301-9561af9306f3, Succeeded
aecef429-843a-40bd-bf3e-5037280446c8, P0564                , 2025-06-23T11:08:38Z, 9ff5fdb7-9da9-4bb3-a301-9561af9306f3, Succeeded
aecef429-843a-40bd-bf3e-5037280446c8, P0564                , 2025-06-24T11:08:38Z, 9ff5fdb7-9da9-4bb3-a301-9561af9306f3, Succeeded
aecef429-843a-40bd-bf3e-5037280446c8, P0564                , 2025-07-15T11:08:38Z, ff363cb5-cdd6-4159-b4c6-258bb9f917d2, Succeeded
59e76366-92ea-4572-a833-da7804e4679c, P0565                , 2025-09-13T00:32:08Z, ab0b9711-4636-48fe-ba5f-2966e45b0551, Succeeded
59e76366-92ea-4572-a833-da7804e4679c, P0565                , 2025-11-12T01:32:08Z, aeb71eaf-e6aa-4ca5-95f8-86aaf957ddb5, Succeeded
58319e90-3870-4676-ae50-b93a4412bb9d, P0566                , 2025-03-21T13:10:51Z, 1d65c95a-3cbb-49f6-b502-dc250e346c95, Succeeded
58319e90-3870-4676-ae50-b93a4412bb9d, P0566                , 2025-03-22T13:10:51Z, 1d65c95a-3cbb-49f6-b502-dc250e346c95, Succeeded
58319e90-3870-4676-ae50-b93a4412bb9d, P0566                , 2025-05-20T13:10:51Z, c2010a50-08e5-4b6a-8db2-33264aad3dda, Succeeded
58319e90-3870-4676-ae50-b93a4412bb9d, P0566                , 2025-07-31T13:10:51Z, dc99575a-cba7-40dc-990b-1435e7566762, Succeeded
58319e90-3870-4676-ae50-b93a4412bb9d, P0566                , 2025-08-01T13:10:51Z, dc99575a-cba7-40dc-990b-1435e7566762, Succeeded
58319e90-3870-4676-ae50-b93a4412bb9d, P0566                , 2025-08-02T13:10:51Z, dc99575a-cba7-40dc-990b-1435e7566762, Succeeded
9a01ee7e-42eb-465c-a033-924a5eb8e38f, P0567                , 2025-08-17T17:53:39Z, c76f3750-15d4-4ea3-8bec-fe5691e56bbb, Succeeded
9a01ee7e-42eb-465c-a033-924a5eb8e38f, P0567                , 2025-11-11T18:53:39Z, bbb2a7ef-b2dd-4383-9221-4b91cc14dc15, Succeeded
e4b9054d-d803-40b4-b335-58283d540ef3, P0568                , 2025-06-11T18:51:31Z, dc7acaa2-b4f4-4b88-ac42-72f52187c75d, Succeeded
e4b9054d-d803-40b4-b335-58283d540ef3, P0568                , 2025-09-09T18:51:31Z, a9e6d568-7b54-4e90-b46a-08a8c0690bab, Succeeded
e4b9054d-d803-40b4-b335-58283d540ef3, P0568                , 2025-11-29T19:51:31Z, 7415409a-ff15-4ddb-8a81-4feb78dbb95c, Succeeded
dc29603e-b09c-473d-8398-9bbfbaddd6e8, P0569                , 2025-05-30T16:07:35Z, c26eca6a-805b-4e12-9953-4f646d617de3, Succeeded
dc29603e-b09c-473d-8398-9bbfbaddd6e8, P0569                , 2025-06-06T16:07:35Z, d6ce96ab-7de0-4cf9-89b1-c9ba36d6212a, Succeeded
dc29603e-b09c-473d-8398-9bbfbaddd6e8, P0569                , 2025-11-19T17:07:35Z, 859406d5-c290-4cc1-bc14-30ad330906e0, Succeeded
db570ccc-a402-4f86-a649-76ea7273d801, P0570                , 2025-11-18T00:35:33Z, 2ed2e023-914c-49ae-bb8b-768fcbd5f84b, Succeeded
1b5f4f3e-8dc5-46e2-a570-402b0448c1e7, P0571                , 2025-04-04T10:29:36Z, eb85fe71-1f2e-45c1-b64c-7eee2c341762, Succeeded
24dbb403-331a-4434-b6e5-a8c080a0dcba, P0572                , 2025-11-29T03:25:52Z, d9866e53-2cd5-49f4-b26f-9046445c9a5d, Succeeded
24dbb403-331a-4434-b6e5-a8c080a0dcba, P0572                , 2025-11-30T03:25:52Z, d9866e53-2cd5-49f4-b26f-9046445c9a5d, Succeeded
24dbb403-331a-4434-b6e5-a8c080a0dcba, P0572                , 2026-01-28T03:25:52Z, d60c9c42-94b0-49d6-a7d4-50002ea59794, Succeeded
7c41149e-53a4-466c-8ee5-13e1a0c4a790, P0574                , 2026-02-12T20:48:52Z, f61c1c19-a991-4211-8384-a5b5a66a3b1a, Succeeded
1b5c7190-b176-4999-a81c-e1a45274d722, P0575                , 2025-03-27T18:29:48Z, bfe95a9b-610b-49b3-88a4-64942b55f566, Succeeded
1b5c7190-b176-4999-a81c-e1a45274d722, P0575                , 2025-08-21T18:29:48Z, 96f600af-16f9-4ec4-9764-751c8477c8b1, Succeeded
1b5c7190-b176-4999-a81c-e1a45274d722, P0575                , 2025-08-22T18:29:48Z, 96f600af-16f9-4ec4-9764-751c8477c8b1, Succeeded
1b5c7190-b176-4999-a81c-e1a45274d722, P0575                , 2025-08-23T18:29:48Z, 96f600af-16f9-4ec4-9764-751c8477c8b1, Succeeded
1133eca3-5724-4565-879a-d5cb462fc0df, P0579                , 2025-10-29T08:26:49Z, 1faf7678-27b5-4257-abc3-35e2ba138b2d, Succeeded
1133eca3-5724-4565-879a-d5cb462fc0df, P0579                , 2025-10-30T08:26:49Z, 1faf7678-27b5-4257-abc3-35e2ba138b2d, Succeeded
ac4464ae-4109-4332-bbcc-b189f3396a81, P0580                , 2025-01-19T13:52:00Z, 3f9e4f73-3b74-4687-aeee-e95ba2ea53c6, Succeeded
ac4464ae-4109-4332-bbcc-b189f3396a81, P0580                , 2025-01-20T13:52:00Z, 3f9e4f73-3b74-4687-aeee-e95ba2ea53c6, Succeeded
ac4464ae-4109-4332-bbcc-b189f3396a81, P0580                , 2025-01-21T13:52:00Z, 3f9e4f73-3b74-4687-aeee-e95ba2ea53c6, Succeeded
ac4464ae-4109-4332-bbcc-b189f3396a81, P0580                , 2025-05-21T12:52:00Z, f68ceeeb-f50a-4543-97eb-4ca6997f485f, Succeeded
ac4464ae-4109-4332-bbcc-b189f3396a81, P0580                , 2025-05-22T12:52:00Z, f68ceeeb-f50a-4543-97eb-4ca6997f485f, Succeeded
98f38704-6fa6-4244-8a9a-64a2a489ac32, P0581                , 2025-09-22T10:12:40Z, be7dd35d-a0da-49b5-bea6-59297aa42527, Succeeded
98f38704-6fa6-4244-8a9a-64a2a489ac32, P0581                , 2025-12-14T11:12:40Z, 6d4cc2c2-7986-4de0-b808-cf1e71a0ea90, Succeeded
98f38704-6fa6-4244-8a9a-64a2a489ac32, P0581                , 2026-02-15T11:12:40Z, 7223c85a-2cb0-42b9-b02b-983b1d0de8ec, Succeeded
98f38704-6fa6-4244-8a9a-64a2a489ac32, P0581                , 2026-02-16T11:12:40Z, 7223c85a-2cb0-42b9-b02b-983b1d0de8ec, Succeeded
98f38704-6fa6-4244-8a9a-64a2a489ac32, P0581                , 2026-02-17T11:12:40Z, 7223c85a-2cb0-42b9-b02b-983b1d0de8ec, Succeeded
d049aac4-7692-4613-bd9a-3cce5aeba9bc, P0582                , 2025-11-06T02:24:38Z, c0d33f41-e324-4117-92ac-d0f267f24a47, Succeeded
d049aac4-7692-4613-bd9a-3cce5aeba9bc, P0582                , 2025-11-07T02:24:38Z, c0d33f41-e324-4117-92ac-d0f267f24a47, Succeeded
d049aac4-7692-4613-bd9a-3cce5aeba9bc, P0582                , 2026-02-27T02:24:38Z, f0d00dc4-c53f-46b7-8965-eefd6814a52c, Succeeded
d049aac4-7692-4613-bd9a-3cce5aeba9bc, P0582                , 2026-02-28T02:24:38Z, f0d00dc4-c53f-46b7-8965-eefd6814a52c, Succeeded
770d8d4e-c055-48d5-91b1-a30e20771478, P0583                , 2026-01-29T12:42:48Z, c533e637-61d7-42f6-935b-845a35a5eff9, Succeeded
852a4288-79f3-4900-b551-a596ac0a3a46, P0584                , 2025-07-30T17:34:05Z, 4027ddb1-37ec-4d46-9044-d81aba6f1427, Succeeded
852a4288-79f3-4900-b551-a596ac0a3a46, P0584                , 2025-07-31T17:34:05Z, 4027ddb1-37ec-4d46-9044-d81aba6f1427, Succeeded
852a4288-79f3-4900-b551-a596ac0a3a46, P0584                , 2025-08-01T17:34:05Z, 4027ddb1-37ec-4d46-9044-d81aba6f1427, Succeeded
852a4288-79f3-4900-b551-a596ac0a3a46, P0584                , 2025-08-29T17:34:05Z, cea69a52-eeb0-4470-81f1-63e032363e74, Succeeded
16a015c6-cbc3-468c-8f7b-ef9af3726c83, P0586                , 2025-08-12T00:01:32Z, d2c9a8cc-4476-480e-99fd-03bfdaa8015c, Succeeded
16a015c6-cbc3-468c-8f7b-ef9af3726c83, P0586                , 2025-08-13T00:01:32Z, d2c9a8cc-4476-480e-99fd-03bfdaa8015c, Succeeded
16a015c6-cbc3-468c-8f7b-ef9af3726c83, P0586                , 2025-08-14T00:01:32Z, d2c9a8cc-4476-480e-99fd-03bfdaa8015c, Succeeded
16a015c6-cbc3-468c-8f7b-ef9af3726c83, P0586                , 2025-09-04T00:01:32Z, a80e84d1-97ad-42b0-abc4-8e09ac62f0ad, Succeeded
e902dbea-b9b7-4c46-9c41-903632351b46, P0588                , 2025-12-12T20:26:31Z, ce489858-b8ac-40fb-a81a-f525f7218156, Succeeded
e902dbea-b9b7-4c46-9c41-903632351b46, P0588                , 2026-01-11T20:26:31Z, f59b069f-84b0-45e4-8325-3c52f679d420, Succeeded
e902dbea-b9b7-4c46-9c41-903632351b46, P0588                , 2026-01-12T20:26:31Z, f59b069f-84b0-45e4-8325-3c52f679d420, Succeeded
e902dbea-b9b7-4c46-9c41-903632351b46, P0588                , 2026-01-13T20:26:31Z, f59b069f-84b0-45e4-8325-3c52f679d420, Succeeded
a4931184-3be2-4ab0-8d06-d799e6b18b0b, P0589                , 2025-04-10T12:31:58Z, 95ee5bf3-e43a-48d2-80d0-493f975c43d3, Succeeded
a4931184-3be2-4ab0-8d06-d799e6b18b0b, P0589                , 2025-05-10T12:31:58Z, 7d2a5115-e147-4df6-8e61-ff8f0de285e8, Succeeded
a4931184-3be2-4ab0-8d06-d799e6b18b0b, P0589                , 2025-05-11T12:31:58Z, 7d2a5115-e147-4df6-8e61-ff8f0de285e8, Succeeded
a4931184-3be2-4ab0-8d06-d799e6b18b0b, P0589                , 2025-05-12T12:31:58Z, 7d2a5115-e147-4df6-8e61-ff8f0de285e8, Succeeded
a6d6e894-92d6-491e-83e7-61758bc48f0a, P0590                , 2025-11-03T00:41:23Z, 1220281e-4fd3-4594-81fc-56c5e8cfc216, Succeeded
a6d6e894-92d6-491e-83e7-61758bc48f0a, P0590                , 2025-11-04T00:41:23Z, 1220281e-4fd3-4594-81fc-56c5e8cfc216, Succeeded
a6d6e894-92d6-491e-83e7-61758bc48f0a, P0590                , 2026-03-09T23:41:23Z, f0b994aa-b6b9-49ce-b1ae-e6068dab3d79, Succeeded
a6d6e894-92d6-491e-83e7-61758bc48f0a, P0590                , 2026-03-10T23:41:23Z, f0b994aa-b6b9-49ce-b1ae-e6068dab3d79, Succeeded
a6d6e894-92d6-491e-83e7-61758bc48f0a, P0590                , 2026-03-11T23:41:23Z, f0b994aa-b6b9-49ce-b1ae-e6068dab3d79, Succeeded
82e8b88d-5013-4cdd-a7d8-ea3de5101ad8, P0591                , 2025-03-06T21:30:31Z, c2a7d1b6-2c07-4c8c-91fb-19b00140194e, Succeeded
82e8b88d-5013-4cdd-a7d8-ea3de5101ad8, P0591                , 2025-03-07T21:30:31Z, c2a7d1b6-2c07-4c8c-91fb-19b00140194e, Succeeded
82e8b88d-5013-4cdd-a7d8-ea3de5101ad8, P0591                , 2025-03-08T21:30:31Z, c2a7d1b6-2c07-4c8c-91fb-19b00140194e, Succeeded
82e8b88d-5013-4cdd-a7d8-ea3de5101ad8, P0591                , 2025-05-28T20:30:31Z, 2ba7d6f7-31ba-493f-a9fb-35a3e72a6092, Succeeded
82e8b88d-5013-4cdd-a7d8-ea3de5101ad8, P0591                , 2025-05-29T20:30:31Z, 2ba7d6f7-31ba-493f-a9fb-35a3e72a6092, Succeeded
82e8b88d-5013-4cdd-a7d8-ea3de5101ad8, P0591                , 2025-05-30T20:30:31Z, 2ba7d6f7-31ba-493f-a9fb-35a3e72a6092, Succeeded
82e8b88d-5013-4cdd-a7d8-ea3de5101ad8, P0591                , 2025-08-04T20:30:31Z, 6822c8f3-dde0-4d10-8130-a20aaae5c740, Succeeded
8ceb3aef-dcae-4720-a410-bf6d9d8ec980, P0592                , 2025-03-31T03:29:53Z, 785dc990-c110-47b5-962d-403d23c4a997, Succeeded
8ceb3aef-dcae-4720-a410-bf6d9d8ec980, P0592                , 2025-04-01T03:29:53Z, 785dc990-c110-47b5-962d-403d23c4a997, Succeeded
8ceb3aef-dcae-4720-a410-bf6d9d8ec980, P0592                , 2025-04-02T03:29:53Z, 785dc990-c110-47b5-962d-403d23c4a997, Succeeded
8ceb3aef-dcae-4720-a410-bf6d9d8ec980, P0592                , 2025-04-07T03:29:53Z, edb6a252-e31c-4bc8-93d1-0b912f3394eb, Succeeded
8ceb3aef-dcae-4720-a410-bf6d9d8ec980, P0592                , 2025-04-30T03:29:53Z, e1cea554-d268-4844-ba74-0ea7976b65c1, Succeeded
965b4d5f-75ff-407b-95f7-d125106bd9ad, P0593                , 2025-01-10T14:44:58Z, 4c70064a-b2b8-4f74-8951-c5b277c9c86a, Succeeded
965b4d5f-75ff-407b-95f7-d125106bd9ad, P0593                , 2025-01-11T14:44:58Z, 4c70064a-b2b8-4f74-8951-c5b277c9c86a, Succeeded
965b4d5f-75ff-407b-95f7-d125106bd9ad, P0593                , 2025-01-12T14:44:58Z, 4c70064a-b2b8-4f74-8951-c5b277c9c86a, Succeeded
965b4d5f-75ff-407b-95f7-d125106bd9ad, P0593                , 2025-02-09T14:44:58Z, b719a3b5-f31a-4276-9e56-04807206e838, Succeeded
965b4d5f-75ff-407b-95f7-d125106bd9ad, P0593                , 2025-02-10T14:44:58Z, b719a3b5-f31a-4276-9e56-04807206e838, Succeeded
9b31ff29-a4c5-4e4b-bdf1-739c5b4ce4d1, P0594                , 2025-01-14T23:41:02Z, 9e726a38-e720-4be8-a343-a1bc7f34a34d, Succeeded
4db64632-6a5e-4ec0-9e28-ed0c0c13034a, P0595                , 2025-04-19T00:15:25Z, 23496cec-ba30-4ac4-82f2-8045cf602b3a, Succeeded
4db64632-6a5e-4ec0-9e28-ed0c0c13034a, P0595                , 2025-04-26T00:15:25Z, 14867921-a8ca-46fa-bf2f-6a97b671aa40, Succeeded
bad97bfb-d75f-4a7a-8b17-4344d8ed2a0b, P0596                , 2025-07-30T15:53:00Z, fe2f50a4-72f3-4776-b682-9cccea72db04, Succeeded
bad97bfb-d75f-4a7a-8b17-4344d8ed2a0b, P0596                , 2025-08-06T15:53:00Z, b4b100e7-9c98-46be-be8c-b326c08bf8c0, Succeeded
bad97bfb-d75f-4a7a-8b17-4344d8ed2a0b, P0596                , 2025-08-07T15:53:00Z, b4b100e7-9c98-46be-be8c-b326c08bf8c0, Succeeded
bad97bfb-d75f-4a7a-8b17-4344d8ed2a0b, P0596                , 2026-01-21T16:53:00Z, b3ee81ca-f436-46d3-9299-c6ba7ad04b9d, Succeeded
ddf219c3-fe49-4100-9069-be513b0912e9, P0597                , 2025-07-13T11:08:34Z, d481c576-f1f0-473f-9659-5de4a9d9e96b, Succeeded
ddf219c3-fe49-4100-9069-be513b0912e9, P0597                , 2025-07-14T11:08:34Z, d481c576-f1f0-473f-9659-5de4a9d9e96b, Succeeded
dc4eeaef-1ae3-4e22-9830-d0c2932af008, P0598                , 2025-07-12T18:55:18Z, caa45e6a-23b2-4dd2-99c9-d92df4d6fb5c, Succeeded
c42d8582-e83d-4bb2-a7e9-f1c630072350, P0599                , 2025-05-13T22:56:39Z, 80538226-8164-4c38-ad05-934f8c7a30b4, Succeeded
c42d8582-e83d-4bb2-a7e9-f1c630072350, P0599                , 2025-05-14T22:56:39Z, 80538226-8164-4c38-ad05-934f8c7a30b4, Succeeded
c42d8582-e83d-4bb2-a7e9-f1c630072350, P0599                , 2025-09-21T22:56:39Z, 9c73d15b-8c6b-4bc9-9835-c1a39515b737, Succeeded
47192c01-fdeb-4425-b09f-a1af187e14a3, P0600                , 2025-05-10T17:37:59Z, 939af212-a273-4299-bad8-31016831d20b, Succeeded
c4ed23f7-a987-4e62-924b-824701a4fbb4, P0601                , 2025-02-24T09:22:51Z, 66d0615d-f475-4c87-8326-7197c8e96480, Succeeded
c4ed23f7-a987-4e62-924b-824701a4fbb4, P0601                , 2025-02-25T09:22:51Z, 66d0615d-f475-4c87-8326-7197c8e96480, Succeeded
c4ed23f7-a987-4e62-924b-824701a4fbb4, P0601                , 2025-03-03T09:22:51Z, 5ccc428e-007d-4e25-aed0-b7fcd619123f, Succeeded
c4ed23f7-a987-4e62-924b-824701a4fbb4, P0601                , 2025-03-04T09:22:51Z, 5ccc428e-007d-4e25-aed0-b7fcd619123f, Succeeded
c4ed23f7-a987-4e62-924b-824701a4fbb4, P0601                , 2025-03-05T09:22:51Z, 5ccc428e-007d-4e25-aed0-b7fcd619123f, Succeeded
c4ed23f7-a987-4e62-924b-824701a4fbb4, P0601                , 2025-05-25T08:22:51Z, 70d16bd8-90dc-4d9c-9c84-74a3ecd10d69, Succeeded
5729fff5-310a-45e7-af18-8c892e29a6c9, P0602                , 2025-09-08T21:59:31Z, 97570f10-fc74-49bf-b931-6dc56b906d7d, Succeeded
5729fff5-310a-45e7-af18-8c892e29a6c9, P0602                , 2026-01-02T22:59:31Z, a6e306f4-2512-4712-82d5-a290fc2f0785, Succeeded
5729fff5-310a-45e7-af18-8c892e29a6c9, P0602                , 2026-01-03T22:59:31Z, a6e306f4-2512-4712-82d5-a290fc2f0785, Succeeded
89398771-1a67-4f1a-9eed-8ecf68554d59, P0603                , 2025-11-18T02:13:25Z, 3a9e6c56-6087-47cd-bd0c-5e5e8b137e1c, Succeeded
60a1dda3-cb39-4e46-86b9-93deb416483b, P0604                , 2025-02-05T06:42:16Z, 9e25ffbc-4dff-4b68-8873-66b6ff00bf3e, Succeeded
60a1dda3-cb39-4e46-86b9-93deb416483b, P0604                , 2025-02-12T06:42:16Z, 6e1b6681-e65c-4fbe-a28b-534fd387b634, Succeeded
60a1dda3-cb39-4e46-86b9-93deb416483b, P0604                , 2025-02-13T06:42:16Z, 6e1b6681-e65c-4fbe-a28b-534fd387b634, Succeeded
60a1dda3-cb39-4e46-86b9-93deb416483b, P0604                , 2025-07-20T05:42:16Z, 3eed9f46-24e3-493b-b738-b249ef8e8527, Succeeded
60a1dda3-cb39-4e46-86b9-93deb416483b, P0604                , 2025-07-21T05:42:16Z, 3eed9f46-24e3-493b-b738-b249ef8e8527, Succeeded
e5558477-4146-4940-85b5-25324275dd9c, P0605                , 2025-11-23T14:12:13Z, 92c8cf81-8efd-4f9a-9a55-083978776d74, Succeeded
e5558477-4146-4940-85b5-25324275dd9c, P0605                , 2025-11-24T14:12:13Z, 92c8cf81-8efd-4f9a-9a55-083978776d74, Succeeded
e5558477-4146-4940-85b5-25324275dd9c, P0605                , 2025-11-25T14:12:13Z, 92c8cf81-8efd-4f9a-9a55-083978776d74, Succeeded
e5558477-4146-4940-85b5-25324275dd9c, P0605                , 2025-11-30T14:12:13Z, a42184ef-03ff-41aa-a0ef-9ee2ff6919ca, Succeeded
e5558477-4146-4940-85b5-25324275dd9c, P0605                , 2025-12-01T14:12:13Z, a42184ef-03ff-41aa-a0ef-9ee2ff6919ca, Succeeded
e5558477-4146-4940-85b5-25324275dd9c, P0605                , 2026-05-04T13:12:13Z, 3d906391-d8f5-4cde-bda0-b424ec709e75, Succeeded
87897378-4efa-4000-9f96-f2ac6a7f608c, P0606                , 2025-03-12T03:13:04Z, ceaebd07-a1e5-4052-aeb9-08ac7c18b71f, Succeeded
87897378-4efa-4000-9f96-f2ac6a7f608c, P0606                , 2025-03-13T03:13:04Z, ceaebd07-a1e5-4052-aeb9-08ac7c18b71f, Succeeded
87897378-4efa-4000-9f96-f2ac6a7f608c, P0606                , 2025-09-03T03:13:04Z, cb0b92ce-dca9-4b56-979b-9443327d2e67, Succeeded
a134831a-4778-4a6b-846d-95693f8f4e33, P0607                , 2025-08-11T06:10:00Z, 59dee6fc-71f7-408f-ba32-76c10d6ce653, Succeeded
a134831a-4778-4a6b-846d-95693f8f4e33, P0607                , 2025-08-12T06:10:00Z, 59dee6fc-71f7-408f-ba32-76c10d6ce653, Succeeded
a134831a-4778-4a6b-846d-95693f8f4e33, P0607                , 2025-08-13T06:10:00Z, 59dee6fc-71f7-408f-ba32-76c10d6ce653, Succeeded
a134831a-4778-4a6b-846d-95693f8f4e33, P0607                , 2025-11-02T07:10:00Z, 2d303170-1c17-4f83-8211-23ecbf499f0c, Succeeded
a134831a-4778-4a6b-846d-95693f8f4e33, P0607                , 2025-12-03T07:10:00Z, b592fd88-9d48-4ea1-92df-3febf1f2606f, Succeeded
b7ea61fe-e864-4347-9fed-ef9edd279409, P0608                , 2025-01-23T07:16:04Z, 262abfbf-c028-483a-bad4-276811356bc5, Succeeded
b7ea61fe-e864-4347-9fed-ef9edd279409, P0608                , 2025-01-24T07:16:04Z, 262abfbf-c028-483a-bad4-276811356bc5, Succeeded
b7ea61fe-e864-4347-9fed-ef9edd279409, P0608                , 2025-05-22T06:16:04Z, 3d7ae6c8-bb5a-4e06-8065-caf8cb32292f, Succeeded
b7ea61fe-e864-4347-9fed-ef9edd279409, P0608                , 2025-05-23T06:16:04Z, 3d7ae6c8-bb5a-4e06-8065-caf8cb32292f, Succeeded
b7ea61fe-e864-4347-9fed-ef9edd279409, P0608                , 2025-05-24T06:16:04Z, 3d7ae6c8-bb5a-4e06-8065-caf8cb32292f, Succeeded
de510763-383f-40db-bbfc-581becba8e34, P0609                , 2025-09-18T00:25:35Z, 58b77001-2516-4062-9ede-cee54d1f5cd7, Succeeded
de510763-383f-40db-bbfc-581becba8e34, P0609                , 2025-09-19T00:25:35Z, 58b77001-2516-4062-9ede-cee54d1f5cd7, Succeeded
de510763-383f-40db-bbfc-581becba8e34, P0609                , 2025-09-20T00:25:35Z, 58b77001-2516-4062-9ede-cee54d1f5cd7, Succeeded
de510763-383f-40db-bbfc-581becba8e34, P0609                , 2025-12-10T01:25:35Z, a93c0f01-81b5-486c-acde-ff8996a080da, Succeeded
de510763-383f-40db-bbfc-581becba8e34, P0609                , 2025-12-11T01:25:35Z, a93c0f01-81b5-486c-acde-ff8996a080da, Succeeded
de510763-383f-40db-bbfc-581becba8e34, P0609                , 2026-01-19T01:25:35Z, 12c96497-35b9-4710-b0d4-0907022bdf31, Succeeded
de510763-383f-40db-bbfc-581becba8e34, P0609                , 2026-01-20T01:25:35Z, 12c96497-35b9-4710-b0d4-0907022bdf31, Succeeded
de510763-383f-40db-bbfc-581becba8e34, P0609                , 2026-01-21T01:25:35Z, 12c96497-35b9-4710-b0d4-0907022bdf31, Succeeded
c44915e6-3974-432a-8947-ae1131d7baa8, P0610                , 2026-03-03T21:52:57Z, 60405d8b-6427-49ab-bb4e-5e2407c76859, Succeeded
c44915e6-3974-432a-8947-ae1131d7baa8, P0610                , 2026-03-04T21:52:57Z, 60405d8b-6427-49ab-bb4e-5e2407c76859, Succeeded
0d2977f0-1f0a-49df-a2c8-bf137cf47456, P0612                , 2025-12-26T04:15:45Z, e3be8b9e-da85-4505-84f0-a4c15f04497e, Succeeded
147ba6d1-c40c-46fd-9f62-108ed6f7c454, P0614                , 2025-09-18T12:03:20Z, a827cdcb-5c02-4a5d-9edb-c229e25b4761, Succeeded
c6311a1f-6b2a-4368-b59e-83b0b19d0c32, P0615                , 2025-05-13T19:40:31Z, 2aee4951-25d2-49c6-bbb5-4e5ae20e1d60, Succeeded
54c71eba-eabb-448e-9ba2-f92b8ab4f15c, P0617                , 2025-08-21T14:56:08Z, 3a3126dc-a4e1-4def-87a0-85b03562e946, Succeeded
54c71eba-eabb-448e-9ba2-f92b8ab4f15c, P0617                , 2025-08-22T14:56:08Z, 3a3126dc-a4e1-4def-87a0-85b03562e946, Succeeded
58c99884-9010-4d52-a451-7129519e5d95, P0618                , 2025-10-28T12:44:50Z, beb20f2e-229a-496e-8302-48ba974325a5, Succeeded
58c99884-9010-4d52-a451-7129519e5d95, P0618                , 2025-10-29T12:44:50Z, beb20f2e-229a-496e-8302-48ba974325a5, Succeeded
58c99884-9010-4d52-a451-7129519e5d95, P0618                , 2025-10-30T12:44:50Z, beb20f2e-229a-496e-8302-48ba974325a5, Succeeded
58c99884-9010-4d52-a451-7129519e5d95, P0618                , 2026-04-17T12:44:50Z, fbf3085f-8853-423d-b5f9-1061d31e65fd, Succeeded
1446f716-09d1-404d-8c8a-ef4911159ea7, P0619                , 2025-10-24T02:07:14Z, b4067b04-025b-4b78-b6fe-d0d28f9d76d3, Succeeded
1446f716-09d1-404d-8c8a-ef4911159ea7, P0619                , 2025-11-16T03:07:14Z, bea4fe8c-f97c-461f-a89d-6646f02b7b38, Succeeded
1446f716-09d1-404d-8c8a-ef4911159ea7, P0619                , 2025-11-17T03:07:14Z, bea4fe8c-f97c-461f-a89d-6646f02b7b38, Succeeded
6ef21e81-883a-44e3-b72b-5fe9bf495bc7, P0620                , 2025-05-04T19:17:43Z, a9d5fa40-1a21-4dc0-92dd-04eb946fde0b, Succeeded
6ef21e81-883a-44e3-b72b-5fe9bf495bc7, P0620                , 2025-05-05T19:17:43Z, a9d5fa40-1a21-4dc0-92dd-04eb946fde0b, Succeeded
6ef21e81-883a-44e3-b72b-5fe9bf495bc7, P0620                , 2025-05-11T19:17:43Z, 4c631759-99ba-4977-bdcd-867db9125fdc, Succeeded
6ef21e81-883a-44e3-b72b-5fe9bf495bc7, P0620                , 2025-05-12T19:17:43Z, 4c631759-99ba-4977-bdcd-867db9125fdc, Succeeded
6ef21e81-883a-44e3-b72b-5fe9bf495bc7, P0620                , 2025-06-03T19:17:43Z, b6975435-3463-4dc6-a533-46b000558f86, Succeeded
6ef21e81-883a-44e3-b72b-5fe9bf495bc7, P0620                , 2025-08-02T19:17:43Z, 9be7d7bd-9bda-4480-a597-95d8298b0824, Succeeded
46c3d5bd-73a7-4d2c-8309-645bd8f06786, P0621                , 2025-01-23T09:20:29Z, 8e05b637-150c-4a6c-8509-4f4ade548a73, Succeeded
46c3d5bd-73a7-4d2c-8309-645bd8f06786, P0621                , 2025-01-24T09:20:29Z, 8e05b637-150c-4a6c-8509-4f4ade548a73, Succeeded
46c3d5bd-73a7-4d2c-8309-645bd8f06786, P0621                , 2025-01-25T09:20:29Z, 8e05b637-150c-4a6c-8509-4f4ade548a73, Succeeded
46c3d5bd-73a7-4d2c-8309-645bd8f06786, P0621                , 2025-01-30T09:20:29Z, ae234e87-3b46-451b-a7fd-26a4b1ba92df, Succeeded
46c3d5bd-73a7-4d2c-8309-645bd8f06786, P0621                , 2025-01-31T09:20:29Z, ae234e87-3b46-451b-a7fd-26a4b1ba92df, Succeeded
46c3d5bd-73a7-4d2c-8309-645bd8f06786, P0621                , 2025-02-01T09:20:29Z, ae234e87-3b46-451b-a7fd-26a4b1ba92df, Succeeded
46c3d5bd-73a7-4d2c-8309-645bd8f06786, P0621                , 2025-04-23T08:20:29Z, 947de349-381a-4c6e-a02a-3d5be6efc09c, Succeeded
46c3d5bd-73a7-4d2c-8309-645bd8f06786, P0621                , 2025-04-24T08:20:29Z, 947de349-381a-4c6e-a02a-3d5be6efc09c, Succeeded
f81289a3-cf5f-42e0-9502-ac8bbe0c4c3a, P0622                , 2025-10-13T23:46:17Z, b5b4ea6c-9d59-404d-8bcc-be02f8bc7e3f, Succeeded
f81289a3-cf5f-42e0-9502-ac8bbe0c4c3a, P0622                , 2025-10-14T23:46:17Z, b5b4ea6c-9d59-404d-8bcc-be02f8bc7e3f, Succeeded
f81289a3-cf5f-42e0-9502-ac8bbe0c4c3a, P0622                , 2025-10-15T23:46:17Z, b5b4ea6c-9d59-404d-8bcc-be02f8bc7e3f, Succeeded
f81289a3-cf5f-42e0-9502-ac8bbe0c4c3a, P0622                , 2026-02-18T00:46:17Z, 1a3fa28d-11a3-44ca-be6b-704fc86a1b39, Succeeded
f81289a3-cf5f-42e0-9502-ac8bbe0c4c3a, P0622                , 2026-02-19T00:46:17Z, 1a3fa28d-11a3-44ca-be6b-704fc86a1b39, Succeeded
a07956b6-0923-4cb5-b108-22989a260f6d, P0623                , 2025-12-24T00:26:48Z, fb9d74a6-4f86-4e90-ab29-8d869ad2029a, Succeeded
a07956b6-0923-4cb5-b108-22989a260f6d, P0623                , 2026-03-26T23:26:48Z, 1c6b9d56-a321-4a2a-a7d2-5d7e32be15ec, Succeeded
bd883aec-7ada-420d-bf8f-5a85b6f9858f, P0624                , 2025-01-05T23:20:33Z, 4508a3a1-19ac-4bd6-93d5-c6f832cd7492, Succeeded
bd883aec-7ada-420d-bf8f-5a85b6f9858f, P0624                , 2025-01-12T23:20:33Z, 7a0c59eb-b5e3-4fed-9384-3992782ca1e9, Succeeded
bd883aec-7ada-420d-bf8f-5a85b6f9858f, P0624                , 2025-02-04T23:20:33Z, 08b71cf3-91c6-4b91-b6c8-9d63ba8be3e0, Succeeded
bd883aec-7ada-420d-bf8f-5a85b6f9858f, P0624                , 2025-02-05T23:20:33Z, 08b71cf3-91c6-4b91-b6c8-9d63ba8be3e0, Succeeded
a55c7614-def5-4282-bc65-849d06dce830, P0625                , 2025-09-09T08:03:43Z, 877fddb5-9727-4f25-9caa-a49a6ba65cbd, Succeeded
a55c7614-def5-4282-bc65-849d06dce830, P0625                , 2025-09-10T08:03:43Z, 877fddb5-9727-4f25-9caa-a49a6ba65cbd, Succeeded
bb8a0e87-d8c2-4e2f-bf9a-9d8aa9fe1991, P0627                , 2025-07-10T05:47:52Z, c519edc3-1126-4244-bfb1-0d97309ea122, Succeeded
bb8a0e87-d8c2-4e2f-bf9a-9d8aa9fe1991, P0627                , 2025-10-01T05:47:52Z, c3a78229-7621-4c0a-b550-80602f903cc2, Succeeded
41718746-e57c-42c1-b64a-1c0bfdbaf242, P0628                , 2025-01-31T04:21:59Z, 4a37cba6-c073-4de3-b585-ab460311c9fe, Succeeded
bf84603f-9831-4877-9d8d-94a35ef359d7, P0629                , 2025-04-04T15:41:10Z, b474bef6-f335-466f-9471-b619f8021253, Succeeded
bf84603f-9831-4877-9d8d-94a35ef359d7, P0629                , 2025-09-20T15:41:10Z, 09b3c74e-00f4-401e-8fe9-c4f207518607, Succeeded
ecc3f3f7-f817-40fd-a9ef-8752b88e0951, P0630                , 2026-02-12T07:04:24Z, c1985525-0d83-42dc-9b92-8e11ee5979f7, Succeeded
e2d402b4-725d-4b9b-a95e-ab859f916500, P0631                , 2025-07-18T00:41:03Z, 10f9e741-a295-471b-8330-463548498bb0, Succeeded
e2d402b4-725d-4b9b-a95e-ab859f916500, P0631                , 2025-07-19T00:41:03Z, 10f9e741-a295-471b-8330-463548498bb0, Succeeded
e2d402b4-725d-4b9b-a95e-ab859f916500, P0631                , 2025-12-19T01:41:03Z, c3f445db-16ac-43a4-8f3b-268f3837bf7e, Succeeded
a63486d9-98c0-4f0c-8e28-ba3893f5a4e5, P0632                , 2025-12-09T08:25:14Z, 771506dc-974b-4c48-be6d-ae6641b1c114, Succeeded
a63486d9-98c0-4f0c-8e28-ba3893f5a4e5, P0632                , 2025-12-10T08:25:14Z, 771506dc-974b-4c48-be6d-ae6641b1c114, Succeeded
a63486d9-98c0-4f0c-8e28-ba3893f5a4e5, P0632                , 2026-03-02T08:25:14Z, 5d70a556-2a39-4d3e-af10-eb49a27d150a, Succeeded
f7c0fc4a-01f2-49b8-abbd-9fb9b6aeab9f, P0634                , 2026-01-26T15:24:23Z, 71009aa9-cf8e-4899-8482-bff8c654afd5, Succeeded
7358f472-6c1c-494e-af73-f4bb30582836, P0635                , 2025-11-16T22:41:58Z, dc45bf12-30ac-492f-8001-e7ee53782282, Succeeded
7358f472-6c1c-494e-af73-f4bb30582836, P0635                , 2025-11-17T22:41:58Z, dc45bf12-30ac-492f-8001-e7ee53782282, Succeeded
95f80be3-a51c-4728-bad8-90e0e826f6f6, P0636                , 2025-12-19T09:57:10Z, a24a350e-20ec-454f-98e5-be590e7f84e4, Succeeded
95f80be3-a51c-4728-bad8-90e0e826f6f6, P0636                , 2025-12-20T09:57:10Z, a24a350e-20ec-454f-98e5-be590e7f84e4, Succeeded
95f80be3-a51c-4728-bad8-90e0e826f6f6, P0636                , 2025-12-21T09:57:10Z, a24a350e-20ec-454f-98e5-be590e7f84e4, Succeeded
95f80be3-a51c-4728-bad8-90e0e826f6f6, P0636                , 2025-12-26T09:57:10Z, 8aebf619-c240-458b-a500-535a93b49e98, Succeeded
95f80be3-a51c-4728-bad8-90e0e826f6f6, P0636                , 2026-05-05T08:57:10Z, 8c87ca37-4c4f-4e82-8ada-17a7a1e4205a, Succeeded
afa5c4f2-a4e7-442d-81ed-f6ad95699867, P0637                , 2026-03-06T02:05:17Z, d373e45f-fe57-49b4-b8c5-32136bc4db30, Succeeded
afa5c4f2-a4e7-442d-81ed-f6ad95699867, P0637                , 2026-03-07T02:05:17Z, d373e45f-fe57-49b4-b8c5-32136bc4db30, Succeeded
afa5c4f2-a4e7-442d-81ed-f6ad95699867, P0637                , 2026-05-24T01:05:17Z, f33e8d1b-78ca-4e73-b0f5-86d21463ec48, Succeeded
677f03f9-5a01-4571-b542-12f32f39b499, P0639                , 2025-10-03T04:13:48Z, 9a5aba33-2336-41e0-9c2e-6f9e957e424d, Succeeded
677f03f9-5a01-4571-b542-12f32f39b499, P0639                , 2025-10-04T04:13:48Z, 9a5aba33-2336-41e0-9c2e-6f9e957e424d, Succeeded
677f03f9-5a01-4571-b542-12f32f39b499, P0639                , 2025-10-10T04:13:48Z, 8b4d2210-de5a-4425-af23-efb04e1d5932, Succeeded
677f03f9-5a01-4571-b542-12f32f39b499, P0639                , 2025-11-02T04:13:48Z, 63385fdd-36e5-44bc-af8e-a02a1ae8ea81, Succeeded
677f03f9-5a01-4571-b542-12f32f39b499, P0639                , 2025-11-03T05:13:48Z, 63385fdd-36e5-44bc-af8e-a02a1ae8ea81, Succeeded
677f03f9-5a01-4571-b542-12f32f39b499, P0639                , 2025-11-04T05:13:48Z, 63385fdd-36e5-44bc-af8e-a02a1ae8ea81, Succeeded
4c6f3838-3872-4ffb-8df9-a00735736d0e, P0640                , 2025-05-21T06:48:05Z, 2e533fcd-edd9-42cf-a289-53128322b9e2, Succeeded
4c6f3838-3872-4ffb-8df9-a00735736d0e, P0640                , 2025-05-22T06:48:05Z, 2e533fcd-edd9-42cf-a289-53128322b9e2, Succeeded
4c6f3838-3872-4ffb-8df9-a00735736d0e, P0640                , 2025-05-28T06:48:05Z, 883d1c68-d9d9-4da9-99ba-6b5e914b03bd, Succeeded
4c6f3838-3872-4ffb-8df9-a00735736d0e, P0640                , 2025-10-01T06:48:05Z, 7a81ca6e-4f6b-46a7-9e66-2e0b40537e55, Succeeded
4c6f3838-3872-4ffb-8df9-a00735736d0e, P0640                , 2025-10-02T06:48:05Z, 7a81ca6e-4f6b-46a7-9e66-2e0b40537e55, Succeeded
63e43e2e-5357-461f-b4c3-75b4947155df, P0643                , 2025-08-07T14:24:01Z, 310ac722-cf8d-490e-9011-02106458fe5f, Succeeded
63e43e2e-5357-461f-b4c3-75b4947155df, P0643                , 2025-08-08T14:24:01Z, 310ac722-cf8d-490e-9011-02106458fe5f, Succeeded
63e43e2e-5357-461f-b4c3-75b4947155df, P0643                , 2025-08-09T14:24:01Z, 310ac722-cf8d-490e-9011-02106458fe5f, Succeeded
63e43e2e-5357-461f-b4c3-75b4947155df, P0643                , 2025-08-14T14:24:01Z, 186153be-a8c5-4670-abcc-b880f05d59f9, Succeeded
63e43e2e-5357-461f-b4c3-75b4947155df, P0643                , 2025-08-15T14:24:01Z, 186153be-a8c5-4670-abcc-b880f05d59f9, Succeeded
63e43e2e-5357-461f-b4c3-75b4947155df, P0643                , 2025-11-05T15:24:01Z, d23f1993-86d9-4c04-8e44-1c02edc65c9f, Succeeded
63e43e2e-5357-461f-b4c3-75b4947155df, P0643                , 2025-11-06T15:24:01Z, d23f1993-86d9-4c04-8e44-1c02edc65c9f, Succeeded
63e43e2e-5357-461f-b4c3-75b4947155df, P0643                , 2025-12-16T15:24:01Z, 3f52d58c-242d-493c-82f1-bca31916e829, Succeeded
63e43e2e-5357-461f-b4c3-75b4947155df, P0643                , 2025-12-17T15:24:01Z, 3f52d58c-242d-493c-82f1-bca31916e829, Succeeded
4855b0a6-bf22-4191-93cc-83a5d1514eeb, P0644                , 2025-11-26T12:19:38Z, caed2afc-4cf3-46c0-abeb-f06aa5d5609e, Succeeded
4855b0a6-bf22-4191-93cc-83a5d1514eeb, P0644                , 2026-02-17T12:19:38Z, 788aa77c-7b60-4edf-94b0-1871133f1b27, Succeeded
4855b0a6-bf22-4191-93cc-83a5d1514eeb, P0644                , 2026-02-18T12:19:38Z, 788aa77c-7b60-4edf-94b0-1871133f1b27, Succeeded
4855b0a6-bf22-4191-93cc-83a5d1514eeb, P0644                , 2026-02-19T12:19:38Z, 788aa77c-7b60-4edf-94b0-1871133f1b27, Succeeded
8958cb80-3de5-4c0a-8025-d6cb0b7d00f5, P0645                , 2025-05-18T14:17:15Z, 49a24499-bcc5-4965-ba1d-7a8d65c047e2, Succeeded
e3afe9e0-8cc3-465c-ad14-fd5f42438e44, P0647                , 2026-01-01T00:05:14Z, be0fc2c8-253f-4f44-a634-fb2518dbe07e, Succeeded
e3afe9e0-8cc3-465c-ad14-fd5f42438e44, P0647                , 2026-01-02T00:05:14Z, be0fc2c8-253f-4f44-a634-fb2518dbe07e, Succeeded
e3afe9e0-8cc3-465c-ad14-fd5f42438e44, P0647                , 2026-01-03T00:05:14Z, be0fc2c8-253f-4f44-a634-fb2518dbe07e, Succeeded
8e2c4d24-d2b2-40c5-8f3c-be4ced291000, P0648                , 2025-03-20T13:15:49Z, 9aa12d25-e92b-476e-8efe-e1996b20be19, Succeeded
8e2c4d24-d2b2-40c5-8f3c-be4ced291000, P0648                , 2025-03-21T13:15:49Z, 9aa12d25-e92b-476e-8efe-e1996b20be19, Succeeded
8e2c4d24-d2b2-40c5-8f3c-be4ced291000, P0648                , 2025-03-22T13:15:49Z, 9aa12d25-e92b-476e-8efe-e1996b20be19, Succeeded
8e939d83-7f09-4e4a-ae48-fda390a71c48, P0649                , 2025-08-25T00:42:15Z, 3bda5ca5-bc85-4f26-af6b-a53e2e811672, Succeeded
5cbbfef8-82af-4ff0-af7e-ddcf5ff19b8c, P0650                , 2025-05-27T23:08:14Z, 91fa8a4d-ae07-4a4b-abea-cff1fc3652f9, Succeeded
e484ec8a-fac9-4fa0-bdaa-0440130c8d88, P0651                , 2025-07-05T20:41:07Z, a26af8c5-9f82-4d72-a71b-a3f93669b057, Succeeded
e484ec8a-fac9-4fa0-bdaa-0440130c8d88, P0651                , 2025-07-06T20:41:07Z, a26af8c5-9f82-4d72-a71b-a3f93669b057, Succeeded
e484ec8a-fac9-4fa0-bdaa-0440130c8d88, P0651                , 2025-11-11T21:41:07Z, 0636a893-e61c-4093-9980-88eeb4fc053c, Succeeded
e484ec8a-fac9-4fa0-bdaa-0440130c8d88, P0651                , 2025-11-12T21:41:07Z, 0636a893-e61c-4093-9980-88eeb4fc053c, Succeeded
e75c7dc4-e064-4142-af24-93c6904e5452, P0652                , 2025-10-05T21:22:35Z, 22381cb9-bd1a-4856-bb1b-c08fe89db017, Succeeded
e75c7dc4-e064-4142-af24-93c6904e5452, P0652                , 2025-10-06T21:22:35Z, 22381cb9-bd1a-4856-bb1b-c08fe89db017, Succeeded
e75c7dc4-e064-4142-af24-93c6904e5452, P0652                , 2026-01-11T22:22:35Z, de8d5027-6655-4474-9877-cf3a61724ba1, Succeeded
e75c7dc4-e064-4142-af24-93c6904e5452, P0652                , 2026-01-12T22:22:35Z, de8d5027-6655-4474-9877-cf3a61724ba1, Succeeded
0a4d4bce-47b4-42eb-be7d-796581e11fec, P0653                , 2025-06-28T04:46:12Z, a75f97c5-5882-4cf9-ad40-69e0d9d8ce7d, Succeeded
0a4d4bce-47b4-42eb-be7d-796581e11fec, P0653                , 2025-06-29T04:46:12Z, a75f97c5-5882-4cf9-ad40-69e0d9d8ce7d, Succeeded
0a4d4bce-47b4-42eb-be7d-796581e11fec, P0653                , 2025-07-28T04:46:12Z, d78d8192-d0e5-425a-b8c0-de1670a84fda, Succeeded
0a4d4bce-47b4-42eb-be7d-796581e11fec, P0653                , 2025-07-29T04:46:12Z, d78d8192-d0e5-425a-b8c0-de1670a84fda, Succeeded
9dab1fed-6633-4848-aff2-1da67bb79843, P0654                , 2025-08-09T15:08:41Z, 5e8d526e-d616-418e-881a-1e04a68c1fb8, Succeeded
9dab1fed-6633-4848-aff2-1da67bb79843, P0654                , 2026-01-23T16:08:41Z, 77621450-05c8-40b4-9965-1ea8b7179767, Succeeded
9dab1fed-6633-4848-aff2-1da67bb79843, P0654                , 2026-01-24T16:08:41Z, 77621450-05c8-40b4-9965-1ea8b7179767, Succeeded
9dab1fed-6633-4848-aff2-1da67bb79843, P0654                , 2026-01-25T16:08:41Z, 77621450-05c8-40b4-9965-1ea8b7179767, Succeeded
f8395b4e-5dd6-4532-8ba5-69de02d2e14a, P0655                , 2025-11-19T16:08:44Z, 37a2b9eb-7a69-49f8-9f6d-c9cf30784fd8, Succeeded
f8395b4e-5dd6-4532-8ba5-69de02d2e14a, P0655                , 2025-12-12T16:08:44Z, 38f60a69-3d08-446f-bebe-7486216f9e12, Succeeded
f8395b4e-5dd6-4532-8ba5-69de02d2e14a, P0655                , 2025-12-13T16:08:44Z, 38f60a69-3d08-446f-bebe-7486216f9e12, Succeeded
f8395b4e-5dd6-4532-8ba5-69de02d2e14a, P0655                , 2025-12-14T16:08:44Z, 38f60a69-3d08-446f-bebe-7486216f9e12, Succeeded
1784db25-4b12-48fa-913c-00b5feb8f30c, P0656                , 2025-07-04T14:35:03Z, b0cd18b5-991e-4657-99ab-951dcfebcfca, Succeeded
1784db25-4b12-48fa-913c-00b5feb8f30c, P0656                , 2025-10-02T14:35:03Z, 63a2d83a-acc0-4d0e-91bb-9da27505380b, Succeeded
d488eb12-72e8-4314-9db7-1657d4b961ad, P0657                , 2025-12-15T21:51:12Z, bf538e36-a54e-49d0-b27f-7d6d1d3efec8, Succeeded
d488eb12-72e8-4314-9db7-1657d4b961ad, P0657                , 2025-12-22T21:51:12Z, b7890804-b40c-4a5c-a1d3-2b2974f27736, Succeeded
d488eb12-72e8-4314-9db7-1657d4b961ad, P0657                , 2025-12-23T21:51:12Z, b7890804-b40c-4a5c-a1d3-2b2974f27736, Succeeded
d488eb12-72e8-4314-9db7-1657d4b961ad, P0657                , 2025-12-24T21:51:12Z, b7890804-b40c-4a5c-a1d3-2b2974f27736, Succeeded
ce538642-b759-4c23-b496-592c7303f53f, P0658                , 2025-12-03T19:33:16Z, 91bbad2a-790f-4bf1-883a-7c051abfc720, Succeeded
c6f305a8-ba10-4c1a-b52f-af74b511a6d5, P0659                , 2025-10-20T00:34:28Z, 4d7d9534-4ae8-45fc-98aa-b360f14c2a2b, Succeeded
88e3d403-20b6-460d-9bf1-93e59206de2c, P0661                , 2025-06-01T17:51:20Z, 1522bb00-fad4-4e49-ae88-0ade969c43c2, Succeeded
88e3d403-20b6-460d-9bf1-93e59206de2c, P0661                , 2025-07-31T17:51:20Z, 2fffe1d3-feae-4002-a883-5f777158e3a7, Succeeded
88e3d403-20b6-460d-9bf1-93e59206de2c, P0661                , 2025-08-01T17:51:20Z, 2fffe1d3-feae-4002-a883-5f777158e3a7, Succeeded
88e3d403-20b6-460d-9bf1-93e59206de2c, P0661                , 2025-08-02T17:51:20Z, 2fffe1d3-feae-4002-a883-5f777158e3a7, Succeeded
88e3d403-20b6-460d-9bf1-93e59206de2c, P0661                , 2025-09-08T17:51:20Z, bbe7a457-8352-4b41-96e0-b53e03296974, Succeeded
f4bb3a5c-3b25-4211-be07-b47fb548081b, P0662                , 2025-04-14T11:22:34Z, e21ff179-3429-4645-8274-b11235248ebd, Succeeded
f4bb3a5c-3b25-4211-be07-b47fb548081b, P0662                , 2025-04-15T11:22:34Z, e21ff179-3429-4645-8274-b11235248ebd, Succeeded
8bdb7757-6a73-4c02-bb34-1b4b299c718c, P0663                , 2025-06-01T23:24:32Z, 5aeb024a-2b6e-49df-9fdc-c8e4edff1010, Succeeded
8bdb7757-6a73-4c02-bb34-1b4b299c718c, P0663                , 2025-08-07T23:24:32Z, 73ae85ed-d99e-49d6-88e3-5489882a172f, Succeeded
9425a4f0-2d34-4cb2-9538-d78523940c25, P0664                , 2025-09-09T09:32:20Z, 106565b0-f968-4f43-9c99-85ad6bd0ea8f, Succeeded
9425a4f0-2d34-4cb2-9538-d78523940c25, P0664                , 2025-10-02T09:32:20Z, 1b4bc5a4-a928-4f61-bf09-ae89d285198b, Succeeded
9425a4f0-2d34-4cb2-9538-d78523940c25, P0664                , 2025-10-03T09:32:20Z, 1b4bc5a4-a928-4f61-bf09-ae89d285198b, Succeeded
9425a4f0-2d34-4cb2-9538-d78523940c25, P0664                , 2025-10-04T09:32:20Z, 1b4bc5a4-a928-4f61-bf09-ae89d285198b, Succeeded
9425a4f0-2d34-4cb2-9538-d78523940c25, P0664                , 2026-01-09T10:32:20Z, 5d257fe0-76d6-4161-b14a-76d3e8b9ae91, Succeeded
3f06cc3a-190e-484d-bcb6-16a8aa39187a, P0665                , 2025-07-09T22:29:36Z, b6b93d9e-563e-43d7-9f4a-d7418f789ea5, Succeeded
3f06cc3a-190e-484d-bcb6-16a8aa39187a, P0665                , 2025-10-18T22:29:36Z, 626a279c-4feb-40cc-82a5-51367f4f0a46, Succeeded
3f06cc3a-190e-484d-bcb6-16a8aa39187a, P0665                , 2025-10-19T22:29:36Z, 626a279c-4feb-40cc-82a5-51367f4f0a46, Succeeded
3f06cc3a-190e-484d-bcb6-16a8aa39187a, P0665                , 2025-10-20T22:29:36Z, 626a279c-4feb-40cc-82a5-51367f4f0a46, Succeeded
356dd24a-e87d-48f5-bcae-dba0d9bffdfd, P0666                , 2025-05-31T05:19:48Z, 42347763-0301-4963-a0a7-866a3e620989, Succeeded
356dd24a-e87d-48f5-bcae-dba0d9bffdfd, P0666                , 2025-06-01T05:19:48Z, 42347763-0301-4963-a0a7-866a3e620989, Succeeded
e4ca371f-7660-4bef-85c4-cb50a4f2e344, P0667                , 2025-07-08T19:11:31Z, a6b44603-2b0a-4c5e-aef1-5422934e7bc2, Succeeded
e4ca371f-7660-4bef-85c4-cb50a4f2e344, P0667                , 2025-07-09T19:11:31Z, a6b44603-2b0a-4c5e-aef1-5422934e7bc2, Succeeded
e4ca371f-7660-4bef-85c4-cb50a4f2e344, P0667                , 2025-12-26T20:11:31Z, 2a9241cf-611a-4621-92d6-ff3ff959be47, Succeeded
e4ca371f-7660-4bef-85c4-cb50a4f2e344, P0667                , 2025-12-27T20:11:31Z, 2a9241cf-611a-4621-92d6-ff3ff959be47, Succeeded
e4ca371f-7660-4bef-85c4-cb50a4f2e344, P0667                , 2025-12-28T20:11:31Z, 2a9241cf-611a-4621-92d6-ff3ff959be47, Succeeded
e5fa0fd5-e26b-4558-8c10-10fca23319d4, P0668                , 2025-12-14T15:47:54Z, 23f5634b-9241-41fa-abf3-542575ff350e, Succeeded
52313b1c-ecf5-44c8-9de5-4318326da884, P0669                , 2025-01-03T14:30:34Z, 088a4f21-6496-468f-925e-24141a61ff3b, Succeeded
52313b1c-ecf5-44c8-9de5-4318326da884, P0669                , 2025-06-17T13:30:34Z, 7b42b312-3242-406f-abf6-9c038805318b, Succeeded
cf02b57d-42b4-45c7-8cc9-1cf93a1e6311, P0670                , 2025-08-17T03:32:53Z, 2e461c0b-cbee-4273-97b1-818ccb8a7e27, Succeeded
cf02b57d-42b4-45c7-8cc9-1cf93a1e6311, P0670                , 2025-08-18T03:32:53Z, 2e461c0b-cbee-4273-97b1-818ccb8a7e27, Succeeded
cf02b57d-42b4-45c7-8cc9-1cf93a1e6311, P0670                , 2025-11-11T04:32:53Z, 2d021215-1c27-4df7-866a-07cd178d789e, Succeeded
cf02b57d-42b4-45c7-8cc9-1cf93a1e6311, P0670                , 2025-11-12T04:32:53Z, 2d021215-1c27-4df7-866a-07cd178d789e, Succeeded
9434d1e5-fdc2-4917-87b0-38eb1f3a71e5, P0671                , 2025-11-13T13:44:15Z, b4b0b96a-4871-4d95-93b9-3de5a32f534d, Succeeded
64dbe3fc-1b15-45db-af74-5022b4a55e84, P0672                , 2026-04-28T19:19:25Z, a7f80e33-969d-454e-a414-d058443e818b, Succeeded
7aff8e6c-e110-44a2-b83f-f51bd623a51e, P0674                , 2025-10-08T06:21:48Z, c10e049e-d1ed-47bb-b433-0535cc23b98a, Succeeded
e4347f39-2cfb-4caa-8597-cafcf7be60b2, P0676                , 2025-11-06T10:21:06Z, b4fc5048-cc74-4616-a0a0-3d6fd515896a, Succeeded
e4347f39-2cfb-4caa-8597-cafcf7be60b2, P0676                , 2025-12-06T10:21:06Z, b5a0eb00-bddb-45fa-936a-19600776f755, Succeeded
af38ec08-6251-4796-bc3c-da4da0f9534f, P0677                , 2025-01-23T02:35:02Z, 973cfeca-f611-4221-bb89-ebba170a0e05, Succeeded
202a8b3d-35e2-4684-908d-b87f990f69e1, P0678                , 2025-10-06T16:59:45Z, 70c0109c-087f-4c04-b62f-96f4f34e1ea1, Succeeded
987cacab-476f-4af7-be4d-9d4695e2dc73, P0681                , 2025-09-05T15:13:10Z, 8ff2986f-812b-4626-98a9-f5bc8a5e6e02, Succeeded
987cacab-476f-4af7-be4d-9d4695e2dc73, P0681                , 2025-09-06T15:13:10Z, 8ff2986f-812b-4626-98a9-f5bc8a5e6e02, Succeeded
04306766-7063-468a-93ae-655210f92618, P0682                , 2025-06-25T06:41:26Z, e74cb293-88c0-455d-8da3-162f02757b23, Succeeded
04306766-7063-468a-93ae-655210f92618, P0682                , 2025-06-26T06:41:26Z, e74cb293-88c0-455d-8da3-162f02757b23, Succeeded
04306766-7063-468a-93ae-655210f92618, P0682                , 2025-11-10T07:41:26Z, 41b15f33-ce82-46a3-af7b-8ee617cf3692, Succeeded
04306766-7063-468a-93ae-655210f92618, P0682                , 2025-11-11T07:41:26Z, 41b15f33-ce82-46a3-af7b-8ee617cf3692, Succeeded
61462654-9838-4d8e-ad8d-d5ee00db6dc1, P0683                , 2025-08-08T19:50:30Z, 6cc691c3-add4-4be6-8ed3-9c399ffe7b0b, Succeeded
61462654-9838-4d8e-ad8d-d5ee00db6dc1, P0683                , 2025-08-09T19:50:30Z, 6cc691c3-add4-4be6-8ed3-9c399ffe7b0b, Succeeded
3a237114-0aee-4248-8922-b3bb6f9fecad, P0684                , 2025-10-19T09:29:27Z, 779c88c1-0b23-45bb-8c48-cfe0c1909eff, Succeeded
3a237114-0aee-4248-8922-b3bb6f9fecad, P0684                , 2025-10-20T09:29:27Z, 779c88c1-0b23-45bb-8c48-cfe0c1909eff, Succeeded
3a237114-0aee-4248-8922-b3bb6f9fecad, P0684                , 2025-11-11T10:29:27Z, 003fc63a-d62f-45b8-9921-2639824a4ea0, Succeeded
3a237114-0aee-4248-8922-b3bb6f9fecad, P0684                , 2025-11-12T10:29:27Z, 003fc63a-d62f-45b8-9921-2639824a4ea0, Succeeded
3a237114-0aee-4248-8922-b3bb6f9fecad, P0684                , 2025-11-13T10:29:27Z, 003fc63a-d62f-45b8-9921-2639824a4ea0, Succeeded
3a237114-0aee-4248-8922-b3bb6f9fecad, P0684                , 2026-01-10T10:29:27Z, 02fbd1e0-01b3-4346-89c5-cad0a6b09c96, Succeeded
3a237114-0aee-4248-8922-b3bb6f9fecad, P0684                , 2026-01-11T10:29:27Z, 02fbd1e0-01b3-4346-89c5-cad0a6b09c96, Succeeded
3a237114-0aee-4248-8922-b3bb6f9fecad, P0684                , 2026-02-14T10:29:27Z, d5bfb72c-e917-430c-a645-a1a907c0beec, Succeeded
3a237114-0aee-4248-8922-b3bb6f9fecad, P0684                , 2026-02-15T10:29:27Z, d5bfb72c-e917-430c-a645-a1a907c0beec, Succeeded
5fcb24b1-cc21-44db-941f-2216f9b93d6f, P0685                , 2025-04-21T10:07:03Z, 07cf824b-1124-4d6b-8c03-9a9ada0975d6, Succeeded
5fcb24b1-cc21-44db-941f-2216f9b93d6f, P0685                , 2025-04-22T10:07:03Z, 07cf824b-1124-4d6b-8c03-9a9ada0975d6, Succeeded
395e8176-60c1-47d8-893b-2efb53444441, P0686                , 2025-08-16T01:53:09Z, 5a6b7d09-c6d8-4781-a314-5d683fe0b228, Succeeded
395e8176-60c1-47d8-893b-2efb53444441, P0686                , 2025-08-17T01:53:09Z, 5a6b7d09-c6d8-4781-a314-5d683fe0b228, Succeeded
bc68a37d-48eb-4924-9a17-14cbd9349d8c, P0687                , 2025-10-06T01:38:47Z, 92c7f000-f466-4b17-9d89-7b6feb5c8b32, Succeeded
bc68a37d-48eb-4924-9a17-14cbd9349d8c, P0687                , 2026-02-06T02:38:47Z, cc5c45bd-542c-4a61-8da8-eff212aa4b61, Succeeded
c3b62157-8140-45e6-9739-c4bdac306446, P0688                , 2025-10-15T16:49:36Z, b683197f-5c20-48b9-8cb4-04fd2d232e36, Succeeded
c3b62157-8140-45e6-9739-c4bdac306446, P0688                , 2025-10-22T16:49:36Z, ebef37b6-7623-4718-940d-6e6562560660, Succeeded
c3b62157-8140-45e6-9739-c4bdac306446, P0688                , 2025-10-23T16:49:36Z, ebef37b6-7623-4718-940d-6e6562560660, Succeeded
c3b62157-8140-45e6-9739-c4bdac306446, P0688                , 2025-10-24T16:49:36Z, ebef37b6-7623-4718-940d-6e6562560660, Succeeded
c3b62157-8140-45e6-9739-c4bdac306446, P0688                , 2025-11-14T17:49:36Z, dec18a8d-a0eb-4a7a-ab68-0ae8f30fa8ff, Succeeded
59e2b0b3-56d5-46d0-a1be-505596d6bf5b, P0689                , 2025-05-10T15:04:20Z, 0f7c69b4-d419-435c-8833-3b068b32ffdf, Succeeded
78754fa4-f6f2-43bc-8395-3df62e5ba6c4, P0691                , 2025-01-08T16:03:25Z, f2aa1e23-4f62-4d5e-a347-ff7b5f9bb585, Succeeded
78754fa4-f6f2-43bc-8395-3df62e5ba6c4, P0691                , 2025-05-13T15:03:25Z, ae2a1fca-4f2a-4e4c-b18a-6210446d81f9, Succeeded
ffc01083-8065-4f79-b6f6-c35fb7f2d6f2, P0692                , 2025-07-27T15:47:35Z, 5601f96e-6651-4f19-b143-d0bc9b709625, Succeeded
ffc01083-8065-4f79-b6f6-c35fb7f2d6f2, P0692                , 2025-07-28T15:47:35Z, 5601f96e-6651-4f19-b143-d0bc9b709625, Succeeded
ffc01083-8065-4f79-b6f6-c35fb7f2d6f2, P0692                , 2025-08-26T15:47:35Z, 595ec098-4f8a-44a7-8b50-27e8e3bba671, Succeeded
ffc01083-8065-4f79-b6f6-c35fb7f2d6f2, P0692                , 2025-08-27T15:47:35Z, 595ec098-4f8a-44a7-8b50-27e8e3bba671, Succeeded
be35f022-1697-4791-bc96-494b070d5e2e, P0693                , 2025-03-26T19:43:44Z, 7f5eb962-a5f2-40a2-9db5-3e9d49ee3b8b, Succeeded
be35f022-1697-4791-bc96-494b070d5e2e, P0693                , 2025-03-27T19:43:44Z, 7f5eb962-a5f2-40a2-9db5-3e9d49ee3b8b, Succeeded
be35f022-1697-4791-bc96-494b070d5e2e, P0693                , 2025-04-02T19:43:44Z, 4c895a38-4ac8-4afc-b932-9669747836c2, Succeeded
be35f022-1697-4791-bc96-494b070d5e2e, P0693                , 2025-04-03T19:43:44Z, 4c895a38-4ac8-4afc-b932-9669747836c2, Succeeded
be35f022-1697-4791-bc96-494b070d5e2e, P0693                , 2025-04-04T19:43:44Z, 4c895a38-4ac8-4afc-b932-9669747836c2, Succeeded
89d72721-759f-4261-8a53-39facba61782, P0694                , 2025-11-27T13:49:05Z, 2b25d488-38ff-409d-b7a5-693fa3151063, Succeeded
89d72721-759f-4261-8a53-39facba61782, P0694                , 2025-12-27T13:49:05Z, d1b6c340-5710-4be6-a956-780e4f7c0fb7, Succeeded
89d72721-759f-4261-8a53-39facba61782, P0694                , 2026-02-25T13:49:05Z, 7528fd22-f8a4-4798-b72e-c22901037d40, Succeeded
89d72721-759f-4261-8a53-39facba61782, P0694                , 2026-02-26T13:49:05Z, 7528fd22-f8a4-4798-b72e-c22901037d40, Succeeded
80124254-33fe-4a56-ba61-c054ba3d23d1, P0695                , 2025-11-27T03:33:59Z, 2ba2de9f-475b-4a0a-91d6-4eadf910f95c, Succeeded
80124254-33fe-4a56-ba61-c054ba3d23d1, P0695                , 2025-12-04T03:33:59Z, 57725d4a-838c-470b-89ce-d2b607a9310a, Succeeded
80124254-33fe-4a56-ba61-c054ba3d23d1, P0695                , 2025-12-05T03:33:59Z, 57725d4a-838c-470b-89ce-d2b607a9310a, Succeeded
80124254-33fe-4a56-ba61-c054ba3d23d1, P0695                , 2025-12-06T03:33:59Z, 57725d4a-838c-470b-89ce-d2b607a9310a, Succeeded
80124254-33fe-4a56-ba61-c054ba3d23d1, P0695                , 2025-12-27T03:33:59Z, 6ce1f138-79e5-4d53-89f8-6f5aab279585, Succeeded
80124254-33fe-4a56-ba61-c054ba3d23d1, P0695                , 2025-12-28T03:33:59Z, 6ce1f138-79e5-4d53-89f8-6f5aab279585, Succeeded
aac228ff-1cab-4b9f-8edf-671e6ebd456d, P0696                , 2025-10-28T15:27:50Z, 01e18591-5832-4275-a6d3-c33904a70869, Succeeded
aac228ff-1cab-4b9f-8edf-671e6ebd456d, P0696                , 2025-10-29T15:27:50Z, 01e18591-5832-4275-a6d3-c33904a70869, Succeeded
aac228ff-1cab-4b9f-8edf-671e6ebd456d, P0696                , 2025-10-30T15:27:50Z, 01e18591-5832-4275-a6d3-c33904a70869, Succeeded
aac228ff-1cab-4b9f-8edf-671e6ebd456d, P0696                , 2026-03-16T15:27:50Z, 042c3e3e-c083-4e11-b442-68561d077d52, Succeeded
9f8bb4f1-c778-4231-9474-bbd2d78f0f6e, P0697                , 2025-11-13T17:15:07Z, 9ed7afe7-7249-41b2-a524-7b63d9e15431, Succeeded
8799eca0-8736-462d-86e5-fe3b47cd9ed2, P0700                , 2025-02-17T21:06:12Z, f343059d-0815-48a8-a7b7-edf309e442fa, Succeeded
69aca275-02fa-410e-b429-2ed5fd6f26bb, P0701                , 2025-06-03T05:35:53Z, a360821d-8d57-4609-8d64-22455d482054, Succeeded
69aca275-02fa-410e-b429-2ed5fd6f26bb, P0701                , 2025-07-03T05:35:53Z, c99e4a5b-c270-47d8-b86c-b77d0538741b, Succeeded
69aca275-02fa-410e-b429-2ed5fd6f26bb, P0701                , 2025-07-04T05:35:53Z, c99e4a5b-c270-47d8-b86c-b77d0538741b, Succeeded
69aca275-02fa-410e-b429-2ed5fd6f26bb, P0701                , 2025-09-01T05:35:53Z, 76b2dd33-b61f-459c-879b-7dddfd81eaaa, Succeeded
69aca275-02fa-410e-b429-2ed5fd6f26bb, P0701                , 2025-10-11T05:35:53Z, b054131d-cb41-4bb1-8849-9fbdcfedbda3, Succeeded
6f050c37-8840-43a5-b3ab-9465ba68fa91, P0702                , 2025-06-05T07:16:48Z, 80727fb3-c4b4-4003-a57b-459fdb4f5606, Succeeded
6f050c37-8840-43a5-b3ab-9465ba68fa91, P0702                , 2025-06-28T07:16:48Z, 8f4021d6-244c-4082-9fa2-637bbc40b7a5, Succeeded
6f050c37-8840-43a5-b3ab-9465ba68fa91, P0702                , 2025-06-29T07:16:48Z, 8f4021d6-244c-4082-9fa2-637bbc40b7a5, Succeeded
646e53ad-dd9e-4c39-a7cd-254f4c1705b0, P0703                , 2025-08-05T19:39:59Z, ca107667-5287-4acc-aaca-7c5ba3876e8a, Succeeded
646e53ad-dd9e-4c39-a7cd-254f4c1705b0, P0703                , 2025-08-06T19:39:59Z, ca107667-5287-4acc-aaca-7c5ba3876e8a, Succeeded
d85590fa-d317-437d-8a4a-ea262ba9f462, P0704                , 2025-07-21T03:01:23Z, 14c7c2f9-3774-493a-bc18-138ad677d0a4, Succeeded
d85590fa-d317-437d-8a4a-ea262ba9f462, P0704                , 2025-07-22T03:01:23Z, 14c7c2f9-3774-493a-bc18-138ad677d0a4, Succeeded
d85590fa-d317-437d-8a4a-ea262ba9f462, P0704                , 2025-07-23T03:01:23Z, 14c7c2f9-3774-493a-bc18-138ad677d0a4, Succeeded
d85590fa-d317-437d-8a4a-ea262ba9f462, P0704                , 2025-12-13T04:01:23Z, d7c08186-f6d5-4986-bc3b-8336c159b610, Succeeded
a71e8a1e-a48f-466a-b538-0d2debc8b9b6, P0705                , 2025-12-12T21:49:25Z, aa83d5e8-5a29-4faa-96b6-4f026a2e6970, Succeeded
a71e8a1e-a48f-466a-b538-0d2debc8b9b6, P0705                , 2025-12-13T21:49:25Z, aa83d5e8-5a29-4faa-96b6-4f026a2e6970, Succeeded
a71e8a1e-a48f-466a-b538-0d2debc8b9b6, P0705                , 2025-12-14T21:49:25Z, aa83d5e8-5a29-4faa-96b6-4f026a2e6970, Succeeded
12cfe605-fa03-4602-84c8-b39f860151cc, P0706                , 2025-10-08T14:57:03Z, e5bd96d5-49ee-487b-a4c2-530fe5a89d4b, Succeeded
12cfe605-fa03-4602-84c8-b39f860151cc, P0706                , 2025-10-09T14:57:03Z, e5bd96d5-49ee-487b-a4c2-530fe5a89d4b, Succeeded
8a1bc307-3a6c-4ecc-8315-7007d01c259e, P0708                , 2025-03-03T22:04:34Z, 3a07f282-9051-4691-8a3c-aaa956ba069a, Succeeded
8a1bc307-3a6c-4ecc-8315-7007d01c259e, P0708                , 2025-03-04T22:04:34Z, 3a07f282-9051-4691-8a3c-aaa956ba069a, Succeeded
8a1bc307-3a6c-4ecc-8315-7007d01c259e, P0708                , 2025-03-05T22:04:34Z, 3a07f282-9051-4691-8a3c-aaa956ba069a, Succeeded
8a1bc307-3a6c-4ecc-8315-7007d01c259e, P0708                , 2025-03-10T21:04:34Z, f7645fea-7d43-43ba-98ef-49ba6c17ee0a, Succeeded
9c681f7f-4eae-4a92-890a-bb56efd67700, P0709                , 2025-08-17T02:00:02Z, 4a338aa0-34f4-4111-b725-01b7edce0a69, Succeeded
9c681f7f-4eae-4a92-890a-bb56efd67700, P0709                , 2025-08-18T02:00:02Z, 4a338aa0-34f4-4111-b725-01b7edce0a69, Succeeded
12870a60-4122-453f-ae85-a52f459d980f, P0710                , 2025-02-11T06:56:20Z, c3dc53ff-8410-428b-96d4-f7e3bbfdd610, Succeeded
12870a60-4122-453f-ae85-a52f459d980f, P0710                , 2025-02-12T06:56:20Z, c3dc53ff-8410-428b-96d4-f7e3bbfdd610, Succeeded
89101cc9-21a4-4af0-ab05-00ae39653c74, P0711                , 2025-07-29T17:15:36Z, bb6be7a5-f57e-4c17-a688-ac75101366f4, Succeeded
89101cc9-21a4-4af0-ab05-00ae39653c74, P0711                , 2025-07-30T17:15:36Z, bb6be7a5-f57e-4c17-a688-ac75101366f4, Succeeded
9842b84a-0b93-4ebc-9137-73c7069b974d, P0712                , 2025-06-28T14:31:56Z, 81fce605-a9f6-4be2-b8cb-26fc493887f1, Succeeded
9842b84a-0b93-4ebc-9137-73c7069b974d, P0712                , 2025-06-29T14:31:56Z, 81fce605-a9f6-4be2-b8cb-26fc493887f1, Succeeded
fd990eac-8456-4dc1-bf10-122dcd1a7e7f, P0713                , 2025-10-13T00:06:09Z, 83c60dc3-5526-40c2-a02e-d1a6e97a42b6, Succeeded
fd990eac-8456-4dc1-bf10-122dcd1a7e7f, P0713                , 2025-10-14T00:06:09Z, 83c60dc3-5526-40c2-a02e-d1a6e97a42b6, Succeeded
fd990eac-8456-4dc1-bf10-122dcd1a7e7f, P0713                , 2025-10-15T00:06:09Z, 83c60dc3-5526-40c2-a02e-d1a6e97a42b6, Succeeded
fd990eac-8456-4dc1-bf10-122dcd1a7e7f, P0713                , 2025-11-12T01:06:09Z, 14d4a59c-6996-45a8-a557-44ea3dd2f853, Succeeded
0358162e-bc3f-4238-8e7a-735b7f92d41c, P0715                , 2025-05-11T01:28:12Z, f696cef2-2507-41fe-97f9-545877f27a68, Succeeded
0358162e-bc3f-4238-8e7a-735b7f92d41c, P0715                , 2025-05-18T01:28:12Z, 0ad6f452-b8f3-4ff6-806f-d2e0bddf99c4, Succeeded
8474bbe4-9eea-4ebc-8477-3fb56a22a24d, P0716                , 2025-08-02T02:58:48Z, 3370c7fb-bf7f-4455-9866-f4772ce81f17, Succeeded
8474bbe4-9eea-4ebc-8477-3fb56a22a24d, P0716                , 2025-08-03T02:58:48Z, 3370c7fb-bf7f-4455-9866-f4772ce81f17, Succeeded
8474bbe4-9eea-4ebc-8477-3fb56a22a24d, P0716                , 2025-08-04T02:58:48Z, 3370c7fb-bf7f-4455-9866-f4772ce81f17, Succeeded
8474bbe4-9eea-4ebc-8477-3fb56a22a24d, P0716                , 2025-08-09T02:58:48Z, ced2ce47-5b94-4e43-83ad-d7c74df5ae8a, Succeeded
8474bbe4-9eea-4ebc-8477-3fb56a22a24d, P0716                , 2025-08-10T02:58:48Z, ced2ce47-5b94-4e43-83ad-d7c74df5ae8a, Succeeded
b8af8ae3-b11a-45b2-a8a3-a65e7aaf9363, P0717                , 2025-08-21T00:50:07Z, b8f4c648-334d-4969-bab2-6ca9ba054e40, Succeeded
b8af8ae3-b11a-45b2-a8a3-a65e7aaf9363, P0717                , 2025-08-22T00:50:07Z, b8f4c648-334d-4969-bab2-6ca9ba054e40, Succeeded
460c805e-f073-4d20-8a9d-159c273a1b05, P0719                , 2025-01-24T16:38:01Z, aa4fd9be-9a77-4de4-a781-8864f83a71f2, Succeeded
1268adc1-28c9-499d-8f27-a4dc6bb3b390, P0720                , 2026-03-02T21:24:50Z, 7b318cf7-f502-44b4-9937-dd8e3b03d7fc, Succeeded
57e4d23e-5b1c-4ba4-9e5a-5041f4c2e1ca, P0721                , 2025-08-19T16:34:06Z, 6954efe8-efaf-4003-ab10-832ee6b4f31d, Succeeded
57e4d23e-5b1c-4ba4-9e5a-5041f4c2e1ca, P0721                , 2025-11-17T17:34:06Z, 4eb1cf6b-6f7f-4d6b-89ed-63d959340e92, Succeeded
5321e847-c99c-40d4-871f-d7a3788d1c29, P0722                , 2025-12-14T17:45:27Z, b4e86d77-96a7-4fa8-9599-1b624cffaca6, Succeeded
5321e847-c99c-40d4-871f-d7a3788d1c29, P0722                , 2025-12-15T17:45:27Z, b4e86d77-96a7-4fa8-9599-1b624cffaca6, Succeeded
8064a09b-e5ae-4290-b72f-821d7fd1491a, P0723                , 2025-11-10T06:38:39Z, 8f1bd74d-5150-44c7-8ec8-003bfbc5e6f0, Succeeded
b5353c5a-e1d2-45d8-bf99-9a94c04e2fd5, P0724                , 2025-03-16T04:50:51Z, 3e1f4b6c-018b-47af-97ff-5e916ba5cd32, Succeeded
3f2e8203-5ad0-474c-92f6-525a4275245c, P0725                , 2025-03-05T12:54:46Z, 66309ed2-5e6c-44d4-add6-476c26cea942, Succeeded
3f2e8203-5ad0-474c-92f6-525a4275245c, P0725                , 2025-06-03T11:54:46Z, b27f0948-e563-499d-a582-e6591220a375, Succeeded
3f2e8203-5ad0-474c-92f6-525a4275245c, P0725                , 2025-06-04T11:54:46Z, b27f0948-e563-499d-a582-e6591220a375, Succeeded
3f2e8203-5ad0-474c-92f6-525a4275245c, P0725                , 2025-06-05T11:54:46Z, b27f0948-e563-499d-a582-e6591220a375, Succeeded
3f2e8203-5ad0-474c-92f6-525a4275245c, P0725                , 2025-08-18T11:54:46Z, 92e6c415-7542-4a6b-b50d-ae23e0de1bc8, Succeeded
3f2e8203-5ad0-474c-92f6-525a4275245c, P0725                , 2025-08-19T11:54:46Z, 92e6c415-7542-4a6b-b50d-ae23e0de1bc8, Succeeded
3f2e8203-5ad0-474c-92f6-525a4275245c, P0725                , 2025-08-20T11:54:46Z, 92e6c415-7542-4a6b-b50d-ae23e0de1bc8, Succeeded
0f7333d5-0f15-4ab5-998d-93451cca3add, P0726                , 2025-12-23T15:28:07Z, 9615eabc-d7b4-450e-a531-1c7af2d0bb2f, Succeeded
0f7333d5-0f15-4ab5-998d-93451cca3add, P0726                , 2026-01-15T15:28:07Z, 2dbd606a-75b0-444e-8a8b-9b1ec977c37d, Succeeded
0f7333d5-0f15-4ab5-998d-93451cca3add, P0726                , 2026-01-16T15:28:07Z, 2dbd606a-75b0-444e-8a8b-9b1ec977c37d, Succeeded
0f7333d5-0f15-4ab5-998d-93451cca3add, P0726                , 2026-05-30T14:28:07Z, 52ed58cd-af1d-49fb-b342-13aafde5265a, Succeeded
0f7333d5-0f15-4ab5-998d-93451cca3add, P0726                , 2026-05-31T14:28:07Z, 52ed58cd-af1d-49fb-b342-13aafde5265a, Succeeded
9de6aa0f-babe-476e-879a-624da501bb28, P0728                , 2025-04-26T04:19:10Z, 2a23bb4b-dd08-4441-970d-1c03d3994648, Succeeded
f4f55c80-d81e-4b59-8f9d-1844c7b83852, P0729                , 2025-07-30T16:01:34Z, 606d72c1-6c2a-422d-9c6d-78c8458b729a, Succeeded
f4f55c80-d81e-4b59-8f9d-1844c7b83852, P0729                , 2025-07-31T16:01:34Z, 606d72c1-6c2a-422d-9c6d-78c8458b729a, Succeeded
f4f55c80-d81e-4b59-8f9d-1844c7b83852, P0729                , 2025-08-01T16:01:34Z, 606d72c1-6c2a-422d-9c6d-78c8458b729a, Succeeded
f4f55c80-d81e-4b59-8f9d-1844c7b83852, P0729                , 2026-01-19T17:01:34Z, 6ee2d1ad-5032-4ae5-8468-0e58a337fc64, Succeeded
09d4c437-92d2-4849-8e26-1cf86ddbec6a, P0730                , 2025-04-22T09:47:14Z, a8d38ccb-0cd3-4307-8b74-93aab0024d1a, Succeeded
09d4c437-92d2-4849-8e26-1cf86ddbec6a, P0730                , 2025-05-22T09:47:14Z, 9e05ee1c-618a-44a8-8ddf-d6939b0ef852, Succeeded
09d4c437-92d2-4849-8e26-1cf86ddbec6a, P0730                , 2025-05-23T09:47:14Z, 9e05ee1c-618a-44a8-8ddf-d6939b0ef852, Succeeded
fc7486f3-8903-4bae-b95b-30a6ab7de4ec, P0731                , 2025-05-20T05:33:45Z, 30f19cfa-147c-4838-b2c5-fdcdd6c5b562, Succeeded
fc7486f3-8903-4bae-b95b-30a6ab7de4ec, P0731                , 2025-05-21T05:33:45Z, 30f19cfa-147c-4838-b2c5-fdcdd6c5b562, Succeeded
fc7486f3-8903-4bae-b95b-30a6ab7de4ec, P0731                , 2025-05-22T05:33:45Z, 30f19cfa-147c-4838-b2c5-fdcdd6c5b562, Succeeded
fc7486f3-8903-4bae-b95b-30a6ab7de4ec, P0731                , 2025-11-12T06:33:45Z, 368ba6a1-09b4-4afe-8e59-268ab7af2865, Succeeded
2c4f9989-d336-4bf4-886c-ea99e1256c31, P0733                , 2025-07-01T10:07:31Z, efbe6b46-44a8-4e14-a3f5-586b8be6dab4, Succeeded
2c4f9989-d336-4bf4-886c-ea99e1256c31, P0733                , 2025-07-02T10:07:31Z, efbe6b46-44a8-4e14-a3f5-586b8be6dab4, Succeeded
f688285b-c5a8-4a55-98a0-7e30a24f7d9f, P0734                , 2025-06-13T18:47:05Z, 15159f41-2365-4aba-9644-639124025fc0, Succeeded
ceebf557-6ffe-4690-91cf-cc472dfe71a8, P0735                , 2025-10-25T14:34:10Z, 7e0b5c89-1f8d-4e73-bc3c-173f71a85c72, Succeeded
ceebf557-6ffe-4690-91cf-cc472dfe71a8, P0735                , 2025-11-17T15:34:10Z, f3126e52-599d-4571-9906-5c4a21fa3373, Succeeded
ceebf557-6ffe-4690-91cf-cc472dfe71a8, P0735                , 2025-11-18T15:34:10Z, f3126e52-599d-4571-9906-5c4a21fa3373, Succeeded
f57f9302-a06f-408e-a68d-83e9b5965388, P0736                , 2025-09-10T02:19:28Z, 17ea4e22-adb6-4ce3-9782-eaeb21582da3, Succeeded
f57f9302-a06f-408e-a68d-83e9b5965388, P0736                , 2025-09-11T02:19:28Z, 17ea4e22-adb6-4ce3-9782-eaeb21582da3, Succeeded
f57f9302-a06f-408e-a68d-83e9b5965388, P0736                , 2025-09-12T02:19:28Z, 17ea4e22-adb6-4ce3-9782-eaeb21582da3, Succeeded
f57f9302-a06f-408e-a68d-83e9b5965388, P0736                , 2025-12-02T03:19:28Z, 5c934b5a-f244-4309-ab29-85947de91f6a, Succeeded
5fc1bf9c-0946-446d-9730-1d57364902ab, P0737                , 2025-02-04T05:04:10Z, 65c041ca-2057-46ed-a30c-63601c1f44a7, Succeeded
008ba390-2609-46e5-be53-2d94ca6c5dd8, P0738                , 2025-12-26T14:29:33Z, d6146ded-fb01-4dee-872c-ee4d5a3580b8, Succeeded
09cb2624-d535-499d-a434-74b397e88a4c, P0739                , 2025-08-24T19:52:26Z, 7bf310e7-6f31-4ce5-8bda-cf6a39e497a8, Succeeded
09cb2624-d535-499d-a434-74b397e88a4c, P0739                , 2025-08-25T19:52:26Z, 7bf310e7-6f31-4ce5-8bda-cf6a39e497a8, Succeeded
09cb2624-d535-499d-a434-74b397e88a4c, P0739                , 2025-08-26T19:52:26Z, 7bf310e7-6f31-4ce5-8bda-cf6a39e497a8, Succeeded
09cb2624-d535-499d-a434-74b397e88a4c, P0739                , 2025-08-31T19:52:26Z, d7ec82a6-cbd6-4563-84e7-33a346b00c84, Succeeded
09cb2624-d535-499d-a434-74b397e88a4c, P0739                , 2025-11-22T20:52:26Z, 71d29046-c5c6-4550-bc44-a62610d938ae, Succeeded
0619cca0-ab4c-41d7-8e5b-dcf6720f6ff4, P0740                , 2025-09-17T01:46:03Z, eac953ae-6d7b-4e8a-8b5b-dfefb512188f, Succeeded
af1e16ef-18ed-4d4a-b69d-56f82322064e, P0741                , 2025-08-05T22:02:13Z, 16b0076e-9946-49c4-9797-5e4c5e3df564, Succeeded
af1e16ef-18ed-4d4a-b69d-56f82322064e, P0741                , 2025-08-06T22:02:13Z, 16b0076e-9946-49c4-9797-5e4c5e3df564, Succeeded
af1e16ef-18ed-4d4a-b69d-56f82322064e, P0741                , 2025-12-31T23:02:13Z, 0e7f887c-4b95-4ce1-90e0-338c930686a1, Succeeded
af1e16ef-18ed-4d4a-b69d-56f82322064e, P0741                , 2026-01-01T23:02:13Z, 0e7f887c-4b95-4ce1-90e0-338c930686a1, Succeeded
e52f287d-159b-49a0-a991-c971015eb25e, P0742                , 2025-09-12T15:24:38Z, 657efbd4-53e6-4b04-8eca-adb8c6a29fba, Succeeded
e52f287d-159b-49a0-a991-c971015eb25e, P0742                , 2025-09-13T15:24:38Z, 657efbd4-53e6-4b04-8eca-adb8c6a29fba, Succeeded
85e4c0fc-f24d-4369-bbe2-29ccbde98afe, P0743                , 2025-05-19T14:58:26Z, cca3a09b-cb38-4939-ba71-d50f9c811a54, Succeeded
85e4c0fc-f24d-4369-bbe2-29ccbde98afe, P0743                , 2025-05-20T14:58:26Z, cca3a09b-cb38-4939-ba71-d50f9c811a54, Succeeded
85e4c0fc-f24d-4369-bbe2-29ccbde98afe, P0743                , 2025-05-26T14:58:26Z, 057823b1-f893-4081-ae35-33f999ef323d, Succeeded
85e4c0fc-f24d-4369-bbe2-29ccbde98afe, P0743                , 2025-05-27T14:58:26Z, 057823b1-f893-4081-ae35-33f999ef323d, Succeeded
675d1e5b-d9dc-4bb7-bf9a-2697723e0223, P0744                , 2026-05-06T21:35:04Z, c1337bee-8e8b-4e8d-959a-123c2e784be3, Succeeded
193ddb56-6d95-4a69-af19-e73ad7dd16f8, P0745                , 2025-10-28T11:00:41Z, c4576bd7-0d9b-4f0f-9267-425a658a4ff4, Succeeded
193ddb56-6d95-4a69-af19-e73ad7dd16f8, P0745                , 2025-10-29T11:00:41Z, c4576bd7-0d9b-4f0f-9267-425a658a4ff4, Succeeded
193ddb56-6d95-4a69-af19-e73ad7dd16f8, P0745                , 2025-11-04T12:00:41Z, 80f8ef30-3da1-4380-847e-73b5bf854f06, Succeeded
193ddb56-6d95-4a69-af19-e73ad7dd16f8, P0745                , 2025-11-05T12:00:41Z, 80f8ef30-3da1-4380-847e-73b5bf854f06, Succeeded
193ddb56-6d95-4a69-af19-e73ad7dd16f8, P0745                , 2025-11-06T12:00:41Z, 80f8ef30-3da1-4380-847e-73b5bf854f06, Succeeded
ee78fb64-351c-47d4-a0bd-c13bd38bffe7, P0748                , 2025-12-08T02:47:53Z, 53ff4700-519a-4001-89f0-414f3de16ace, Succeeded
ee78fb64-351c-47d4-a0bd-c13bd38bffe7, P0748                , 2026-05-20T01:47:53Z, 7304a6c9-f09c-4789-9dd2-e5ec652a7ef3, Succeeded
d6c1a32d-e1ab-47a8-854c-fbf962bfc34b, P0750                , 2025-03-08T21:45:56Z, f34cf944-5d89-4936-9822-3199fa32654c, Succeeded
d6c1a32d-e1ab-47a8-854c-fbf962bfc34b, P0750                , 2025-03-09T20:45:56Z, f34cf944-5d89-4936-9822-3199fa32654c, Succeeded
d6c1a32d-e1ab-47a8-854c-fbf962bfc34b, P0750                , 2025-07-09T20:45:56Z, fa3ba2f2-cfa1-45a6-997c-b3cb47a0736c, Succeeded
d6c1a32d-e1ab-47a8-854c-fbf962bfc34b, P0750                , 2025-07-10T20:45:56Z, fa3ba2f2-cfa1-45a6-997c-b3cb47a0736c, Succeeded
d6c1a32d-e1ab-47a8-854c-fbf962bfc34b, P0750                , 2025-07-11T20:45:56Z, fa3ba2f2-cfa1-45a6-997c-b3cb47a0736c, Succeeded
e12158e9-ccb4-4eae-8773-3da463665372, P0751                , 2025-10-08T21:20:35Z, 54c0a3e4-09c2-41bb-a3da-fa7e7ae820f6, Succeeded
e12158e9-ccb4-4eae-8773-3da463665372, P0751                , 2025-10-09T21:20:35Z, 54c0a3e4-09c2-41bb-a3da-fa7e7ae820f6, Succeeded
e12158e9-ccb4-4eae-8773-3da463665372, P0751                , 2026-01-06T22:20:35Z, dce11fdb-a79c-48e6-9277-585ff1239b4b, Succeeded
4dec64f4-c540-46a2-bf90-6e87774fa432, P0752                , 2025-08-19T23:14:35Z, b46d4d42-b459-494f-a9d3-944c3aa4127f, Succeeded
4dec64f4-c540-46a2-bf90-6e87774fa432, P0752                , 2025-08-20T23:14:35Z, b46d4d42-b459-494f-a9d3-944c3aa4127f, Succeeded
4dec64f4-c540-46a2-bf90-6e87774fa432, P0752                , 2025-12-05T00:14:35Z, c2c6fcb1-9e76-4fc4-ad3b-8de29170d1eb, Succeeded
c76bcba7-9f35-4234-b38d-f77e95f42cd7, P0753                , 2025-01-13T00:04:44Z, c7c0ca1a-803a-4a93-811c-df7c2c6722e4, Succeeded
c76bcba7-9f35-4234-b38d-f77e95f42cd7, P0753                , 2025-02-12T00:04:44Z, ab593ec8-ebb8-4b67-a521-73dac3f5020a, Succeeded
c76bcba7-9f35-4234-b38d-f77e95f42cd7, P0753                , 2025-04-12T23:04:44Z, 7842e7c0-7b6a-4692-96ed-fcc4f6f1334f, Succeeded
c76bcba7-9f35-4234-b38d-f77e95f42cd7, P0753                , 2025-04-13T23:04:44Z, 7842e7c0-7b6a-4692-96ed-fcc4f6f1334f, Succeeded
46df2a1e-fa88-41e5-848a-7151c9f1f6f0, P0754                , 2025-03-19T06:12:31Z, cd88dadd-8f36-4495-adfb-647fd61e2b4e, Succeeded
46df2a1e-fa88-41e5-848a-7151c9f1f6f0, P0754                , 2025-03-20T06:12:31Z, cd88dadd-8f36-4495-adfb-647fd61e2b4e, Succeeded
73d95fa3-d525-4930-9457-07521b45a072, P0755                , 2025-05-03T16:57:26Z, 2a25216a-c9cc-4818-a218-8adff4808100, Succeeded
73d95fa3-d525-4930-9457-07521b45a072, P0755                , 2025-06-02T16:57:26Z, a3cb13f6-ab52-48b9-bd03-40baec593ce1, Succeeded
df402bcd-0f54-4f23-a7ee-3ed85a93dd95, P0756                , 2025-08-28T20:44:34Z, a1e93ec1-34da-4935-84c2-746370c3352a, Succeeded
df402bcd-0f54-4f23-a7ee-3ed85a93dd95, P0756                , 2025-08-29T20:44:34Z, a1e93ec1-34da-4935-84c2-746370c3352a, Succeeded
df402bcd-0f54-4f23-a7ee-3ed85a93dd95, P0756                , 2025-08-30T20:44:34Z, a1e93ec1-34da-4935-84c2-746370c3352a, Succeeded
df402bcd-0f54-4f23-a7ee-3ed85a93dd95, P0756                , 2025-10-27T20:44:34Z, 615a8a78-7431-49e4-bcef-dfeb29e2eb61, Succeeded
df402bcd-0f54-4f23-a7ee-3ed85a93dd95, P0756                , 2025-10-28T20:44:34Z, 615a8a78-7431-49e4-bcef-dfeb29e2eb61, Succeeded
8de032fe-35ae-4e3e-b2d8-34b9b49cdb34, P0758                , 2025-03-06T05:00:46Z, abec3d73-c2c2-4708-ad22-e2818b61e0f5, Succeeded
8de032fe-35ae-4e3e-b2d8-34b9b49cdb34, P0758                , 2025-06-04T04:00:46Z, 426d1a2d-d6d4-4e52-97b0-1879d1000282, Succeeded
8de032fe-35ae-4e3e-b2d8-34b9b49cdb34, P0758                , 2025-06-05T04:00:46Z, 426d1a2d-d6d4-4e52-97b0-1879d1000282, Succeeded
8de032fe-35ae-4e3e-b2d8-34b9b49cdb34, P0758                , 2025-06-06T04:00:46Z, 426d1a2d-d6d4-4e52-97b0-1879d1000282, Succeeded
42228118-a53f-4505-a25d-69f15f5724fa, P0759                , 2025-05-28T12:52:32Z, e052d0b3-3c61-4427-9e7a-4c49af9258eb, Succeeded
42228118-a53f-4505-a25d-69f15f5724fa, P0759                , 2025-05-29T12:52:32Z, e052d0b3-3c61-4427-9e7a-4c49af9258eb, Succeeded
061d8781-4a48-4a49-ae1c-870f52796b8a, P0760                , 2026-03-12T01:13:58Z, 6ff8447f-2e5e-4377-92ea-69ece44c16f7, Succeeded
061d8781-4a48-4a49-ae1c-870f52796b8a, P0760                , 2026-03-13T01:13:58Z, 6ff8447f-2e5e-4377-92ea-69ece44c16f7, Succeeded
061d8781-4a48-4a49-ae1c-870f52796b8a, P0760                , 2026-05-13T01:13:58Z, f3d47bf7-b296-4550-b7f0-24de39f521ad, Succeeded
e01b3d29-ffd9-4c54-b94f-3b8876344752, P0761                , 2025-02-15T20:41:57Z, a9c23d59-0bca-464f-80f5-adbb73592834, Succeeded
e01b3d29-ffd9-4c54-b94f-3b8876344752, P0761                , 2025-02-16T20:41:57Z, a9c23d59-0bca-464f-80f5-adbb73592834, Succeeded
e01b3d29-ffd9-4c54-b94f-3b8876344752, P0761                , 2025-02-17T20:41:57Z, a9c23d59-0bca-464f-80f5-adbb73592834, Succeeded
e01b3d29-ffd9-4c54-b94f-3b8876344752, P0761                , 2025-06-16T19:41:57Z, caf13222-b4fb-408d-83e0-8fb327d57bb3, Succeeded
e01b3d29-ffd9-4c54-b94f-3b8876344752, P0761                , 2025-06-17T19:41:57Z, caf13222-b4fb-408d-83e0-8fb327d57bb3, Succeeded
e01b3d29-ffd9-4c54-b94f-3b8876344752, P0761                , 2025-06-18T19:41:57Z, caf13222-b4fb-408d-83e0-8fb327d57bb3, Succeeded
95aa3682-fd3e-466c-8a29-d37717a33cd7, P0762                , 2025-07-27T12:04:30Z, a584b7aa-70ea-4a78-bbf8-3fe34dcc4f5e, Succeeded
de66a945-c3a5-46f0-8564-ef3c905d1842, P0763                , 2025-10-17T19:26:26Z, 13671ac7-3812-495d-a6f9-84a258c9f4f8, Succeeded
032989de-3d3c-4ea7-83d3-8d8a07949268, P0764                , 2025-12-10T04:51:27Z, 0bbb99d4-a116-4ee5-a2f2-c06ee5f7a57c, Succeeded
032989de-3d3c-4ea7-83d3-8d8a07949268, P0764                , 2025-12-11T04:51:27Z, 0bbb99d4-a116-4ee5-a2f2-c06ee5f7a57c, Succeeded
032989de-3d3c-4ea7-83d3-8d8a07949268, P0764                , 2025-12-17T04:51:27Z, 430cfa9f-e9aa-4cc1-ac65-d84066863ed0, Succeeded
032989de-3d3c-4ea7-83d3-8d8a07949268, P0764                , 2026-01-09T04:51:27Z, 93ddae2d-0be3-40f6-80fb-503b870ca26d, Succeeded
032989de-3d3c-4ea7-83d3-8d8a07949268, P0764                , 2026-01-10T04:51:27Z, 93ddae2d-0be3-40f6-80fb-503b870ca26d, Succeeded
032989de-3d3c-4ea7-83d3-8d8a07949268, P0764                , 2026-01-11T04:51:27Z, 93ddae2d-0be3-40f6-80fb-503b870ca26d, Succeeded
312a4843-7632-4b8c-a517-8d7d289944d9, P0765                , 2026-02-08T02:19:46Z, dfe262b7-22f9-4cbc-a133-f85f54256a30, Succeeded
312a4843-7632-4b8c-a517-8d7d289944d9, P0765                , 2026-02-09T02:19:46Z, dfe262b7-22f9-4cbc-a133-f85f54256a30, Succeeded
312a4843-7632-4b8c-a517-8d7d289944d9, P0765                , 2026-02-10T02:19:46Z, dfe262b7-22f9-4cbc-a133-f85f54256a30, Succeeded
f4bff377-bee4-4597-b6f3-92ba80787d1e, P0766                , 2025-09-15T08:58:04Z, ca07b468-3e14-433a-91b9-c0cb29e26c2b, Succeeded
f4bff377-bee4-4597-b6f3-92ba80787d1e, P0766                , 2025-10-08T08:58:04Z, 7f442364-0cce-4663-ab1e-e10719c02d6a, Succeeded
f4bff377-bee4-4597-b6f3-92ba80787d1e, P0766                , 2025-10-09T08:58:04Z, 7f442364-0cce-4663-ab1e-e10719c02d6a, Succeeded
f4bff377-bee4-4597-b6f3-92ba80787d1e, P0766                , 2025-10-10T08:58:04Z, 7f442364-0cce-4663-ab1e-e10719c02d6a, Succeeded
f4bff377-bee4-4597-b6f3-92ba80787d1e, P0766                , 2026-03-03T09:58:04Z, a0732c3b-1fae-4d34-8ade-36a22481cfe0, Succeeded
e867c0d1-8462-4614-85b4-5c3cc0b1ed29, P0767                , 2025-10-26T07:13:07Z, 498a6282-4c0c-4d83-b2e9-fa8eb3e73f95, Succeeded
e867c0d1-8462-4614-85b4-5c3cc0b1ed29, P0767                , 2025-10-27T07:13:07Z, 498a6282-4c0c-4d83-b2e9-fa8eb3e73f95, Succeeded
e867c0d1-8462-4614-85b4-5c3cc0b1ed29, P0767                , 2025-11-02T08:13:07Z, f45a9740-b66f-45e5-b0e7-c49777d58c60, Succeeded
e867c0d1-8462-4614-85b4-5c3cc0b1ed29, P0767                , 2025-11-03T08:13:07Z, f45a9740-b66f-45e5-b0e7-c49777d58c60, Succeeded
e867c0d1-8462-4614-85b4-5c3cc0b1ed29, P0767                , 2025-11-04T08:13:07Z, f45a9740-b66f-45e5-b0e7-c49777d58c60, Succeeded
b34e1298-5074-4f7c-b29e-63caa56cb97b, P0768                , 2025-01-02T07:34:23Z, 3e12b3fc-71f2-45cc-a99c-00b6c00eba12, Succeeded
b34e1298-5074-4f7c-b29e-63caa56cb97b, P0768                , 2025-01-09T07:34:23Z, 0c0d081d-d999-4554-9ab9-7db083397e0b, Succeeded
b34e1298-5074-4f7c-b29e-63caa56cb97b, P0768                , 2025-01-10T07:34:23Z, 0c0d081d-d999-4554-9ab9-7db083397e0b, Succeeded
b34e1298-5074-4f7c-b29e-63caa56cb97b, P0768                , 2025-02-01T07:34:23Z, 92685a6b-5864-44a4-a95b-6ab4ce6ec6f9, Succeeded
b34e1298-5074-4f7c-b29e-63caa56cb97b, P0768                , 2025-02-02T07:34:23Z, 92685a6b-5864-44a4-a95b-6ab4ce6ec6f9, Succeeded
f0bba477-9c5f-4845-95b7-35c0fc16602e, P0770                , 2025-10-06T23:07:40Z, b016f7e0-a65e-4a2e-a446-9a6e6a61578f, Succeeded
f0bba477-9c5f-4845-95b7-35c0fc16602e, P0770                , 2025-10-07T23:07:40Z, b016f7e0-a65e-4a2e-a446-9a6e6a61578f, Succeeded
f0bba477-9c5f-4845-95b7-35c0fc16602e, P0770                , 2025-10-08T23:07:40Z, b016f7e0-a65e-4a2e-a446-9a6e6a61578f, Succeeded
1f30c5d0-547e-45e8-833c-b747b07e3cba, P0771                , 2025-01-26T05:47:55Z, 5d6a4905-5eee-4df7-81e8-710f522cdc6b, Succeeded
58deef56-b191-4248-a7e0-25d2fbe10282, P0772                , 2025-06-23T09:58:34Z, 24ff5aae-ca23-4505-901e-a88d79a7d3de, Succeeded
58deef56-b191-4248-a7e0-25d2fbe10282, P0772                , 2025-06-24T09:58:34Z, 24ff5aae-ca23-4505-901e-a88d79a7d3de, Succeeded
58deef56-b191-4248-a7e0-25d2fbe10282, P0772                , 2025-06-25T09:58:34Z, 24ff5aae-ca23-4505-901e-a88d79a7d3de, Succeeded
bfa0b329-20e2-4121-a903-f035b782cb00, P0773                , 2025-07-28T00:53:28Z, 70d32d2a-3526-4c36-840f-26ffb9e6fb8c, Succeeded
de8f5984-f8b9-4b64-a8ee-1144f64ef2bb, P0774                , 2025-04-02T11:02:57Z, 71f81bc3-05a5-48cd-9c54-0dc02f0c68f5, Succeeded
3e27fa75-551f-4e9f-a074-4cfdb60b058c, P0775                , 2025-10-25T03:49:49Z, 40ee34e9-4bba-4656-8fb9-ebc1baef4215, Succeeded
3e27fa75-551f-4e9f-a074-4cfdb60b058c, P0775                , 2025-10-26T03:49:49Z, 40ee34e9-4bba-4656-8fb9-ebc1baef4215, Succeeded
3e27fa75-551f-4e9f-a074-4cfdb60b058c, P0775                , 2025-10-27T03:49:49Z, 40ee34e9-4bba-4656-8fb9-ebc1baef4215, Succeeded
835c18bc-337b-4759-a6e8-200fbbb4c292, P0776                , 2025-03-09T09:29:27Z, d8b78a3c-110a-4fda-89df-1e4908b65934, Succeeded
835c18bc-337b-4759-a6e8-200fbbb4c292, P0776                , 2025-03-10T09:29:27Z, d8b78a3c-110a-4fda-89df-1e4908b65934, Succeeded
978e1c35-a385-40cf-a1ba-63ca81fbe243, P0777                , 2025-08-29T07:42:41Z, cf562117-baa0-41d7-b643-7315c0d99cb5, Succeeded
978e1c35-a385-40cf-a1ba-63ca81fbe243, P0777                , 2025-08-30T07:42:41Z, cf562117-baa0-41d7-b643-7315c0d99cb5, Succeeded
d96aca1a-12b7-47b1-b7f1-91da755811d3, P0778                , 2025-08-26T09:47:07Z, 5241c8f8-b442-4fbb-a61e-93516fa222f0, Succeeded
d96aca1a-12b7-47b1-b7f1-91da755811d3, P0778                , 2026-01-23T10:47:07Z, 5c222768-e030-4674-990c-a72b1d394d4b, Succeeded
d96aca1a-12b7-47b1-b7f1-91da755811d3, P0778                , 2026-01-24T10:47:07Z, 5c222768-e030-4674-990c-a72b1d394d4b, Succeeded
8017ed2d-d505-4d9e-a47b-ee983fccf59a, P0779                , 2025-04-07T20:58:22Z, e2b490ff-f2e0-4a5c-ab46-e99d28b24e2c, Succeeded
8017ed2d-d505-4d9e-a47b-ee983fccf59a, P0779                , 2025-05-07T20:58:22Z, fbc2d691-8d0c-442c-b78a-931dd5da51e1, Succeeded
8017ed2d-d505-4d9e-a47b-ee983fccf59a, P0779                , 2025-05-08T20:58:22Z, fbc2d691-8d0c-442c-b78a-931dd5da51e1, Succeeded
8017ed2d-d505-4d9e-a47b-ee983fccf59a, P0779                , 2025-05-09T20:58:22Z, fbc2d691-8d0c-442c-b78a-931dd5da51e1, Succeeded
8017ed2d-d505-4d9e-a47b-ee983fccf59a, P0779                , 2025-07-06T20:58:22Z, 0f8740fb-ef63-46a4-9f36-0bbd13a8835a, Succeeded
8017ed2d-d505-4d9e-a47b-ee983fccf59a, P0779                , 2025-08-24T20:58:22Z, 395fb1fe-dadc-498c-bf52-eef5e845e6cf, Succeeded
8017ed2d-d505-4d9e-a47b-ee983fccf59a, P0779                , 2025-08-25T20:58:22Z, 395fb1fe-dadc-498c-bf52-eef5e845e6cf, Succeeded
cd738626-8769-4103-bd19-e28719b15a9b, P0780                , 2025-02-26T16:17:36Z, 026fb7fd-8c4f-44db-b268-713418111db7, Succeeded
cd738626-8769-4103-bd19-e28719b15a9b, P0780                , 2025-05-20T15:17:36Z, ce691662-8dd4-41bf-8771-194dc1a8ae77, Succeeded
16a8e829-37f2-4338-b635-8e00a8504ed0, P0781                , 2025-08-07T18:29:58Z, 2a0382e2-d84d-4453-bbc4-d217b06b82a5, Succeeded
638ebcb2-e330-4cfb-ba39-78200929692b, P0782                , 2025-05-08T05:15:17Z, b05bda30-c2e8-49c4-a3b2-3f5bf877a0d7, Succeeded
638ebcb2-e330-4cfb-ba39-78200929692b, P0782                , 2025-08-06T05:15:17Z, 9b1ffee5-0899-4bf0-b489-37a23b13a186, Succeeded
638ebcb2-e330-4cfb-ba39-78200929692b, P0782                , 2025-08-07T05:15:17Z, 9b1ffee5-0899-4bf0-b489-37a23b13a186, Succeeded
8517042f-1188-4523-8bdb-48b3e9f83996, P0783                , 2025-07-08T16:28:16Z, 1537ee2a-602f-4bab-a89e-00cd7eb6cf68, Succeeded
8517042f-1188-4523-8bdb-48b3e9f83996, P0783                , 2025-07-09T16:28:16Z, 1537ee2a-602f-4bab-a89e-00cd7eb6cf68, Succeeded
8517042f-1188-4523-8bdb-48b3e9f83996, P0783                , 2025-10-06T16:28:16Z, 6f8c944f-1759-4cb7-98d4-0ea2d1f6aad2, Succeeded
8517042f-1188-4523-8bdb-48b3e9f83996, P0783                , 2025-11-06T17:28:16Z, 925d8ba8-68d2-453c-b32d-80326999cf53, Succeeded
c673e6f6-0f1a-4ea6-a0ad-0ecca5ea315b, P0784                , 2025-02-12T05:58:48Z, 10f4de11-6343-4d7b-9eaa-e69fbcc9db9a, Succeeded
c673e6f6-0f1a-4ea6-a0ad-0ecca5ea315b, P0784                , 2025-02-13T05:58:48Z, 10f4de11-6343-4d7b-9eaa-e69fbcc9db9a, Succeeded
c673e6f6-0f1a-4ea6-a0ad-0ecca5ea315b, P0784                , 2025-02-19T05:58:48Z, 0b3096ad-b8c2-4697-bad9-0082db22951e, Succeeded
c673e6f6-0f1a-4ea6-a0ad-0ecca5ea315b, P0784                , 2025-07-03T04:58:48Z, 8dac3934-fdb9-4af5-b0b8-c3ae8bd762b6, Succeeded
c673e6f6-0f1a-4ea6-a0ad-0ecca5ea315b, P0784                , 2025-07-04T04:58:48Z, 8dac3934-fdb9-4af5-b0b8-c3ae8bd762b6, Succeeded
c673e6f6-0f1a-4ea6-a0ad-0ecca5ea315b, P0784                , 2025-07-05T04:58:48Z, 8dac3934-fdb9-4af5-b0b8-c3ae8bd762b6, Succeeded
d5f45ae0-5436-48a5-9288-3f5cef82593d, P0786                , 2026-02-20T16:02:22Z, 06e7a746-0882-46d1-88ea-5fed03123f86, Succeeded
d5f45ae0-5436-48a5-9288-3f5cef82593d, P0786                , 2026-02-21T16:02:22Z, 06e7a746-0882-46d1-88ea-5fed03123f86, Succeeded
d5f45ae0-5436-48a5-9288-3f5cef82593d, P0786                , 2026-02-22T16:02:22Z, 06e7a746-0882-46d1-88ea-5fed03123f86, Succeeded
d5f45ae0-5436-48a5-9288-3f5cef82593d, P0786                , 2026-05-16T15:02:22Z, 9beafd90-07e4-4045-847a-0b2cdd47667c, Succeeded
d5f45ae0-5436-48a5-9288-3f5cef82593d, P0786                , 2026-05-17T15:02:22Z, 9beafd90-07e4-4045-847a-0b2cdd47667c, Succeeded
fbd1ef67-4be6-4619-99fe-00716af8f50e, P0787                , 2025-10-17T16:37:41Z, 7911b649-a809-4dd8-817d-494b4b93b106, Succeeded
fbd1ef67-4be6-4619-99fe-00716af8f50e, P0787                , 2025-11-09T17:37:41Z, 4fd9c469-5c5d-42ad-9170-30971c8b6e40, Succeeded
fbd1ef67-4be6-4619-99fe-00716af8f50e, P0787                , 2025-11-10T17:37:41Z, 4fd9c469-5c5d-42ad-9170-30971c8b6e40, Succeeded
40d37b4a-3f05-42c6-962c-72bf3cf9a47a, P0789                , 2025-11-19T14:01:41Z, a2b33bb7-ae71-41e5-8cb6-86775b3a9916, Succeeded
3cedfc24-3494-4df2-9648-c1f5f7982e57, P0791                , 2025-11-27T03:26:03Z, c4f4c5a1-5969-4e89-954c-0e9c3ee49215, Succeeded
c2a52e47-f6b5-469b-ae00-1944f1d722e4, P0792                , 2025-10-19T14:08:22Z, 1b32c12f-da02-407a-a829-9d4f74217394, Succeeded
c2a52e47-f6b5-469b-ae00-1944f1d722e4, P0792                , 2025-10-20T14:08:22Z, 1b32c12f-da02-407a-a829-9d4f74217394, Succeeded
c2a52e47-f6b5-469b-ae00-1944f1d722e4, P0792                , 2025-10-21T14:08:22Z, 1b32c12f-da02-407a-a829-9d4f74217394, Succeeded
556e85f5-d422-4cbf-8157-5b9aff95bc1a, P0793                , 2025-12-09T00:33:44Z, b15e5ac5-2488-47fb-8f73-ec762b1d2190, Succeeded
ce254abb-fffb-48e5-b58a-fa7e5a66b86e, P0794                , 2025-02-16T04:38:09Z, eda60ebe-4987-49d9-8bca-91678aad5b38, Succeeded
ce254abb-fffb-48e5-b58a-fa7e5a66b86e, P0794                , 2025-02-17T04:38:09Z, eda60ebe-4987-49d9-8bca-91678aad5b38, Succeeded
ce254abb-fffb-48e5-b58a-fa7e5a66b86e, P0794                , 2025-05-17T03:38:09Z, 351b42f0-d3b3-4db2-ae4b-c9d0d359bdf2, Succeeded
ce254abb-fffb-48e5-b58a-fa7e5a66b86e, P0794                , 2025-07-15T03:38:09Z, 62af6724-7e1a-4499-9fdc-14dd25d48dcc, Succeeded
d5a7a158-76e6-4f40-af65-ab3fda834627, P0796                , 2025-07-11T17:33:04Z, ef0c0934-baa2-465d-bb4a-5ecf25201426, Succeeded
af3cb7f7-b29f-4f9d-a59d-149a70727b45, P0797                , 2026-01-19T18:08:59Z, 1057d846-a120-4ddf-ba97-131d4f7f6289, Succeeded
d11dc96b-adc2-4ed6-96de-ae5d8e1380a3, P0798                , 2025-10-12T04:40:52Z, e82c74d9-74cd-426e-85da-fa22c96a9cdc, Succeeded
9ffce019-0e10-472d-aa3d-c0105278c654, P0799                , 2025-05-18T11:13:46Z, 84978703-dbff-42bb-8faf-ec65c085fc67, Succeeded
9f735d22-54e8-45ab-baac-5bb55fb48c3b, P0800                , 2025-08-12T06:30:06Z, 46821ce1-9a40-456a-a59b-c00e54faa605, Succeeded
9f735d22-54e8-45ab-baac-5bb55fb48c3b, P0800                , 2025-12-30T07:30:06Z, 39c3ac03-69a5-45c8-b0b6-76af64871e9f, Succeeded
9f735d22-54e8-45ab-baac-5bb55fb48c3b, P0800                , 2025-12-31T07:30:06Z, 39c3ac03-69a5-45c8-b0b6-76af64871e9f, Succeeded
b98a3e77-a79e-467a-b1f0-98a07087a6ab, P0801                , 2025-08-21T00:55:50Z, e571a803-44fb-4e64-b07c-c2ed8bab4213, Succeeded
b98a3e77-a79e-467a-b1f0-98a07087a6ab, P0801                , 2025-08-22T00:55:50Z, e571a803-44fb-4e64-b07c-c2ed8bab4213, Succeeded
c2f846c5-c369-4a73-9333-a1b36d12a447, P0802                , 2025-05-07T10:27:25Z, 37c9ddb3-09b1-44e9-a06e-fa097977374d, Succeeded
c2f846c5-c369-4a73-9333-a1b36d12a447, P0802                , 2025-09-12T10:27:25Z, bcef9e5d-8158-473a-92e7-2fcc8b02ba26, Succeeded
c2f846c5-c369-4a73-9333-a1b36d12a447, P0802                , 2025-09-13T10:27:25Z, bcef9e5d-8158-473a-92e7-2fcc8b02ba26, Succeeded
dbc6df49-da80-4661-a148-da2f8b1d0172, P0803                , 2025-11-19T08:30:50Z, 841967c4-371a-4e30-8e1f-497a3d951a76, Succeeded
dbc6df49-da80-4661-a148-da2f8b1d0172, P0803                , 2025-11-20T08:30:50Z, 841967c4-371a-4e30-8e1f-497a3d951a76, Succeeded
dbc6df49-da80-4661-a148-da2f8b1d0172, P0803                , 2025-11-26T08:30:50Z, 7f7ffd93-ad44-4735-835d-fa916fbac0b9, Succeeded
dbc6df49-da80-4661-a148-da2f8b1d0172, P0803                , 2025-12-19T08:30:50Z, 9095ab8d-a606-4e7f-b209-6979c3efc227, Succeeded
dbc6df49-da80-4661-a148-da2f8b1d0172, P0803                , 2025-12-20T08:30:50Z, 9095ab8d-a606-4e7f-b209-6979c3efc227, Succeeded
dbc6df49-da80-4661-a148-da2f8b1d0172, P0803                , 2026-03-26T07:30:50Z, cffce7d0-7191-4349-83d8-af432108f108, Succeeded
dbc6df49-da80-4661-a148-da2f8b1d0172, P0803                , 2026-03-27T07:30:50Z, cffce7d0-7191-4349-83d8-af432108f108, Succeeded
dbc6df49-da80-4661-a148-da2f8b1d0172, P0803                , 2026-03-28T07:30:50Z, cffce7d0-7191-4349-83d8-af432108f108, Succeeded
d33661bc-d11c-4756-a8a3-9e3761f9e476, P0804                , 2025-05-20T19:06:55Z, 32bc01f1-d147-4fa0-90b9-27cc3fb99f0d, Succeeded
d33661bc-d11c-4756-a8a3-9e3761f9e476, P0804                , 2025-05-21T19:06:55Z, 32bc01f1-d147-4fa0-90b9-27cc3fb99f0d, Succeeded
f6e807fd-29dc-44f6-9eb3-ceacc08b82f8, P0805                , 2025-10-23T22:59:56Z, dbb91243-157e-449d-82ec-52af4c9e3c92, Succeeded
f6e807fd-29dc-44f6-9eb3-ceacc08b82f8, P0805                , 2025-10-24T22:59:56Z, dbb91243-157e-449d-82ec-52af4c9e3c92, Succeeded
f6e807fd-29dc-44f6-9eb3-ceacc08b82f8, P0805                , 2025-10-25T22:59:56Z, dbb91243-157e-449d-82ec-52af4c9e3c92, Succeeded
a2357a09-0a39-43a3-a064-2281070d49be, P0806                , 2025-12-14T03:57:53Z, 644af867-793d-47f4-bda5-cf134a5a5d98, Succeeded
a2357a09-0a39-43a3-a064-2281070d49be, P0806                , 2025-12-15T03:57:53Z, 644af867-793d-47f4-bda5-cf134a5a5d98, Succeeded
a2357a09-0a39-43a3-a064-2281070d49be, P0806                , 2025-12-16T03:57:53Z, 644af867-793d-47f4-bda5-cf134a5a5d98, Succeeded
008b95cb-9ada-4648-9897-c2bd019147c7, P0808                , 2025-12-30T22:28:28Z, 541c2083-40ed-4cd0-8165-e2683d76e531, Succeeded
008b95cb-9ada-4648-9897-c2bd019147c7, P0808                , 2025-12-31T22:28:28Z, 541c2083-40ed-4cd0-8165-e2683d76e531, Succeeded
008b95cb-9ada-4648-9897-c2bd019147c7, P0808                , 2026-01-01T22:28:28Z, 541c2083-40ed-4cd0-8165-e2683d76e531, Succeeded
008b95cb-9ada-4648-9897-c2bd019147c7, P0808                , 2026-01-22T22:28:28Z, 400b66c2-e52a-4399-b9c3-1563e910c53b, Succeeded
008b95cb-9ada-4648-9897-c2bd019147c7, P0808                , 2026-06-11T21:28:28Z, a225ccf1-0c3e-4d8b-9b7d-97a69dc0c7af, Succeeded
008b95cb-9ada-4648-9897-c2bd019147c7, P0808                , 2026-06-12T21:28:28Z, a225ccf1-0c3e-4d8b-9b7d-97a69dc0c7af, Succeeded
008b95cb-9ada-4648-9897-c2bd019147c7, P0808                , 2026-06-13T21:28:28Z, a225ccf1-0c3e-4d8b-9b7d-97a69dc0c7af, Succeeded
c47cdf4e-3d58-4215-90ca-282072c082a7, P0809                , 2025-08-16T19:31:58Z, 0a56378b-c6df-4006-8494-96bc01264188, Succeeded
c47cdf4e-3d58-4215-90ca-282072c082a7, P0809                , 2025-09-15T19:31:58Z, 6b463700-b133-4875-9a7f-78af928b804e, Succeeded
c47cdf4e-3d58-4215-90ca-282072c082a7, P0809                , 2025-11-14T20:31:58Z, 1c573024-e344-41e7-9927-d9bd4fc1e121, Succeeded
4cdb8e6e-a541-4946-a287-ac2b49843b0c, P0810                , 2025-05-22T12:44:29Z, 4933f7f2-c1ff-43e7-abbb-5b2fe426c5dd, Succeeded
4cdb8e6e-a541-4946-a287-ac2b49843b0c, P0810                , 2025-05-23T12:44:29Z, 4933f7f2-c1ff-43e7-abbb-5b2fe426c5dd, Succeeded
4cdb8e6e-a541-4946-a287-ac2b49843b0c, P0810                , 2025-08-13T12:44:29Z, 8c2372f3-f499-466d-bed7-1985a7c29a9d, Succeeded
4cdb8e6e-a541-4946-a287-ac2b49843b0c, P0810                , 2025-10-13T12:44:29Z, a02b38a5-52dc-420e-a7c9-25b2141fdced, Succeeded
3b194df4-35c0-4cd8-8f25-8eab8bc8e12f, P0811                , 2025-03-04T14:25:00Z, 3be34802-b5d8-44bb-8c1d-0bf6c532729b, Succeeded
15901143-60f9-4818-a2a5-9533435271b1, P0812                , 2025-02-27T08:27:05Z, b435dc7f-f0d1-4900-b435-b706d2c4da5b, Succeeded
ef5f16f4-815d-4af8-ae66-48dded573532, P0813                , 2025-10-31T01:14:10Z, 953cfbf8-df18-4661-b366-75c25a659ad9, Succeeded
ef5f16f4-815d-4af8-ae66-48dded573532, P0813                , 2025-11-01T01:14:10Z, 953cfbf8-df18-4661-b366-75c25a659ad9, Succeeded
ef5f16f4-815d-4af8-ae66-48dded573532, P0813                , 2025-11-02T01:14:10Z, 953cfbf8-df18-4661-b366-75c25a659ad9, Succeeded
ef5f16f4-815d-4af8-ae66-48dded573532, P0813                , 2025-11-07T02:14:10Z, b2521354-41e4-4ba4-83c1-c58dc37dfd76, Succeeded
ef5f16f4-815d-4af8-ae66-48dded573532, P0813                , 2025-11-30T02:14:10Z, 8720b01d-e767-40e3-bc76-2b6058f90053, Succeeded
d1a13dd2-3e57-46c9-a634-9316c8e81fbb, P0814                , 2025-03-06T15:58:43Z, 590bcfe3-e5cb-40aa-ae9a-74c5ed5817f9, Succeeded
d1a13dd2-3e57-46c9-a634-9316c8e81fbb, P0814                , 2025-03-07T15:58:43Z, 590bcfe3-e5cb-40aa-ae9a-74c5ed5817f9, Succeeded
d1a13dd2-3e57-46c9-a634-9316c8e81fbb, P0814                , 2025-05-05T14:58:43Z, 6d7e37a2-35e2-42f9-8fd9-a808f79b4c6c, Succeeded
d1a13dd2-3e57-46c9-a634-9316c8e81fbb, P0814                , 2025-05-06T14:58:43Z, 6d7e37a2-35e2-42f9-8fd9-a808f79b4c6c, Succeeded
d1a13dd2-3e57-46c9-a634-9316c8e81fbb, P0814                , 2025-05-07T14:58:43Z, 6d7e37a2-35e2-42f9-8fd9-a808f79b4c6c, Succeeded
d1a13dd2-3e57-46c9-a634-9316c8e81fbb, P0814                , 2025-07-01T14:58:43Z, 7309e5b0-4506-4e88-b072-3165272d889d, Succeeded
d1a13dd2-3e57-46c9-a634-9316c8e81fbb, P0814                , 2025-07-02T14:58:43Z, 7309e5b0-4506-4e88-b072-3165272d889d, Succeeded
d1a13dd2-3e57-46c9-a634-9316c8e81fbb, P0814                , 2025-07-03T14:58:43Z, 7309e5b0-4506-4e88-b072-3165272d889d, Succeeded
a25939ac-d0fd-4a8d-a58f-e69e43171d42, P0815                , 2026-04-04T11:00:41Z, c912f6fb-e350-41ec-b15a-77ea816e997c, Succeeded
a25939ac-d0fd-4a8d-a58f-e69e43171d42, P0815                , 2026-04-05T11:00:41Z, c912f6fb-e350-41ec-b15a-77ea816e997c, Succeeded
19376331-3a4a-4f7b-84fe-4f56911aec3f, P0816                , 2025-08-11T15:59:22Z, a0acbd7a-1c6c-4d15-be92-bcc875f58f41, Succeeded
19376331-3a4a-4f7b-84fe-4f56911aec3f, P0816                , 2025-08-12T15:59:22Z, a0acbd7a-1c6c-4d15-be92-bcc875f58f41, Succeeded
19376331-3a4a-4f7b-84fe-4f56911aec3f, P0816                , 2025-08-13T15:59:22Z, a0acbd7a-1c6c-4d15-be92-bcc875f58f41, Succeeded
8804469e-b9ea-4ec5-b88a-d0a511fc492a, P0817                , 2025-11-06T16:07:27Z, d1b6bcad-aa12-45f1-b6df-6ee866273596, Succeeded
8804469e-b9ea-4ec5-b88a-d0a511fc492a, P0817                , 2026-01-28T16:07:27Z, 6d4abc3d-9cbd-40ba-92d5-4400025a7be8, Succeeded
ab2bf907-a72b-4618-b2b0-e10d4816db98, P0818                , 2025-05-09T16:17:42Z, 941cc1de-831f-4aa0-ab21-c753c41601b0, Succeeded
ab2bf907-a72b-4618-b2b0-e10d4816db98, P0818                , 2025-05-10T16:17:42Z, 941cc1de-831f-4aa0-ab21-c753c41601b0, Succeeded
bbbf6bec-1308-4c9f-94d4-f180a0f532f1, P0819                , 2025-04-14T12:48:44Z, 72553b6a-21f3-49e3-9791-0f4a3eb014be, Succeeded
487292ca-cb33-472a-b9d6-afeb9876956e, P0820                , 2025-10-28T01:11:33Z, b6f58f43-75f7-4708-b1c0-281d3873260f, Succeeded
487292ca-cb33-472a-b9d6-afeb9876956e, P0820                , 2025-10-29T01:11:33Z, b6f58f43-75f7-4708-b1c0-281d3873260f, Succeeded
487292ca-cb33-472a-b9d6-afeb9876956e, P0820                , 2026-01-19T02:11:33Z, 4204fa0b-fc45-44aa-b73d-2b378110d146, Succeeded
d999f826-b802-4a59-9c02-7905ca1e6da6, P0822                , 2025-03-30T06:55:09Z, 79a20523-c6a9-4026-893a-c4cf98173dcb, Succeeded
d999f826-b802-4a59-9c02-7905ca1e6da6, P0822                , 2025-03-31T06:55:09Z, 79a20523-c6a9-4026-893a-c4cf98173dcb, Succeeded
d999f826-b802-4a59-9c02-7905ca1e6da6, P0822                , 2025-04-29T06:55:09Z, 4a03e1e4-ad92-4434-a5fb-a116bc997c17, Succeeded
d999f826-b802-4a59-9c02-7905ca1e6da6, P0822                , 2025-04-30T06:55:09Z, 4a03e1e4-ad92-4434-a5fb-a116bc997c17, Succeeded
d999f826-b802-4a59-9c02-7905ca1e6da6, P0822                , 2025-05-01T06:55:09Z, 4a03e1e4-ad92-4434-a5fb-a116bc997c17, Succeeded
d999f826-b802-4a59-9c02-7905ca1e6da6, P0822                , 2025-08-30T06:55:09Z, d728541e-316d-4638-8de0-736294c2d912, Succeeded
51a7971d-72a5-4e73-8957-3ccc24517c25, P0823                , 2025-04-06T21:03:24Z, efdc1462-1e8e-4e28-9003-cf08df172105, Succeeded
51a7971d-72a5-4e73-8957-3ccc24517c25, P0823                , 2025-06-05T21:03:24Z, 71570796-b628-4d71-882f-0c39fa5cfe62, Succeeded
b5340b7f-ec2b-403c-a495-fc0bf0e7f3b0, P0824                , 2025-05-14T17:14:18Z, 54423b31-f5ff-4ba5-9d4f-271f1232f9bb, Succeeded
9a6000f6-f6da-4f0f-bcbf-15b8f8e33081, P0825                , 2025-07-18T12:05:33Z, 708b4453-90f4-4a20-9f7d-b986a75a5b4a, Succeeded
9a6000f6-f6da-4f0f-bcbf-15b8f8e33081, P0825                , 2025-07-19T12:05:33Z, 708b4453-90f4-4a20-9f7d-b986a75a5b4a, Succeeded
ac2a970a-61cb-4342-b281-6ff2071ea9b6, P0828                , 2025-05-10T07:47:09Z, 6168f579-c976-4e51-80ed-20123732be7d, Succeeded
fd2032ff-dcaa-448a-8d0a-0e294aecf389, P0829                , 2025-05-13T19:43:21Z, 14474368-f1df-4b27-9359-81fca8808429, Succeeded
fd2032ff-dcaa-448a-8d0a-0e294aecf389, P0829                , 2025-05-14T19:43:21Z, 14474368-f1df-4b27-9359-81fca8808429, Succeeded
fd2032ff-dcaa-448a-8d0a-0e294aecf389, P0829                , 2025-06-05T19:43:21Z, 28012400-c4aa-4780-bfd6-5bbc4b801969, Succeeded
fd2032ff-dcaa-448a-8d0a-0e294aecf389, P0829                , 2025-08-04T19:43:21Z, 862e4bf8-6b71-461f-a5a2-17a28ffc39d7, Succeeded
fd2032ff-dcaa-448a-8d0a-0e294aecf389, P0829                , 2025-08-05T19:43:21Z, 862e4bf8-6b71-461f-a5a2-17a28ffc39d7, Succeeded
f6492d25-f8f1-44ed-9679-f135981c2e31, P0830                , 2026-03-19T18:50:11Z, 4d666fa0-6caf-4a3d-95e3-cd44e8354f15, Succeeded
f6492d25-f8f1-44ed-9679-f135981c2e31, P0830                , 2026-03-20T18:50:11Z, 4d666fa0-6caf-4a3d-95e3-cd44e8354f15, Succeeded
a998f7de-b857-4542-9ea0-c78a431e2993, P0831                , 2025-12-16T07:59:47Z, bce1e04d-0b2a-4e40-a99b-fc5625ecb83b, Succeeded
a998f7de-b857-4542-9ea0-c78a431e2993, P0831                , 2025-12-17T07:59:47Z, bce1e04d-0b2a-4e40-a99b-fc5625ecb83b, Succeeded
af3899c9-b051-401d-95ea-b499cfea9a8d, P0832                , 2026-01-07T15:45:27Z, 8ec7cafa-693e-468f-87d4-6ab12d773d39, Succeeded
af3899c9-b051-401d-95ea-b499cfea9a8d, P0832                , 2026-03-21T14:45:27Z, 6ab52c80-aa9a-4556-8e4c-b2416c83a180, Succeeded
af3899c9-b051-401d-95ea-b499cfea9a8d, P0832                , 2026-03-22T14:45:27Z, 6ab52c80-aa9a-4556-8e4c-b2416c83a180, Succeeded
241713a0-642e-466f-8862-1cf9429690f6, P0833                , 2025-09-20T16:09:35Z, d7fd2214-7b27-4e40-a7ba-52cd7b438877, Succeeded
6017d627-a20e-4323-ad6d-d46583a8442f, P0835                , 2025-11-11T01:54:13Z, ffbb5bc9-0924-4ae6-bdaf-40af52a45ece, Succeeded
61ad0131-822d-425b-8ad4-f78864a3731f, P0836                , 2025-07-07T00:52:43Z, 7d96fd2f-8e7c-418b-b4fe-dcca51bb527f, Succeeded
61ad0131-822d-425b-8ad4-f78864a3731f, P0836                , 2025-09-05T00:52:43Z, 0c733aff-0f7d-4d35-b388-1314895d8234, Succeeded
6e1cb1fc-addc-48ea-9395-48c053247c05, P0837                , 2025-08-01T07:43:55Z, e5b404e2-aa87-4e91-a922-7c8c57950f4d, Succeeded
e3d83fec-0289-47ad-9cff-d83894bf8f54, P0838                , 2025-04-10T03:21:59Z, eec078ea-4f45-4f87-999c-d0bec9d73f6c, Succeeded
e3d83fec-0289-47ad-9cff-d83894bf8f54, P0838                , 2025-04-11T03:21:59Z, eec078ea-4f45-4f87-999c-d0bec9d73f6c, Succeeded
9422481d-7ff5-41cd-9430-121f7a0f32a3, P0839                , 2025-04-17T19:22:45Z, 6e0508dc-6942-49e2-86c3-142e2dab0605, Succeeded
baa12ce5-e86a-4964-84a7-bfbb9e639982, P0841                , 2025-07-07T07:32:16Z, 81f1fe95-8ab6-409b-975d-e55c4c7c7229, Succeeded
baa12ce5-e86a-4964-84a7-bfbb9e639982, P0841                , 2025-07-30T07:32:16Z, 7d446c56-7395-4e26-9848-0a2f77c2af99, Succeeded
baa12ce5-e86a-4964-84a7-bfbb9e639982, P0841                , 2025-07-31T07:32:16Z, 7d446c56-7395-4e26-9848-0a2f77c2af99, Succeeded
c4ff75b4-6655-4506-9dca-433994ea075d, P0842                , 2025-04-27T00:08:25Z, c0a8f60b-22d2-43de-adb3-b9a5ecb016ae, Succeeded
c4ff75b4-6655-4506-9dca-433994ea075d, P0842                , 2025-04-28T00:08:25Z, c0a8f60b-22d2-43de-adb3-b9a5ecb016ae, Succeeded
c4ff75b4-6655-4506-9dca-433994ea075d, P0842                , 2025-06-26T00:08:25Z, da049e85-ee3e-403e-a374-89c6bcaa7868, Succeeded
c4ff75b4-6655-4506-9dca-433994ea075d, P0842                , 2025-06-27T00:08:25Z, da049e85-ee3e-403e-a374-89c6bcaa7868, Succeeded
847dc898-835f-4a93-8c33-b901dcbd493d, P0843                , 2025-12-03T15:17:26Z, 688d1c40-f506-4a8a-972c-890062360685, Succeeded
847dc898-835f-4a93-8c33-b901dcbd493d, P0843                , 2025-12-04T15:17:26Z, 688d1c40-f506-4a8a-972c-890062360685, Succeeded
847dc898-835f-4a93-8c33-b901dcbd493d, P0843                , 2026-01-02T15:17:26Z, b5a917a9-abd5-4317-b389-c4ca5d9bce1e, Succeeded
847dc898-835f-4a93-8c33-b901dcbd493d, P0843                , 2026-01-03T15:17:26Z, b5a917a9-abd5-4317-b389-c4ca5d9bce1e, Succeeded
847dc898-835f-4a93-8c33-b901dcbd493d, P0843                , 2026-04-28T14:17:26Z, 0271e94c-fac7-45b5-a1b2-6d299d50f02c, Succeeded
847dc898-835f-4a93-8c33-b901dcbd493d, P0843                , 2026-04-29T14:17:26Z, 0271e94c-fac7-45b5-a1b2-6d299d50f02c, Succeeded
53c56f07-d1e3-4116-8eb9-5ca4dea37353, P0845                , 2026-01-23T17:36:29Z, 0d88b45f-4f72-4119-b2b1-3835248967b5, Succeeded
53c56f07-d1e3-4116-8eb9-5ca4dea37353, P0845                , 2026-05-27T16:36:29Z, 21f67e55-a7ce-4f35-8f2c-886c036c5f68, Succeeded
d702894a-7039-4701-9e9a-1539dbc1fa68, P0846                , 2025-05-16T20:41:22Z, 71d33507-140a-4ec9-adeb-1b5a7673d504, Succeeded
d702894a-7039-4701-9e9a-1539dbc1fa68, P0846                , 2025-05-17T20:41:22Z, 71d33507-140a-4ec9-adeb-1b5a7673d504, Succeeded
d702894a-7039-4701-9e9a-1539dbc1fa68, P0846                , 2025-09-15T20:41:22Z, 338e171d-a3a6-4be2-8b7f-443b2b28540e, Succeeded
109c730b-a181-4547-be8c-e38368b76cf8, P0847                , 2026-02-27T05:45:51Z, cbcb6b74-f2e6-4c47-ad5a-aab4fc6a28d9, Succeeded
01c53e73-bfdc-492c-96f8-b77d4c2e094a, P0848                , 2025-11-10T06:05:11Z, dc3664ef-f5bc-4797-9b0d-076b8cde2d84, Succeeded
01c53e73-bfdc-492c-96f8-b77d4c2e094a, P0848                , 2025-12-03T06:05:11Z, 2a96acf7-713d-4417-9356-f6d066665d45, Succeeded
01c53e73-bfdc-492c-96f8-b77d4c2e094a, P0848                , 2025-12-04T06:05:11Z, 2a96acf7-713d-4417-9356-f6d066665d45, Succeeded
01c53e73-bfdc-492c-96f8-b77d4c2e094a, P0848                , 2026-02-01T06:05:11Z, 7e7a4fe8-2703-41fe-912d-8f8c2681efdb, Succeeded
01c53e73-bfdc-492c-96f8-b77d4c2e094a, P0848                , 2026-04-17T05:05:11Z, c58c5c84-9d58-405a-8990-feae34558bb2, Succeeded
d80725ff-de20-4152-be01-844b2ab5c3e9, P0849                , 2025-08-15T11:12:35Z, 91ed0664-cc75-4bdc-97a5-478c7ead3927, Succeeded
d80725ff-de20-4152-be01-844b2ab5c3e9, P0849                , 2025-08-16T11:12:35Z, 91ed0664-cc75-4bdc-97a5-478c7ead3927, Succeeded
d80725ff-de20-4152-be01-844b2ab5c3e9, P0849                , 2025-08-17T11:12:35Z, 91ed0664-cc75-4bdc-97a5-478c7ead3927, Succeeded
82549ac8-130e-4a46-8d79-91bddda2bccb, P0850                , 2025-06-16T14:40:47Z, 7ff42518-d467-435c-a852-90834c00cc8d, Succeeded
82549ac8-130e-4a46-8d79-91bddda2bccb, P0850                , 2025-06-17T14:40:47Z, 7ff42518-d467-435c-a852-90834c00cc8d, Succeeded
82549ac8-130e-4a46-8d79-91bddda2bccb, P0850                , 2025-11-09T15:40:47Z, 6ad7546f-0454-4bf6-a044-febcb623e51c, Succeeded
82549ac8-130e-4a46-8d79-91bddda2bccb, P0850                , 2025-11-10T15:40:47Z, 6ad7546f-0454-4bf6-a044-febcb623e51c, Succeeded
57529e9e-db5d-486c-b062-9f700c54c8cb, P0851                , 2025-11-27T12:16:16Z, 52703d7f-80db-443a-af0a-67ae8e38cd86, Succeeded
57529e9e-db5d-486c-b062-9f700c54c8cb, P0851                , 2025-11-28T12:16:16Z, 52703d7f-80db-443a-af0a-67ae8e38cd86, Succeeded
3edc542a-78bf-4533-849f-3b5a07cc71fc, P0852                , 2025-11-16T11:44:13Z, 277a633b-0e3d-4b6b-94dd-817b20cae082, Succeeded
3edc542a-78bf-4533-849f-3b5a07cc71fc, P0852                , 2025-11-17T11:44:13Z, 277a633b-0e3d-4b6b-94dd-817b20cae082, Succeeded
3edc542a-78bf-4533-849f-3b5a07cc71fc, P0852                , 2025-11-18T11:44:13Z, 277a633b-0e3d-4b6b-94dd-817b20cae082, Succeeded
3edc542a-78bf-4533-849f-3b5a07cc71fc, P0852                , 2026-02-07T11:44:13Z, 9a8569df-ce34-4166-a4f3-c022f2c00c39, Succeeded
5c79d952-dff2-4412-90d8-6f19c9feef2d, P0853                , 2025-08-25T13:55:26Z, e6d11609-8c13-4e32-8219-b129283c428e, Succeeded
cecca8d6-e409-485f-9d4f-bc32404ebfcc, P0854                , 2025-06-05T17:01:38Z, b11d24ea-174d-416a-8a0e-ed5f208056dd, Succeeded
cecca8d6-e409-485f-9d4f-bc32404ebfcc, P0854                , 2025-06-06T17:01:38Z, b11d24ea-174d-416a-8a0e-ed5f208056dd, Succeeded
86f1575f-916a-4cb6-b5b4-c4010be2d6ef, P0856                , 2025-03-02T11:54:44Z, fe1b030f-d573-495c-b63e-c44902628d5d, Succeeded
86f1575f-916a-4cb6-b5b4-c4010be2d6ef, P0856                , 2025-03-03T11:54:44Z, fe1b030f-d573-495c-b63e-c44902628d5d, Succeeded
86f1575f-916a-4cb6-b5b4-c4010be2d6ef, P0856                , 2025-03-09T10:54:44Z, bddb8bf7-47d1-4694-8a25-1610864979cd, Succeeded
f67bef59-cb8d-4210-a223-0522b493a674, P0857                , 2025-06-22T00:40:45Z, cf5d57a7-fec4-4443-aeda-0a499ce4281b, Succeeded
f67bef59-cb8d-4210-a223-0522b493a674, P0857                , 2025-07-22T00:40:45Z, a4b0ee5f-4415-4294-b5c0-ce4942cd8620, Succeeded
e2442b10-d745-45fe-b7c2-88d4ef8f060c, P0859                , 2025-08-16T12:48:48Z, 4441a6f9-61c8-433f-8ef3-1431682224ef, Succeeded
e2442b10-d745-45fe-b7c2-88d4ef8f060c, P0859                , 2025-11-07T13:48:48Z, 14b9b862-554b-4fb8-aa59-e1d5ef77c37a, Succeeded
e2442b10-d745-45fe-b7c2-88d4ef8f060c, P0859                , 2025-11-08T13:48:48Z, 14b9b862-554b-4fb8-aa59-e1d5ef77c37a, Succeeded
a2478228-39d8-4e83-a735-2887a593bcff, P0860                , 2025-10-13T14:12:16Z, 75a6b294-6a24-4df6-a6cf-719788bfedf0, Succeeded
a2478228-39d8-4e83-a735-2887a593bcff, P0860                , 2025-12-12T15:12:16Z, 0a950b90-75b0-4c30-bf76-8773103b0bc6, Succeeded
5b3e9e24-3573-4cbf-a7fd-117c16b27b72, P0862                , 2025-02-27T02:10:09Z, 6b852f9e-dbde-4ccd-aa2f-59e2ddecf7c1, Succeeded
9791dc4d-ee0d-4492-b570-d5084d508d14, P0863                , 2025-06-17T23:57:58Z, 6079c437-a67e-492e-974e-20bbaf01e821, Succeeded
757f94b9-ddbb-4eec-a371-73ad1c9f8680, P0869                , 2025-05-14T23:32:54Z, 48a0ab23-d164-47de-ad09-70e303290722, Succeeded
757f94b9-ddbb-4eec-a371-73ad1c9f8680, P0869                , 2025-05-15T23:32:54Z, 48a0ab23-d164-47de-ad09-70e303290722, Succeeded
757f94b9-ddbb-4eec-a371-73ad1c9f8680, P0869                , 2025-05-16T23:32:54Z, 48a0ab23-d164-47de-ad09-70e303290722, Succeeded
83119883-00e2-417b-930d-2fe83db4b013, P0870                , 2025-11-24T05:22:00Z, 3c264e52-62d5-44e1-8fcc-387d94a49e5f, Succeeded
1ce7e075-d5b3-44d3-b81b-62d6bb214dd7, P0871                , 2025-12-11T03:59:38Z, 629a8e25-560c-4e72-b053-85603f79ce20, Succeeded
1ce7e075-d5b3-44d3-b81b-62d6bb214dd7, P0871                , 2025-12-12T03:59:38Z, 629a8e25-560c-4e72-b053-85603f79ce20, Succeeded
1ce7e075-d5b3-44d3-b81b-62d6bb214dd7, P0871                , 2025-12-13T03:59:38Z, 629a8e25-560c-4e72-b053-85603f79ce20, Succeeded
dfb4d6f5-cf0c-46fc-ab6b-112dd0f96294, P0872                , 2025-06-30T02:33:58Z, 5cedb0cc-11ef-4757-a57b-5384e0654624, Succeeded
dfb4d6f5-cf0c-46fc-ab6b-112dd0f96294, P0872                , 2025-07-01T02:33:58Z, 5cedb0cc-11ef-4757-a57b-5384e0654624, Succeeded
dfb4d6f5-cf0c-46fc-ab6b-112dd0f96294, P0872                , 2025-07-02T02:33:58Z, 5cedb0cc-11ef-4757-a57b-5384e0654624, Succeeded
dfb4d6f5-cf0c-46fc-ab6b-112dd0f96294, P0872                , 2025-09-21T02:33:58Z, 891ca2db-2e28-46bf-80c6-be6bb0b27d38, Succeeded
dfb4d6f5-cf0c-46fc-ab6b-112dd0f96294, P0872                , 2025-09-22T02:33:58Z, 891ca2db-2e28-46bf-80c6-be6bb0b27d38, Succeeded
dfb4d6f5-cf0c-46fc-ab6b-112dd0f96294, P0872                , 2025-11-29T03:33:58Z, 5f09c587-4545-41fd-b0c6-d97fda8fd44f, Succeeded
ca85e5d0-b2f0-48ea-ac64-c3d561f0aa49, P0873                , 2025-04-13T21:08:37Z, e4b4c564-4791-4b32-ba7f-b9859e0c0817, Succeeded
50a5c954-9dc2-4557-a3cc-7d0be1402987, P0874                , 2025-03-05T23:52:29Z, 8935f029-0ac8-4b8c-ab49-62b87d8b21a2, Succeeded
2b138d42-62d6-437a-b0c7-e3e50d941ff1, P0875                , 2025-12-08T05:51:29Z, 5b21fde1-0eff-45c5-b640-f9f431bf998d, Succeeded
379beb56-06ef-4f59-bf99-7cef0a3f0d6c, P0876                , 2026-02-18T23:54:55Z, c9ae4b3f-9a9e-45b6-aabb-96031790a7d5, Succeeded
efcb3ca8-b7c2-44e8-8a70-18016d42bcdd, P0877                , 2025-04-15T15:35:23Z, ede26aa6-2c51-4fc6-9418-9d4e47c3f38d, Succeeded
efcb3ca8-b7c2-44e8-8a70-18016d42bcdd, P0877                , 2025-04-22T15:35:23Z, 2dacc6ca-36df-45d7-9fe1-4b9112e33e89, Succeeded
efcb3ca8-b7c2-44e8-8a70-18016d42bcdd, P0877                , 2025-04-23T15:35:23Z, 2dacc6ca-36df-45d7-9fe1-4b9112e33e89, Succeeded
f5ec1207-c2ce-4304-8b77-728d98e1b188, P0878                , 2025-04-09T11:46:05Z, 02564912-dffb-46cc-814d-3d9c70c5f80c, Succeeded
f5ec1207-c2ce-4304-8b77-728d98e1b188, P0878                , 2025-05-02T11:46:05Z, 8f3645b7-034d-4cbc-a60e-f9c88c051b37, Succeeded
043c90e9-7be0-4389-aa58-6449d260000f, P0879                , 2025-05-17T08:20:08Z, 5da2b6a4-67dd-4a10-86b2-5b81e6800538, Succeeded
043c90e9-7be0-4389-aa58-6449d260000f, P0879                , 2025-06-09T08:20:08Z, 4797fb79-466c-45ed-bfb2-4c775d8124b2, Succeeded
043c90e9-7be0-4389-aa58-6449d260000f, P0879                , 2025-06-10T08:20:08Z, 4797fb79-466c-45ed-bfb2-4c775d8124b2, Succeeded
043c90e9-7be0-4389-aa58-6449d260000f, P0879                , 2025-06-11T08:20:08Z, 4797fb79-466c-45ed-bfb2-4c775d8124b2, Succeeded
203ce3a2-8cf9-4100-84e6-a4b2feb41e81, P0881                , 2026-01-29T12:41:40Z, 006b3064-de66-4223-b0a6-9273beae4ca3, Succeeded
69d46125-6441-4141-811a-59d2316f9bf6, P0882                , 2025-10-28T11:29:45Z, 94e2eb1a-09a0-41b4-a30d-92fabd904891, Succeeded
69d46125-6441-4141-811a-59d2316f9bf6, P0882                , 2026-01-26T12:29:45Z, b352e581-fce1-4189-8f60-4ef59b2e7738, Succeeded
69d46125-6441-4141-811a-59d2316f9bf6, P0882                , 2026-01-27T12:29:45Z, b352e581-fce1-4189-8f60-4ef59b2e7738, Succeeded
69d46125-6441-4141-811a-59d2316f9bf6, P0882                , 2026-01-28T12:29:45Z, b352e581-fce1-4189-8f60-4ef59b2e7738, Succeeded
69d46125-6441-4141-811a-59d2316f9bf6, P0882                , 2026-03-15T11:29:45Z, 7092f3f7-1ddb-49e4-b31c-f8c949bf9556, Succeeded
69d46125-6441-4141-811a-59d2316f9bf6, P0882                , 2026-03-16T11:29:45Z, 7092f3f7-1ddb-49e4-b31c-f8c949bf9556, Succeeded
69d46125-6441-4141-811a-59d2316f9bf6, P0882                , 2026-03-17T11:29:45Z, 7092f3f7-1ddb-49e4-b31c-f8c949bf9556, Succeeded
20bf06cc-b07e-45d5-80ca-37c13fc73fe2, P0883                , 2025-02-25T09:38:40Z, 601516df-b46d-4e81-990a-bcf11946b60e, Succeeded
20bf06cc-b07e-45d5-80ca-37c13fc73fe2, P0883                , 2025-02-26T09:38:40Z, 601516df-b46d-4e81-990a-bcf11946b60e, Succeeded
20bf06cc-b07e-45d5-80ca-37c13fc73fe2, P0883                , 2025-02-27T09:38:40Z, 601516df-b46d-4e81-990a-bcf11946b60e, Succeeded
20bf06cc-b07e-45d5-80ca-37c13fc73fe2, P0883                , 2025-03-20T08:38:40Z, 942081d0-343e-4b6b-91ef-bf9b6a950a67, Succeeded
20bf06cc-b07e-45d5-80ca-37c13fc73fe2, P0883                , 2025-07-03T08:38:40Z, 1db62b4a-c7fd-424f-807b-263adbcc960f, Succeeded
20bf06cc-b07e-45d5-80ca-37c13fc73fe2, P0883                , 2025-07-04T08:38:40Z, 1db62b4a-c7fd-424f-807b-263adbcc960f, Succeeded
36ec5d2b-dce7-4eea-b01b-0112add5ccde, P0884                , 2025-05-15T13:06:08Z, c34dc4c8-64a3-4a0f-9e63-51e1fe0ddf72, Succeeded
36ec5d2b-dce7-4eea-b01b-0112add5ccde, P0884                , 2025-07-14T13:06:08Z, 2dc54d89-0c9b-4353-a6ce-6abf43fc2632, Succeeded
36ec5d2b-dce7-4eea-b01b-0112add5ccde, P0884                , 2025-07-15T13:06:08Z, 2dc54d89-0c9b-4353-a6ce-6abf43fc2632, Succeeded
36ec5d2b-dce7-4eea-b01b-0112add5ccde, P0884                , 2025-07-16T13:06:08Z, 2dc54d89-0c9b-4353-a6ce-6abf43fc2632, Succeeded
97ca99b2-cfb4-4cf3-b3a2-13ef69ac3dfc, P0885                , 2025-04-25T11:19:59Z, 7dfd9563-41dc-4959-8b25-efbe6dc13b90, Succeeded
97ca99b2-cfb4-4cf3-b3a2-13ef69ac3dfc, P0885                , 2025-04-26T11:19:59Z, 7dfd9563-41dc-4959-8b25-efbe6dc13b90, Succeeded
97ca99b2-cfb4-4cf3-b3a2-13ef69ac3dfc, P0885                , 2025-04-27T11:19:59Z, 7dfd9563-41dc-4959-8b25-efbe6dc13b90, Succeeded
97ca99b2-cfb4-4cf3-b3a2-13ef69ac3dfc, P0885                , 2025-05-02T11:19:59Z, 88e6441f-e554-438a-8931-b0a87b404b4e, Succeeded
97ca99b2-cfb4-4cf3-b3a2-13ef69ac3dfc, P0885                , 2025-10-08T11:19:59Z, 1232ebc3-43bd-42bc-92ce-2f59a2ed83ae, Succeeded
9a9ce2be-244b-4594-83d3-b9fb9a162b98, P0886                , 2025-08-19T13:41:17Z, 62982a30-4315-4c19-aac8-edba01ad915f, Succeeded
1ef03599-736c-4527-8411-a9b76665d777, P0887                , 2025-07-05T09:27:55Z, e2153123-6eee-4177-aa05-1275c6debc3e, Succeeded
1ef03599-736c-4527-8411-a9b76665d777, P0887                , 2025-07-28T09:27:55Z, 9bb55874-045d-447f-9539-9a0ca40b9b9f, Succeeded
1ef03599-736c-4527-8411-a9b76665d777, P0887                , 2025-07-29T09:27:55Z, 9bb55874-045d-447f-9539-9a0ca40b9b9f, Succeeded
1ef03599-736c-4527-8411-a9b76665d777, P0887                , 2025-07-30T09:27:55Z, 9bb55874-045d-447f-9539-9a0ca40b9b9f, Succeeded
1ef03599-736c-4527-8411-a9b76665d777, P0887                , 2025-09-26T09:27:55Z, 728167ce-947b-4191-a64f-fd976a62db59, Succeeded
1ef03599-736c-4527-8411-a9b76665d777, P0887                , 2025-09-27T09:27:55Z, 728167ce-947b-4191-a64f-fd976a62db59, Succeeded
1ef03599-736c-4527-8411-a9b76665d777, P0887                , 2025-09-28T09:27:55Z, 728167ce-947b-4191-a64f-fd976a62db59, Succeeded
c35a6997-a4aa-4fcc-a442-635cb54dd6a9, P0888                , 2025-09-04T09:46:35Z, db6039de-5ecd-405f-af4a-b5b539db7dd1, Succeeded
c35a6997-a4aa-4fcc-a442-635cb54dd6a9, P0888                , 2025-09-05T09:46:35Z, db6039de-5ecd-405f-af4a-b5b539db7dd1, Succeeded
c35a6997-a4aa-4fcc-a442-635cb54dd6a9, P0888                , 2025-10-04T09:46:35Z, 66055a3d-7b1b-4ebb-a2e8-59e23948b07e, Succeeded
3ebf15ad-a72d-4768-930b-c601eff618c7, P0889                , 2025-09-04T07:52:23Z, 7db8dfc5-0516-44af-99ce-cf37d632ad75, Succeeded
0ee6ac32-5e56-4313-9f3e-793d1ffd9e41, P0891                , 2025-06-17T22:27:09Z, 0f925533-a59e-46c1-b840-7abdc2988294, Succeeded
cb740828-fe51-459f-b1d9-27c93f115908, P0892                , 2025-08-02T23:53:37Z, cad009e8-9704-46b3-a1d6-a5f0601cd91e, Succeeded
cb740828-fe51-459f-b1d9-27c93f115908, P0892                , 2025-08-03T23:53:37Z, cad009e8-9704-46b3-a1d6-a5f0601cd91e, Succeeded
cb740828-fe51-459f-b1d9-27c93f115908, P0892                , 2026-01-12T00:53:37Z, 645ee7e0-8720-4955-9152-5f80061208e8, Succeeded
cb740828-fe51-459f-b1d9-27c93f115908, P0892                , 2026-01-13T00:53:37Z, 645ee7e0-8720-4955-9152-5f80061208e8, Succeeded
0da68072-3a76-4a0c-8aa3-ea434ff27d46, P0893                , 2025-10-13T17:54:45Z, 3abf9df1-79ce-4b92-9533-ae55474cd067, Succeeded
0da68072-3a76-4a0c-8aa3-ea434ff27d46, P0893                , 2025-11-05T18:54:45Z, dc367015-d7d7-4ebc-b730-b418c2062449, Succeeded
0da68072-3a76-4a0c-8aa3-ea434ff27d46, P0893                , 2025-11-06T18:54:45Z, dc367015-d7d7-4ebc-b730-b418c2062449, Succeeded
0da68072-3a76-4a0c-8aa3-ea434ff27d46, P0893                , 2026-01-04T18:54:45Z, 0b3aa567-a4cf-4c94-9fad-c65385456e04, Succeeded
0da68072-3a76-4a0c-8aa3-ea434ff27d46, P0893                , 2026-01-05T18:54:45Z, 0b3aa567-a4cf-4c94-9fad-c65385456e04, Succeeded
1a923cbb-65f1-4098-91e1-0490b834e3a4, P0894                , 2025-05-09T08:05:09Z, fe26a632-9304-4a54-9585-02bac1b62c59, Succeeded
1a923cbb-65f1-4098-91e1-0490b834e3a4, P0894                , 2025-05-10T08:05:09Z, fe26a632-9304-4a54-9585-02bac1b62c59, Succeeded
1a923cbb-65f1-4098-91e1-0490b834e3a4, P0894                , 2025-08-07T08:05:09Z, 9caf2b2b-02b0-4270-814c-ef899ccdd643, Succeeded
1a923cbb-65f1-4098-91e1-0490b834e3a4, P0894                , 2025-10-16T08:05:09Z, 01433a36-4bac-4e47-9930-0a8639c8319c, Succeeded
1a923cbb-65f1-4098-91e1-0490b834e3a4, P0894                , 2025-10-17T08:05:09Z, 01433a36-4bac-4e47-9930-0a8639c8319c, Succeeded
69403a0f-5989-423e-85db-7b7677d51497, P0895                , 2025-12-19T08:13:29Z, de33d600-b371-4972-be99-249151e623bf, Succeeded
433a399e-a7dd-4475-afd8-e3e42e04ee32, P0896                , 2025-06-16T14:18:35Z, 488a1097-168b-42c2-a552-76f607d84e84, Succeeded
433a399e-a7dd-4475-afd8-e3e42e04ee32, P0896                , 2025-06-17T14:18:35Z, 488a1097-168b-42c2-a552-76f607d84e84, Succeeded
433a399e-a7dd-4475-afd8-e3e42e04ee32, P0896                , 2025-06-18T14:18:35Z, 488a1097-168b-42c2-a552-76f607d84e84, Succeeded
c1071607-e788-4e06-b5a9-c9454a7be13d, P0897                , 2025-05-12T07:32:56Z, 9c5d328e-d864-4711-940e-2999f86df18a, Succeeded
c1071607-e788-4e06-b5a9-c9454a7be13d, P0897                , 2025-05-13T07:32:56Z, 9c5d328e-d864-4711-940e-2999f86df18a, Succeeded
c1071607-e788-4e06-b5a9-c9454a7be13d, P0897                , 2025-05-14T07:32:56Z, 9c5d328e-d864-4711-940e-2999f86df18a, Succeeded
c1071607-e788-4e06-b5a9-c9454a7be13d, P0897                , 2025-05-19T07:32:56Z, 2f173106-356d-42b8-aa3c-cba6528e9a25, Succeeded
c1071607-e788-4e06-b5a9-c9454a7be13d, P0897                , 2025-05-20T07:32:56Z, 2f173106-356d-42b8-aa3c-cba6528e9a25, Succeeded
c1071607-e788-4e06-b5a9-c9454a7be13d, P0897                , 2025-05-21T07:32:56Z, 2f173106-356d-42b8-aa3c-cba6528e9a25, Succeeded
c1071607-e788-4e06-b5a9-c9454a7be13d, P0897                , 2025-06-11T07:32:56Z, e8a4aff2-42e4-476e-8660-7882d76885df, Succeeded
c1071607-e788-4e06-b5a9-c9454a7be13d, P0897                , 2025-06-12T07:32:56Z, e8a4aff2-42e4-476e-8660-7882d76885df, Succeeded
c1071607-e788-4e06-b5a9-c9454a7be13d, P0897                , 2025-08-10T07:32:56Z, 761ddf03-5b16-4c2c-844b-56f933e32296, Succeeded
3426f19e-1344-45a5-9bc4-bb4681640a31, P0898                , 2025-02-07T10:31:15Z, d91b83f8-9d40-49e4-af84-a8e7e89baafb, Succeeded
3426f19e-1344-45a5-9bc4-bb4681640a31, P0898                , 2025-02-08T10:31:15Z, d91b83f8-9d40-49e4-af84-a8e7e89baafb, Succeeded
bcfab67c-b5d4-487b-b944-b0a876543352, P0899                , 2025-09-29T06:22:09Z, cd42b1a2-a940-4e84-95ee-eb19aba75879, Succeeded
bcfab67c-b5d4-487b-b944-b0a876543352, P0899                , 2025-12-21T07:22:09Z, ea5e1d7e-e966-4d09-aac4-45036d891d20, Succeeded
03e4e889-569f-4814-bf8f-c684cd076232, P0900                , 2025-11-25T11:23:38Z, 773197c1-fe55-4822-b982-97c8e2e0200e, Succeeded
7cf4f462-470d-4ca5-a81b-f7ca947403da, P0901                , 2026-01-01T22:59:46Z, 6f762857-714c-48e0-bdd4-af78a389d485, Succeeded
7cf4f462-470d-4ca5-a81b-f7ca947403da, P0901                , 2026-01-02T22:59:46Z, 6f762857-714c-48e0-bdd4-af78a389d485, Succeeded
ab39c02c-a50d-4282-8fa7-be26a7064326, P0902                , 2025-07-19T14:47:34Z, 6e2486af-7d6c-4928-a31f-fc4e6e45a187, Succeeded
ab39c02c-a50d-4282-8fa7-be26a7064326, P0902                , 2025-07-20T14:47:34Z, 6e2486af-7d6c-4928-a31f-fc4e6e45a187, Succeeded
ab39c02c-a50d-4282-8fa7-be26a7064326, P0902                , 2025-07-21T14:47:34Z, 6e2486af-7d6c-4928-a31f-fc4e6e45a187, Succeeded
ab39c02c-a50d-4282-8fa7-be26a7064326, P0902                , 2025-12-18T15:47:34Z, d3fbc1d9-43fc-4489-9a47-db795e86731f, Succeeded
ab39c02c-a50d-4282-8fa7-be26a7064326, P0902                , 2025-12-19T15:47:34Z, d3fbc1d9-43fc-4489-9a47-db795e86731f, Succeeded
ab39c02c-a50d-4282-8fa7-be26a7064326, P0902                , 2025-12-20T15:47:34Z, d3fbc1d9-43fc-4489-9a47-db795e86731f, Succeeded
be8469ec-d140-4954-84dc-1c512e3d96dc, P0903                , 2026-06-16T08:13:23Z, e07542b3-f928-4c9e-a34d-68416aed4c55, Succeeded
5a75fb51-7b4e-4de1-a0cb-f0fd5d03e06a, P0904                , 2025-12-20T22:18:04Z, ecddd2d3-06cf-42e4-9545-8e1c4b28d202, Succeeded
5a75fb51-7b4e-4de1-a0cb-f0fd5d03e06a, P0904                , 2025-12-21T22:18:04Z, ecddd2d3-06cf-42e4-9545-8e1c4b28d202, Succeeded
543c58f7-7c7e-4f80-8f47-2c1c9820211f, P0905                , 2026-02-24T14:56:00Z, be64a21c-db52-4c02-be6b-80466fe9db1f, Succeeded
b91eb981-81b9-4355-8bd6-5fe33f13eec3, P0907                , 2025-11-24T03:55:40Z, ec4a9efb-0d02-4b77-97fc-9868439cbaad, Succeeded
b91eb981-81b9-4355-8bd6-5fe33f13eec3, P0907                , 2026-05-18T02:55:40Z, 89e32caf-ddaa-483a-b8c4-7d4863d57f0c, Succeeded
a08c510a-a1c5-49c0-a628-96c5ec2d1a67, P0908                , 2025-09-24T18:44:45Z, 79283a56-e27e-48dd-8b5b-1190e6707ec4, Succeeded
a08c510a-a1c5-49c0-a628-96c5ec2d1a67, P0908                , 2025-09-25T18:44:45Z, 79283a56-e27e-48dd-8b5b-1190e6707ec4, Succeeded
a08c510a-a1c5-49c0-a628-96c5ec2d1a67, P0908                , 2025-09-26T18:44:45Z, 79283a56-e27e-48dd-8b5b-1190e6707ec4, Succeeded
8cecb44d-bc42-4a1e-a767-b84e1030c2dd, P0909                , 2025-10-25T08:26:27Z, caa44e44-a3ea-4981-a58e-7e6569f7101c, Succeeded
8cecb44d-bc42-4a1e-a767-b84e1030c2dd, P0909                , 2025-11-01T08:26:27Z, 9e90b9a5-f104-4a6c-97db-c86b7d7b351d, Succeeded
8cecb44d-bc42-4a1e-a767-b84e1030c2dd, P0909                , 2025-11-24T09:26:27Z, d4d001ba-ae15-4a07-ba70-1fa9dd664e99, Succeeded
8cecb44d-bc42-4a1e-a767-b84e1030c2dd, P0909                , 2025-11-25T09:26:27Z, d4d001ba-ae15-4a07-ba70-1fa9dd664e99, Succeeded
8cecb44d-bc42-4a1e-a767-b84e1030c2dd, P0909                , 2026-01-23T09:26:27Z, 803bca10-7b1c-4f6f-b3ce-8295e72360a2, Succeeded
b5dcd06f-a3b2-4858-b8a0-db0590cea56e, P0910                , 2025-08-31T16:55:17Z, d3b01e2b-5e92-4c95-9ffb-3c5411c0c614, Succeeded
b5dcd06f-a3b2-4858-b8a0-db0590cea56e, P0910                , 2025-09-01T16:55:17Z, d3b01e2b-5e92-4c95-9ffb-3c5411c0c614, Succeeded
b5dcd06f-a3b2-4858-b8a0-db0590cea56e, P0910                , 2025-12-24T17:55:17Z, d0896a31-33d6-46e8-9fc3-1d14edce9d43, Succeeded
b5dcd06f-a3b2-4858-b8a0-db0590cea56e, P0910                , 2025-12-25T17:55:17Z, d0896a31-33d6-46e8-9fc3-1d14edce9d43, Succeeded
b5dcd06f-a3b2-4858-b8a0-db0590cea56e, P0910                , 2025-12-26T17:55:17Z, d0896a31-33d6-46e8-9fc3-1d14edce9d43, Succeeded
2fabcd40-a76d-4a01-9f18-0d9cbfb0eda2, P0912                , 2025-03-31T00:31:58Z, 93cfecfd-0412-4989-bc1a-37315fd7aa2d, Succeeded
2fabcd40-a76d-4a01-9f18-0d9cbfb0eda2, P0912                , 2025-04-01T00:31:58Z, 93cfecfd-0412-4989-bc1a-37315fd7aa2d, Succeeded
2fabcd40-a76d-4a01-9f18-0d9cbfb0eda2, P0912                , 2025-04-02T00:31:58Z, 93cfecfd-0412-4989-bc1a-37315fd7aa2d, Succeeded
2fabcd40-a76d-4a01-9f18-0d9cbfb0eda2, P0912                , 2025-06-22T00:31:58Z, 62b7292a-cdee-42d5-8824-efcd940d83c5, Succeeded
2fabcd40-a76d-4a01-9f18-0d9cbfb0eda2, P0912                , 2025-06-23T00:31:58Z, 62b7292a-cdee-42d5-8824-efcd940d83c5, Succeeded
2fabcd40-a76d-4a01-9f18-0d9cbfb0eda2, P0912                , 2025-06-24T00:31:58Z, 62b7292a-cdee-42d5-8824-efcd940d83c5, Succeeded
2fabcd40-a76d-4a01-9f18-0d9cbfb0eda2, P0912                , 2025-07-25T00:31:58Z, 2ba1e808-5395-4c92-a4ed-d89d792645fa, Succeeded
2fabcd40-a76d-4a01-9f18-0d9cbfb0eda2, P0912                , 2025-07-26T00:31:58Z, 2ba1e808-5395-4c92-a4ed-d89d792645fa, Succeeded
28424d42-1be4-4697-847c-b581aee3f85f, P0913                , 2025-12-04T09:02:00Z, 0d895658-ddc6-41be-9779-19d5b66a6475, Succeeded
2e1bbe53-0fc8-4767-9ebb-5e3feee0afb0, P0914                , 2025-05-25T06:22:23Z, c21226b3-67b2-4564-b631-e0a473cb6c8c, Succeeded
2e1bbe53-0fc8-4767-9ebb-5e3feee0afb0, P0914                , 2025-05-26T06:22:23Z, c21226b3-67b2-4564-b631-e0a473cb6c8c, Succeeded
2e1bbe53-0fc8-4767-9ebb-5e3feee0afb0, P0914                , 2025-08-16T06:22:23Z, 79e78358-35ae-4bca-935f-a7cd29a1d7d3, Succeeded
a9132e18-af04-4fb7-ba13-af68501f45ad, P0916                , 2025-08-07T19:58:30Z, 0362c2dc-dacc-4659-a37f-30e11f962bf9, Succeeded
2ad4fbfa-af54-4e71-a024-1db71b16374d, P0917                , 2025-06-19T19:31:59Z, 4e371222-3b09-460b-bb84-889d930e0364, Succeeded
14afefa4-4a12-4fd4-9afc-c9d0a4a2459c, P0918                , 2025-12-25T22:57:57Z, a51f47d8-0a9b-4f69-af65-fdd994b02879, Succeeded
14afefa4-4a12-4fd4-9afc-c9d0a4a2459c, P0918                , 2026-01-24T22:57:57Z, 4fd3fcf4-53b2-417e-a202-3a9315e12ef0, Succeeded
14afefa4-4a12-4fd4-9afc-c9d0a4a2459c, P0918                , 2026-01-25T22:57:57Z, 4fd3fcf4-53b2-417e-a202-3a9315e12ef0, Succeeded
14afefa4-4a12-4fd4-9afc-c9d0a4a2459c, P0918                , 2026-03-25T21:57:57Z, d74a3604-3b00-4b8c-b0f2-b02402f96089, Succeeded
7ed0e3bf-9f37-4eaf-b710-9fd4e11f3e21, P0919                , 2025-06-05T18:03:56Z, f953a917-6c5a-4d87-955b-31311b372950, Succeeded
7ed0e3bf-9f37-4eaf-b710-9fd4e11f3e21, P0919                , 2025-07-05T18:03:56Z, c6094ac0-7607-4b20-b1b9-59ca5c27db2f, Succeeded
7ed0e3bf-9f37-4eaf-b710-9fd4e11f3e21, P0919                , 2025-07-06T18:03:56Z, c6094ac0-7607-4b20-b1b9-59ca5c27db2f, Succeeded
7ed0e3bf-9f37-4eaf-b710-9fd4e11f3e21, P0919                , 2025-09-03T18:03:56Z, e056a7f2-fc0a-499a-b7cd-c1b329212060, Succeeded
7ed0e3bf-9f37-4eaf-b710-9fd4e11f3e21, P0919                , 2025-09-04T18:03:56Z, e056a7f2-fc0a-499a-b7cd-c1b329212060, Succeeded
02369944-b3b4-47d4-8d5d-d6c070cacb5c, P0920                , 2026-01-07T21:14:01Z, c7346d51-5406-414e-b1b5-43dbf33db299, Succeeded
02369944-b3b4-47d4-8d5d-d6c070cacb5c, P0920                , 2026-01-08T21:14:01Z, c7346d51-5406-414e-b1b5-43dbf33db299, Succeeded
02369944-b3b4-47d4-8d5d-d6c070cacb5c, P0920                , 2026-01-09T21:14:01Z, c7346d51-5406-414e-b1b5-43dbf33db299, Succeeded
c642785b-aae7-4c2b-aaff-937d1715d791, P0921                , 2025-03-09T16:11:32Z, b48bcfd5-5d93-4460-b74e-66c57212b236, Succeeded
c642785b-aae7-4c2b-aaff-937d1715d791, P0921                , 2025-03-10T16:11:32Z, b48bcfd5-5d93-4460-b74e-66c57212b236, Succeeded
4a397cff-72ab-47e3-a868-30bf3ce5bdfe, P0922                , 2025-01-12T15:00:38Z, f1415d32-93a2-4ba7-962c-bbb438f6c504, Succeeded
3e9463c9-5142-4a23-a571-ec360f7343d0, P0923                , 2025-04-22T05:07:54Z, 6756f90c-6ff6-4e80-aec9-a3c4b11a4b3a, Succeeded
3e9463c9-5142-4a23-a571-ec360f7343d0, P0923                , 2025-07-14T05:07:54Z, 1ac6a8a3-307b-49ec-9017-da4181aa110a, Succeeded
3e9463c9-5142-4a23-a571-ec360f7343d0, P0923                , 2025-07-15T05:07:54Z, 1ac6a8a3-307b-49ec-9017-da4181aa110a, Succeeded
8a19478c-58ad-482a-81c0-bdc4eea55770, P0924                , 2025-08-06T13:31:31Z, 653e9c5d-6904-4352-99e1-ff80530cafb3, Succeeded
8a19478c-58ad-482a-81c0-bdc4eea55770, P0924                , 2025-08-13T13:31:31Z, a3315101-15eb-4d16-8cd5-5d860e787126, Succeeded
8a19478c-58ad-482a-81c0-bdc4eea55770, P0924                , 2025-08-14T13:31:31Z, a3315101-15eb-4d16-8cd5-5d860e787126, Succeeded
8a19478c-58ad-482a-81c0-bdc4eea55770, P0924                , 2025-11-04T14:31:31Z, 5211c5fb-a320-4272-b208-702f9f257133, Succeeded
8a19478c-58ad-482a-81c0-bdc4eea55770, P0924                , 2025-11-05T14:31:31Z, 5211c5fb-a320-4272-b208-702f9f257133, Succeeded
85b25b7a-dbb3-4cec-8579-271b9cfd7d15, P0925                , 2025-10-08T00:14:35Z, 13a65a94-9bb6-4c47-8e4b-63ebf68005c5, Succeeded
85b25b7a-dbb3-4cec-8579-271b9cfd7d15, P0925                , 2025-10-31T00:14:35Z, 37237b8e-7111-4a82-9c4d-d14be88cfe36, Succeeded
85b25b7a-dbb3-4cec-8579-271b9cfd7d15, P0925                , 2025-11-01T00:14:35Z, 37237b8e-7111-4a82-9c4d-d14be88cfe36, Succeeded
85b25b7a-dbb3-4cec-8579-271b9cfd7d15, P0925                , 2025-11-02T00:14:35Z, 37237b8e-7111-4a82-9c4d-d14be88cfe36, Succeeded
85b25b7a-dbb3-4cec-8579-271b9cfd7d15, P0925                , 2025-12-30T01:14:35Z, f169b5d6-f9bd-4f92-969e-7de9449b5aae, Succeeded
85b25b7a-dbb3-4cec-8579-271b9cfd7d15, P0925                , 2025-12-31T01:14:35Z, f169b5d6-f9bd-4f92-969e-7de9449b5aae, Succeeded
85b25b7a-dbb3-4cec-8579-271b9cfd7d15, P0925                , 2026-01-30T01:14:35Z, c6b011cc-c68c-4db5-937d-0030ebefb2b4, Succeeded
51a6c2d8-b808-4381-aa28-d55ee8d38553, P0926                , 2025-04-09T10:25:55Z, b4209a90-e35b-4670-bdd5-8f7cc3f4958a, Succeeded
51a6c2d8-b808-4381-aa28-d55ee8d38553, P0926                , 2025-04-16T10:25:55Z, 47f14afa-9835-4901-8057-30921633b687, Succeeded
51a6c2d8-b808-4381-aa28-d55ee8d38553, P0926                , 2025-08-20T10:25:55Z, b68cdc75-10ed-49cd-843a-1f47914a43d4, Succeeded
51a6c2d8-b808-4381-aa28-d55ee8d38553, P0926                , 2025-08-21T10:25:55Z, b68cdc75-10ed-49cd-843a-1f47914a43d4, Succeeded
1b47c784-8bb6-4fe1-80c0-daa5fbb39826, P0927                , 2025-02-21T06:16:21Z, a52bc222-a61d-4993-af26-951600d9894e, Succeeded
1b47c784-8bb6-4fe1-80c0-daa5fbb39826, P0927                , 2025-03-23T05:16:21Z, ad927339-d235-44af-a8d8-694da7068d20, Succeeded
c29562c9-1889-403a-a37b-e6fd16a8e9d5, P0928                , 2025-05-11T05:13:59Z, c729c163-e5d8-43fc-a969-6c4b509d1c4d, Succeeded
c29562c9-1889-403a-a37b-e6fd16a8e9d5, P0928                , 2025-05-18T05:13:59Z, 4a636dbd-6b53-404a-a05f-d94b777ee685, Succeeded
c29562c9-1889-403a-a37b-e6fd16a8e9d5, P0928                , 2025-05-19T05:13:59Z, 4a636dbd-6b53-404a-a05f-d94b777ee685, Succeeded
c29562c9-1889-403a-a37b-e6fd16a8e9d5, P0928                , 2025-05-20T05:13:59Z, 4a636dbd-6b53-404a-a05f-d94b777ee685, Succeeded
c29562c9-1889-403a-a37b-e6fd16a8e9d5, P0928                , 2025-08-09T05:13:59Z, 513d04e9-6b58-4817-a377-66a36436f47c, Succeeded
c29562c9-1889-403a-a37b-e6fd16a8e9d5, P0928                , 2025-08-10T05:13:59Z, 513d04e9-6b58-4817-a377-66a36436f47c, Succeeded
31a1a18b-986a-427b-9e8f-62315bc83c9f, P0929                , 2025-08-14T08:13:05Z, e3840d44-7d0e-420e-9f4a-86fa7b417b1a, Succeeded
31a1a18b-986a-427b-9e8f-62315bc83c9f, P0929                , 2025-08-15T08:13:05Z, e3840d44-7d0e-420e-9f4a-86fa7b417b1a, Succeeded
31a1a18b-986a-427b-9e8f-62315bc83c9f, P0929                , 2025-09-13T08:13:05Z, 8e90ffb7-6d64-40d8-863b-fd3d4037ea29, Succeeded
31a1a18b-986a-427b-9e8f-62315bc83c9f, P0929                , 2025-09-14T08:13:05Z, 8e90ffb7-6d64-40d8-863b-fd3d4037ea29, Succeeded
31a1a18b-986a-427b-9e8f-62315bc83c9f, P0929                , 2025-09-15T08:13:05Z, 8e90ffb7-6d64-40d8-863b-fd3d4037ea29, Succeeded
bc7ff39e-effe-472e-bcd7-b1a63456f8ee, P0931                , 2025-08-27T01:34:03Z, 35196e4d-21b9-4cdc-90bd-df877d1edc86, Succeeded
bc7ff39e-effe-472e-bcd7-b1a63456f8ee, P0931                , 2025-08-28T01:34:03Z, 35196e4d-21b9-4cdc-90bd-df877d1edc86, Succeeded
bc7ff39e-effe-472e-bcd7-b1a63456f8ee, P0931                , 2025-09-03T01:34:03Z, b3654036-fdd4-4a4b-a2da-0f1455d6d335, Succeeded
bc7ff39e-effe-472e-bcd7-b1a63456f8ee, P0931                , 2025-11-25T02:34:03Z, aabf5585-5fa7-40e2-b4e8-c570bedb4d27, Succeeded
bc7ff39e-effe-472e-bcd7-b1a63456f8ee, P0931                , 2025-11-26T02:34:03Z, aabf5585-5fa7-40e2-b4e8-c570bedb4d27, Succeeded
bc7ff39e-effe-472e-bcd7-b1a63456f8ee, P0931                , 2025-11-27T02:34:03Z, aabf5585-5fa7-40e2-b4e8-c570bedb4d27, Succeeded
bc7ff39e-effe-472e-bcd7-b1a63456f8ee, P0931                , 2026-01-19T02:34:03Z, 00804a6d-bf63-4d42-bf09-0f980bdc73c4, Succeeded
bc7ff39e-effe-472e-bcd7-b1a63456f8ee, P0931                , 2026-01-20T02:34:03Z, 00804a6d-bf63-4d42-bf09-0f980bdc73c4, Succeeded
bc7ff39e-effe-472e-bcd7-b1a63456f8ee, P0931                , 2026-01-21T02:34:03Z, 00804a6d-bf63-4d42-bf09-0f980bdc73c4, Succeeded
b05cfd70-f8b4-4cc2-a2af-b2ba0411c667, P0932                , 2025-06-11T12:33:41Z, 7fd98489-bd05-4896-b9fe-2e23ca73ab9c, Succeeded
b05cfd70-f8b4-4cc2-a2af-b2ba0411c667, P0932                , 2025-06-18T12:33:41Z, 9cfe2092-a000-4837-8a8b-be64f8676d80, Succeeded
b05cfd70-f8b4-4cc2-a2af-b2ba0411c667, P0932                , 2025-07-11T12:33:41Z, d1222830-3d95-4057-bf83-a40ea3039aea, Succeeded
b05cfd70-f8b4-4cc2-a2af-b2ba0411c667, P0932                , 2025-11-23T13:33:41Z, 72d31dce-fda9-454a-889a-411a2cb40c30, Succeeded
9aa13ea1-a804-4220-86dc-5d2ff5b19058, P0933                , 2025-12-21T00:23:41Z, 799583cb-c1b1-4eb8-98af-efbfe028919c, Succeeded
9aa13ea1-a804-4220-86dc-5d2ff5b19058, P0933                , 2025-12-22T00:23:41Z, 799583cb-c1b1-4eb8-98af-efbfe028919c, Succeeded
b34030b1-d9f6-4942-bdaf-dd8e1e306a98, P0934                , 2025-11-06T18:21:42Z, f534f2de-5f35-4f5c-a80f-878eaa17ba16, Succeeded
b34030b1-d9f6-4942-bdaf-dd8e1e306a98, P0934                , 2025-11-29T18:21:42Z, bdfec187-ee8c-4660-a471-71cd7845fd3c, Succeeded
b34030b1-d9f6-4942-bdaf-dd8e1e306a98, P0934                , 2025-11-30T18:21:42Z, bdfec187-ee8c-4660-a471-71cd7845fd3c, Succeeded
b34030b1-d9f6-4942-bdaf-dd8e1e306a98, P0934                , 2026-04-13T17:21:42Z, e864ac86-28b4-40b4-9e9f-12ee0d9b5c9b, Succeeded
5f9dce88-d989-4533-b3be-b6b503a4a80f, P0936                , 2025-07-05T08:06:29Z, d03a4134-8c00-4e4d-a55a-3fea6523bbce, Succeeded
5f9dce88-d989-4533-b3be-b6b503a4a80f, P0936                , 2025-10-03T08:06:29Z, 51e12db2-1a65-4f1f-9fc5-0c09f4c7e61e, Succeeded
46b669d9-744c-49ff-a858-27c90d87ce5f, P0937                , 2025-11-28T03:58:55Z, 4f6b0485-34dd-45b4-839d-b1af507b28f1, Succeeded
46b669d9-744c-49ff-a858-27c90d87ce5f, P0937                , 2025-11-29T03:58:55Z, 4f6b0485-34dd-45b4-839d-b1af507b28f1, Succeeded
46b669d9-744c-49ff-a858-27c90d87ce5f, P0937                , 2026-02-26T03:58:55Z, 102e35aa-c57e-408f-aa39-746f53d8c38a, Succeeded
46b669d9-744c-49ff-a858-27c90d87ce5f, P0937                , 2026-02-27T03:58:55Z, 102e35aa-c57e-408f-aa39-746f53d8c38a, Succeeded
1e2d523a-5d8e-4560-8b66-1117dafc4b2b, P0938                , 2025-12-12T20:48:09Z, b4e05e10-3200-4f1d-ab99-74379828c3bd, Succeeded
1e2d523a-5d8e-4560-8b66-1117dafc4b2b, P0938                , 2025-12-13T20:48:09Z, b4e05e10-3200-4f1d-ab99-74379828c3bd, Succeeded
1e2d523a-5d8e-4560-8b66-1117dafc4b2b, P0938                , 2026-01-11T20:48:09Z, 881ac392-1132-4515-9458-2da206dcd880, Succeeded
1e2d523a-5d8e-4560-8b66-1117dafc4b2b, P0938                , 2026-01-12T20:48:09Z, 881ac392-1132-4515-9458-2da206dcd880, Succeeded
1e2d523a-5d8e-4560-8b66-1117dafc4b2b, P0938                , 2026-05-03T19:48:09Z, 656f9b5b-ee15-4adf-9bd4-135b1a471f90, Succeeded
de21145d-757e-4708-9dba-a70b4f5039c9, P0939                , 2025-11-20T02:07:09Z, 69fb7b25-f0b8-4cbf-991d-586714757dfe, Succeeded
b00544f0-74bb-4301-a7ce-8e0bd5346357, P0940                , 2025-05-13T01:20:47Z, b085bddd-9054-47a0-996e-e7b8cb87818f, Succeeded
b00544f0-74bb-4301-a7ce-8e0bd5346357, P0940                , 2025-05-20T01:20:47Z, 97a02f22-3fd3-4f6d-bcde-f36b970a6239, Succeeded
b00544f0-74bb-4301-a7ce-8e0bd5346357, P0940                , 2025-05-21T01:20:47Z, 97a02f22-3fd3-4f6d-bcde-f36b970a6239, Succeeded
b00544f0-74bb-4301-a7ce-8e0bd5346357, P0940                , 2025-06-12T01:20:47Z, 65d4097b-fd3f-4e9b-ac58-04dc7724ee79, Succeeded
b00544f0-74bb-4301-a7ce-8e0bd5346357, P0940                , 2025-08-11T01:20:47Z, 293a03b7-433c-44c1-b054-53105f2be1de, Succeeded
a13cb607-e567-421c-9fbb-620173949c8f, P0941                , 2025-01-13T02:33:19Z, 05f4993b-d30e-472c-84e8-d40713d74e13, Succeeded
a13cb607-e567-421c-9fbb-620173949c8f, P0941                , 2025-04-06T01:33:19Z, 0d041ec9-68c6-4ac5-89a4-f1be8efe4b01, Succeeded
a13cb607-e567-421c-9fbb-620173949c8f, P0941                , 2025-06-19T01:33:19Z, a9fa34e8-66a7-424f-88de-7deb2b7f3b5e, Succeeded
a13cb607-e567-421c-9fbb-620173949c8f, P0941                , 2025-06-20T01:33:19Z, a9fa34e8-66a7-424f-88de-7deb2b7f3b5e, Succeeded
4bd8b788-b167-414a-91ae-7238fe4bd1ad, P0942                , 2025-02-15T02:29:02Z, 8fb37596-1def-4f95-97ac-806d4df0e1fb, Succeeded
7c4b426b-5e48-40b7-b8c2-3535c766843a, P0943                , 2025-10-29T14:16:07Z, 861a84ea-e79b-41ba-aa2e-b835d32f0f77, Succeeded
61d33161-f99f-49c2-9536-12280b6adba1, P0944                , 2025-03-27T21:20:50Z, 86279ac2-bdc4-44c6-a454-5e2159bae235, Succeeded
61d33161-f99f-49c2-9536-12280b6adba1, P0944                , 2025-03-28T21:20:50Z, 86279ac2-bdc4-44c6-a454-5e2159bae235, Succeeded
61d33161-f99f-49c2-9536-12280b6adba1, P0944                , 2025-03-29T21:20:50Z, 86279ac2-bdc4-44c6-a454-5e2159bae235, Succeeded
61d33161-f99f-49c2-9536-12280b6adba1, P0944                , 2025-06-25T21:20:50Z, edb141ff-0c30-4ea7-97e7-f370df7256cf, Succeeded
61d33161-f99f-49c2-9536-12280b6adba1, P0944                , 2025-07-28T21:20:50Z, 3c02f64e-a954-45c0-8ece-a52fa4f82923, Succeeded
61d33161-f99f-49c2-9536-12280b6adba1, P0944                , 2025-07-29T21:20:50Z, 3c02f64e-a954-45c0-8ece-a52fa4f82923, Succeeded
61d33161-f99f-49c2-9536-12280b6adba1, P0944                , 2025-07-30T21:20:50Z, 3c02f64e-a954-45c0-8ece-a52fa4f82923, Succeeded
2e9720ac-9e30-475d-afcb-c96c40d0efa5, P0945                , 2025-09-12T14:28:02Z, 3fc66f92-2873-49eb-82fa-68534977628c, Succeeded
2e9720ac-9e30-475d-afcb-c96c40d0efa5, P0945                , 2025-09-13T14:28:02Z, 3fc66f92-2873-49eb-82fa-68534977628c, Succeeded
2e9720ac-9e30-475d-afcb-c96c40d0efa5, P0945                , 2026-02-26T15:28:02Z, 978b9045-5662-40a7-ab25-cc21dc5274a3, Succeeded
77c705d5-55bd-4ea9-afb3-b73b690ed9c6, P0946                , 2025-02-17T11:18:42Z, e2516641-7f06-4527-90cc-48c27d0155bb, Succeeded
77c705d5-55bd-4ea9-afb3-b73b690ed9c6, P0946                , 2025-02-18T11:18:42Z, e2516641-7f06-4527-90cc-48c27d0155bb, Succeeded
77c705d5-55bd-4ea9-afb3-b73b690ed9c6, P0946                , 2025-02-19T11:18:42Z, e2516641-7f06-4527-90cc-48c27d0155bb, Succeeded
77c705d5-55bd-4ea9-afb3-b73b690ed9c6, P0946                , 2025-02-24T11:18:42Z, 05a8c7d5-784b-49b3-b7d4-40435eca5f19, Succeeded
77c705d5-55bd-4ea9-afb3-b73b690ed9c6, P0946                , 2025-07-29T10:18:42Z, 871adc5d-4ed8-4808-9085-e358cb71966b, Succeeded
36139fdd-6a2b-4636-a86a-f9f9f9b697a2, P0947                , 2025-10-15T01:57:06Z, e4479289-18f5-41f0-84b9-1f3e8ac7be44, Succeeded
36139fdd-6a2b-4636-a86a-f9f9f9b697a2, P0947                , 2026-02-10T02:57:06Z, 36ec162e-6f55-4cc0-8c9c-172b31e35e82, Succeeded
1ae16eff-580b-4830-b621-c7a4287e2ec2, P0948                , 2026-05-07T08:12:42Z, d2604a69-f7b2-4734-a1a3-2fbf055acd1b, Succeeded
1ae16eff-580b-4830-b621-c7a4287e2ec2, P0948                , 2026-05-08T08:12:42Z, d2604a69-f7b2-4734-a1a3-2fbf055acd1b, Succeeded
49916c4c-deba-4838-a5f9-eb6d0252d233, P0950                , 2025-05-08T08:15:36Z, bbb9ba5d-d0e3-4705-bebc-fad9871a5b4a, Succeeded
cae02332-b813-4d76-aedc-c2119e0a4400, P0951                , 2025-01-15T10:47:48Z, 4fe41c4c-38ff-4f1e-a6e6-96ffbe8db420, Succeeded
cae02332-b813-4d76-aedc-c2119e0a4400, P0951                , 2025-04-08T09:47:48Z, 57b1cd6c-888f-4783-9a73-4dce3ae6cd19, Succeeded
cae02332-b813-4d76-aedc-c2119e0a4400, P0951                , 2025-04-09T09:47:48Z, 57b1cd6c-888f-4783-9a73-4dce3ae6cd19, Succeeded
cae02332-b813-4d76-aedc-c2119e0a4400, P0951                , 2025-04-10T09:47:48Z, 57b1cd6c-888f-4783-9a73-4dce3ae6cd19, Succeeded
cae02332-b813-4d76-aedc-c2119e0a4400, P0951                , 2025-07-03T09:47:48Z, 1a789b2f-43d8-4b56-aa2d-44bfc71f3dac, Succeeded
cae02332-b813-4d76-aedc-c2119e0a4400, P0951                , 2025-07-04T09:47:48Z, 1a789b2f-43d8-4b56-aa2d-44bfc71f3dac, Succeeded
202e10b6-a531-4035-b42d-8c49b9a87735, P0952                , 2026-01-29T08:59:08Z, 2e1aab04-2577-44ed-afb7-60036a21b42b, Succeeded
202e10b6-a531-4035-b42d-8c49b9a87735, P0952                , 2026-01-30T08:59:08Z, 2e1aab04-2577-44ed-afb7-60036a21b42b, Succeeded
202e10b6-a531-4035-b42d-8c49b9a87735, P0952                , 2026-04-13T07:59:08Z, 8cd1e873-485a-4ace-994e-3327a7b6ae76, Succeeded
202e10b6-a531-4035-b42d-8c49b9a87735, P0952                , 2026-04-14T07:59:08Z, 8cd1e873-485a-4ace-994e-3327a7b6ae76, Succeeded
fcb189e9-6b19-4945-a43e-79ee1e574955, P0953                , 2025-06-21T18:06:39Z, 086dfc89-204c-444f-a43f-7fe093a69613, Succeeded
07d8e20f-d0cd-4e90-96d8-6de0f2a14889, P0954                , 2026-04-12T14:16:31Z, fafbdc48-48f3-4f52-b7a9-b01f346f464f, Succeeded
07d8e20f-d0cd-4e90-96d8-6de0f2a14889, P0954                , 2026-04-13T14:16:31Z, fafbdc48-48f3-4f52-b7a9-b01f346f464f, Succeeded
ebe52f7e-a693-4bdd-a50c-31b172ee9326, P0955                , 2025-12-16T01:49:19Z, e46bcdc7-e845-4145-80e4-6b7973da997c, Succeeded
ebe52f7e-a693-4bdd-a50c-31b172ee9326, P0955                , 2025-12-17T01:49:19Z, e46bcdc7-e845-4145-80e4-6b7973da997c, Succeeded
46c19862-0116-49cd-8d56-c4dba66bb8e4, P0957                , 2025-05-19T00:58:58Z, 46ce51cb-8553-4cdc-afa5-96eead9e4f6b, Succeeded
46c19862-0116-49cd-8d56-c4dba66bb8e4, P0957                , 2025-07-18T00:58:58Z, 9423c7ca-6c61-4199-9c5f-0a9191759e1e, Succeeded
46c19862-0116-49cd-8d56-c4dba66bb8e4, P0957                , 2025-07-19T00:58:58Z, 9423c7ca-6c61-4199-9c5f-0a9191759e1e, Succeeded
46c19862-0116-49cd-8d56-c4dba66bb8e4, P0957                , 2025-07-20T00:58:58Z, 9423c7ca-6c61-4199-9c5f-0a9191759e1e, Succeeded
81dcb996-0d3f-4c4c-ba83-aac8627dca22, P0958                , 2026-02-09T10:09:22Z, ffa58f2b-1931-4ca2-86b3-0fb0f2376ffe, Succeeded
6fbbbe7f-20c9-41a8-8eb8-55e81afd6716, P0959                , 2025-09-10T05:36:31Z, 18f097a3-5b62-41a2-a254-ea76b6395e81, Succeeded
41cf826b-301e-46ca-8c07-90cb707503b0, P0960                , 2025-05-31T23:22:39Z, d5feba36-b02c-4801-8244-0f02ea4f10c8, Succeeded
41cf826b-301e-46ca-8c07-90cb707503b0, P0960                , 2025-06-01T23:22:39Z, d5feba36-b02c-4801-8244-0f02ea4f10c8, Succeeded
41cf826b-301e-46ca-8c07-90cb707503b0, P0960                , 2025-11-19T00:22:39Z, 6a916f40-518c-4187-91dd-5b96c76e1946, Succeeded
77af2f65-e80d-41ec-b73b-981f089e8826, P0961                , 2025-02-01T05:13:16Z, 6e46fd90-8afb-4c54-8521-04fb95816934, Succeeded
77af2f65-e80d-41ec-b73b-981f089e8826, P0961                , 2025-02-08T05:13:16Z, 7f9599e2-ec09-4e99-844c-c9562c4fffaf, Succeeded
77af2f65-e80d-41ec-b73b-981f089e8826, P0961                , 2025-02-09T05:13:16Z, 7f9599e2-ec09-4e99-844c-c9562c4fffaf, Succeeded
77af2f65-e80d-41ec-b73b-981f089e8826, P0961                , 2025-02-10T05:13:16Z, 7f9599e2-ec09-4e99-844c-c9562c4fffaf, Succeeded
f57e66ab-48b1-41b9-94a5-f8eb386c4857, P0963                , 2026-02-17T10:57:05Z, 47e64229-d233-47e5-bc25-6de682f71c11, Succeeded
19438dd7-8336-4bd2-bb31-5bf1900c054f, P0964                , 2025-03-22T09:02:56Z, 6d2fe7b8-ac51-4337-a209-264fd423d9a9, Succeeded
19438dd7-8336-4bd2-bb31-5bf1900c054f, P0964                , 2025-07-17T09:02:56Z, a0c1dd81-9339-48ca-839b-583020807139, Succeeded
2b1b1177-f543-44b7-b622-08b0057cb02e, P0965                , 2025-07-29T19:28:57Z, 9a793b71-0cc6-42f7-aaf3-e51fb4adf152, Succeeded
2b1b1177-f543-44b7-b622-08b0057cb02e, P0965                , 2025-07-30T19:28:57Z, 9a793b71-0cc6-42f7-aaf3-e51fb4adf152, Succeeded
2b1b1177-f543-44b7-b622-08b0057cb02e, P0965                , 2025-11-26T20:28:57Z, 499c12ee-92ab-42a5-a924-b16ce563d5cb, Succeeded
2b1b1177-f543-44b7-b622-08b0057cb02e, P0965                , 2025-11-27T20:28:57Z, 499c12ee-92ab-42a5-a924-b16ce563d5cb, Succeeded
2b1b1177-f543-44b7-b622-08b0057cb02e, P0965                , 2025-11-28T20:28:57Z, 499c12ee-92ab-42a5-a924-b16ce563d5cb, Succeeded
a0ca3473-2bd2-4ed4-b543-e21e5dbd828f, P0966                , 2025-10-27T03:01:45Z, c96b2582-45b3-4acc-9a2c-d5a14895227a, Succeeded
a0ca3473-2bd2-4ed4-b543-e21e5dbd828f, P0966                , 2025-11-26T04:01:45Z, b70b1c32-b25d-44e1-9a46-4ec5f956e70c, Succeeded
a0ca3473-2bd2-4ed4-b543-e21e5dbd828f, P0966                , 2026-01-25T04:01:45Z, 2cb353aa-c846-42cb-b649-a19a0cc15491, Succeeded
36082562-cfcc-4055-9033-bed61bc91fee, P0968                , 2025-02-14T15:59:13Z, defe87be-ebf0-43e0-a7ff-69b58ae00cb8, Succeeded
36082562-cfcc-4055-9033-bed61bc91fee, P0968                , 2025-05-08T14:59:13Z, e7128967-b2f3-44db-bdae-35ec6963e018, Succeeded
f0340275-d6cc-43b6-acd7-ca06e2244aa3, P0969                , 2025-07-26T00:24:47Z, 337c8de8-12ae-42be-8a7e-2af2b81f4dbc, Succeeded
f0340275-d6cc-43b6-acd7-ca06e2244aa3, P0969                , 2025-07-27T00:24:47Z, 337c8de8-12ae-42be-8a7e-2af2b81f4dbc, Succeeded
f0340275-d6cc-43b6-acd7-ca06e2244aa3, P0969                , 2025-07-28T00:24:47Z, 337c8de8-12ae-42be-8a7e-2af2b81f4dbc, Succeeded
69b5e215-fbe5-4537-abbf-a276e12a22df, P0970                , 2025-05-16T15:40:07Z, 19f85a56-40cf-4c47-bea3-f78069ab1850, Succeeded
69b5e215-fbe5-4537-abbf-a276e12a22df, P0970                , 2025-05-17T15:40:07Z, 19f85a56-40cf-4c47-bea3-f78069ab1850, Succeeded
69b5e215-fbe5-4537-abbf-a276e12a22df, P0970                , 2025-06-08T15:40:07Z, a2325618-3dee-4364-8876-f0b535b5cd14, Succeeded
69b5e215-fbe5-4537-abbf-a276e12a22df, P0970                , 2025-06-09T15:40:07Z, a2325618-3dee-4364-8876-f0b535b5cd14, Succeeded
69b5e215-fbe5-4537-abbf-a276e12a22df, P0970                , 2025-06-10T15:40:07Z, a2325618-3dee-4364-8876-f0b535b5cd14, Succeeded
cd08d395-6b8b-42df-aae9-9b728467fbd7, P0971                , 2025-04-26T16:59:46Z, 7b0ee757-ce7a-4955-9e3b-f1b32979a3fe, Succeeded
cd08d395-6b8b-42df-aae9-9b728467fbd7, P0971                , 2025-04-27T16:59:46Z, 7b0ee757-ce7a-4955-9e3b-f1b32979a3fe, Succeeded
cd08d395-6b8b-42df-aae9-9b728467fbd7, P0971                , 2025-06-25T16:59:46Z, 61094000-409f-4719-8bff-296279eedc78, Succeeded
cd08d395-6b8b-42df-aae9-9b728467fbd7, P0971                , 2025-08-20T16:59:46Z, f465dbe6-a96d-4adb-a0a6-101fcc007399, Succeeded
5daf4697-1209-4e9a-8cef-ff4c341d0e79, P0972                , 2025-07-07T11:47:48Z, c99eca04-8951-4f4f-8460-129cd8061a58, Succeeded
5daf4697-1209-4e9a-8cef-ff4c341d0e79, P0972                , 2025-09-28T11:47:48Z, a7f6223c-996e-46bf-b470-5f7b26370180, Succeeded
5daf4697-1209-4e9a-8cef-ff4c341d0e79, P0972                , 2025-09-29T11:47:48Z, a7f6223c-996e-46bf-b470-5f7b26370180, Succeeded
0eeff595-5356-46b6-ba66-46e1c7c83fd1, P0974                , 2026-01-27T22:05:39Z, 8061863a-175e-4124-99e3-64ab8337bd9d, Succeeded
0eeff595-5356-46b6-ba66-46e1c7c83fd1, P0974                , 2026-01-28T22:05:39Z, 8061863a-175e-4124-99e3-64ab8337bd9d, Succeeded
a5aa6a11-b3d3-41fb-932a-44ba2491c242, P0976                , 2025-03-08T20:45:47Z, 6c0d0ef0-4203-4588-a787-b9cafd902935, Succeeded
7c398bd2-0e1c-4a81-ad8f-19dfa15a0977, P0977                , 2025-10-09T11:53:04Z, fb8b2133-dc3d-4132-b97c-5609ae66029c, Succeeded
7c398bd2-0e1c-4a81-ad8f-19dfa15a0977, P0977                , 2025-10-10T11:53:04Z, fb8b2133-dc3d-4132-b97c-5609ae66029c, Succeeded
7c398bd2-0e1c-4a81-ad8f-19dfa15a0977, P0977                , 2025-10-11T11:53:04Z, fb8b2133-dc3d-4132-b97c-5609ae66029c, Succeeded
392d09dc-4507-4f2e-91ab-f0083987e039, P0978                , 2025-05-08T16:15:55Z, e3dc721d-9cf4-4698-8b9b-f036e31b067f, Succeeded
392d09dc-4507-4f2e-91ab-f0083987e039, P0978                , 2025-05-09T16:15:55Z, e3dc721d-9cf4-4698-8b9b-f036e31b067f, Succeeded
392d09dc-4507-4f2e-91ab-f0083987e039, P0978                , 2025-10-26T16:15:55Z, b1c6dc6e-4300-4495-b09d-cccab805119f, Succeeded
392d09dc-4507-4f2e-91ab-f0083987e039, P0978                , 2025-10-27T16:15:55Z, b1c6dc6e-4300-4495-b09d-cccab805119f, Succeeded
392d09dc-4507-4f2e-91ab-f0083987e039, P0978                , 2025-10-28T16:15:55Z, b1c6dc6e-4300-4495-b09d-cccab805119f, Succeeded
fbca6f07-9a55-4796-a544-9c2599a1ce02, P0979                , 2025-02-03T06:34:00Z, 2b5084f9-755e-40b4-a94b-2091dc3d9017, Succeeded
fbca6f07-9a55-4796-a544-9c2599a1ce02, P0979                , 2025-02-10T06:34:00Z, 41ec99c0-09ca-4d61-b390-30ade3455ae0, Succeeded
fbca6f07-9a55-4796-a544-9c2599a1ce02, P0979                , 2025-05-04T05:34:00Z, 3975a3c4-cb81-4dd0-ac91-723292899c86, Succeeded
fbca6f07-9a55-4796-a544-9c2599a1ce02, P0979                , 2025-05-05T05:34:00Z, 3975a3c4-cb81-4dd0-ac91-723292899c86, Succeeded
fbca6f07-9a55-4796-a544-9c2599a1ce02, P0979                , 2025-05-06T05:34:00Z, 3975a3c4-cb81-4dd0-ac91-723292899c86, Succeeded
fbca6f07-9a55-4796-a544-9c2599a1ce02, P0979                , 2025-07-14T05:34:00Z, 6862d19c-f37b-4f55-aa1b-ddf0aa00c8ba, Succeeded
fbca6f07-9a55-4796-a544-9c2599a1ce02, P0979                , 2025-07-15T05:34:00Z, 6862d19c-f37b-4f55-aa1b-ddf0aa00c8ba, Succeeded
fbca6f07-9a55-4796-a544-9c2599a1ce02, P0979                , 2025-07-16T05:34:00Z, 6862d19c-f37b-4f55-aa1b-ddf0aa00c8ba, Succeeded
9912f7d3-d599-412e-91d3-6259a3705d99, P0980                , 2025-09-08T22:39:12Z, 4d883976-bcfc-4494-a20a-8976b2618f8c, Succeeded
9912f7d3-d599-412e-91d3-6259a3705d99, P0980                , 2025-09-09T22:39:12Z, 4d883976-bcfc-4494-a20a-8976b2618f8c, Succeeded
9912f7d3-d599-412e-91d3-6259a3705d99, P0980                , 2025-11-07T23:39:12Z, 1979d62f-188c-4071-a65c-624ab67cfed7, Succeeded
9912f7d3-d599-412e-91d3-6259a3705d99, P0980                , 2025-11-08T23:39:12Z, 1979d62f-188c-4071-a65c-624ab67cfed7, Succeeded
b0356402-5c48-4aaf-a89b-e8e70a3e98b1, P0981                , 2025-06-12T11:05:08Z, 9a3cb612-f3fb-4c6f-8996-dcaed05148a5, Succeeded
b0356402-5c48-4aaf-a89b-e8e70a3e98b1, P0981                , 2025-06-13T11:05:08Z, 9a3cb612-f3fb-4c6f-8996-dcaed05148a5, Succeeded
b0356402-5c48-4aaf-a89b-e8e70a3e98b1, P0981                , 2025-06-14T11:05:08Z, 9a3cb612-f3fb-4c6f-8996-dcaed05148a5, Succeeded
b0356402-5c48-4aaf-a89b-e8e70a3e98b1, P0981                , 2025-11-10T12:05:08Z, bc4fbd8d-0daf-4cac-8e7e-31a04fe11dc8, Succeeded
b0356402-5c48-4aaf-a89b-e8e70a3e98b1, P0981                , 2025-11-11T12:05:08Z, bc4fbd8d-0daf-4cac-8e7e-31a04fe11dc8, Succeeded
b0356402-5c48-4aaf-a89b-e8e70a3e98b1, P0981                , 2025-11-12T12:05:08Z, bc4fbd8d-0daf-4cac-8e7e-31a04fe11dc8, Succeeded
0dfd5392-fd14-4b04-983d-06ff3507bbcc, P0982                , 2025-10-04T22:43:35Z, 2ca926a5-f57d-4289-a5cd-e76de6b572f7, Succeeded
0dfd5392-fd14-4b04-983d-06ff3507bbcc, P0982                , 2025-10-05T22:43:35Z, 2ca926a5-f57d-4289-a5cd-e76de6b572f7, Succeeded
0dfd5392-fd14-4b04-983d-06ff3507bbcc, P0982                , 2026-01-02T23:43:35Z, fdcc0b24-474f-4c33-8e6b-be6ee017cd43, Succeeded
0dfd5392-fd14-4b04-983d-06ff3507bbcc, P0982                , 2026-01-03T23:43:35Z, fdcc0b24-474f-4c33-8e6b-be6ee017cd43, Succeeded
7a97b73d-81c9-478b-b7d9-048f921e000d, P0983                , 2025-08-22T03:32:09Z, 50c69158-c695-4027-93e6-e68db103dcf8, Succeeded
432fb23b-6cd3-4253-9b17-f8c7573bac7c, P0984                , 2025-09-23T00:41:16Z, dac6af05-e3d4-4fe7-8b06-35525de877c1, Succeeded
432fb23b-6cd3-4253-9b17-f8c7573bac7c, P0984                , 2025-10-23T00:41:16Z, c992ffa1-4e63-4707-a206-627efa198e8b, Succeeded
432fb23b-6cd3-4253-9b17-f8c7573bac7c, P0984                , 2025-10-24T00:41:16Z, c992ffa1-4e63-4707-a206-627efa198e8b, Succeeded
432fb23b-6cd3-4253-9b17-f8c7573bac7c, P0984                , 2025-10-25T00:41:16Z, c992ffa1-4e63-4707-a206-627efa198e8b, Succeeded
432fb23b-6cd3-4253-9b17-f8c7573bac7c, P0984                , 2025-12-22T01:41:16Z, 7b6600ad-0f16-4f4c-b71c-80584f1a8a6a, Succeeded
432fb23b-6cd3-4253-9b17-f8c7573bac7c, P0984                , 2026-03-09T00:41:16Z, eb18f441-0261-4056-a169-55cd86e411a1, Succeeded
432fb23b-6cd3-4253-9b17-f8c7573bac7c, P0984                , 2026-03-10T00:41:16Z, eb18f441-0261-4056-a169-55cd86e411a1, Succeeded
14ecb0ad-8ffe-427d-a0e5-51486722dcf5, P0987                , 2025-02-22T07:00:14Z, 9e72a887-f6b3-4c11-83cf-e9fe3e75cc58, Succeeded
14ecb0ad-8ffe-427d-a0e5-51486722dcf5, P0987                , 2025-02-23T07:00:14Z, 9e72a887-f6b3-4c11-83cf-e9fe3e75cc58, Succeeded
14ecb0ad-8ffe-427d-a0e5-51486722dcf5, P0987                , 2025-05-23T06:00:14Z, 8eb7be7d-14c8-4ff5-b943-33b157bc8195, Succeeded
14ecb0ad-8ffe-427d-a0e5-51486722dcf5, P0987                , 2025-05-24T06:00:14Z, 8eb7be7d-14c8-4ff5-b943-33b157bc8195, Succeeded
0f7bbe02-322d-47d8-a53e-3f2a694ec212, P0988                , 2025-05-13T11:09:14Z, 3e5371a0-cbd0-4505-b3b0-c9a30be4fb3c, Succeeded
1041ff43-1d60-47f5-b2c4-55a29c7259ee, P0989                , 2025-02-11T12:48:56Z, 8090c1be-a647-48c3-9818-1e253a6d2bfb, Succeeded
1041ff43-1d60-47f5-b2c4-55a29c7259ee, P0989                , 2025-05-20T11:48:56Z, ca2cf6a9-0d73-4336-b1fc-31ab5aa0b30b, Succeeded
18441065-c0e4-4044-9196-50da65b00a45, P0990                , 2025-04-16T16:44:05Z, 9c805c9e-214a-420e-99dc-5410b7e26245, Succeeded
18441065-c0e4-4044-9196-50da65b00a45, P0990                , 2025-04-23T16:44:05Z, c4c7363d-9660-4942-a94c-5f082c042785, Succeeded
18441065-c0e4-4044-9196-50da65b00a45, P0990                , 2025-07-15T16:44:05Z, 9d27a65c-b7cb-43ba-aa76-9b259f3a4b9b, Succeeded
18441065-c0e4-4044-9196-50da65b00a45, P0990                , 2025-07-16T16:44:05Z, 9d27a65c-b7cb-43ba-aa76-9b259f3a4b9b, Succeeded
18441065-c0e4-4044-9196-50da65b00a45, P0990                , 2025-07-17T16:44:05Z, 9d27a65c-b7cb-43ba-aa76-9b259f3a4b9b, Succeeded
259b2134-2a03-41a2-a483-f486fa64cb5d, P0991                , 2025-06-13T10:21:21Z, 1b09c909-392c-482b-8dba-0da9ac63896b, Succeeded
259b2134-2a03-41a2-a483-f486fa64cb5d, P0991                , 2025-06-14T10:21:21Z, 1b09c909-392c-482b-8dba-0da9ac63896b, Succeeded
259b2134-2a03-41a2-a483-f486fa64cb5d, P0991                , 2025-06-20T10:21:21Z, b4f6ab57-be6b-48c0-8e86-4de92a53adb4, Succeeded
259b2134-2a03-41a2-a483-f486fa64cb5d, P0991                , 2025-06-21T10:21:21Z, b4f6ab57-be6b-48c0-8e86-4de92a53adb4, Succeeded
259b2134-2a03-41a2-a483-f486fa64cb5d, P0991                , 2025-07-13T10:21:21Z, 1b46c774-2433-48af-aa7b-cecc3dabef09, Succeeded
259b2134-2a03-41a2-a483-f486fa64cb5d, P0991                , 2025-09-11T10:21:21Z, 80997eac-f4a9-49d2-a3dc-85ac72097c44, Succeeded
f25b1c64-570c-4b74-bfa7-bb1c70c38c9d, P0992                , 2025-01-18T19:34:30Z, 69c14c75-33c5-4599-877c-5043235f462f, Succeeded
9f13c7a8-caa1-4a75-895c-e12b0192dc62, P0994                , 2025-08-03T04:32:13Z, 6034febf-d668-4e29-a21f-f615ac80c9ab, Succeeded
9f13c7a8-caa1-4a75-895c-e12b0192dc62, P0994                , 2025-08-04T04:32:13Z, 6034febf-d668-4e29-a21f-f615ac80c9ab, Succeeded
9f13c7a8-caa1-4a75-895c-e12b0192dc62, P0994                , 2025-11-01T04:32:13Z, 49d0e7c0-1f40-428c-b31a-8f1ff9ed0635, Succeeded
593740f2-3009-4da7-b8bc-80315445c177, P0995                , 2025-10-13T15:42:43Z, 17bd92c2-a5d0-4e96-9554-682b438c7f09, Succeeded
593740f2-3009-4da7-b8bc-80315445c177, P0995                , 2025-10-14T15:42:43Z, 17bd92c2-a5d0-4e96-9554-682b438c7f09, Succeeded
593740f2-3009-4da7-b8bc-80315445c177, P0995                , 2025-10-20T15:42:43Z, 77af6ef8-95e9-4987-b73f-cb6c32d14b71, Succeeded
593740f2-3009-4da7-b8bc-80315445c177, P0995                , 2025-10-21T15:42:43Z, 77af6ef8-95e9-4987-b73f-cb6c32d14b71, Succeeded
593740f2-3009-4da7-b8bc-80315445c177, P0995                , 2025-11-12T16:42:43Z, 976e56c3-87e8-431c-b3e4-b861f3f61ff0, Succeeded
593740f2-3009-4da7-b8bc-80315445c177, P0995                , 2025-11-13T16:42:43Z, 976e56c3-87e8-431c-b3e4-b861f3f61ff0, Succeeded
593740f2-3009-4da7-b8bc-80315445c177, P0995                , 2025-11-14T16:42:43Z, 976e56c3-87e8-431c-b3e4-b861f3f61ff0, Succeeded
593740f2-3009-4da7-b8bc-80315445c177, P0995                , 2026-01-11T16:42:43Z, ef8b36b7-5984-4f14-b3cc-37404fd2b1d3, Succeeded
203a8f1e-4ab6-4503-beb0-bb70003e2657, P0996                , 2025-07-19T21:28:46Z, abb8d74b-e79a-4262-9574-3f604027b70b, Succeeded
203a8f1e-4ab6-4503-beb0-bb70003e2657, P0996                , 2025-07-26T21:28:46Z, e3e0e08d-6f76-41ac-b03c-27dfbc005c69, Succeeded
203a8f1e-4ab6-4503-beb0-bb70003e2657, P0996                , 2025-07-27T21:28:46Z, e3e0e08d-6f76-41ac-b03c-27dfbc005c69, Succeeded
203a8f1e-4ab6-4503-beb0-bb70003e2657, P0996                , 2025-07-28T21:28:46Z, e3e0e08d-6f76-41ac-b03c-27dfbc005c69, Succeeded
e60b7b3a-76c8-4815-a4ec-407331ef189d, P0997                , 2025-04-08T08:22:31Z, d397555a-13bb-4caf-81c3-de463b73de55, Succeeded
e60b7b3a-76c8-4815-a4ec-407331ef189d, P0997                , 2025-04-09T08:22:31Z, d397555a-13bb-4caf-81c3-de463b73de55, Succeeded
e60b7b3a-76c8-4815-a4ec-407331ef189d, P0997                , 2025-04-10T08:22:31Z, d397555a-13bb-4caf-81c3-de463b73de55, Succeeded
e60b7b3a-76c8-4815-a4ec-407331ef189d, P0997                , 2025-05-01T08:22:31Z, 17349546-3af0-458c-ae29-ba34d38d88c0, Succeeded
e60b7b3a-76c8-4815-a4ec-407331ef189d, P0997                , 2025-05-02T08:22:31Z, 17349546-3af0-458c-ae29-ba34d38d88c0, Succeeded
e60b7b3a-76c8-4815-a4ec-407331ef189d, P0997                , 2025-05-03T08:22:31Z, 17349546-3af0-458c-ae29-ba34d38d88c0, Succeeded
e60b7b3a-76c8-4815-a4ec-407331ef189d, P0997                , 2025-08-06T08:22:31Z, c9ff36df-0d6c-44ed-8bdd-e56b2c84f6f5, Succeeded
39436e94-ba94-4023-9054-812534137021, P0998                , 2026-04-30T02:06:41Z, 80a3468c-cc54-4576-b5cf-13dd403ddbed, Succeeded
39436e94-ba94-4023-9054-812534137021, P0998                , 2026-05-01T02:06:41Z, 80a3468c-cc54-4576-b5cf-13dd403ddbed, Succeeded
39436e94-ba94-4023-9054-812534137021, P0998                , 2026-05-02T02:06:41Z, 80a3468c-cc54-4576-b5cf-13dd403ddbed, Succeeded
3c567f05-5f05-4c08-ba69-9db79fe99d58, P0999                , 2025-07-10T07:53:32Z, c8ed4910-6d8a-4da2-9721-3887d32cfa6c, Succeeded
3c567f05-5f05-4c08-ba69-9db79fe99d58, P0999                , 2025-07-11T07:53:32Z, c8ed4910-6d8a-4da2-9721-3887d32cfa6c, Succeeded
3c567f05-5f05-4c08-ba69-9db79fe99d58, P0999                , 2025-12-30T08:53:32Z, 0fedff55-99c7-4bbb-9551-d95f33e5a5b1, Succeeded
3c567f05-5f05-4c08-ba69-9db79fe99d58, P0999                , 2025-12-31T08:53:32Z, 0fedff55-99c7-4bbb-9551-d95f33e5a5b1, Succeeded
3c567f05-5f05-4c08-ba69-9db79fe99d58, P0999                , 2026-01-01T08:53:32Z, 0fedff55-99c7-4bbb-9551-d95f33e5a5b1, Succeeded
713a982e-73fc-449c-b4ce-2fcb8d93fe92, P1000                , 2025-10-13T23:55:58Z, f55d8913-634e-4779-a758-73555e29dca7, Succeeded
713a982e-73fc-449c-b4ce-2fcb8d93fe92, P1000                , 2025-10-14T23:55:58Z, f55d8913-634e-4779-a758-73555e29dca7, Succeeded
