ParticipantID                       , ParticipantIdentifier, Timestamp           , PushNotificationIdentifier
84bf7b38-130c-49cc-bf18-3aad6494196f, P0001                , 2025-02-19T11:42:40Z, 3fc75355-ded8-4c1a-9d6f-59b55b7d0a90
6d43b916-b00c-4c03-9950-d5289331ebae, P0002                , 2025-05-16T10:05:40Z, f7f0fc56-ae30-4f6a-bb45-774d72a7ed77
6d43b916-b00c-4c03-9950-d5289331ebae, P0002                , 2025-08-07T00:08:40Z, 2601dc23-6d8a-4a68-b8dc-a0838f62f298
f557d92d-a0d5-4229-bbf4-2d8edd9d8025, P0003                , 2025-08-15T19:39:10Z, 57dd58d0-f342-4251-8228-36d5c7460006
f557d92d-a0d5-4229-bbf4-2d8edd9d8025, P0003                , 2025-11-28T21:05:10Z, 41f67624-9ec9-49bf-8fa0-a111f29bcef2
3cb498bf-9f35-45f7-a552-497593eac1b1, P0004                , 2025-07-22T21:09:00Z, 03eaa7aa-c222-45df-bbf5-2301d2ae5416
3cb498bf-9f35-45f7-a552-497593eac1b1, P0004                , 2025-12-27T10:29:00Z, 77e49591-344b-4ef6-906c-036ddd30de3d
36f8155d-d024-47da-a6e5-c3b412661fe4, P0005                , 2025-09-13T16:38:27Z, 0525a3e9-5102-4817-b590-b15f9af4b24f
1345933a-4a17-4362-80b3-ba4af94a2d9e, P0006                , 2026-01-01T02:47:11Z, 936ad01c-8bad-40b5-8721-d7fc22fc8cee
86ed57a9-ebd1-47b8-8536-59c480407459, P0010                , 2025-12-26T02:11:25Z, 4dc16828-bb85-4344-a7de-324a8dec5363
86ed57a9-ebd1-47b8-8536-59c480407459, P0010                , 2026-01-19T00:40:25Z, 457d0b61-066e-47d4-b059-1a358894f510
86ed57a9-ebd1-47b8-8536-59c480407459, P0010                , 2026-05-29T23:00:25Z, 6d765498-13fd-493a-98c4-ea5780e0dea6
4d721588-1a42-4782-89dd-16bd1baf26cf, P0011                , 2026-01-29T03:32:42Z, 3b4e42ff-dd83-406b-ac64-9afa124c7afe
6882d01f-d90c-4d57-89f1-f1bcf8663311, P0012                , 2025-09-01T17:39:06Z, baa0a0d3-0319-40c7-a48f-657a14efd851
6882d01f-d90c-4d57-89f1-f1bcf8663311, P0012                , 2025-10-02T19:47:06Z, e4945ce3-989e-43e1-8d4e-e56693752140
6882d01f-d90c-4d57-89f1-f1bcf8663311, P0012                , 2025-12-02T01:41:06Z, 3c5140fa-c26f-4ca8-b84c-f12fc609fbe4
8434845c-17e7-4b22-a978-871a0fc78650, P0014                , 2025-06-17T10:56:55Z, cce6702e-76f1-43cb-9d41-d002886cf40d
8434845c-17e7-4b22-a978-871a0fc78650, P0014                , 2025-11-10T12:29:55Z, 777c9e3e-0a12-42d6-a153-1d227dd754d8
cde65350-2071-4aef-9a72-fd723453bee9, P0015                , 2026-02-04T17:09:08Z, 880e5104-d224-4ef2-ab4c-ff8e73b6c963
6c378f1f-d517-4132-b938-210c98b9c7eb, P0017                , 2025-08-04T12:05:22Z, 79cd4957-96a8-403c-87c0-82972d2cfc89
9a71b9e0-c6fe-47b5-a869-dee80fbaec78, P0018                , 2025-12-04T14:21:11Z, c922a226-bafd-4025-87d1-929c74dba78d
9a71b9e0-c6fe-47b5-a869-dee80fbaec78, P0018                , 2026-02-23T17:55:11Z, 852e228b-c609-44af-838a-5f13515a4547
b92ee448-1c12-4f3a-9aa2-af411806f2e4, P0019                , 2025-10-23T07:09:00Z, b54797c9-e3d8-4ad8-9177-dcbebc8e6545
f88e1fc2-6b27-46dd-bdfc-81333342f20a, P0020                , 2025-12-01T23:38:51Z, 4bd7d192-0da4-401e-bb5d-e3df1beb91b4
cdf58739-0e9a-4822-98fe-18bbe8f12539, P0021                , 2026-01-27T23:24:13Z, 957e0c6d-6536-47b3-bc09-47052960812e
5d8b825e-2096-45f1-9555-18ef3bde48d6, P0022                , 2025-07-16T02:06:38Z, ab573e85-06ac-4ca7-a1f3-e0bb9e0c4ef1
f47cb7ce-d8be-490a-bab0-93db17d4148a, P0023                , 2025-10-21T15:19:09Z, 0876c0da-e9a7-401b-80ea-130d94bd1437
730bdf06-493d-4b85-a64e-88d3270cea5f, P0024                , 2026-04-20T06:45:37Z, 4d374e93-6735-48ed-b697-b9d464455ac0
2423fe9e-5326-4109-841d-7d9c49eb029c, P0025                , 2025-08-24T11:25:13Z, b7f68789-f823-4d0a-9d67-96bcea8a40e6
bb3f171c-a669-43d8-95e6-aae323f68bc3, P0026                , 2025-09-19T23:12:12Z, 705f0835-99c9-4994-bbb8-1edef336d479
93473430-9409-4797-93e3-5609dc03d883, P0027                , 2025-04-06T10:50:51Z, 2decd051-90c9-4d7f-ae2f-1c27c90a5422
93473430-9409-4797-93e3-5609dc03d883, P0027                , 2025-09-17T20:29:51Z, b8188cdd-9955-4775-96df-5f38c30493e9
25327ead-55ff-4dc6-be62-aee7404b6c4d, P0028                , 2025-01-09T17:33:35Z, 76bbfd72-3e20-4a2e-9bc8-116f0bd9ec23
25327ead-55ff-4dc6-be62-aee7404b6c4d, P0028                , 2025-04-05T23:32:35Z, cab2905d-b896-4134-af1f-c3976a215d0c
e4bfd8bb-a560-43af-a1d8-78eb0815157e, P0029                , 2025-09-05T20:39:55Z, 54ffc6dd-7b3d-4d0a-a735-d5411812296f
c5685835-4d66-4fc0-85ae-41bb9498ad2f, P0030                , 2025-02-04T00:06:56Z, 0a796e1b-8dbf-4e6f-a6e5-3ae4f4db64df
6a7cd6c6-0460-4001-99bf-cedb7d3b1163, P0031                , 2025-02-16T20:26:21Z, 241a449a-dd02-42b9-b27a-b5531e1a2801
85b24152-517d-4291-995b-e68cf4bc63d5, P0032                , 2025-10-17T15:09:22Z, 52b5e668-72cd-482d-890f-79b579e41ceb
d3af3a5b-f786-4df3-bcaa-704627b087ca, P0033                , 2025-11-25T15:42:03Z, 1b3086e2-ddbc-4695-b39e-6a47db894103
d3af3a5b-f786-4df3-bcaa-704627b087ca, P0033                , 2026-03-24T15:18:03Z, 1802e38f-e8b1-451a-9197-f2e79952ee5a
400ff076-649c-44f5-a903-fa51eb10a71c, P0037                , 2025-11-18T04:37:19Z, 91bcf28d-666f-45c7-858a-2278ff06d3c9
ac61297c-ea06-4815-8161-cdfdae444f80, P0038                , 2025-12-21T05:15:00Z, 3f1c813e-0b28-486e-bb2f-171e891dd245
abd94de1-67ae-4baa-b4d3-3ffaca459bd7, P0039                , 2025-09-24T21:53:20Z, 0e10863a-da4e-473c-95da-2c1fb888e6ce
abd94de1-67ae-4baa-b4d3-3ffaca459bd7, P0039                , 2025-10-03T23:01:20Z, bf65e324-682a-4f4b-8e3a-364d8db5dbae
f77e701b-e5d2-4e53-8dd7-5574a2cd9ce3, P0040                , 2025-07-14T14:14:12Z, dd7cd77c-7b67-41b0-a998-d2a418a00a1c
0107f88a-cd7f-4218-a820-5d9abbc458f8, P0041                , 2025-09-25T19:44:50Z, 61b293d3-aa3b-4508-8f2c-e5abf6facac5
32551c80-b925-417b-93a3-8d72e2de213a, P0042                , 2025-06-03T13:00:54Z, 38c6f45f-07db-4a4e-a727-430bc7afb858
32551c80-b925-417b-93a3-8d72e2de213a, P0042                , 2025-08-02T00:45:54Z, dcef44fb-f2a0-4dca-9868-0f1a07b14b7d
e9783527-d679-4eaf-9b3b-84d7ca9b12f0, P0043                , 2025-03-26T07:30:09Z, da5f235b-2c91-45d0-aefc-fa9939cc6ef4
923a24f4-8a15-4e89-9006-8e949e073d65, P0046                , 2025-06-17T08:28:21Z, 2074a45b-3edf-4602-9229-4a971f96cc4c
734601b9-87ac-42e7-bdda-8db4221b4f48, P0047                , 2026-05-26T11:51:54Z, c0f29792-819e-483f-a215-5cce4f138f87
cfcb5ec9-cee5-4de3-9538-fb8df896e496, P0048                , 2025-05-23T05:18:20Z, 8c5c7552-2ec1-4de7-8b1b-52c7b677a71c
cfcb5ec9-cee5-4de3-9538-fb8df896e496, P0048                , 2025-05-29T14:44:20Z, 63745d8b-64ce-4271-9f87-5e77ced7cd82
cfcb5ec9-cee5-4de3-9538-fb8df896e496, P0048                , 2025-11-09T00:29:20Z, bb82d8fe-ed7b-4209-96f6-c8b0e2d10549
b73426c7-b601-4f88-91ee-0715b50d24ec, P0049                , 2025-12-13T21:51:37Z, 7c9fc55a-82c1-4be1-b992-28deebf5ed94
b73426c7-b601-4f88-91ee-0715b50d24ec, P0049                , 2026-02-09T16:58:37Z, 9f212b63-52e8-4395-8bc2-bdcedc25399b
b73426c7-b601-4f88-91ee-0715b50d24ec, P0049                , 2026-04-16T13:09:37Z, 57181e81-0101-441f-b3ff-ac4c62bfe068
ed0116e6-3f3a-481a-9bad-8b30f9ddfc07, P0050                , 2025-06-28T13:49:05Z, 00e6dd2b-fc0f-4f3b-91dc-d729a318fb5c
8175a901-94c1-413c-9a52-e0e035e3bbb6, P0051                , 2025-11-20T20:32:36Z, 8018740d-ffbf-4d61-8d69-670d7b6809d0
6b12cf83-49a2-44a0-b09a-a6c28cf87bfc, P0054                , 2025-02-03T03:05:10Z, c748aa0e-7278-4633-b59a-f4dfa6ffa220
6b12cf83-49a2-44a0-b09a-a6c28cf87bfc, P0054                , 2025-02-07T13:55:10Z, ebd8fc89-9e03-4ba5-9d20-927b8c37c017
c939b3f0-0501-4ca2-aa7c-791b92f90114, P0055                , 2025-10-11T15:38:31Z, 32e39bd4-7e5c-4092-b001-f86f7f98cffe
c939b3f0-0501-4ca2-aa7c-791b92f90114, P0055                , 2026-01-11T14:58:31Z, c2776158-f955-4c24-b9aa-378ee15fb1e3
2ba0ff4a-8531-4a0d-9916-f9048f7d6d5e, P0056                , 2025-06-14T12:09:26Z, fc1ea6a7-bcdc-443f-b365-b1e3b1da47bb
c0b1fe99-5409-43d4-ae74-ae3291b40a6b, P0057                , 2025-03-09T01:12:17Z, 4f80c859-6103-4725-8920-410c6db7374c
a21c107c-0028-4277-8e30-65833e01e54d, P0058                , 2025-09-09T03:48:56Z, b1f0d51c-5309-4cd7-a417-1f835cca8700
a21c107c-0028-4277-8e30-65833e01e54d, P0058                , 2025-12-20T22:44:56Z, d81c91b4-0482-4999-901b-57f57aa5c57f
c5fc6bfc-4080-4232-b149-597ee24b7638, P0059                , 2025-09-01T00:19:36Z, 86e88548-278c-4c28-ad9f-d8ffbc4d5239
bb737c14-c512-43d5-84a5-b8faaa5a05da, P0061                , 2025-04-30T20:33:39Z, b0d46af1-fb23-469b-b0e0-0aeb80ebe476
e6d5bddb-c717-42d5-9d6b-d3019ec31f0b, P0062                , 2025-07-03T00:06:21Z, b1265859-1f9d-47e4-81c3-c336d2db0790
e6d5bddb-c717-42d5-9d6b-d3019ec31f0b, P0062                , 2025-08-02T01:47:21Z, a842794c-7484-46eb-ad7a-54294c7f4cf3
0bdf062e-5ec9-4e45-aa30-36e9032021a2, P0063                , 2025-03-31T23:15:28Z, b44550f0-e1a0-4d86-ad08-48e06973ac34
ebb28622-1607-4d77-b6f0-d99d03f87626, P0064                , 2026-01-09T12:26:14Z, 4c58c17b-a7d1-40f8-bf83-6b9b1762f2df
3b07bf15-ec82-42d0-95af-4e8de2873033, P0066                , 2025-10-09T14:44:39Z, 3c57d681-d89b-4ab3-9da2-232eaa3e157d
3b07bf15-ec82-42d0-95af-4e8de2873033, P0066                , 2026-03-10T23:52:39Z, 7cec226d-3610-4a4b-99dc-9915c351cccf
5a5a2141-8c92-4bb7-9414-da635505f423, P0067                , 2025-10-08T10:44:30Z, beabba5d-977f-408a-86c2-0b4c2fc9c38a
234f480a-cecb-4cff-b26a-2ab0f2957a73, P0068                , 2025-08-21T05:58:32Z, 82dd66f3-e816-4dcb-8ce1-212bc899281d
234f480a-cecb-4cff-b26a-2ab0f2957a73, P0068                , 2025-09-17T03:37:32Z, ae5488fa-c41c-49ed-9724-636adcffac58
0913f118-eb66-41d3-b2e5-99a9bd0f80f5, P0069                , 2025-06-03T17:50:36Z, aab3286a-1596-422d-a0f6-870a6b71bb8f
bf7cc898-96e6-4591-97d7-3259531f0936, P0070                , 2025-01-14T04:00:13Z, 713faeda-7be1-45e9-8bab-180971d8a981
bf7cc898-96e6-4591-97d7-3259531f0936, P0070                , 2025-05-16T10:32:13Z, 9a91e2db-610e-49fc-905e-7246bf114588
fdea8b6b-0de9-42e4-b471-0e8d262c3d74, P0071                , 2025-11-30T14:56:55Z, 24e81ada-3e67-4faa-ab79-d0ec292939a3
fdea8b6b-0de9-42e4-b471-0e8d262c3d74, P0071                , 2026-02-25T16:57:55Z, b4ecf751-1cd1-49e2-91e3-10aa05886416
2cf4ab67-fa28-4dd5-b912-31bccb7d95ad, P0072                , 2025-11-06T18:29:01Z, 89897617-2f1d-4a54-ae4a-ee50218bb17d
47e65a23-f73d-4e97-8d8e-a907ffe8774a, P0073                , 2025-08-23T21:00:51Z, 4d022e4a-b3f7-472d-b129-a1d7fa0c4de2
54e2e4d7-4ad3-4a5e-a7ab-ca3461e61e40, P0076                , 2025-06-23T10:52:08Z, a01840a4-c055-47c8-8c30-e5d4b1cf99ae
54e2e4d7-4ad3-4a5e-a7ab-ca3461e61e40, P0076                , 2025-07-19T06:11:08Z, 9a003d17-108e-4859-8227-08a77731981d
46f303b3-ceb4-4984-a9f2-58c4e041bffa, P0078                , 2025-06-05T23:41:12Z, 3bd488f4-a37c-485c-b8cd-f62574f37e03
46f303b3-ceb4-4984-a9f2-58c4e041bffa, P0078                , 2025-07-09T20:59:12Z, 88fcff5a-25a9-4429-8732-cec3c7a12c22
46f303b3-ceb4-4984-a9f2-58c4e041bffa, P0078                , 2025-10-12T13:43:12Z, c01bae19-a0db-47d6-98d2-b4b3da6a17b5
2eb3eee0-2092-4c32-9804-22801280160e, P0079                , 2026-04-27T16:12:49Z, 62ad4520-7d78-4c4b-b434-edfcc7452829
f074ffbe-8502-4805-a99d-fbf0d81d6f84, P0080                , 2025-09-19T23:55:08Z, 155e3de3-526f-44ff-a463-00647a001102
c3cc9c9a-c920-4433-8779-c5fad3824dd6, P0081                , 2025-11-04T00:43:22Z, 34d12bdc-37fb-4635-9cdb-585775f2e5b2
c80712ea-dc1c-49a4-915e-82e897b8dcb5, P0084                , 2025-02-16T19:10:24Z, 7365731b-a3b2-4a35-950c-7a29ee051574
c80712ea-dc1c-49a4-915e-82e897b8dcb5, P0084                , 2025-05-18T11:35:24Z, ae4bbef2-8913-43db-8dd0-512d54741e6f
c80712ea-dc1c-49a4-915e-82e897b8dcb5, P0084                , 2025-06-29T03:44:24Z, c9e1c5af-d777-4f03-9bb8-bdbd62050835
4aaa4966-d77d-43ab-94c1-069d5bb903c7, P0085                , 2025-06-16T20:55:08Z, 4156a660-fb6c-4e80-ba47-c93fec8569e3
6a923399-7071-4f8c-b8ec-88a81ad77bea, P0086                , 2025-10-18T01:07:20Z, 5d4babb2-3994-45d7-83ec-7fb30b077072
4dd5eca2-21d9-48ba-89d8-1e9f3dc852d8, P0087                , 2025-12-12T20:44:04Z, e40be8c7-3fa0-4899-8a18-4846b0afb905
82ad68eb-95a4-4ea2-a5a8-a9ac30b69e25, P0088                , 2025-11-20T02:53:29Z, e667d7b4-4f39-4ddc-ae9f-e7873f7f943a
cb2c82e7-a1fa-4dda-990a-fc2a7501db86, P0090                , 2025-09-01T02:13:43Z, 5dd4e36f-b8a4-4709-84b6-9b14eceecc9a
e02ff6a9-15be-43fb-a5b2-e697df1d8f33, P0091                , 2026-01-09T21:05:52Z, fdbb5323-13ed-4153-af06-f1c571df6fd6
e02ff6a9-15be-43fb-a5b2-e697df1d8f33, P0091                , 2026-03-11T02:05:52Z, 14940f4c-00a1-4f70-98da-10a9e241cde1
3bebe902-34ba-4086-848e-b8c5e34ca11e, P0093                , 2025-07-07T09:46:43Z, d4cfab8b-72a2-4c2f-abf2-bb673a5f4e98
3bebe902-34ba-4086-848e-b8c5e34ca11e, P0093                , 2025-09-04T01:59:43Z, 0a863fe7-3390-4e60-aef8-14616cdd76e3
67b3b994-84de-4f2a-8c07-085f88fd25b7, P0094                , 2026-01-03T22:46:21Z, e7974f2c-68a3-48db-96b5-9c376f385a80
67b3b994-84de-4f2a-8c07-085f88fd25b7, P0094                , 2026-01-23T23:10:21Z, dd4d0fe1-8b92-4d00-8639-190c483e6fc3
37169d44-6169-48a3-b4bc-967e6d34c5bb, P0097                , 2025-12-28T10:41:09Z, a0cbdc6e-3110-4c72-8e5d-c41b933f0dbc
e9457857-bb30-488b-883f-e2f8bfcb4879, P0098                , 2025-06-24T21:54:05Z, 21626ed3-b213-448f-9e88-f66843d4257d
d05d5865-c366-4e19-9541-09c2fcc3abdd, P0099                , 2025-09-11T01:31:43Z, 2b0b12d8-c633-4859-9be9-54e8b963a72a
bf40fbb2-09b4-4de4-979e-3b017c7ce859, P0100                , 2026-01-26T10:30:06Z, 32fd9762-f336-45ae-8608-3c2191a998ef
2182b888-ff9a-4d0c-af68-9032efc746c4, P0101                , 2025-12-11T04:37:27Z, fa3db838-1d9b-469f-a160-967f8ab900c9
6d91d440-e8b6-4b5d-b1ee-8ec83e849784, P0102                , 2025-07-20T16:57:06Z, 38806f62-265b-48dc-af1b-7fef721ac860
6d91d440-e8b6-4b5d-b1ee-8ec83e849784, P0102                , 2025-07-27T07:51:06Z, 7d7ef334-d000-4265-a6f3-60aaf7a6692d
ed17be10-5ef2-4e08-82d7-e9ceaa77a274, P0103                , 2025-07-26T14:35:27Z, 523cf616-fcbe-41dd-9921-3fbef4e8e46c
ed17be10-5ef2-4e08-82d7-e9ceaa77a274, P0103                , 2025-12-17T07:29:27Z, 65e96981-66fc-4d39-9e63-16719b437b6e
3c75e7d3-e73e-4006-b309-f5913258dcdd, P0104                , 2026-02-09T12:27:27Z, 21de7de6-cf5f-4e66-ab92-66213984df99
c45fb116-034d-4748-9a8b-12294c0766b5, P0105                , 2025-02-11T17:02:21Z, f0a43be0-35d0-44b7-9f25-77dcee59f4e5
c45fb116-034d-4748-9a8b-12294c0766b5, P0105                , 2025-04-14T11:57:21Z, f8af2ac8-7afa-4f7f-97d6-e871cfe8e12e
4737ff54-7cb3-46b4-bf29-403be08eaf85, P0107                , 2025-04-29T22:11:24Z, dfdef9ac-cfd7-4042-9aee-b3228e365db9
5b5be5a3-e055-4745-b63f-cbd428dc8ec9, P0108                , 2025-10-28T13:52:07Z, 353b78fe-8511-43af-bff8-2240206d2c2b
5b5be5a3-e055-4745-b63f-cbd428dc8ec9, P0108                , 2025-11-29T09:57:07Z, c8cdfd99-9174-462f-8ccf-bf3049ccc259
5b5be5a3-e055-4745-b63f-cbd428dc8ec9, P0108                , 2026-04-19T12:04:07Z, a2e4475d-02f0-42f7-b6c7-a3283407fe37
fd80a43e-a6da-4002-ad35-96722ee14272, P0109                , 2025-03-01T09:22:23Z, 35d07548-46e8-4e94-ae44-7191a65065e6
636e6d9b-0f73-4ea4-8baf-1ac5c158bfaa, P0111                , 2025-01-20T13:36:59Z, 584c2d33-b4f5-406a-84f4-8aa60f422963
636e6d9b-0f73-4ea4-8baf-1ac5c158bfaa, P0111                , 2025-01-28T06:23:59Z, f9c23a26-8192-400b-8032-7f3fb08b73fb
f9ecdbec-c624-4136-a82f-9668606b408b, P0112                , 2025-10-09T14:41:54Z, 9d98422c-4493-4f9f-9a22-df8fafa1bd20
b2168069-4c3f-43fe-9820-0e3decc6fd86, P0113                , 2025-07-24T05:01:53Z, 7fe04c2f-8e5f-4ac4-bbd0-3059d3b5fd71
b2168069-4c3f-43fe-9820-0e3decc6fd86, P0113                , 2025-07-31T14:03:53Z, f6051737-18f6-45eb-b0ba-d7beb7026c8c
b2168069-4c3f-43fe-9820-0e3decc6fd86, P0113                , 2026-01-13T19:42:53Z, d49df33d-3fcb-4c07-a3a8-ed6f03613f78
86142a0c-17b6-44cc-bd67-8c52abfb272d, P0114                , 2025-12-13T07:24:17Z, 9f5075fd-f8de-4ae2-9696-4bbf9e762fb7
86142a0c-17b6-44cc-bd67-8c52abfb272d, P0114                , 2026-03-13T20:35:17Z, 5dbe3807-fb13-4a2e-8f3c-a328555a236c
fafdbfd6-777d-422f-9c8d-27a0381598b3, P0115                , 2025-09-19T21:58:18Z, 996d78ac-b6a6-4aec-b748-5898c28e5bfa
fafdbfd6-777d-422f-9c8d-27a0381598b3, P0115                , 2025-10-23T02:19:18Z, 0697a23a-9a92-4b9b-947a-6e7d5e1d90d2
fafdbfd6-777d-422f-9c8d-27a0381598b3, P0115                , 2026-03-04T12:54:18Z, c133b0b6-d4e2-473c-8c85-c6d073bad067
c09e27bb-6aac-4869-a1d8-cf96573e7e0e, P0116                , 2025-06-14T00:48:52Z, c625d952-3c61-4edf-9763-cd21bc66a389
9ffc5c42-1f03-4c3e-b224-c375f5b1eddb, P0117                , 2025-10-11T06:57:26Z, a5253b8d-141f-4d24-9cc7-47f821c37255
3fb754fb-198c-45f5-8e9b-674cef89dc93, P0120                , 2025-07-07T21:24:36Z, e466dccf-bb04-4d91-9ec8-a28ccb1a9e81
3fb754fb-198c-45f5-8e9b-674cef89dc93, P0120                , 2025-12-16T17:03:36Z, 0cf2a2ce-9bf8-426f-b54e-1e7d8456a586
180c06aa-92ed-4cff-ac15-b66dbf398e94, P0121                , 2025-03-02T02:11:52Z, 9b574a8c-b7bf-46de-8dd0-3abc1c6b54ef
180c06aa-92ed-4cff-ac15-b66dbf398e94, P0121                , 2025-07-23T19:53:52Z, a31b75b7-5bce-4ce4-9e8f-ec79db4b1fdd
7971749f-55bd-48a2-9497-0228146a262c, P0122                , 2025-07-09T11:53:11Z, d17fe448-620f-4713-becc-d5e94623814b
cf521abc-9667-45ec-9dab-37a6f3e3e767, P0123                , 2025-12-14T11:39:50Z, e75945d3-0e88-4307-916a-88bd68f0fc3e
4985abef-f7c8-4153-9354-d3643ae35264, P0124                , 2025-05-03T23:41:24Z, a5a59314-60f1-454b-b747-0045553e5979
2ba2ef23-a761-41b3-8c0b-2b76cf5e0fd3, P0125                , 2025-12-05T10:47:50Z, 80f4e822-db75-48f1-9df7-d58cd04a5658
58717162-ee01-4b56-a54f-bbf01cc689f2, P0126                , 2025-12-22T15:24:03Z, edc1b40c-555a-4e19-9906-f6ba6166101f
086ab6a6-b85d-465a-a673-ddb8a46a9f59, P0127                , 2025-05-20T05:47:45Z, 1df9ff73-9621-42a6-a58b-b87fbb862dda
81ae2885-2a88-4426-bef2-532eb804f0fe, P0128                , 2025-12-04T16:03:32Z, 9aa5b590-5cf0-4190-bb2d-55dd09ceec81
4bf08555-83c9-4308-aa48-0a119e0475dd, P0129                , 2025-10-31T19:48:56Z, 8a40e882-e9f5-4c8d-993a-69a7857a716e
d1d8da7e-fc1a-464e-97da-4b160454d64e, P0131                , 2025-10-01T13:51:39Z, 8e347556-8c62-434a-951b-b5ee6147123a
d1d8da7e-fc1a-464e-97da-4b160454d64e, P0131                , 2025-10-22T16:36:39Z, 1b378b7f-0880-4ecf-b999-6ee29b34c586
fb1fd1d5-b443-4f39-8b6f-f19d9437358a, P0132                , 2025-07-04T18:34:52Z, ef328c2d-e209-4abf-993a-dfb347190033
fb1fd1d5-b443-4f39-8b6f-f19d9437358a, P0132                , 2025-11-09T02:38:52Z, 2c77181d-3430-4c28-913f-c2ae39ca93af
ad085821-1549-4a85-a4fc-8c21e70eca59, P0136                , 2025-04-10T23:26:59Z, facb9462-c1fe-48cf-a313-71581bb0ee12
aefacd01-9c74-4326-958c-58776dd5310b, P0137                , 2025-09-07T12:13:38Z, 517bfca6-bbc9-4e5b-9eee-1c19014422b3
aefacd01-9c74-4326-958c-58776dd5310b, P0137                , 2025-12-25T17:58:38Z, 104aa8b0-f595-4a2e-abb0-cee5ddf04932
3969720b-5461-47ed-8f8b-adc1e7a5f4e8, P0139                , 2025-10-21T05:36:32Z, 6cb53ec1-7e31-4aa1-9c84-6ba36262fed5
4f1fb45a-435d-4817-a171-e7f4e2d61b3a, P0141                , 2025-08-06T01:40:52Z, 5eec7a8d-4a45-40db-82ab-1a49b115d8bd
c43210cf-d018-4fcc-9070-86e1f236c285, P0142                , 2025-11-11T16:09:41Z, 2ebd90fe-cb04-4488-8374-8e676152c762
21f6114b-1f13-4457-8ff6-b194877855f1, P0143                , 2025-09-11T18:05:01Z, 543c09ee-bde8-431f-9942-e9f1dc356fbc
a39e4319-30d4-4624-9a99-e471dddebc47, P0144                , 2025-07-17T12:00:36Z, de6a96c8-e381-4d21-b8ce-42613e78201e
6ab5b7de-f50c-46a9-9ee8-5fb7fb0daec5, P0145                , 2025-10-01T01:43:50Z, b445e91b-afb9-450a-b290-cb0829960fd2
4c783683-a5ca-4b5b-a94f-059da01cf898, P0146                , 2025-07-06T17:34:19Z, 7082e24d-6ee6-4cdc-bd30-cbd095cf0b83
0db07907-88ed-4203-8e49-16d45e95ec7a, P0148                , 2025-12-13T20:46:20Z, ec099d67-20b1-41c1-a6a2-71d02f9528ab
7a4366e9-7dc4-402f-ac71-fe85237078b1, P0149                , 2025-07-07T23:34:38Z, d7a09930-6742-4fda-9f65-89c4bd8125c1
365de387-c420-40fc-a8d7-00f4a0c1fd0f, P0151                , 2025-03-24T00:00:44Z, 676f421f-4df9-44e9-b369-ca9d1dea4912
365de387-c420-40fc-a8d7-00f4a0c1fd0f, P0151                , 2025-06-22T20:38:44Z, f90b2ec8-a982-4e5f-90c8-8c9ea6afe1e9
ab0b59af-bce9-452a-8b04-e65e43d74541, P0152                , 2025-07-25T10:14:57Z, 2689b5f4-fa69-45b7-8372-d1745cfed977
2c138161-7b12-436f-b291-337b51a4b16b, P0153                , 2025-11-22T09:11:45Z, a608e4d8-a072-48d0-b370-cd07a24944ea
2c138161-7b12-436f-b291-337b51a4b16b, P0153                , 2025-11-30T07:59:45Z, ec030b3b-74e7-4b0d-952c-dc3a327ccb39
2c138161-7b12-436f-b291-337b51a4b16b, P0153                , 2026-05-13T01:22:45Z, f2c10337-7f0f-4432-814c-6a627313c460
7a76b2da-965e-426d-a50d-d0ec129892c1, P0155                , 2025-01-05T10:00:00Z, 34d9e696-40c3-450c-a652-0b88bacf36c7
fa8598b2-4147-4eb6-b6e6-0b28e07ef51a, P0156                , 2025-01-14T11:56:02Z, 6de5ed67-c139-4b41-a693-88615d8164d8
21c4b008-1379-42ca-a605-a708130a80fd, P0158                , 2025-09-24T08:06:58Z, 0b1be9ca-d997-48a5-adf2-57ce1975b762
efcdce13-cdd7-4650-9a22-fc855cfce5d1, P0159                , 2025-12-10T06:05:27Z, 005374e3-2b13-4d5d-880b-93dd35f3feaa
78b3bd3a-78de-4c0c-8ec6-e32e76bee3b2, P0160                , 2025-08-28T16:52:23Z, d529dcf8-7e4e-4023-b792-5196abbcb19a
0929136c-6346-4712-b9da-a10efdc6a955, P0162                , 2025-11-10T11:41:01Z, fd358fbd-0685-4869-bd59-ab8d7aafe5d3
edb1d54f-8b3f-4d21-9ba2-e0141e9936a4, P0164                , 2026-01-07T10:54:19Z, 1ac79da2-e51f-41e3-ae46-4f24742768d2
edb1d54f-8b3f-4d21-9ba2-e0141e9936a4, P0164                , 2026-01-28T09:42:19Z, 1084a586-7aa7-4ce7-bb1f-6bcb7d68bdc2
527949ee-363b-475b-8b5c-df13f536420b, P0165                , 2025-07-18T20:45:02Z, 649191ea-6225-4e2e-a8fe-5bc07a5f4d98
f0b24bce-76de-40aa-973c-2132bdc8082d, P0166                , 2025-08-23T17:42:43Z, 8bea23be-b377-4371-9640-ccb311a43233
894ff0c7-1503-4a0c-8509-2d037654e3ad, P0169                , 2025-04-19T15:59:20Z, d1e9aba4-a949-4810-ac90-2d55e242fd52
894ff0c7-1503-4a0c-8509-2d037654e3ad, P0169                , 2025-07-13T00:04:20Z, a8c603f7-6e0b-4dd1-8682-41758bb59504
ebb458ce-a375-49f8-9855-e572e2779b3a, P0170                , 2025-10-31T00:22:47Z, 20e6e933-e3c2-40ff-98a2-e9e8d7b7eedb
63864ecf-3d35-429e-a0ee-b7dc2f3d0911, P0171                , 2025-07-09T08:54:56Z, 900fa1ce-2c32-422f-871f-e2050e59126b
6ce1b220-2206-4575-b03f-41209af5f3e0, P0172                , 2025-10-03T01:36:00Z, 679c8e74-1607-4f3b-9aba-d700faf94345
6ce1b220-2206-4575-b03f-41209af5f3e0, P0172                , 2025-11-18T06:04:00Z, 11814bd7-d888-4341-bef0-8f6b649bcc76
e4409f20-e331-4beb-9637-fbf2323bd415, P0174                , 2025-10-30T08:46:35Z, 0b90e6ab-1b00-421d-bd4a-cbaf2873b0bd
9fcfd7e3-7ef9-4b56-82d7-84551f63d987, P0175                , 2025-11-21T00:46:42Z, a22dbdd0-de2a-4a17-917a-fb9abcf1724d
9fcfd7e3-7ef9-4b56-82d7-84551f63d987, P0175                , 2026-02-20T01:53:42Z, 20bac052-9fac-4b38-8812-4e2a50b82da4
fad339a5-9371-4154-b577-a3ec118f8618, P0176                , 2025-10-13T16:46:25Z, 21232ee2-e0a7-49d9-9e97-6fb5c456587f
5103cd40-b672-4925-a836-fd353c3e1341, P0177                , 2025-11-18T06:07:34Z, 557a0448-59c3-49c4-869b-6f970486b851
5103cd40-b672-4925-a836-fd353c3e1341, P0177                , 2026-04-30T10:24:34Z, a5474eb7-eb4c-4e1e-8dd4-4bc9c955d708
3dac9f8d-7b0f-426a-bf7a-1d203d30981a, P0180                , 2025-09-17T02:23:24Z, 465710ca-ca66-4a33-9c6e-4ea1a4c6584f
3dac9f8d-7b0f-426a-bf7a-1d203d30981a, P0180                , 2025-10-18T09:04:24Z, 6add44d5-d807-4ced-a61d-b4cdcb7d94cf
03e24b65-c959-455f-8eb2-58c5a8890ad5, P0181                , 2025-12-23T18:08:02Z, 09363107-a090-4e21-9269-f99c279a612b
9c126754-de5b-4b0b-a654-44239a2564ef, P0182                , 2025-04-15T04:05:38Z, 281b93e6-775f-48f5-a5c3-850e69d77587
3c506462-bff6-4769-858b-610d571b363b, P0184                , 2025-04-27T19:18:25Z, 91d77911-1737-4459-923a-88e63a7f99dd
8bfd1969-cea2-443b-a89c-c520e9ec93f7, P0185                , 2025-05-11T10:54:29Z, 032823ed-a178-42e1-b796-d02fb498f8dd
8bfd1969-cea2-443b-a89c-c520e9ec93f7, P0185                , 2025-06-06T13:26:29Z, f7dfa5cd-bd01-4ef4-85c9-60616a9c0298
f4d96764-dd23-4ae7-907d-dc7e999bdfa2, P0187                , 2025-12-30T20:59:15Z, 305d30f2-6c83-4990-aefd-598bc1045d3e
019929d8-1eed-4948-bdff-5fc460e1e06b, P0188                , 2025-11-17T03:46:06Z, 37a03445-2fc6-4719-bd80-b9f4daab9174
dea84563-d765-4b5f-8371-df7c90bca240, P0189                , 2025-02-13T03:51:43Z, fc5c025a-5870-4160-9930-861d59f82f66
dea84563-d765-4b5f-8371-df7c90bca240, P0189                , 2025-06-15T07:09:43Z, e9bfd281-297f-4f5d-b4e4-db806c3ad54a
b3f78303-73cd-46e6-813b-4313645ebbe5, P0190                , 2025-11-08T09:30:35Z, 78c4e679-e5a7-43c7-9c6b-ae2c1b839452
b72b6d21-a8bb-47db-b5d3-7162386b9353, P0191                , 2025-09-27T19:35:01Z, 8f45304f-d5f4-4bed-97e6-aebacc7f4c80
b72b6d21-a8bb-47db-b5d3-7162386b9353, P0191                , 2025-10-26T20:00:01Z, 31caf0ba-88df-4310-ad42-af2075c67b13
60673e53-be52-4aa9-a779-3f29f7a466d0, P0192                , 2025-11-10T07:11:09Z, 56872d14-7ee5-4487-8767-2947edb42932
60673e53-be52-4aa9-a779-3f29f7a466d0, P0192                , 2026-02-18T11:17:09Z, e49da4e3-cda6-4c24-870f-2883192962e7
d4d73fa9-f6eb-461d-b2bd-708a35b96fef, P0195                , 2025-04-21T03:39:52Z, 7fbc9ba3-5e52-48a0-9076-51e172209221
d4d73fa9-f6eb-461d-b2bd-708a35b96fef, P0195                , 2025-08-17T16:06:52Z, 60acefbc-f2a9-4c6c-9c61-901ca6221ead
b8c3f77e-46c6-4290-b87b-aaba9476b0b6, P0196                , 2025-06-27T18:26:36Z, 0553d4be-9ecd-4a3f-8b13-0436961a6c87
05745887-b91c-459b-8205-ae10916432c9, P0200                , 2025-12-04T13:45:28Z, d97e260a-f01c-44e5-b1de-b5e9e04da9b0
05745887-b91c-459b-8205-ae10916432c9, P0200                , 2025-12-28T11:28:28Z, d3842eb8-6648-4ecb-a765-f13d3030889e
536ee717-ba21-40b2-8b7d-d230ee603501, P0201                , 2026-03-11T03:41:46Z, f3a1bc6e-dd2f-4913-8e6b-3caeb1ae3692
90022626-8be1-45f6-be88-39dab8a4051c, P0202                , 2025-10-05T09:59:00Z, 05990efe-a6e9-423c-9c2d-d3892cf322a3
bf4725bd-1c39-4649-8b7d-7f05cf31aeb4, P0203                , 2025-01-28T08:26:27Z, 0e225423-995f-4f02-a986-2f7e5ff63c09
bf4725bd-1c39-4649-8b7d-7f05cf31aeb4, P0203                , 2025-04-30T13:27:27Z, fe43c252-c51c-4bae-9f38-8e33f693113d
bf4725bd-1c39-4649-8b7d-7f05cf31aeb4, P0203                , 2025-06-16T20:40:27Z, 81dd7277-c2c1-4cc9-a0c3-d9f4f7c80732
bfec3a82-ad28-4a60-bddd-304754276df2, P0204                , 2025-09-12T10:32:27Z, 05d56c8e-b7db-47b1-b76d-a1f2b087cf8f
c0e862ec-fdb2-4c72-ba8e-51cc435fa72e, P0206                , 2026-01-18T09:12:39Z, 81a83eb0-fb02-4fec-bd8b-7394d93ccda0
7ce421d8-57a2-4485-a239-129a447f2609, P0211                , 2025-11-22T18:57:59Z, 054d65fd-84c9-4a12-ab37-a1dcab2036f8
7ce421d8-57a2-4485-a239-129a447f2609, P0211                , 2026-01-21T11:26:59Z, c6ca9c06-5e1a-4722-9176-227feaf1d058
4aa24097-59e3-440e-8fec-fc31f804d78f, P0212                , 2026-01-03T20:35:17Z, 9e617bae-487a-445d-a66e-7eaefb69f5c9
7f58c36a-1b71-49e2-9104-dd0bee3f635b, P0213                , 2025-11-12T08:19:41Z, 34753105-fff5-46dc-95dc-831e8df08573
513d3b91-78ba-4ecb-96ea-f59eebd7084d, P0215                , 2025-06-27T14:06:47Z, 03db0173-8ab7-446f-a99d-86e08f5576fc
513d3b91-78ba-4ecb-96ea-f59eebd7084d, P0215                , 2025-11-08T20:54:47Z, b4c62caa-a7cb-4c8b-8b89-e2dd492e5eb2
26dfb107-4bb6-4918-8309-8f55e64703cc, P0216                , 2025-12-27T22:59:09Z, 8fe0d967-f310-4251-8839-b0e2bdd9b691
26dfb107-4bb6-4918-8309-8f55e64703cc, P0216                , 2026-05-03T22:18:09Z, 58a2002c-7331-423c-847c-6327db50bea0
60b077b7-8eaa-41e6-9f2d-aa9f4e172d9b, P0217                , 2025-01-07T14:11:34Z, 21c77d48-b6e2-482c-b1e1-8284f57331ff
40342a16-356d-4aa7-a69f-0d9cff57b9a6, P0220                , 2025-09-27T00:46:17Z, 2cc54fbe-50f5-43e1-9c92-5fab81aacd58
b30b5d04-25aa-4323-a39d-7dac3cfeedb9, P0221                , 2025-08-19T11:02:25Z, 852ae99e-72ff-422f-b082-02034e694f28
b30b5d04-25aa-4323-a39d-7dac3cfeedb9, P0221                , 2026-02-02T21:09:25Z, 3062086e-0f1b-4eea-b3c1-1bb08b7cb370
96097fc3-c46b-400e-956b-41ede0061768, P0223                , 2026-01-08T20:40:54Z, 2ab570a0-2ae4-41de-b8cf-67559d6542cc
4aefb69f-be70-4a44-9ee7-81088615412f, P0224                , 2025-12-25T04:22:40Z, 9ee32516-4f95-4b81-b74f-95c99c65c6dc
4aefb69f-be70-4a44-9ee7-81088615412f, P0224                , 2026-05-22T08:13:40Z, 226542f2-4f71-43b3-bff1-7883e5cd0329
7084590c-7eae-4c82-a38a-607f12d4a617, P0225                , 2025-02-06T07:40:37Z, dccecd18-4c22-4f5d-8d86-79981f90295e
7084590c-7eae-4c82-a38a-607f12d4a617, P0225                , 2025-03-08T19:04:37Z, 072f643e-9722-46cf-93af-a1d00c5a7f97
31e9c7bc-affd-463a-b08e-cd8bb2e708d8, P0226                , 2025-08-26T15:24:30Z, 6adc2560-fd2f-425f-8754-5c143e1ae910
6a33d975-94d4-4e72-b818-85f3045768e0, P0227                , 2025-11-06T12:11:41Z, ba13029e-9c0f-46f1-8ced-5cbf6ed80f36
6a33d975-94d4-4e72-b818-85f3045768e0, P0227                , 2025-12-06T11:52:41Z, 2cd43ff2-aafc-49d2-a2bb-23ba3eb8e7ac
6af34475-3297-4a6e-b7ce-e80505c96439, P0229                , 2025-07-10T17:37:50Z, cc5be8ff-4ee2-4fb3-8af6-c2aa2e811048
2afc6a03-35c6-47d1-835e-bcfe9a3fe0f7, P0230                , 2025-02-17T20:36:49Z, bc4ca342-1f69-4be2-aeec-6e14357c7201
2afc6a03-35c6-47d1-835e-bcfe9a3fe0f7, P0230                , 2025-02-28T19:42:49Z, 4fc1fe26-e1a1-4f10-a95e-9fc4042bd538
2afc6a03-35c6-47d1-835e-bcfe9a3fe0f7, P0230                , 2025-03-21T03:21:49Z, c4579a58-d5a8-47d6-a8d1-8048144555e7
2afc6a03-35c6-47d1-835e-bcfe9a3fe0f7, P0230                , 2025-06-25T04:06:49Z, 6712b31e-cae0-4282-a948-4b2fa9d003b9
2cdf20b5-3c78-41bd-85ea-4b6af486ac4d, P0231                , 2025-09-01T18:58:07Z, 658f10b6-aea3-490b-9eea-765e03e8b16b
98a10254-9069-40d9-957f-d99d4aa7ec9b, P0232                , 2025-02-21T12:25:09Z, dfadeeb6-4779-4dd8-8b35-adbd7cf1ac83
4df4d6eb-ffd4-49f9-ac6d-00be78b4af6a, P0234                , 2025-08-11T13:24:12Z, fa1780e0-4a15-4183-a8f6-994261c904b6
4df4d6eb-ffd4-49f9-ac6d-00be78b4af6a, P0234                , 2026-01-01T06:47:12Z, 77ff6f08-6b5d-4a12-a99b-654382bb5606
479acc0e-8d16-4c04-a768-cb1c579650d4, P0236                , 2025-10-22T00:27:30Z, 6b7b3f76-0067-4319-8f0f-5b8d1e213b4b
e578ecb0-8250-44eb-9423-df3ec101241d, P0237                , 2026-03-31T19:56:58Z, 54b4c036-1181-4033-a284-5b6bc536dcee
ad23840a-1755-48f1-b413-63be0ae13170, P0238                , 2025-09-07T08:37:10Z, 65dfa00d-4a7c-450e-b0fb-7061e1a25863
ad23840a-1755-48f1-b413-63be0ae13170, P0238                , 2025-12-07T08:09:10Z, ea8175e2-3ea3-4997-9391-defd87781f45
ad23840a-1755-48f1-b413-63be0ae13170, P0238                , 2026-01-23T07:05:10Z, e73ff8ee-63e0-4513-8c7b-e3b55201f65d
2af0d524-4dd0-4a77-bf34-36498b2790f1, P0239                , 2025-05-28T05:49:02Z, 9fb89ee0-6eae-4ff0-a8ec-672229fbe019
669631e1-9419-4cf6-904e-f1f6538e59aa, P0242                , 2025-05-05T03:49:52Z, b0a61223-e8a0-4b9c-b579-3207a2d24169
669631e1-9419-4cf6-904e-f1f6538e59aa, P0242                , 2025-05-12T06:08:52Z, ba929577-188a-41b2-a608-9fac4b534b32
669631e1-9419-4cf6-904e-f1f6538e59aa, P0242                , 2025-10-06T16:22:52Z, 76c2678a-c5be-4f2f-875f-96adb1d7e708
f7875158-ab17-4fa6-9354-0a8bd0015389, P0244                , 2025-08-16T21:24:49Z, 45314739-938b-4094-ae22-578c3d1d7caf
41ca1140-a261-4f5a-a6ae-27c7463f729a, P0245                , 2025-08-22T21:59:39Z, 4f8c4eff-6bf2-49f0-b22a-58d033ba9e5f
41ca1140-a261-4f5a-a6ae-27c7463f729a, P0245                , 2026-02-02T20:23:39Z, 0ddbe5dc-f983-417d-99f3-daea95b5d972
0e5700c8-cec9-4e87-9da5-9010479fce82, P0249                , 2025-07-11T19:50:08Z, 560e8c49-399f-4616-baca-7f9ab392b386
0e5700c8-cec9-4e87-9da5-9010479fce82, P0249                , 2025-08-11T11:39:08Z, e429760f-cc9e-4949-8088-d25a01ef763b
1d669808-eb26-42f5-814e-342267eca01b, P0251                , 2025-10-16T23:48:29Z, c8bdaecb-7b26-40c3-aa2c-ca16392ba2bc
1909a985-6faf-4dbf-a28d-531f133134d7, P0252                , 2026-01-04T19:11:35Z, e2c23316-5b3f-4ae1-b03b-64d99a46c877
1ab0dd27-2a45-4586-a8ff-1b6ce3501b09, P0253                , 2025-07-10T07:29:44Z, 56e26c35-2d5f-4cc2-92e9-4b95b675d195
2b43c2df-73dc-4209-ba10-82909be0357d, P0254                , 2025-08-01T19:07:30Z, 60ea0fb3-d8b7-4ec0-a58c-59dd83bf915d
2b43c2df-73dc-4209-ba10-82909be0357d, P0254                , 2025-09-04T18:17:30Z, 9f9fc093-95af-49bc-b878-36b03bd6a640
2c2640c2-c8d5-46b0-8fbe-5d8004e324f6, P0256                , 2025-07-05T19:29:33Z, 2a40b7a7-7e0d-4ea0-815e-240b0efdadde
2c2640c2-c8d5-46b0-8fbe-5d8004e324f6, P0256                , 2025-10-04T14:09:33Z, 4e047f0f-ea08-46ff-ad18-f4071007b841
984caa35-ff7f-430c-9e52-84373a6a4b08, P0257                , 2025-08-20T19:47:48Z, 68d6d9fc-b6da-4b12-ac0d-4af3aab3048c
ab1947fe-b754-4746-92d8-88c825fe3ea0, P0258                , 2025-06-26T23:03:27Z, 30610ad4-67e2-4dd5-b38c-8c7600c321af
6922ba7d-53fc-4d44-b1d3-b6eeed66179a, P0259                , 2025-08-30T14:44:07Z, 7634f499-7613-4035-9059-e54e3844f3a8
e4486b6d-7272-4e57-bfff-5ac26decb5af, P0260                , 2026-01-11T04:44:14Z, 1cd0d326-58e0-41a8-b866-b8809dc8a5dc
e4486b6d-7272-4e57-bfff-5ac26decb5af, P0260                , 2026-03-09T04:27:14Z, 9798b904-4cc5-401c-ae32-d77637230204
7cb8f780-ca51-4583-a5a1-81998a73ede4, P0261                , 2025-09-29T02:57:01Z, 1e826023-a6bb-42de-a121-b29b3ee138a0
7cb8f780-ca51-4583-a5a1-81998a73ede4, P0261                , 2025-10-30T05:59:01Z, ebf45c42-de7a-4bb8-8720-c49eec41b478
607d04a3-a4fa-4175-a440-82df351e4e2c, P0262                , 2025-07-24T15:02:39Z, c879a169-7482-4536-b113-438656c1478e
607d04a3-a4fa-4175-a440-82df351e4e2c, P0262                , 2025-08-19T12:50:39Z, a18828ef-a523-44fb-bb0e-32583ad2ff0b
607d04a3-a4fa-4175-a440-82df351e4e2c, P0262                , 2025-10-18T02:39:39Z, 2d544533-646e-4712-a187-eb26deb36734
aebc24d9-f7bd-4009-bc36-a7da7ab01982, P0264                , 2025-02-05T01:03:28Z, 757ebc13-7e62-406b-926d-0133ef7bbe8f
21c9369b-1ab7-4ac4-a9f0-7cbdb8360d0d, P0266                , 2025-09-28T07:31:59Z, a864ba64-73c2-456b-aa3e-151672be1569
21c9369b-1ab7-4ac4-a9f0-7cbdb8360d0d, P0266                , 2025-10-21T18:43:59Z, 8d0cc38f-d885-465b-bd3b-855f18a1064e
25c61a94-88cd-4c6c-846f-60ecb34b8e6e, P0267                , 2025-07-04T17:01:26Z, ad32e760-e31d-46a9-8e06-ee96753c4110
3f474acf-5ea1-4eed-b288-eb1a9d0d9fb9, P0268                , 2026-06-29T03:12:10Z, a2aae2fa-80ba-403c-9411-d82f30a31ace
e86c700f-bcc2-4a7a-b248-28af4d44c618, P0270                , 2025-11-12T05:01:15Z, f7ba2757-b8f2-4661-92bb-1d89cc0526f9
a597a573-22c1-4405-a252-2cf8ef214852, P0271                , 2025-11-01T09:13:01Z, 82375291-9d05-433a-a2d0-c96fc940dea9
a597a573-22c1-4405-a252-2cf8ef214852, P0271                , 2026-02-01T18:36:01Z, 9245243d-c053-4d36-83dd-21689220f1da
a597a573-22c1-4405-a252-2cf8ef214852, P0271                , 2026-03-21T05:26:01Z, 894067b8-10a0-4fa1-8fb6-3e182181b9ae
b6c492f4-147c-428d-8e89-3be2064d19b2, P0272                , 2025-12-26T19:30:06Z, 5dcce696-a6b5-4b85-afe0-cd871e4ca447
671e5026-6e48-443e-b24d-072b142929cc, P0276                , 2025-09-11T16:48:59Z, cbcf8d40-48f2-4e6d-b9bd-7aea3400cb82
671e5026-6e48-443e-b24d-072b142929cc, P0276                , 2025-11-15T04:04:59Z, abda2eb1-1c1b-4d86-9f6b-78f0bcede3af
dfb6fee1-49b8-40dc-ac6e-16934278c992, P0277                , 2025-06-13T17:22:35Z, 10f036f9-df74-426b-b675-5eeeb89233b9
b691ae26-1901-4b19-a9b2-ad0d36a53503, P0279                , 2025-04-03T21:40:31Z, 7eff37ff-cc33-4fb7-be07-75a25758f162
b691ae26-1901-4b19-a9b2-ad0d36a53503, P0279                , 2025-06-02T20:40:31Z, 5c4568a3-7fe6-4dcf-a698-d060cd274e74
c2d1a12c-39af-4f1c-8640-7f8c25505a04, P0280                , 2025-08-03T05:05:22Z, 45a7141f-f329-4c3f-ad73-bb4f837cf282
c2d1a12c-39af-4f1c-8640-7f8c25505a04, P0280                , 2025-10-23T08:21:22Z, 9879768b-9507-4508-8ab3-9ae25af988c9
49f38784-a134-423e-9e97-5cb12533f64c, P0283                , 2025-06-28T07:44:54Z, 5748a06c-addf-4140-80d9-8ede174d8d7e
ed2a08e5-ad32-46ed-81ba-e8b9e8f19962, P0285                , 2025-06-19T01:50:24Z, 2e4536bd-53e3-4ca9-8652-d40985ee428a
f396132b-7181-4ecb-86d3-b2668b488686, P0288                , 2025-02-03T12:50:53Z, 91899de0-35a8-4ef4-93ff-5e84ccb1ff38
f396132b-7181-4ecb-86d3-b2668b488686, P0288                , 2025-02-08T05:00:53Z, 643ab0b7-5043-4570-810a-1d85837ea126
31746d32-b253-46f5-9d49-5d96c7588668, P0289                , 2025-01-31T07:47:11Z, 116b1733-88d6-46c6-8c1e-cc9fef880e62
31746d32-b253-46f5-9d49-5d96c7588668, P0289                , 2025-04-24T12:06:11Z, 11a820de-509d-4556-8700-ecec70943172
31746d32-b253-46f5-9d49-5d96c7588668, P0289                , 2025-06-23T20:30:11Z, c923dccc-2433-459f-8d95-fd2352b795e5
ca6af0c0-9379-4046-9716-9331cdfdf8b0, P0290                , 2025-12-24T01:20:39Z, b8843d63-5646-42d7-a824-65474676459b
95e315e3-8f43-45a8-a9a0-837288657244, P0291                , 2025-05-25T12:34:26Z, ac4c937e-b9e4-434f-b60c-72645f9b4815
95e315e3-8f43-45a8-a9a0-837288657244, P0291                , 2025-10-01T15:58:26Z, 9e59d90d-e949-4280-bf54-f35a1d9c7be6
75f6e2ee-79b9-4d5a-bb39-b2aad7ffd322, P0295                , 2025-10-30T12:16:27Z, f57c1421-fdaf-4467-8b31-466039d6ed96
75f6e2ee-79b9-4d5a-bb39-b2aad7ffd322, P0295                , 2026-01-29T08:58:27Z, 8f5e03a9-d9e2-4b76-b449-66d569a1005e
2c378517-f52c-45cd-9904-4188db09d512, P0296                , 2025-01-12T19:37:56Z, bfd02a4d-a2a2-4872-97d3-6cd3ed34ebdc
2c378517-f52c-45cd-9904-4188db09d512, P0296                , 2025-02-12T03:48:56Z, 885ad5a1-6bf5-4e37-88fe-baaad59fa07a
2c378517-f52c-45cd-9904-4188db09d512, P0296                , 2025-04-15T18:26:56Z, 81689aaf-e991-4e57-99db-71074be1670f
4b0976fc-5e48-4505-8629-b52fb5bf0ad2, P0297                , 2025-04-15T12:50:39Z, 5b919251-ae78-4254-bc8d-6282d90dbaea
7762e523-96a5-418a-a382-e669ce3f470a, P0298                , 2025-10-19T12:29:34Z, fb93ff2f-cafb-4bfa-a714-1b366c540243
d9d97df4-bc06-4b57-8c3a-aee430f02ac5, P0299                , 2025-07-08T23:33:09Z, 950a6956-2808-40b4-a5d4-acc0ee93d265
0c8a230a-86e7-4549-ab23-49b52a2d2c13, P0300                , 2025-06-11T23:51:42Z, a1c13555-ca00-4ae9-bf47-8afec74a8a6b
e27ee634-4ff7-4ac6-80b0-75ca4e23fd27, P0301                , 2025-10-04T19:43:20Z, cd21336a-8574-4cdd-a0f1-a3386a9bf3f8
c73605f2-fdf9-4271-8657-14b7950bce57, P0303                , 2025-09-24T07:43:44Z, 4270bcdf-c397-480c-b4be-114590e3199c
09601e05-069b-4a72-a5d2-3dfc5da44223, P0304                , 2025-06-07T23:01:19Z, bea398f1-2c99-4d62-9be9-b90678baa69f
5ab57f78-c88b-4114-bac7-b7e06c13795f, P0308                , 2025-07-12T05:06:01Z, a55784c8-5efe-4999-bc5e-15c76cb65ce2
5ab57f78-c88b-4114-bac7-b7e06c13795f, P0308                , 2025-12-09T18:40:01Z, b473f020-1c76-4cb7-881a-e84ad7a55516
7963a906-ad57-41a6-8609-f3a67114b545, P0309                , 2025-12-27T12:03:04Z, dcd4a1af-9250-4068-bf2d-6918a443deb8
0a03acc0-a081-4976-a23a-d5da1252fe0f, P0310                , 2025-11-27T22:30:33Z, 8362b679-745e-4473-a006-47f5177c3e3b
2a27eab8-5ead-4edf-9827-e78c58347180, P0312                , 2025-03-13T11:03:09Z, 2bca7430-66ea-4a7e-b042-efea9c7737a6
2a27eab8-5ead-4edf-9827-e78c58347180, P0312                , 2025-04-12T01:42:09Z, a6447ed4-402e-4077-8290-9ba9e5839982
2a27eab8-5ead-4edf-9827-e78c58347180, P0312                , 2025-06-11T17:21:09Z, 91e604c0-54b1-4c7d-8c4a-0f8defe9121a
d5fc957f-d1ec-42bd-8567-42e90b68ba22, P0314                , 2025-08-23T05:07:34Z, 104e88a9-9f35-43f0-a14e-9fa3135161a0
c63f3718-db2c-41bd-975f-edaf2010fc37, P0315                , 2026-01-07T03:46:03Z, 3c965796-e181-4f6b-a8b9-19ca936016d5
b4f5da92-a9b3-4747-b356-24b44c8700fa, P0316                , 2025-03-24T05:24:45Z, 90f50b26-21c8-46cf-85b9-0925997d6f5b
b4f5da92-a9b3-4747-b356-24b44c8700fa, P0316                , 2025-04-23T12:12:45Z, 5e176a63-793c-4d71-bcc8-d39707cb4070
b4f5da92-a9b3-4747-b356-24b44c8700fa, P0316                , 2025-06-23T19:39:45Z, b8e32746-bfd8-4744-af45-988e5f5c205b
102c67f7-c6b1-473b-91d1-b28ceeb0e2c8, P0317                , 2025-06-20T09:15:55Z, 22f65fa8-7c5b-4324-b507-6143c88502fa
102c67f7-c6b1-473b-91d1-b28ceeb0e2c8, P0317                , 2025-11-01T03:05:55Z, 9dc678b5-c0d7-4a6e-af42-8779597cbaa2
085f51f2-8443-44d3-b73e-7b66e296c27d, P0318                , 2025-09-05T03:51:42Z, 852cfbe1-02bf-4762-9628-4040ae4bd4ac
085f51f2-8443-44d3-b73e-7b66e296c27d, P0318                , 2025-09-09T03:22:42Z, ff74452d-4a9d-4e1d-aad6-992b006891c2
56475e66-c3b7-468e-8eca-48a1777a721f, P0319                , 2025-06-14T17:16:03Z, 65e3e79e-5e2f-4620-946c-0b418ac81bf0
56475e66-c3b7-468e-8eca-48a1777a721f, P0319                , 2025-08-13T22:13:03Z, c5e08d00-1132-4649-98db-8340b5003f23
a0cfb88d-8234-48ae-8437-32ca63017c6f, P0320                , 2025-10-29T01:03:12Z, 160ce40b-1752-4221-9187-fee944ee575e
8304f575-85f8-49a5-92c4-d6eaa99c0e83, P0321                , 2026-01-23T11:07:39Z, 01d5af55-801c-470d-a6f8-2d0d9c3cf3c9
cd510047-0413-48e4-95f3-c14a9c1479e1, P0322                , 2025-07-02T02:25:38Z, 262112c6-c774-44f5-bde9-63b727b39d37
e729f36b-2b39-4db1-a2c3-e4522e09bd75, P0324                , 2025-10-06T01:54:24Z, a2bcbce6-8d85-4381-b4a6-5f4b5503b583
e729f36b-2b39-4db1-a2c3-e4522e09bd75, P0324                , 2025-10-11T16:27:24Z, 5c166084-ed98-41c9-887b-76a6f969f440
607efef2-72b0-4330-8558-268c628c2d1a, P0326                , 2025-10-31T12:23:31Z, a81d1c31-9928-4ccc-8bc0-564b30bdd34f
09df5e41-bbc3-4d14-b5d8-7d30b417295c, P0327                , 2025-07-07T09:02:48Z, 7d3c2e60-3674-4657-9ad6-35b10718d934
e1d261df-ffed-41b4-85c5-c785fff17b89, P0328                , 2025-04-14T18:39:34Z, 4ee7b233-3df4-4237-a2e2-8f65115fed42
b5eff270-2af3-4cd6-8404-7b6c681d52f8, P0329                , 2025-07-27T02:57:07Z, 94408572-ba0f-4229-a407-69d163e134b6
a5731bb2-b985-43e6-9c8f-1a608ddd38f7, P0331                , 2026-01-28T18:17:14Z, 6028d4d0-faad-495d-879d-0f9c25f38bf1
a5731bb2-b985-43e6-9c8f-1a608ddd38f7, P0331                , 2026-03-25T12:16:14Z, 1837f65c-5775-44d2-ac99-a4c4ef646e51
a5731bb2-b985-43e6-9c8f-1a608ddd38f7, P0331                , 2026-05-05T14:35:14Z, 07370fbf-4fab-4e1c-aea0-a3cfdb89c662
eb68f45f-8193-4fd5-b10d-fdc40e8975fa, P0332                , 2025-06-08T17:28:07Z, 9c045fcb-64d0-45c6-a54a-a784d653a77b
650a3f4d-d698-459b-b7ce-eeb67d40552b, P0334                , 2025-09-21T05:51:56Z, 6f848867-3ec7-4b5a-9f0c-b27731109fec
a094ac28-ee39-4537-a0a1-3f98b015bf73, P0336                , 2025-12-29T18:48:46Z, b606408c-8860-4498-8d5e-3795e4096cb8
a094ac28-ee39-4537-a0a1-3f98b015bf73, P0336                , 2026-04-02T12:29:46Z, 82282b8c-35cd-4db5-90ce-f589903b6633
cb706e6b-eed5-4b62-bd5e-1a546439a799, P0338                , 2025-01-24T04:54:22Z, 926e7e32-9a7a-4c04-a0a1-93b44b1f87ed
6d553a1f-ae01-4759-bf2e-974dd68fea72, P0340                , 2025-12-04T17:27:03Z, a8e965c4-d99a-4d39-967a-77836aa43cb1
6d553a1f-ae01-4759-bf2e-974dd68fea72, P0340                , 2025-12-13T13:21:03Z, 1ab73985-76ac-49b6-81d4-5fc5ff7c720d
3bd07a78-1be9-4e94-acf1-e4b88ba7b2e3, P0343                , 2025-04-18T22:19:13Z, 2cef1887-0dbc-4193-af50-abcf5dc1f58a
3bd07a78-1be9-4e94-acf1-e4b88ba7b2e3, P0343                , 2025-08-07T01:22:13Z, d18439a8-dadc-41cb-ba99-5b84bee5daf3
acfabf04-5a4f-4c5b-906f-83518b954d3f, P0344                , 2025-12-28T12:25:22Z, 7a1d1952-558f-4010-bc00-1d1f6dbbdcce
2a3925cf-cdcc-4d0a-8436-ad35617971d0, P0345                , 2025-11-04T19:13:32Z, 4927643e-b063-49ce-a180-d98dd0c62808
e58e8a32-1872-48c4-a7bc-3ff93989fa99, P0346                , 2025-09-22T19:53:57Z, 2cbf183f-e76b-463c-9401-0555ea37251c
e58e8a32-1872-48c4-a7bc-3ff93989fa99, P0346                , 2025-10-22T19:38:57Z, a6c84d0a-a1a5-4c0d-97a6-419d0bb61f85
6d84d440-f322-437e-b522-bf92b5a59de2, P0347                , 2025-12-12T08:27:47Z, 00de3706-d192-4c7c-bee0-12d8d02f7ebd
6d84d440-f322-437e-b522-bf92b5a59de2, P0347                , 2026-01-10T05:50:47Z, 98c1c0f3-814a-41b4-8e0a-70bb4ceb060d
59942e73-d159-49f8-a4fa-694bb2bd1902, P0349                , 2025-02-22T19:59:11Z, 7308e8e9-1242-4d0d-9b86-2311c606e49c
80c1a327-6864-4f75-b92a-53d75167a3fb, P0350                , 2025-09-18T23:54:56Z, f9dac1b1-7e7e-4b6d-94ee-0678fcad5195
743751a1-b5f2-49de-9bbf-44042c6bdcfc, P0353                , 2025-11-12T19:18:31Z, 10410be4-0416-4af0-9175-15bdf8b54eed
2a6ad266-eb26-4bee-a2af-d32064d78984, P0354                , 2025-12-10T23:56:48Z, 8a8c7eb4-91ae-4877-a3d0-d879fd327f6f
2a6ad266-eb26-4bee-a2af-d32064d78984, P0354                , 2025-12-20T10:30:48Z, 9cf37f34-074e-4231-909f-0c44587ce360
2a6ad266-eb26-4bee-a2af-d32064d78984, P0354                , 2026-03-12T09:21:48Z, dc4e89a9-8c0a-44a2-8490-f0611fdb502c
2a6ad266-eb26-4bee-a2af-d32064d78984, P0354                , 2026-05-14T04:23:48Z, 26e5d0d3-2530-4474-b5aa-fc8b4936c07e
d9463037-afc6-48b3-9a87-2b6de83246c9, P0355                , 2025-07-23T18:54:57Z, e8ac1f0a-af4d-458e-b7d8-787fca7ff9f9
b079d03f-d895-42cc-b753-ffd75201ea10, P0356                , 2026-01-15T05:29:21Z, a393e8b8-9c72-48b5-9c09-37a335048660
25895338-7a36-4b19-be50-b2c97e7a9b21, P0358                , 2025-07-20T21:01:58Z, e075f929-2ec8-43ee-a2e7-9703d319ef0d
8f7a36c4-6ea7-4f5c-b981-ca008689b74e, P0359                , 2025-09-19T06:31:39Z, 66307855-2f06-4ef4-8142-fd8bc8252d16
8f7a36c4-6ea7-4f5c-b981-ca008689b74e, P0359                , 2025-12-17T11:10:39Z, 95e9995a-5458-42b6-a348-042a70c7fdc8
8f7a36c4-6ea7-4f5c-b981-ca008689b74e, P0359                , 2026-02-06T13:37:39Z, 51526c87-66b3-442f-b4f9-538ddb305aa9
88564e78-0065-4cfa-9769-2d79946a6e7e, P0363                , 2025-04-24T20:10:40Z, 3fd409f3-7729-4580-a17e-0573341d869c
fc3daad5-8173-47dd-aff8-2495e57f3273, P0364                , 2025-07-16T09:38:21Z, d8b79d27-67ef-4330-bd20-4318781d6300
fc3daad5-8173-47dd-aff8-2495e57f3273, P0364                , 2025-09-16T17:41:21Z, 295eab4b-17de-45cb-941e-f588dfb0e4d1
fc3daad5-8173-47dd-aff8-2495e57f3273, P0364                , 2025-11-12T01:04:21Z, c7b79106-44fa-4100-b103-10d012169890
2ca4477d-01a4-416b-94a7-1e01aa8594b1, P0365                , 2025-10-27T11:25:18Z, 95743a7e-9b69-49aa-80c0-bdbbc123e581
2ca4477d-01a4-416b-94a7-1e01aa8594b1, P0365                , 2025-11-29T13:12:18Z, 8893cb13-3e86-4ad7-9fec-824e5d165fe7
06114f0b-3851-4f57-89ac-dd9fb695a2bf, P0366                , 2025-10-29T12:43:06Z, b4471a6a-c93d-4d66-bc08-349001c68ff2
ed571bf2-0ecb-4969-b47b-208c71c656be, P0367                , 2025-12-06T09:05:28Z, 36709800-6f1f-418d-a231-fac699a8b97b
78052071-09dd-4373-a873-4c751bc759d2, P0368                , 2025-06-08T18:05:11Z, 33860f33-0fa4-4929-8d33-9ef7b6e65c0a
8e3bba86-f9a9-421a-9d9f-51f0a9a64877, P0370                , 2025-05-11T06:29:37Z, cf5081cf-c779-4627-8a3e-5ee79f4d859f
8e3bba86-f9a9-421a-9d9f-51f0a9a64877, P0370                , 2025-06-01T06:32:37Z, 43cd3f86-553f-4179-9a22-037058f7f070
c85452d6-6333-4b90-82bc-314cc6bf776d, P0371                , 2025-03-23T02:43:08Z, 8efb0ab0-17fd-460a-af9d-94aa8fbdf1fd
7e2ae7c6-7d7c-4741-a34d-a1cc6371a3e2, P0377                , 2025-11-03T16:34:20Z, 913e0a23-68af-4365-b4f7-331b63df6824
7e2ae7c6-7d7c-4741-a34d-a1cc6371a3e2, P0377                , 2025-11-10T17:58:20Z, 3e86361e-5dc0-4f71-b92b-b6a6bf2d8e8f
7e2ae7c6-7d7c-4741-a34d-a1cc6371a3e2, P0377                , 2025-12-01T05:43:20Z, 74aa33a4-ef01-40b3-86c9-3bb266307af5
7e2ae7c6-7d7c-4741-a34d-a1cc6371a3e2, P0377                , 2026-04-08T04:01:20Z, 8b03f179-04ae-4d68-b5d1-5fefd9fabcec
4b1f57e5-ae05-4a35-a9d7-27fec749d4f5, P0378                , 2025-11-22T05:08:40Z, 53b28d86-c647-40dd-ae66-935032a348db
4b1f57e5-ae05-4a35-a9d7-27fec749d4f5, P0378                , 2026-04-10T13:36:40Z, fce9899f-90c3-4c86-a4e9-bac613a82c90
47c28fc8-0842-49fe-8f9d-22318e63beca, P0379                , 2025-09-12T09:56:12Z, 172381b0-8a8a-454f-a46a-7e557c2def49
f7d5112a-9e3e-434c-abd3-5c6fe32bea45, P0380                , 2025-05-24T19:21:52Z, 9e79b5a7-9763-4df6-9fe1-5f60ce0aa71e
f7d5112a-9e3e-434c-abd3-5c6fe32bea45, P0380                , 2025-07-22T15:04:52Z, 6633cde7-b271-48fe-b0d4-f6963daee4ee
5a1d8197-1745-472b-9048-7e58165c4b0c, P0382                , 2025-07-20T03:32:28Z, 6327e37c-afb0-4bf6-b879-a95fb27615a6
57d51b75-64e8-4108-baf2-9767319e0def, P0384                , 2025-08-01T21:53:14Z, b3d8f3bb-64c0-4421-aedc-acaa74f343b3
57d51b75-64e8-4108-baf2-9767319e0def, P0384                , 2025-10-21T03:41:14Z, 0652e55e-1ae1-4301-92a3-41edaf516783
57d51b75-64e8-4108-baf2-9767319e0def, P0384                , 2026-01-10T10:28:14Z, 6b68a7bf-eb21-4b8f-8893-7630fa8f69d1
483c982d-4da8-4b21-9518-dfd0312621c9, P0385                , 2025-07-14T21:29:27Z, 012b3b66-115e-468a-9050-113110b72500
40474e23-9ded-495b-a5f6-78bc78f1764c, P0388                , 2025-08-25T15:56:36Z, 7db80a74-3ca0-43e6-b95e-5ded8da403fe
91251029-c86b-46f2-b7c2-ef784bd94343, P0390                , 2026-01-02T13:12:54Z, 7d592682-eabb-4e01-81ee-63dcfee656fb
8244f7af-e235-4612-960d-425f3d5e2795, P0392                , 2025-07-20T12:23:19Z, 176a15e4-30d3-41fa-8953-723033c7aae9
f30cb9c8-452f-4126-8a6f-cb4dc3ce0af9, P0393                , 2025-12-18T13:04:28Z, 91f3f2f7-25ca-46b1-a5aa-34bdc74328ec
f30cb9c8-452f-4126-8a6f-cb4dc3ce0af9, P0393                , 2026-03-20T09:10:28Z, 688370ba-d108-4d35-ad71-4f1fd92d804f
f0754fe2-f64f-4dc8-a071-5eef1ff04a9d, P0394                , 2025-02-10T11:20:09Z, 9fe203bb-89fe-4f21-ab84-84648b982cd6
1daff0b5-b473-4105-b8bb-d8d2cdcd51bb, P0395                , 2026-04-24T05:21:14Z, ed86f1a3-ffcf-4061-937e-e24c20b7d0ac
a3b0a3e9-6a0c-47e2-995f-47e6cabe9d18, P0396                , 2025-08-27T04:52:34Z, 508d0bd1-e63e-4e3e-84d0-0577dd7c1af9
c2394f69-4149-41bf-b24f-363d3e6b2b71, P0398                , 2025-01-11T02:17:32Z, d0f34f22-2fb7-4f37-9ff2-8dd0be59591b
f7540176-b7ed-4fb7-9e8f-92c3ff1bf783, P0399                , 2025-02-11T00:49:15Z, 8c20d816-cf50-42be-8d1a-d0890d16e88a
f7540176-b7ed-4fb7-9e8f-92c3ff1bf783, P0399                , 2025-03-13T02:01:15Z, 0a375764-b530-4e33-a30d-760685f4deb9
8ce90ed1-8624-48a5-b3ba-e68d8f6cb35a, P0400                , 2026-01-11T15:33:20Z, bc1f80fb-23e0-4e55-8daa-174e66f9c50a
73a2efa5-2b91-4b72-95c2-fb6ccaabf4d8, P0401                , 2025-07-05T12:49:45Z, 8e56f2ed-bc57-45b6-9086-8afc91605faf
73a2efa5-2b91-4b72-95c2-fb6ccaabf4d8, P0401                , 2025-07-26T19:19:45Z, 799f9e9a-6fa6-4600-b2f5-8487aae99ad2
6f560654-d77d-4dad-8922-d0f8233ecfe8, P0402                , 2026-03-03T09:10:59Z, 38da2b0b-90c0-4feb-a6d8-cbed63fb6911
a7368190-714d-47fe-8322-54c52278f634, P0403                , 2025-08-10T14:11:38Z, 2d913c58-26a6-49de-95c5-7fc3bae1caec
0a2daf81-92c6-4126-b954-970891e78ad3, P0406                , 2025-12-06T07:54:50Z, f442b6e4-3317-4d41-8152-93557f48f386
5ee5cade-20e7-4e37-b091-3a70dd0fed98, P0408                , 2026-05-29T03:43:10Z, b61d7ef5-30ee-470b-8aa9-05f16ffd1e6c
9386f8e9-97d1-444c-ab40-176fd33a2deb, P0409                , 2025-12-06T17:36:55Z, 8f406fa0-6634-45b4-8396-26169ec9895e
9386f8e9-97d1-444c-ab40-176fd33a2deb, P0409                , 2025-12-30T12:17:55Z, 151c4d8a-7afd-44fc-89a9-bfc557508d6c
8eb8b07e-e2d0-4490-a925-9b41dc3a99ae, P0410                , 2025-09-20T10:27:16Z, 3344ef97-1144-4ba7-97fb-0154bc937766
8eb8b07e-e2d0-4490-a925-9b41dc3a99ae, P0410                , 2025-10-20T11:11:16Z, b310a9ea-7877-4ed6-a5c2-7f0b83a458ec
8eb8b07e-e2d0-4490-a925-9b41dc3a99ae, P0410                , 2025-12-18T18:28:16Z, 9815b42e-7a3f-45a9-b094-5b5ee2ecfa11
0a8d4cbf-d6e8-4003-bfc2-b30283114f4f, P0411                , 2025-03-13T17:29:15Z, d7c200df-4a4b-40e9-a404-b6de539b211d
2bbb414b-3e5f-4b1c-b00f-c60baef89268, P0412                , 2025-02-15T09:08:49Z, 3218ad8b-0198-4af5-9f01-6849aca1d69e
d672293f-efcd-47c0-b332-b49e2db16dcf, P0413                , 2025-05-27T23:51:47Z, b574b884-ef4c-4d13-998c-ea8d56b3db7c
d672293f-efcd-47c0-b332-b49e2db16dcf, P0413                , 2025-08-21T02:18:47Z, 68e7cbd4-658b-4f8f-8dce-d9729149b164
7b058937-2044-4001-a24e-71bd218dc4c8, P0415                , 2025-04-06T13:21:03Z, 1e4c70e8-813d-4fc7-b47c-cf86a1f0ab5d
758e248a-5a2b-47b6-a723-c549bce8d2ac, P0417                , 2025-08-09T05:31:36Z, 7f0dac0b-6005-49ad-9ae2-ce2b011c18cc
c61fb93a-dd58-41db-8007-576e45a5882a, P0418                , 2025-10-27T13:53:07Z, 78554d4a-365a-4360-82f6-29194663b15a
49645155-73c0-496f-9b86-5a773da5de11, P0419                , 2025-08-12T23:59:23Z, cc9fbfc1-e1a6-46c9-b4d4-aeae4fff6c18
f3fb0f5c-2aba-40db-8b87-1f4b9f29a74c, P0420                , 2025-12-05T01:18:20Z, 5981a5af-16f1-454f-80f6-bda4b176b241
f3fb0f5c-2aba-40db-8b87-1f4b9f29a74c, P0420                , 2026-05-02T09:36:20Z, 3c9cd3be-0dea-4f15-adaa-f750d4ee32b5
a11e653c-a268-4530-b6b7-f3e48735d702, P0421                , 2025-08-02T04:04:12Z, cc008784-ee61-4d9e-8134-6230ac95d729
a11e653c-a268-4530-b6b7-f3e48735d702, P0421                , 2026-01-29T23:50:12Z, 2caff494-9eba-413c-80af-57dddcf1a957
571a8687-ffb5-403d-8932-e1bb90d00c51, P0424                , 2025-10-03T08:57:48Z, c96e013a-4816-46f7-898c-0b4789d82fed
0ef434bb-4ea0-4496-bd65-9af751c644a8, P0426                , 2025-05-22T13:48:27Z, 2dd18062-56a4-49ef-8ff8-c2bc0eb5dd42
b2a50b1c-4bcc-4600-98cf-9981b7f09cec, P0428                , 2025-10-20T21:35:20Z, 65c178df-343b-402a-ae3b-dd637801a324
b2a50b1c-4bcc-4600-98cf-9981b7f09cec, P0428                , 2025-10-28T10:28:20Z, b91219d8-9860-44d4-b017-986bedca086d
ca3818b6-e194-4f16-a55d-98c7f004e39c, P0429                , 2025-08-12T08:30:50Z, 04271995-8f11-4f96-9cfd-ecc5f17a9bd8
600c1651-5da1-4fd4-b144-21c2e848097a, P0430                , 2025-10-16T17:36:19Z, efc6e3d0-cc33-41b8-a61d-995e3f1e176b
600c1651-5da1-4fd4-b144-21c2e848097a, P0430                , 2026-01-13T20:38:19Z, 9cb50b53-6a6e-40e5-a364-eae194673e29
f30ed78a-3c5d-44cd-908e-1163c592bef5, P0432                , 2025-11-08T22:21:50Z, 0b183dd3-63d7-41fb-b23e-ca53aa914182
dc1f1910-83a7-42c7-95c7-bd43a10155cf, P0433                , 2025-05-06T02:39:15Z, fe0a1ae1-a36f-40f5-a02d-45b900d7b055
dc1f1910-83a7-42c7-95c7-bd43a10155cf, P0433                , 2025-09-17T21:31:15Z, 635f45e7-ab83-4fa7-bc8b-6b869140330d
d267b947-0edb-4a4b-a78a-f8609c8c7386, P0434                , 2025-11-07T06:33:07Z, 3f10c921-47eb-4211-b159-d8b6f6954338
69947818-41ce-49e1-a004-a335c2e274bd, P0436                , 2026-02-25T13:15:02Z, bf899517-6e2e-4c7b-b482-52e776fda017
9797bf7e-b57e-4a44-a6c0-821bc8ebea63, P0437                , 2025-08-12T15:01:04Z, f4d6d6aa-c459-4b8c-85c6-a6bedcec3c9b
9797bf7e-b57e-4a44-a6c0-821bc8ebea63, P0437                , 2025-11-03T21:48:04Z, 67bf3e01-56a9-441f-aac6-fef1f8498e1d
e630a8e9-922a-4467-a797-fce07c715169, P0440                , 2026-02-01T00:22:00Z, f771c998-4acc-474b-8f87-046ac99d9468
e630a8e9-922a-4467-a797-fce07c715169, P0440                , 2026-04-17T03:41:00Z, 2edac3c9-e6eb-4cd8-aff8-bac1cd1bb3f7
79ba1e38-8e2c-4449-8d97-86532c6c111c, P0441                , 2025-09-15T11:05:50Z, c79288b2-8905-4701-b273-b75d723be9ff
fdba3052-b7a8-4ee2-b6b9-9f73af108b3d, P0442                , 2025-05-13T05:19:58Z, c8d67319-44c2-4641-9a95-8e245ef8ad5a
82aeeff8-716a-46b4-8413-0ee3a9641f10, P0443                , 2025-06-27T00:34:26Z, 54e974aa-0623-43a4-b9ee-9e20424194d6
82aeeff8-716a-46b4-8413-0ee3a9641f10, P0443                , 2025-07-24T05:23:26Z, 92760f7c-2a0b-42e5-b27f-e6592f999ee2
82aeeff8-716a-46b4-8413-0ee3a9641f10, P0443                , 2025-12-18T00:03:26Z, d543eabb-e68f-41f7-825b-8a28fdba0b12
ff21fa3f-86d0-4b41-8a54-d380a34f4ce1, P0445                , 2025-03-16T06:27:28Z, edc82673-7ebc-4e44-8b2a-ea1651f76e44
ff21fa3f-86d0-4b41-8a54-d380a34f4ce1, P0445                , 2025-08-11T16:35:28Z, 2a6fc9cb-0f8d-4cc6-9ab2-d8dc18ea203d
ae5de905-9d99-45c5-b52c-05e38ac9cecc, P0446                , 2025-09-26T18:26:35Z, c222bcfe-40c6-4eb9-a986-a79de22fcff2
ae5de905-9d99-45c5-b52c-05e38ac9cecc, P0446                , 2025-10-06T00:22:35Z, 24aaa436-3bf8-4f20-9fc0-d1d44af86160
ae5de905-9d99-45c5-b52c-05e38ac9cecc, P0446                , 2025-10-28T05:18:35Z, 16a68f3a-8a8c-4e26-81a5-939599ed1af9
ae5de905-9d99-45c5-b52c-05e38ac9cecc, P0446                , 2026-02-22T12:31:35Z, 34df832a-beea-46c8-8cdd-478f874ad678
ab2bce44-d1eb-4aa8-b3d3-09344cd40a9f, P0447                , 2025-04-27T13:19:43Z, e76525a8-22ad-4425-8d88-567c36b49e09
e8d1e7dd-b37b-4eae-8207-d2474fd64a85, P0448                , 2025-10-30T20:33:36Z, 599214e3-a5cd-4b2b-81ba-64b72d1834ee
e8d1e7dd-b37b-4eae-8207-d2474fd64a85, P0448                , 2026-01-22T09:08:36Z, c992ef2c-691c-47cd-adf6-17ae3d811aaa
977ca4a8-7fd6-4d70-aaa6-69b6f2ecb6be, P0450                , 2025-10-09T01:13:02Z, 484c0b3b-9b4e-491d-a20a-c21eafb091bb
0164e8ff-5df3-4b59-a3a5-a9b779e9001f, P0451                , 2025-11-10T23:37:14Z, a3cd887d-b505-43bf-9c46-56f8a1feb50d
455ae3e0-1f33-481d-80e2-2f382a9f271b, P0452                , 2025-03-15T21:14:25Z, fe2d40f2-f232-4357-aa11-786d37d907e7
455ae3e0-1f33-481d-80e2-2f382a9f271b, P0452                , 2025-03-26T09:19:25Z, c518fe14-4ff2-4010-befb-78607814479f
455ae3e0-1f33-481d-80e2-2f382a9f271b, P0452                , 2025-06-16T00:59:25Z, 01f9a778-b27e-4d8a-90c6-627079c3474b
455ae3e0-1f33-481d-80e2-2f382a9f271b, P0452                , 2025-09-12T17:23:25Z, 445aaac2-bcb9-47d0-85ad-c3c0418b74f5
1d02dbc8-fa6d-4008-9509-ceaf7e52c20c, P0453                , 2025-09-20T10:45:17Z, 92427596-c6c7-426f-9bd7-c035f41481a8
1d02dbc8-fa6d-4008-9509-ceaf7e52c20c, P0453                , 2025-12-12T09:33:17Z, a84b967d-c0ee-46f0-ac84-bcdc9423eb9d
78be8bdc-33fd-4ccd-8ee1-d9eaf4fcd028, P0454                , 2026-02-26T23:48:55Z, 8881eeec-ab23-4e0f-8162-843850b63475
68b8ac25-c44f-4b8f-a3ad-dccde0f51de9, P0455                , 2025-02-13T03:40:28Z, 8c0c85f8-1653-4427-b154-55803afdb5cc
300fd5be-fbdc-45a6-ae88-0d267b45f995, P0456                , 2025-07-26T16:38:11Z, f89b2ae8-cd0e-4549-90ba-9fec268ab821
5ec305f3-f368-4a02-be45-4277568266c4, P0457                , 2025-05-05T18:34:22Z, b3a34330-6999-49a7-b1d1-4a6b88aa3994
5ec305f3-f368-4a02-be45-4277568266c4, P0457                , 2025-06-02T06:10:22Z, 18d9367a-278c-4396-bd6c-873e058dfa2d
5ec305f3-f368-4a02-be45-4277568266c4, P0457                , 2025-08-03T23:34:22Z, 0b7c2dfc-13a2-4278-bc58-155c22be03dd
5ec305f3-f368-4a02-be45-4277568266c4, P0457                , 2025-08-31T09:44:22Z, 841c286f-7a6e-4815-b3fe-2897e40dbe8d
a9781f16-e344-4c70-8763-eda03f97a652, P0458                , 2025-04-27T09:58:59Z, f516c8ae-5817-4e67-acad-095bd53bec89
04c54d51-8275-4ce8-8554-2d534b09edf3, P0460                , 2026-02-21T11:49:07Z, b661ab13-9372-4380-bbed-10198ae46342
6cbee485-40b1-45b2-b1bb-d8bebb303d8d, P0462                , 2025-05-28T11:27:12Z, 7bb16205-bd1f-4732-999f-0f331025c4d9
6cbee485-40b1-45b2-b1bb-d8bebb303d8d, P0462                , 2025-07-26T23:00:12Z, 0eea4381-96bb-4ec6-b54d-88dcb616ef2b
f370825c-fa5c-4ee8-bd99-ccb3bb354423, P0463                , 2025-12-31T06:27:20Z, 05403d75-d3b4-48b6-9792-0cd7b734500c
bb5cdf17-e1b8-4a06-bd90-20aab11b8c88, P0464                , 2025-05-12T13:04:04Z, 37ede378-7612-4c24-bac6-a7bd86e0d7f3
bb5cdf17-e1b8-4a06-bd90-20aab11b8c88, P0464                , 2025-10-21T18:15:04Z, 5f68c3d2-395e-44e7-bec3-94842fe3b048
c5d89af1-a656-452c-a996-4e335ecc233b, P0466                , 2025-04-16T11:40:32Z, 4220d841-3e99-4a57-9070-c1e064f3c027
c5d89af1-a656-452c-a996-4e335ecc233b, P0466                , 2025-05-13T16:49:32Z, 6a38f61c-db4a-40e2-8774-4b4cac55d39f
fe0c9489-b9a0-458a-b4b3-7f396543e793, P0467                , 2025-04-14T11:42:58Z, dc882913-edf9-410c-9573-1bdaae5ab039
fe0c9489-b9a0-458a-b4b3-7f396543e793, P0467                , 2025-05-12T01:21:58Z, ae68af89-97d1-4914-9095-091ef77d13e0
fe0c9489-b9a0-458a-b4b3-7f396543e793, P0467                , 2025-07-10T11:29:58Z, 99c6881c-0b5c-4fe8-8269-716ca7887414
c0d67692-4566-4fd1-aece-35f1790c3440, P0469                , 2025-02-08T07:42:57Z, eec2c9db-6bbc-423b-a865-c5a695d3576c
c0d67692-4566-4fd1-aece-35f1790c3440, P0469                , 2025-04-07T09:10:57Z, 8e451c10-d913-4bbc-ae79-2aa2c3c8dd50
c0d67692-4566-4fd1-aece-35f1790c3440, P0469                , 2025-05-25T05:44:57Z, 762290c6-a597-49b1-8df1-8bbac87e1a08
71081554-f146-4e43-ab9a-14029c1bb284, P0470                , 2025-11-16T21:07:04Z, f9ae5910-82be-49b5-ac2a-fc8cb3dca837
a32a4492-bf9d-4752-bbf7-72b61340aa51, P0471                , 2026-01-03T07:57:17Z, 453fe689-e03d-4cbb-99ac-8b98995a4cb3
a32a4492-bf9d-4752-bbf7-72b61340aa51, P0471                , 2026-06-05T10:28:17Z, 9eaabfdc-cf8a-4a34-92b7-e31a2a169a5f
e640c13b-9db3-4826-a92c-4e8720627b01, P0473                , 2026-03-22T16:38:16Z, 27520c60-05ef-4e3c-b79b-7e264471e641
5decdf96-60c4-470a-964f-47212892b602, P0475                , 2025-09-23T16:48:19Z, 7a615e9a-ac25-42fa-8ed3-e91117286833
9cb5084a-1a00-49f3-9d95-6fb74307ed51, P0476                , 2025-06-15T18:08:00Z, 620d4788-d77c-4a2e-b68f-27abde3d5ea8
9cb5084a-1a00-49f3-9d95-6fb74307ed51, P0476                , 2025-07-11T16:11:00Z, d46072d7-faa6-4e0a-8b26-de5ba09257de
9cb5084a-1a00-49f3-9d95-6fb74307ed51, P0476                , 2025-09-11T05:33:00Z, ad6a04ff-cd96-45ec-ac1d-ce98870f755f
e4dfb6df-906f-44de-86ce-8629fd816397, P0478                , 2025-01-25T18:06:58Z, d515faa6-12dc-44e6-90ce-9875a98c0df7
e4dfb6df-906f-44de-86ce-8629fd816397, P0478                , 2025-02-26T00:18:58Z, dc175e49-602c-4e48-b467-4cfa6873d0e5
e4dfb6df-906f-44de-86ce-8629fd816397, P0478                , 2025-04-27T15:00:58Z, 566fb1d1-2a8d-427f-a87c-b3feb41466c5
9e9ab39d-05e4-4413-ba4a-389ecff5e93a, P0479                , 2025-07-21T16:35:42Z, 98dc871c-91b9-4631-b442-146fbf87a164
c30cde6b-ef68-4f00-9233-73ba882632c6, P0485                , 2025-09-25T05:13:59Z, 0327ca8d-82f1-4e5f-a73c-f0ee755732e1
4f5d20f1-4edf-40ce-8f8c-c1c66326673d, P0486                , 2025-08-11T18:36:37Z, 48cc5262-81ba-41d3-a21b-6192c6630e61
6266d2fc-0c86-4084-998c-533af9990551, P0487                , 2025-11-16T00:20:34Z, 7a1992a9-df32-45e1-8a56-261eec728a72
d5bbb75f-ccf8-4034-ae15-e6385bc10114, P0488                , 2026-04-03T07:39:15Z, b0ccbdc0-b129-4b90-b036-78de7a0b33ae
de897d6c-e15a-4111-9951-2b38fb567f26, P0490                , 2025-05-28T10:18:46Z, a020030f-5e14-4616-96b0-41557ac3765b
cd672c38-d65c-4cc3-a70a-4003d8238b5d, P0493                , 2025-12-03T12:13:41Z, 17768019-39f3-438f-af19-0993c9d882c2
447dfefe-f278-434b-a6e9-e81d183c1225, P0494                , 2025-11-27T23:38:38Z, eb7fe933-22cb-457f-902c-17b55c6b39cc
8212bd06-8bec-42e5-afcc-b995aed2a17b, P0495                , 2025-09-08T16:51:16Z, 92913364-e091-4d04-8818-b8cf4399548e
8212bd06-8bec-42e5-afcc-b995aed2a17b, P0495                , 2025-10-04T13:03:16Z, 705becd1-c1ba-4e35-9709-1b602be98679
8212bd06-8bec-42e5-afcc-b995aed2a17b, P0495                , 2025-12-02T21:18:16Z, cc68aa81-2f1f-4e97-8c48-638e9d390410
02dc1fa7-117d-4c22-9e56-0d6cc1d1430a, P0496                , 2025-12-13T05:39:20Z, 6ef83486-a3f2-4e8d-8849-e3cc713fb69c
ce6ce84e-94c2-4f81-aa4b-7aef9ec6e1cb, P0498                , 2025-09-06T12:33:55Z, 0c0d52ab-1b83-44a8-9f7b-6fe7421cca42
fb4cb801-b7fe-4d47-9d8c-67e12e2e90c4, P0500                , 2026-06-07T10:24:18Z, 26740919-1af3-4dde-a4da-ca381c4b257e
2358658d-4c56-4b78-850d-55f7bd526a78, P0501                , 2025-06-09T19:46:44Z, f5eea09f-5f33-4d28-80c8-e9f8350f3078
2358658d-4c56-4b78-850d-55f7bd526a78, P0501                , 2025-06-15T16:34:44Z, 12717ef5-347d-4596-8d4a-56422984f8a9
97dedb70-54af-4e18-9904-faa97688a4dc, P0503                , 2025-11-25T01:47:22Z, d15458e9-fa02-41a7-b8c0-24f44df25897
b652e1f5-055a-4ea1-8c9b-daf120ee912c, P0504                , 2025-03-26T18:37:31Z, e51d5947-8c4e-4e41-b6a4-a43a3b66e738
b652e1f5-055a-4ea1-8c9b-daf120ee912c, P0504                , 2025-04-26T13:26:31Z, 0ad8e294-2e80-463e-9a93-cdd53a6a5342
b652e1f5-055a-4ea1-8c9b-daf120ee912c, P0504                , 2025-09-19T20:02:31Z, e6d407a2-acf5-4db0-8550-a6b1aa3b1a58
5de4f606-43a9-418f-9ab8-a8583c9faae1, P0506                , 2025-07-07T19:49:43Z, 107625c6-0201-4dfa-b230-0909cec86508
4e7a0a2c-7a3e-4624-8e0c-d699bfed305b, P0507                , 2025-07-18T21:11:47Z, 7c563c60-23ca-423c-8134-0a33438a2d06
e5e3fd33-78a7-4375-b8a3-554dcd2666b6, P0508                , 2025-09-29T03:54:27Z, 7998abe1-588e-4e7c-b251-e9ce7aaa93d1
1233a4d3-b6d1-42ba-9c12-82b6bca52755, P0509                , 2026-03-10T22:33:40Z, 51089a57-b002-4b03-8f3e-516edab3c678
08083b80-2306-410b-a48d-6c5ff30c92e0, P0510                , 2025-02-27T02:18:49Z, f2c3849f-54ab-452e-a649-bfbb7415beed
08083b80-2306-410b-a48d-6c5ff30c92e0, P0510                , 2025-03-19T20:15:49Z, 1d7a6d27-a4d6-46aa-86ba-2c9328eefb5f
40fc5617-8090-4e56-bf16-8286b33ccb89, P0512                , 2025-10-07T12:52:05Z, 7b5c0b51-441b-4a4c-87ac-2dd560889b9e
57b33573-313b-4045-a040-284d0ad23896, P0513                , 2025-12-02T19:45:18Z, d1dd4ae6-a972-4e48-9464-428087436ef2
0d0c8b10-63d9-43e0-913b-b45ef3add0b6, P0514                , 2025-07-24T18:17:54Z, c956a30a-f2aa-41f7-bed3-6254a84030e0
44c1c883-80df-4e5f-824e-a562607096f2, P0516                , 2026-05-27T17:02:23Z, ef8b9e06-dd6c-4756-ac4b-b177dec9bcf1
a2215b15-a9be-4d16-b976-281e6644b2b5, P0517                , 2025-04-10T05:43:22Z, f0ad169e-7106-48ac-ae69-7c4bc9b0b957
a2215b15-a9be-4d16-b976-281e6644b2b5, P0517                , 2025-08-13T01:14:22Z, 48cb59b6-ac07-4946-b9c7-760bc85bbf22
10918653-f597-4ac8-8cc5-b503affdcd28, P0519                , 2025-05-02T09:33:54Z, 3fafcc03-1f6f-4ec2-b071-4c7d82d76d7e
10918653-f597-4ac8-8cc5-b503affdcd28, P0519                , 2025-07-26T21:32:54Z, ef8961de-a138-4801-bf53-1a64a5dc6dba
0b33c8be-4d14-451e-ba00-2a550ff98fde, P0521                , 2025-05-22T05:22:25Z, aa0925d9-c320-4daa-bd18-c50ea6a628af
0b33c8be-4d14-451e-ba00-2a550ff98fde, P0521                , 2025-05-31T17:18:25Z, 3b3c147f-7650-4514-8223-4d1c89e06521
437727f6-4bf1-47f3-90ae-2de2c1305a61, P0522                , 2025-02-04T05:08:25Z, fc4019cf-ab89-4785-a5d2-51612998e620
437727f6-4bf1-47f3-90ae-2de2c1305a61, P0522                , 2025-04-26T09:33:25Z, b959ad2e-2e19-41c4-95b7-de58fe9be092
437727f6-4bf1-47f3-90ae-2de2c1305a61, P0522                , 2025-07-23T05:21:25Z, 9bb77367-2367-47bf-bc3f-239790831fcb
a116f045-6a2b-45e3-ab42-03463b3d85a1, P0523                , 2025-10-15T20:38:10Z, 01c774c1-ea0f-4f1c-b8c1-500745988bcd
7365581d-fb33-401a-a77a-bc8afb8c6a86, P0524                , 2025-11-09T01:31:33Z, 22f651d9-be46-4337-8465-ad7729fa4e33
a9d6f5dc-3080-4179-b052-049caa74af7a, P0525                , 2025-07-24T07:07:28Z, b2682994-28fa-4b94-846b-b7c785444f16
3014eeaa-a154-44b5-8683-db4cc75b4f1b, P0526                , 2025-12-12T01:59:38Z, 7ef59fea-760b-4037-9775-d1c4bea8f09b
16683c9b-a4e9-48e1-b88d-8e6fbe68994a, P0528                , 2025-08-22T13:42:35Z, 4f2fb91d-bf82-4e98-a86f-9ab92999aba6
e0d22f87-c399-442e-816f-521786b760c1, P0529                , 2025-12-31T12:17:17Z, 9ad98ff5-821b-4804-8a4d-791e9bca761f
e0d22f87-c399-442e-816f-521786b760c1, P0529                , 2026-02-23T12:51:17Z, fed69e2c-08a5-48d3-825a-8570d2c35a16
8a350062-0225-4571-82b6-7bcb42b3b7ff, P0530                , 2025-05-09T19:54:52Z, 0d62cbfa-e310-449e-9519-9da2cfec205b
b2c643a8-292d-418b-a6c7-6e8c77e7a0c7, P0531                , 2025-10-23T15:21:16Z, 48625697-1f38-4787-af55-49eb67892098
918a6ab8-3e98-4219-b28d-42a53d4d4ef8, P0532                , 2026-03-06T05:38:41Z, 8a680721-5f7c-4f9b-a317-81359d0496de
6d25b72e-5775-40e4-8dfc-d82779bc9205, P0533                , 2025-11-05T19:43:10Z, f9cf8fde-9d08-4791-bf21-91943f1410d7
67ab7c33-64ce-4fe6-ad7b-68e7a47c4d6f, P0534                , 2026-02-07T18:56:41Z, 5fa6efab-463f-4b16-b94f-d6f0bc3afa74
0ca1bbec-b41a-4b4f-8622-fb39a1f5b901, P0535                , 2026-03-27T21:25:44Z, b0406feb-e1ac-4128-8dd5-70d551313331
18ffa972-b7c6-4d42-8a76-e8fd39ed3b4b, P0536                , 2025-02-26T11:26:38Z, dc9e6a3a-9886-45c2-9670-f9e0f3b36bd3
18ffa972-b7c6-4d42-8a76-e8fd39ed3b4b, P0536                , 2025-03-20T01:24:38Z, 82fdd992-0170-49a9-94f5-1fbb9e698497
a541c650-e841-4442-bc0d-47b5db31e197, P0537                , 2025-05-04T20:01:00Z, 0979c8b6-f462-46d8-a23e-faff4b6b3359
c715a539-8e02-4bab-8cbc-21df2012c26c, P0538                , 2025-11-06T04:07:07Z, b7040c64-de3f-4d5f-86a3-d3e016f4d39b
c715a539-8e02-4bab-8cbc-21df2012c26c, P0538                , 2025-11-26T02:30:07Z, 93c2dfee-9d5d-4fbb-bd1e-c74029cfadc0
c715a539-8e02-4bab-8cbc-21df2012c26c, P0538                , 2026-03-28T02:45:07Z, a014961a-053c-4b0c-9eb5-bbfbba2bf387
89f3cb62-0f5a-42a3-9bd8-e8a5a059bad0, P0540                , 2025-05-08T01:30:01Z, df9b66e7-7f6e-48e3-b81e-9e7283a83597
55abb171-da57-48a5-8f96-54b99c105c5e, P0541                , 2025-09-17T20:40:39Z, 9e1012c3-58db-474a-b2b8-e7f985f2cb90
6c8515f3-f8f6-49e1-8003-19de61cb2e4f, P0542                , 2026-01-19T20:39:06Z, 5603abbe-ac14-495c-8682-0891bae372bb
6c8515f3-f8f6-49e1-8003-19de61cb2e4f, P0542                , 2026-03-22T13:55:06Z, 6ad8907c-c830-4834-ac80-6a5f48d79321
6c8515f3-f8f6-49e1-8003-19de61cb2e4f, P0542                , 2026-05-06T00:13:06Z, 08b79b7d-69f5-414e-ab7b-a2e042896037
e6fe9d2a-d617-4262-9410-aa70fc872ae2, P0544                , 2025-08-04T20:28:04Z, 68eb4a36-8c7c-454c-9589-fb3a89bb7b19
41cffec3-4886-4a6e-9342-e08eef68b2fe, P0547                , 2025-09-09T04:07:14Z, 44eb0dd6-a259-486a-97c5-81f0ac31fcfe
0058400e-3937-4e90-a886-7144dc38228c, P0548                , 2025-04-25T02:43:38Z, 8a112f2e-70b1-4ba7-aacc-f9435fcee3d1
264cf709-2d65-4cc1-9127-cd64778ad824, P0549                , 2025-10-10T05:53:42Z, 1f08e342-8eeb-4e50-bb2e-abab4c4a107c
264cf709-2d65-4cc1-9127-cd64778ad824, P0549                , 2026-01-08T11:14:42Z, 5c1aa948-a661-4e40-95eb-8a01bdce1845
a40897ca-3c0f-438d-81e0-faceb46f5096, P0550                , 2025-02-24T13:26:08Z, 061359c4-1f09-4426-915c-261445c4c914
a40897ca-3c0f-438d-81e0-faceb46f5096, P0550                , 2025-08-14T21:23:08Z, add7de6d-7af3-4819-afb1-b9b3f5b77f25
247c97de-169a-428a-bfb1-9907d5e07107, P0551                , 2025-04-09T09:09:23Z, aaae64aa-1c04-43a8-89a3-afe9607875d6
566b6db3-d002-44b4-b712-4072e34abf63, P0553                , 2025-02-20T05:14:32Z, b3e39ef9-21cb-4252-b48b-ee6b7a03f766
566b6db3-d002-44b4-b712-4072e34abf63, P0553                , 2025-02-28T08:41:32Z, f342e60e-052f-480e-9b00-35c7e67205ce
566b6db3-d002-44b4-b712-4072e34abf63, P0553                , 2025-08-10T16:06:32Z, 76120666-cb01-45d9-a8a9-06770aaaa17b
6d61a9bc-2b66-44a3-b656-16d4f85647ac, P0554                , 2025-03-20T11:15:37Z, 94ae13d8-ecab-443d-90cd-d386d5097087
774855fe-25c5-4217-9737-52fcc9416f9e, P0556                , 2025-05-21T17:01:26Z, b9a46f22-eebf-4ec4-a2e7-a16ea6dab25f
ff3c61e5-f742-4785-a139-0ba5644bbf78, P0557                , 2025-08-02T19:44:05Z, ffacda13-31a2-42d0-9052-960cd1b81104
bfd7e5af-9df6-4a8d-b7fb-01a02fb2becf, P0559                , 2025-08-22T10:41:06Z, 8526be61-95b5-4a84-b86c-52c0e8caa8bc
bfd7e5af-9df6-4a8d-b7fb-01a02fb2becf, P0559                , 2025-08-31T16:07:06Z, b23b1b69-f167-4dfe-85ed-5e0e4a4245c6
bfd7e5af-9df6-4a8d-b7fb-01a02fb2becf, P0559                , 2025-09-25T07:00:06Z, 80bc2fc8-6e1d-43a9-866d-f3d908b59850
6776e2a1-7413-4eb1-ab57-a47a27dc2ebf, P0561                , 2025-09-15T19:14:51Z, 82d304a2-c5fa-4fa2-8a00-c56fd0c699dd
c92142f3-02e2-4bcb-bb0e-967b9fb43942, P0562                , 2025-04-30T22:14:30Z, 842e31ee-bb45-4bad-a449-34c6ad85ad69
c92142f3-02e2-4bcb-bb0e-967b9fb43942, P0562                , 2025-10-25T00:42:30Z, a5e07bf6-e821-4d34-acdf-6038ed6d9288
e028287e-8c11-493b-8ff9-a55f3ee4a851, P0563                , 2025-02-16T15:22:52Z, 3a8a5671-5591-475a-95ab-7a6df623715c
e028287e-8c11-493b-8ff9-a55f3ee4a851, P0563                , 2025-07-11T01:39:52Z, c7ae38c0-0f4b-45f2-b6d6-fe102d20e96a
aecef429-843a-40bd-bf3e-5037280446c8, P0564                , 2025-06-22T17:46:38Z, 9ff5fdb7-9da9-4bb3-a301-9561af9306f3
aecef429-843a-40bd-bf3e-5037280446c8, P0564                , 2025-07-20T00:01:38Z, ff363cb5-cdd6-4159-b4c6-258bb9f917d2
59e76366-92ea-4572-a833-da7804e4679c, P0565                , 2025-11-13T19:48:08Z, aeb71eaf-e6aa-4ca5-95f8-86aaf957ddb5
58319e90-3870-4676-ae50-b93a4412bb9d, P0566                , 2025-08-01T12:29:51Z, dc99575a-cba7-40dc-990b-1435e7566762
e4b9054d-d803-40b4-b335-58283d540ef3, P0568                , 2025-06-13T05:21:31Z, dc7acaa2-b4f4-4b88-ac42-72f52187c75d
e4b9054d-d803-40b4-b335-58283d540ef3, P0568                , 2025-11-30T10:05:31Z, 7415409a-ff15-4ddb-8a81-4feb78dbb95c
dc29603e-b09c-473d-8398-9bbfbaddd6e8, P0569                , 2025-06-07T08:36:35Z, d6ce96ab-7de0-4cf9-89b1-c9ba36d6212a
db570ccc-a402-4f86-a649-76ea7273d801, P0570                , 2025-11-19T08:39:33Z, 2ed2e023-914c-49ae-bb8b-768fcbd5f84b
1b5f4f3e-8dc5-46e2-a570-402b0448c1e7, P0571                , 2025-04-05T01:03:36Z, eb85fe71-1f2e-45c1-b64c-7eee2c341762
24dbb403-331a-4434-b6e5-a8c080a0dcba, P0572                , 2025-12-02T21:11:52Z, d9866e53-2cd5-49f4-b26f-9046445c9a5d
24dbb403-331a-4434-b6e5-a8c080a0dcba, P0572                , 2026-01-31T01:34:52Z, d60c9c42-94b0-49d6-a7d4-50002ea59794
ac4464ae-4109-4332-bbcc-b189f3396a81, P0580                , 2025-01-19T18:19:00Z, 3f9e4f73-3b74-4687-aeee-e95ba2ea53c6
ac4464ae-4109-4332-bbcc-b189f3396a81, P0580                , 2025-05-23T23:56:00Z, f68ceeeb-f50a-4543-97eb-4ca6997f485f
98f38704-6fa6-4244-8a9a-64a2a489ac32, P0581                , 2025-09-22T13:32:40Z, be7dd35d-a0da-49b5-bea6-59297aa42527
98f38704-6fa6-4244-8a9a-64a2a489ac32, P0581                , 2026-02-19T02:31:40Z, 7223c85a-2cb0-42b9-b02b-983b1d0de8ec
d049aac4-7692-4613-bd9a-3cce5aeba9bc, P0582                , 2025-11-11T00:01:38Z, c0d33f41-e324-4117-92ac-d0f267f24a47
770d8d4e-c055-48d5-91b1-a30e20771478, P0583                , 2026-01-31T17:50:48Z, c533e637-61d7-42f6-935b-845a35a5eff9
852a4288-79f3-4900-b551-a596ac0a3a46, P0584                , 2025-08-02T09:42:05Z, 4027ddb1-37ec-4d46-9044-d81aba6f1427
852a4288-79f3-4900-b551-a596ac0a3a46, P0584                , 2025-09-02T06:47:05Z, cea69a52-eeb0-4470-81f1-63e032363e74
16a015c6-cbc3-468c-8f7b-ef9af3726c83, P0586                , 2025-09-07T21:26:32Z, a80e84d1-97ad-42b0-abc4-8e09ac62f0ad
e902dbea-b9b7-4c46-9c41-903632351b46, P0588                , 2025-12-13T21:50:31Z, ce489858-b8ac-40fb-a81a-f525f7218156
a4931184-3be2-4ab0-8d06-d799e6b18b0b, P0589                , 2025-04-11T11:02:58Z, 95ee5bf3-e43a-48d2-80d0-493f975c43d3
a4931184-3be2-4ab0-8d06-d799e6b18b0b, P0589                , 2025-05-14T21:48:58Z, 7d2a5115-e147-4df6-8e61-ff8f0de285e8
82e8b88d-5013-4cdd-a7d8-ea3de5101ad8, P0591                , 2025-03-11T03:35:31Z, c2a7d1b6-2c07-4c8c-91fb-19b00140194e
82e8b88d-5013-4cdd-a7d8-ea3de5101ad8, P0591                , 2025-06-01T20:17:31Z, 2ba7d6f7-31ba-493f-a9fb-35a3e72a6092
82e8b88d-5013-4cdd-a7d8-ea3de5101ad8, P0591                , 2025-08-07T04:52:31Z, 6822c8f3-dde0-4d10-8130-a20aaae5c740
8ceb3aef-dcae-4720-a410-bf6d9d8ec980, P0592                , 2025-04-03T22:39:53Z, 785dc990-c110-47b5-962d-403d23c4a997
8ceb3aef-dcae-4720-a410-bf6d9d8ec980, P0592                , 2025-05-04T17:44:53Z, e1cea554-d268-4844-ba74-0ea7976b65c1
965b4d5f-75ff-407b-95f7-d125106bd9ad, P0593                , 2025-02-12T19:34:58Z, b719a3b5-f31a-4276-9e56-04807206e838
bad97bfb-d75f-4a7a-8b17-4344d8ed2a0b, P0596                , 2025-08-07T05:22:00Z, b4b100e7-9c98-46be-be8c-b326c08bf8c0
c42d8582-e83d-4bb2-a7e9-f1c630072350, P0599                , 2025-05-15T15:20:39Z, 80538226-8164-4c38-ad05-934f8c7a30b4
c42d8582-e83d-4bb2-a7e9-f1c630072350, P0599                , 2025-09-23T15:16:39Z, 9c73d15b-8c6b-4bc9-9835-c1a39515b737
47192c01-fdeb-4425-b09f-a1af187e14a3, P0600                , 2025-05-14T20:24:59Z, 939af212-a273-4299-bad8-31016831d20b
c4ed23f7-a987-4e62-924b-824701a4fbb4, P0601                , 2025-03-06T23:27:51Z, 5ccc428e-007d-4e25-aed0-b7fcd619123f
c4ed23f7-a987-4e62-924b-824701a4fbb4, P0601                , 2025-05-29T05:23:51Z, 70d16bd8-90dc-4d9c-9c84-74a3ecd10d69
89398771-1a67-4f1a-9eed-8ecf68554d59, P0603                , 2025-11-18T01:49:25Z, 3a9e6c56-6087-47cd-bd0c-5e5e8b137e1c
60a1dda3-cb39-4e46-86b9-93deb416483b, P0604                , 2025-02-07T17:08:16Z, 9e25ffbc-4dff-4b68-8873-66b6ff00bf3e
60a1dda3-cb39-4e46-86b9-93deb416483b, P0604                , 2025-02-14T00:40:16Z, 6e1b6681-e65c-4fbe-a28b-534fd387b634
60a1dda3-cb39-4e46-86b9-93deb416483b, P0604                , 2025-07-24T23:59:16Z, 3eed9f46-24e3-493b-b738-b249ef8e8527
e5558477-4146-4940-85b5-25324275dd9c, P0605                , 2025-11-23T20:54:13Z, 92c8cf81-8efd-4f9a-9a55-083978776d74
e5558477-4146-4940-85b5-25324275dd9c, P0605                , 2025-12-04T03:34:13Z, a42184ef-03ff-41aa-a0ef-9ee2ff6919ca
e5558477-4146-4940-85b5-25324275dd9c, P0605                , 2026-05-06T14:51:13Z, 3d906391-d8f5-4cde-bda0-b424ec709e75
87897378-4efa-4000-9f96-f2ac6a7f608c, P0606                , 2025-03-15T17:40:04Z, ceaebd07-a1e5-4052-aeb9-08ac7c18b71f
a134831a-4778-4a6b-846d-95693f8f4e33, P0607                , 2025-08-14T15:51:00Z, 59dee6fc-71f7-408f-ba32-76c10d6ce653
a134831a-4778-4a6b-846d-95693f8f4e33, P0607                , 2025-12-06T09:55:00Z, b592fd88-9d48-4ea1-92df-3febf1f2606f
de510763-383f-40db-bbfc-581becba8e34, P0609                , 2025-09-22T09:24:35Z, 58b77001-2516-4062-9ede-cee54d1f5cd7
de510763-383f-40db-bbfc-581becba8e34, P0609                , 2026-01-20T06:34:35Z, 12c96497-35b9-4710-b0d4-0907022bdf31
c44915e6-3974-432a-8947-ae1131d7baa8, P0610                , 2026-03-08T03:51:57Z, 60405d8b-6427-49ab-bb4e-5e2407c76859
0d2977f0-1f0a-49df-a2c8-bf137cf47456, P0612                , 2025-12-26T18:08:45Z, e3be8b9e-da85-4505-84f0-a4c15f04497e
147ba6d1-c40c-46fd-9f62-108ed6f7c454, P0614                , 2025-09-21T19:26:20Z, a827cdcb-5c02-4a5d-9edb-c229e25b4761
c6311a1f-6b2a-4368-b59e-83b0b19d0c32, P0615                , 2025-05-16T15:15:31Z, 2aee4951-25d2-49c6-bbb5-4e5ae20e1d60
54c71eba-eabb-448e-9ba2-f92b8ab4f15c, P0617                , 2025-08-24T17:47:08Z, 3a3126dc-a4e1-4def-87a0-85b03562e946
58c99884-9010-4d52-a451-7129519e5d95, P0618                , 2025-10-29T22:11:50Z, beb20f2e-229a-496e-8302-48ba974325a5
58c99884-9010-4d52-a451-7129519e5d95, P0618                , 2026-04-21T15:02:50Z, fbf3085f-8853-423d-b5f9-1061d31e65fd
1446f716-09d1-404d-8c8a-ef4911159ea7, P0619                , 2025-10-26T11:23:14Z, b4067b04-025b-4b78-b6fe-d0d28f9d76d3
1446f716-09d1-404d-8c8a-ef4911159ea7, P0619                , 2025-11-18T11:14:14Z, bea4fe8c-f97c-461f-a89d-6646f02b7b38
6ef21e81-883a-44e3-b72b-5fe9bf495bc7, P0620                , 2025-05-06T03:55:43Z, a9d5fa40-1a21-4dc0-92dd-04eb946fde0b
6ef21e81-883a-44e3-b72b-5fe9bf495bc7, P0620                , 2025-05-15T10:23:43Z, 4c631759-99ba-4977-bdcd-867db9125fdc
46c3d5bd-73a7-4d2c-8309-645bd8f06786, P0621                , 2025-01-27T09:21:29Z, 8e05b637-150c-4a6c-8509-4f4ade548a73
46c3d5bd-73a7-4d2c-8309-645bd8f06786, P0621                , 2025-04-26T06:18:29Z, 947de349-381a-4c6e-a02a-3d5be6efc09c
f81289a3-cf5f-42e0-9502-ac8bbe0c4c3a, P0622                , 2025-10-18T00:12:17Z, b5b4ea6c-9d59-404d-8bcc-be02f8bc7e3f
a07956b6-0923-4cb5-b108-22989a260f6d, P0623                , 2025-12-24T09:03:48Z, fb9d74a6-4f86-4e90-ab29-8d869ad2029a
a07956b6-0923-4cb5-b108-22989a260f6d, P0623                , 2026-03-31T13:57:48Z, 1c6b9d56-a321-4a2a-a7d2-5d7e32be15ec
bd883aec-7ada-420d-bf8f-5a85b6f9858f, P0624                , 2025-01-07T07:22:33Z, 4508a3a1-19ac-4bd6-93d5-c6f832cd7492
bd883aec-7ada-420d-bf8f-5a85b6f9858f, P0624                , 2025-01-13T00:26:33Z, 7a0c59eb-b5e3-4fed-9384-3992782ca1e9
bb8a0e87-d8c2-4e2f-bf9a-9d8aa9fe1991, P0627                , 2025-07-12T14:38:52Z, c519edc3-1126-4244-bfb1-0d97309ea122
ecc3f3f7-f817-40fd-a9ef-8752b88e0951, P0630                , 2026-02-14T12:13:24Z, c1985525-0d83-42dc-9b92-8e11ee5979f7
e2d402b4-725d-4b9b-a95e-ab859f916500, P0631                , 2025-12-21T22:24:03Z, c3f445db-16ac-43a4-8f3b-268f3837bf7e
a63486d9-98c0-4f0c-8e28-ba3893f5a4e5, P0632                , 2026-03-04T07:19:14Z, 5d70a556-2a39-4d3e-af10-eb49a27d150a
f7c0fc4a-01f2-49b8-abbd-9fb9b6aeab9f, P0634                , 2026-01-26T16:49:23Z, 71009aa9-cf8e-4899-8482-bff8c654afd5
7358f472-6c1c-494e-af73-f4bb30582836, P0635                , 2025-11-17T01:48:58Z, dc45bf12-30ac-492f-8001-e7ee53782282
afa5c4f2-a4e7-442d-81ed-f6ad95699867, P0637                , 2026-03-07T18:33:17Z, d373e45f-fe57-49b4-b8c5-32136bc4db30
afa5c4f2-a4e7-442d-81ed-f6ad95699867, P0637                , 2026-05-25T22:49:17Z, f33e8d1b-78ca-4e73-b0f5-86d21463ec48
677f03f9-5a01-4571-b542-12f32f39b499, P0639                , 2025-10-13T09:06:48Z, 8b4d2210-de5a-4425-af23-efb04e1d5932
4c6f3838-3872-4ffb-8df9-a00735736d0e, P0640                , 2025-05-25T17:33:05Z, 2e533fcd-edd9-42cf-a289-53128322b9e2
4c6f3838-3872-4ffb-8df9-a00735736d0e, P0640                , 2025-06-01T22:49:05Z, 883d1c68-d9d9-4da9-99ba-6b5e914b03bd
4c6f3838-3872-4ffb-8df9-a00735736d0e, P0640                , 2025-10-05T22:47:05Z, 7a81ca6e-4f6b-46a7-9e66-2e0b40537e55
63e43e2e-5357-461f-b4c3-75b4947155df, P0643                , 2025-08-10T05:00:01Z, 310ac722-cf8d-490e-9011-02106458fe5f
63e43e2e-5357-461f-b4c3-75b4947155df, P0643                , 2025-11-06T06:57:01Z, d23f1993-86d9-4c04-8e44-1c02edc65c9f
63e43e2e-5357-461f-b4c3-75b4947155df, P0643                , 2025-12-18T15:33:01Z, 3f52d58c-242d-493c-82f1-bca31916e829
4855b0a6-bf22-4191-93cc-83a5d1514eeb, P0644                , 2025-11-26T22:44:38Z, caed2afc-4cf3-46c0-abeb-f06aa5d5609e
e3afe9e0-8cc3-465c-ad14-fd5f42438e44, P0647                , 2026-01-03T01:32:14Z, be0fc2c8-253f-4f44-a634-fb2518dbe07e
8e939d83-7f09-4e4a-ae48-fda390a71c48, P0649                , 2025-08-25T02:52:15Z, 3bda5ca5-bc85-4f26-af6b-a53e2e811672
5cbbfef8-82af-4ff0-af7e-ddcf5ff19b8c, P0650                , 2025-05-31T08:26:14Z, 91fa8a4d-ae07-4a4b-abea-cff1fc3652f9
e484ec8a-fac9-4fa0-bdaa-0440130c8d88, P0651                , 2025-11-14T13:58:07Z, 0636a893-e61c-4093-9980-88eeb4fc053c
e75c7dc4-e064-4142-af24-93c6904e5452, P0652                , 2026-01-13T15:46:35Z, de8d5027-6655-4474-9877-cf3a61724ba1
0a4d4bce-47b4-42eb-be7d-796581e11fec, P0653                , 2025-06-28T16:33:12Z, a75f97c5-5882-4cf9-ad40-69e0d9d8ce7d
0a4d4bce-47b4-42eb-be7d-796581e11fec, P0653                , 2025-07-29T05:11:12Z, d78d8192-d0e5-425a-b8c0-de1670a84fda
9dab1fed-6633-4848-aff2-1da67bb79843, P0654                , 2025-08-13T20:11:41Z, 5e8d526e-d616-418e-881a-1e04a68c1fb8
9dab1fed-6633-4848-aff2-1da67bb79843, P0654                , 2026-01-26T05:01:41Z, 77621450-05c8-40b4-9965-1ea8b7179767
f8395b4e-5dd6-4532-8ba5-69de02d2e14a, P0655                , 2025-11-23T22:10:44Z, 37a2b9eb-7a69-49f8-9f6d-c9cf30784fd8
f8395b4e-5dd6-4532-8ba5-69de02d2e14a, P0655                , 2025-12-13T21:36:44Z, 38f60a69-3d08-446f-bebe-7486216f9e12
1784db25-4b12-48fa-913c-00b5feb8f30c, P0656                , 2025-07-08T05:18:03Z, b0cd18b5-991e-4657-99ab-951dcfebcfca
d488eb12-72e8-4314-9db7-1657d4b961ad, P0657                , 2025-12-18T22:54:12Z, bf538e36-a54e-49d0-b27f-7d6d1d3efec8
d488eb12-72e8-4314-9db7-1657d4b961ad, P0657                , 2025-12-23T14:37:12Z, b7890804-b40c-4a5c-a1d3-2b2974f27736
c6f305a8-ba10-4c1a-b52f-af74b511a6d5, P0659                , 2025-10-24T01:44:28Z, 4d7d9534-4ae8-45fc-98aa-b360f14c2a2b
88e3d403-20b6-460d-9bf1-93e59206de2c, P0661                , 2025-08-01T04:55:20Z, 2fffe1d3-feae-4002-a883-5f777158e3a7
88e3d403-20b6-460d-9bf1-93e59206de2c, P0661                , 2025-09-11T20:16:20Z, bbe7a457-8352-4b41-96e0-b53e03296974
8bdb7757-6a73-4c02-bb34-1b4b299c718c, P0663                , 2025-08-10T02:29:32Z, 73ae85ed-d99e-49d6-88e3-5489882a172f
3f06cc3a-190e-484d-bcb6-16a8aa39187a, P0665                , 2025-07-14T02:09:36Z, b6b93d9e-563e-43d7-9f4a-d7418f789ea5
3f06cc3a-190e-484d-bcb6-16a8aa39187a, P0665                , 2025-10-23T13:39:36Z, 626a279c-4feb-40cc-82a5-51367f4f0a46
e5fa0fd5-e26b-4558-8c10-10fca23319d4, P0668                , 2025-12-16T08:42:54Z, 23f5634b-9241-41fa-abf3-542575ff350e
52313b1c-ecf5-44c8-9de5-4318326da884, P0669                , 2025-01-07T07:43:34Z, 088a4f21-6496-468f-925e-24141a61ff3b
52313b1c-ecf5-44c8-9de5-4318326da884, P0669                , 2025-06-18T00:26:34Z, 7b42b312-3242-406f-abf6-9c038805318b
e4347f39-2cfb-4caa-8597-cafcf7be60b2, P0676                , 2025-11-10T10:47:06Z, b4fc5048-cc74-4616-a0a0-3d6fd515896a
af38ec08-6251-4796-bc3c-da4da0f9534f, P0677                , 2025-01-25T11:08:02Z, 973cfeca-f611-4221-bb89-ebba170a0e05
202a8b3d-35e2-4684-908d-b87f990f69e1, P0678                , 2025-10-09T16:13:45Z, 70c0109c-087f-4c04-b62f-96f4f34e1ea1
04306766-7063-468a-93ae-655210f92618, P0682                , 2025-06-27T00:41:26Z, e74cb293-88c0-455d-8da3-162f02757b23
61462654-9838-4d8e-ad8d-d5ee00db6dc1, P0683                , 2025-08-12T01:22:30Z, 6cc691c3-add4-4be6-8ed3-9c399ffe7b0b
3a237114-0aee-4248-8922-b3bb6f9fecad, P0684                , 2025-10-21T02:12:27Z, 779c88c1-0b23-45bb-8c48-cfe0c1909eff
3a237114-0aee-4248-8922-b3bb6f9fecad, P0684                , 2025-11-15T10:33:27Z, 003fc63a-d62f-45b8-9921-2639824a4ea0
3a237114-0aee-4248-8922-b3bb6f9fecad, P0684                , 2026-01-14T20:01:27Z, 02fbd1e0-01b3-4346-89c5-cad0a6b09c96
bc68a37d-48eb-4924-9a17-14cbd9349d8c, P0687                , 2025-10-10T14:17:47Z, 92c7f000-f466-4b17-9d89-7b6feb5c8b32
bc68a37d-48eb-4924-9a17-14cbd9349d8c, P0687                , 2026-02-09T20:55:47Z, cc5c45bd-542c-4a61-8da8-eff212aa4b61
c3b62157-8140-45e6-9739-c4bdac306446, P0688                , 2025-11-18T11:06:36Z, dec18a8d-a0eb-4a7a-ab68-0ae8f30fa8ff
59e2b0b3-56d5-46d0-a1be-505596d6bf5b, P0689                , 2025-05-14T20:30:20Z, 0f7c69b4-d419-435c-8833-3b068b32ffdf
78754fa4-f6f2-43bc-8395-3df62e5ba6c4, P0691                , 2025-01-11T14:37:25Z, f2aa1e23-4f62-4d5e-a347-ff7b5f9bb585
78754fa4-f6f2-43bc-8395-3df62e5ba6c4, P0691                , 2025-05-16T00:29:25Z, ae2a1fca-4f2a-4e4c-b18a-6210446d81f9
ffc01083-8065-4f79-b6f6-c35fb7f2d6f2, P0692                , 2025-07-31T19:42:35Z, 5601f96e-6651-4f19-b143-d0bc9b709625
be35f022-1697-4791-bc96-494b070d5e2e, P0693                , 2025-03-30T03:23:44Z, 7f5eb962-a5f2-40a2-9db5-3e9d49ee3b8b
be35f022-1697-4791-bc96-494b070d5e2e, P0693                , 2025-04-02T21:03:44Z, 4c895a38-4ac8-4afc-b932-9669747836c2
89d72721-759f-4261-8a53-39facba61782, P0694                , 2025-12-02T03:09:05Z, 2b25d488-38ff-409d-b7a5-693fa3151063
89d72721-759f-4261-8a53-39facba61782, P0694                , 2025-12-31T06:44:05Z, d1b6c340-5710-4be6-a956-780e4f7c0fb7
89d72721-759f-4261-8a53-39facba61782, P0694                , 2026-02-26T10:25:05Z, 7528fd22-f8a4-4798-b72e-c22901037d40
80124254-33fe-4a56-ba61-c054ba3d23d1, P0695                , 2025-11-29T11:02:59Z, 2ba2de9f-475b-4a0a-91d6-4eadf910f95c
80124254-33fe-4a56-ba61-c054ba3d23d1, P0695                , 2025-12-05T18:02:59Z, 57725d4a-838c-470b-89ce-d2b607a9310a
80124254-33fe-4a56-ba61-c054ba3d23d1, P0695                , 2025-12-29T23:36:59Z, 6ce1f138-79e5-4d53-89f8-6f5aab279585
aac228ff-1cab-4b9f-8edf-671e6ebd456d, P0696                , 2026-03-17T23:36:50Z, 042c3e3e-c083-4e11-b442-68561d077d52
69aca275-02fa-410e-b429-2ed5fd6f26bb, P0701                , 2025-06-04T11:26:53Z, a360821d-8d57-4609-8d64-22455d482054
69aca275-02fa-410e-b429-2ed5fd6f26bb, P0701                , 2025-07-04T10:16:53Z, c99e4a5b-c270-47d8-b86c-b77d0538741b
69aca275-02fa-410e-b429-2ed5fd6f26bb, P0701                , 2025-09-06T02:03:53Z, 76b2dd33-b61f-459c-879b-7dddfd81eaaa
69aca275-02fa-410e-b429-2ed5fd6f26bb, P0701                , 2025-10-12T08:22:53Z, b054131d-cb41-4bb1-8849-9fbdcfedbda3
6f050c37-8840-43a5-b3ab-9465ba68fa91, P0702                , 2025-06-06T23:15:48Z, 80727fb3-c4b4-4003-a57b-459fdb4f5606
6f050c37-8840-43a5-b3ab-9465ba68fa91, P0702                , 2025-06-28T20:13:48Z, 8f4021d6-244c-4082-9fa2-637bbc40b7a5
12cfe605-fa03-4602-84c8-b39f860151cc, P0706                , 2025-10-13T08:47:03Z, e5bd96d5-49ee-487b-a4c2-530fe5a89d4b
8a1bc307-3a6c-4ecc-8315-7007d01c259e, P0708                , 2025-03-05T14:59:34Z, 3a07f282-9051-4691-8a3c-aaa956ba069a
8a1bc307-3a6c-4ecc-8315-7007d01c259e, P0708                , 2025-03-13T09:07:34Z, f7645fea-7d43-43ba-98ef-49ba6c17ee0a
12870a60-4122-453f-ae85-a52f459d980f, P0710                , 2025-02-14T08:21:20Z, c3dc53ff-8410-428b-96d4-f7e3bbfdd610
9842b84a-0b93-4ebc-9137-73c7069b974d, P0712                , 2025-06-30T09:59:56Z, 81fce605-a9f6-4be2-b8cb-26fc493887f1
fd990eac-8456-4dc1-bf10-122dcd1a7e7f, P0713                , 2025-10-15T20:42:09Z, 83c60dc3-5526-40c2-a02e-d1a6e97a42b6
fd990eac-8456-4dc1-bf10-122dcd1a7e7f, P0713                , 2025-11-16T20:58:09Z, 14d4a59c-6996-45a8-a557-44ea3dd2f853
0358162e-bc3f-4238-8e7a-735b7f92d41c, P0715                , 2025-05-12T04:48:12Z, f696cef2-2507-41fe-97f9-545877f27a68
0358162e-bc3f-4238-8e7a-735b7f92d41c, P0715                , 2025-05-19T04:23:12Z, 0ad6f452-b8f3-4ff6-806f-d2e0bddf99c4
8474bbe4-9eea-4ebc-8477-3fb56a22a24d, P0716                , 2025-08-03T17:44:48Z, 3370c7fb-bf7f-4455-9866-f4772ce81f17
8474bbe4-9eea-4ebc-8477-3fb56a22a24d, P0716                , 2025-08-12T19:28:48Z, ced2ce47-5b94-4e43-83ad-d7c74df5ae8a
1268adc1-28c9-499d-8f27-a4dc6bb3b390, P0720                , 2026-03-02T20:13:50Z, 7b318cf7-f502-44b4-9937-dd8e3b03d7fc
57e4d23e-5b1c-4ba4-9e5a-5041f4c2e1ca, P0721                , 2025-08-23T07:29:06Z, 6954efe8-efaf-4003-ab10-832ee6b4f31d
57e4d23e-5b1c-4ba4-9e5a-5041f4c2e1ca, P0721                , 2025-11-21T01:21:06Z, 4eb1cf6b-6f7f-4d6b-89ed-63d959340e92
5321e847-c99c-40d4-871f-d7a3788d1c29, P0722                , 2025-12-14T20:41:27Z, b4e86d77-96a7-4fa8-9599-1b624cffaca6
3f2e8203-5ad0-474c-92f6-525a4275245c, P0725                , 2025-06-06T20:28:46Z, b27f0948-e563-499d-a582-e6591220a375
3f2e8203-5ad0-474c-92f6-525a4275245c, P0725                , 2025-08-23T09:56:46Z, 92e6c415-7542-4a6b-b50d-ae23e0de1bc8
0f7333d5-0f15-4ab5-998d-93451cca3add, P0726                , 2025-12-24T16:56:07Z, 9615eabc-d7b4-450e-a531-1c7af2d0bb2f
0f7333d5-0f15-4ab5-998d-93451cca3add, P0726                , 2026-01-18T11:26:07Z, 2dbd606a-75b0-444e-8a8b-9b1ec977c37d
9de6aa0f-babe-476e-879a-624da501bb28, P0728                , 2025-04-28T00:17:10Z, 2a23bb4b-dd08-4441-970d-1c03d3994648
f4f55c80-d81e-4b59-8f9d-1844c7b83852, P0729                , 2026-01-24T03:03:34Z, 6ee2d1ad-5032-4ae5-8468-0e58a337fc64
09d4c437-92d2-4849-8e26-1cf86ddbec6a, P0730                , 2025-04-24T19:54:14Z, a8d38ccb-0cd3-4307-8b74-93aab0024d1a
09d4c437-92d2-4849-8e26-1cf86ddbec6a, P0730                , 2025-05-22T14:06:14Z, 9e05ee1c-618a-44a8-8ddf-d6939b0ef852
fc7486f3-8903-4bae-b95b-30a6ab7de4ec, P0731                , 2025-05-20T05:25:45Z, 30f19cfa-147c-4838-b2c5-fdcdd6c5b562
fc7486f3-8903-4bae-b95b-30a6ab7de4ec, P0731                , 2025-11-17T05:50:45Z, 368ba6a1-09b4-4afe-8e59-268ab7af2865
2c4f9989-d336-4bf4-886c-ea99e1256c31, P0733                , 2025-07-03T08:56:31Z, efbe6b46-44a8-4e14-a3f5-586b8be6dab4
f688285b-c5a8-4a55-98a0-7e30a24f7d9f, P0734                , 2025-06-18T16:20:05Z, 15159f41-2365-4aba-9644-639124025fc0
ceebf557-6ffe-4690-91cf-cc472dfe71a8, P0735                , 2025-10-28T05:40:10Z, 7e0b5c89-1f8d-4e73-bc3c-173f71a85c72
ceebf557-6ffe-4690-91cf-cc472dfe71a8, P0735                , 2025-11-22T00:34:10Z, f3126e52-599d-4571-9906-5c4a21fa3373
f57f9302-a06f-408e-a68d-83e9b5965388, P0736                , 2025-09-12T06:03:28Z, 17ea4e22-adb6-4ce3-9782-eaeb21582da3
5fc1bf9c-0946-446d-9730-1d57364902ab, P0737                , 2025-02-08T20:33:10Z, 65c041ca-2057-46ed-a30c-63601c1f44a7
09cb2624-d535-499d-a434-74b397e88a4c, P0739                , 2025-08-25T07:43:26Z, 7bf310e7-6f31-4ce5-8bda-cf6a39e497a8
09cb2624-d535-499d-a434-74b397e88a4c, P0739                , 2025-11-24T11:10:26Z, 71d29046-c5c6-4550-bc44-a62610d938ae
0619cca0-ab4c-41d7-8e5b-dcf6720f6ff4, P0740                , 2025-09-19T23:12:03Z, eac953ae-6d7b-4e8a-8b5b-dfefb512188f
af1e16ef-18ed-4d4a-b69d-56f82322064e, P0741                , 2025-08-07T01:28:13Z, 16b0076e-9946-49c4-9797-5e4c5e3df564
af1e16ef-18ed-4d4a-b69d-56f82322064e, P0741                , 2026-01-03T09:39:13Z, 0e7f887c-4b95-4ce1-90e0-338c930686a1
e52f287d-159b-49a0-a991-c971015eb25e, P0742                , 2025-09-13T02:42:38Z, 657efbd4-53e6-4b04-8eca-adb8c6a29fba
85e4c0fc-f24d-4369-bbe2-29ccbde98afe, P0743                , 2025-05-23T18:13:26Z, cca3a09b-cb38-4939-ba71-d50f9c811a54
193ddb56-6d95-4a69-af19-e73ad7dd16f8, P0745                , 2025-11-01T06:25:41Z, c4576bd7-0d9b-4f0f-9267-425a658a4ff4
d6c1a32d-e1ab-47a8-854c-fbf962bfc34b, P0750                , 2025-07-12T05:25:56Z, fa3ba2f2-cfa1-45a6-997c-b3cb47a0736c
e12158e9-ccb4-4eae-8773-3da463665372, P0751                , 2025-10-09T09:44:35Z, 54c0a3e4-09c2-41bb-a3da-fa7e7ae820f6
4dec64f4-c540-46a2-bf90-6e87774fa432, P0752                , 2025-08-20T16:31:35Z, b46d4d42-b459-494f-a9d3-944c3aa4127f
4dec64f4-c540-46a2-bf90-6e87774fa432, P0752                , 2025-12-06T10:05:35Z, c2c6fcb1-9e76-4fc4-ad3b-8de29170d1eb
c76bcba7-9f35-4234-b38d-f77e95f42cd7, P0753                , 2025-01-14T15:20:44Z, c7c0ca1a-803a-4a93-811c-df7c2c6722e4
73d95fa3-d525-4930-9457-07521b45a072, P0755                , 2025-05-05T00:08:26Z, 2a25216a-c9cc-4818-a218-8adff4808100
df402bcd-0f54-4f23-a7ee-3ed85a93dd95, P0756                , 2025-11-01T09:19:34Z, 615a8a78-7431-49e4-bcef-dfeb29e2eb61
8de032fe-35ae-4e3e-b2d8-34b9b49cdb34, P0758                , 2025-03-07T07:41:46Z, abec3d73-c2c2-4708-ad22-e2818b61e0f5
8de032fe-35ae-4e3e-b2d8-34b9b49cdb34, P0758                , 2025-06-05T15:16:46Z, 426d1a2d-d6d4-4e52-97b0-1879d1000282
061d8781-4a48-4a49-ae1c-870f52796b8a, P0760                , 2026-05-15T02:29:58Z, f3d47bf7-b296-4550-b7f0-24de39f521ad
e01b3d29-ffd9-4c54-b94f-3b8876344752, P0761                , 2025-02-20T12:57:57Z, a9c23d59-0bca-464f-80f5-adbb73592834
95aa3682-fd3e-466c-8a29-d37717a33cd7, P0762                , 2025-07-30T12:29:30Z, a584b7aa-70ea-4a78-bbf8-3fe34dcc4f5e
de66a945-c3a5-46f0-8564-ef3c905d1842, P0763                , 2025-10-21T14:19:26Z, 13671ac7-3812-495d-a6f9-84a258c9f4f8
312a4843-7632-4b8c-a517-8d7d289944d9, P0765                , 2026-02-09T13:20:46Z, dfe262b7-22f9-4cbc-a133-f85f54256a30
f4bff377-bee4-4597-b6f3-92ba80787d1e, P0766                , 2025-10-09T04:36:04Z, 7f442364-0cce-4663-ab1e-e10719c02d6a
e867c0d1-8462-4614-85b4-5c3cc0b1ed29, P0767                , 2025-10-26T23:46:07Z, 498a6282-4c0c-4d83-b2e9-fa8eb3e73f95
e867c0d1-8462-4614-85b4-5c3cc0b1ed29, P0767                , 2025-11-06T10:58:07Z, f45a9740-b66f-45e5-b0e7-c49777d58c60
b34e1298-5074-4f7c-b29e-63caa56cb97b, P0768                , 2025-01-05T05:15:23Z, 3e12b3fc-71f2-45cc-a99c-00b6c00eba12
b34e1298-5074-4f7c-b29e-63caa56cb97b, P0768                , 2025-01-11T00:27:23Z, 0c0d081d-d999-4554-9ab9-7db083397e0b
1f30c5d0-547e-45e8-833c-b747b07e3cba, P0771                , 2025-01-28T17:25:55Z, 5d6a4905-5eee-4df7-81e8-710f522cdc6b
bfa0b329-20e2-4121-a903-f035b782cb00, P0773                , 2025-07-29T17:32:28Z, 70d32d2a-3526-4c36-840f-26ffb9e6fb8c
835c18bc-337b-4759-a6e8-200fbbb4c292, P0776                , 2025-03-11T21:19:27Z, d8b78a3c-110a-4fda-89df-1e4908b65934
978e1c35-a385-40cf-a1ba-63ca81fbe243, P0777                , 2025-08-30T20:58:41Z, cf562117-baa0-41d7-b643-7315c0d99cb5
d96aca1a-12b7-47b1-b7f1-91da755811d3, P0778                , 2025-08-30T13:03:07Z, 5241c8f8-b442-4fbb-a61e-93516fa222f0
d96aca1a-12b7-47b1-b7f1-91da755811d3, P0778                , 2026-01-24T16:16:07Z, 5c222768-e030-4674-990c-a72b1d394d4b
8017ed2d-d505-4d9e-a47b-ee983fccf59a, P0779                , 2025-04-10T19:50:22Z, e2b490ff-f2e0-4a5c-ab46-e99d28b24e2c
8017ed2d-d505-4d9e-a47b-ee983fccf59a, P0779                , 2025-05-11T07:35:22Z, fbc2d691-8d0c-442c-b78a-931dd5da51e1
8017ed2d-d505-4d9e-a47b-ee983fccf59a, P0779                , 2025-07-10T10:05:22Z, 0f8740fb-ef63-46a4-9f36-0bbd13a8835a
8017ed2d-d505-4d9e-a47b-ee983fccf59a, P0779                , 2025-08-29T19:06:22Z, 395fb1fe-dadc-498c-bf52-eef5e845e6cf
cd738626-8769-4103-bd19-e28719b15a9b, P0780                , 2025-02-28T07:44:36Z, 026fb7fd-8c4f-44db-b268-713418111db7
638ebcb2-e330-4cfb-ba39-78200929692b, P0782                , 2025-05-11T06:01:17Z, b05bda30-c2e8-49c4-a3b2-3f5bf877a0d7
638ebcb2-e330-4cfb-ba39-78200929692b, P0782                , 2025-08-07T16:01:17Z, 9b1ffee5-0899-4bf0-b489-37a23b13a186
8517042f-1188-4523-8bdb-48b3e9f83996, P0783                , 2025-07-09T08:57:16Z, 1537ee2a-602f-4bab-a89e-00cd7eb6cf68
8517042f-1188-4523-8bdb-48b3e9f83996, P0783                , 2025-11-07T06:09:16Z, 925d8ba8-68d2-453c-b32d-80326999cf53
c673e6f6-0f1a-4ea6-a0ad-0ecca5ea315b, P0784                , 2025-02-12T16:57:48Z, 10f4de11-6343-4d7b-9eaa-e69fbcc9db9a
c673e6f6-0f1a-4ea6-a0ad-0ecca5ea315b, P0784                , 2025-02-24T03:48:48Z, 0b3096ad-b8c2-4697-bad9-0082db22951e
d5f45ae0-5436-48a5-9288-3f5cef82593d, P0786                , 2026-05-21T00:13:22Z, 9beafd90-07e4-4045-847a-0b2cdd47667c
fbd1ef67-4be6-4619-99fe-00716af8f50e, P0787                , 2025-10-17T22:15:41Z, 7911b649-a809-4dd8-817d-494b4b93b106
3cedfc24-3494-4df2-9648-c1f5f7982e57, P0791                , 2025-11-27T17:34:03Z, c4f4c5a1-5969-4e89-954c-0e9c3ee49215
c2a52e47-f6b5-469b-ae00-1944f1d722e4, P0792                , 2025-10-21T13:06:22Z, 1b32c12f-da02-407a-a829-9d4f74217394
ce254abb-fffb-48e5-b58a-fa7e5a66b86e, P0794                , 2025-02-19T06:32:09Z, eda60ebe-4987-49d9-8bca-91678aad5b38
ce254abb-fffb-48e5-b58a-fa7e5a66b86e, P0794                , 2025-05-18T14:14:09Z, 351b42f0-d3b3-4db2-ae4b-c9d0d359bdf2
d5a7a158-76e6-4f40-af65-ab3fda834627, P0796                , 2025-07-15T10:00:04Z, ef0c0934-baa2-465d-bb4a-5ecf25201426
d11dc96b-adc2-4ed6-96de-ae5d8e1380a3, P0798                , 2025-10-12T16:40:52Z, e82c74d9-74cd-426e-85da-fa22c96a9cdc
9f735d22-54e8-45ab-baac-5bb55fb48c3b, P0800                , 2025-08-12T23:17:06Z, 46821ce1-9a40-456a-a59b-c00e54faa605
9f735d22-54e8-45ab-baac-5bb55fb48c3b, P0800                , 2026-01-03T11:39:06Z, 39c3ac03-69a5-45c8-b0b6-76af64871e9f
c2f846c5-c369-4a73-9333-a1b36d12a447, P0802                , 2025-05-11T04:08:25Z, 37c9ddb3-09b1-44e9-a06e-fa097977374d
dbc6df49-da80-4661-a148-da2f8b1d0172, P0803                , 2025-11-29T21:11:50Z, 7f7ffd93-ad44-4735-835d-fa916fbac0b9
dbc6df49-da80-4661-a148-da2f8b1d0172, P0803                , 2025-12-20T16:04:50Z, 9095ab8d-a606-4e7f-b209-6979c3efc227
dbc6df49-da80-4661-a148-da2f8b1d0172, P0803                , 2026-03-30T12:43:50Z, cffce7d0-7191-4349-83d8-af432108f108
008b95cb-9ada-4648-9897-c2bd019147c7, P0808                , 2025-12-31T02:59:28Z, 541c2083-40ed-4cd0-8165-e2683d76e531
c47cdf4e-3d58-4215-90ca-282072c082a7, P0809                , 2025-08-21T00:36:58Z, 0a56378b-c6df-4006-8494-96bc01264188
c47cdf4e-3d58-4215-90ca-282072c082a7, P0809                , 2025-11-18T21:25:58Z, 1c573024-e344-41e7-9927-d9bd4fc1e121
4cdb8e6e-a541-4946-a287-ac2b49843b0c, P0810                , 2025-05-24T15:18:29Z, 4933f7f2-c1ff-43e7-abbb-5b2fe426c5dd
3b194df4-35c0-4cd8-8f25-8eab8bc8e12f, P0811                , 2025-03-07T04:03:00Z, 3be34802-b5d8-44bb-8c1d-0bf6c532729b
ef5f16f4-815d-4af8-ae66-48dded573532, P0813                , 2025-10-31T02:02:10Z, 953cfbf8-df18-4661-b366-75c25a659ad9
ef5f16f4-815d-4af8-ae66-48dded573532, P0813                , 2025-11-09T02:47:10Z, b2521354-41e4-4ba4-83c1-c58dc37dfd76
d1a13dd2-3e57-46c9-a634-9316c8e81fbb, P0814                , 2025-07-04T22:31:43Z, 7309e5b0-4506-4e88-b072-3165272d889d
19376331-3a4a-4f7b-84fe-4f56911aec3f, P0816                , 2025-08-14T08:49:22Z, a0acbd7a-1c6c-4d15-be92-bcc875f58f41
ab2bf907-a72b-4618-b2b0-e10d4816db98, P0818                , 2025-05-14T01:14:42Z, 941cc1de-831f-4aa0-ab21-c753c41601b0
bbbf6bec-1308-4c9f-94d4-f180a0f532f1, P0819                , 2025-04-18T11:47:44Z, 72553b6a-21f3-49e3-9791-0f4a3eb014be
487292ca-cb33-472a-b9d6-afeb9876956e, P0820                , 2026-01-20T04:56:33Z, 4204fa0b-fc45-44aa-b73d-2b378110d146
d999f826-b802-4a59-9c02-7905ca1e6da6, P0822                , 2025-04-30T15:40:09Z, 4a03e1e4-ad92-4434-a5fb-a116bc997c17
b5340b7f-ec2b-403c-a495-fc0bf0e7f3b0, P0824                , 2025-05-17T01:51:18Z, 54423b31-f5ff-4ba5-9d4f-271f1232f9bb
ac2a970a-61cb-4342-b281-6ff2071ea9b6, P0828                , 2025-05-10T17:17:09Z, 6168f579-c976-4e51-80ed-20123732be7d
fd2032ff-dcaa-448a-8d0a-0e294aecf389, P0829                , 2025-05-14T19:49:21Z, 14474368-f1df-4b27-9359-81fca8808429
fd2032ff-dcaa-448a-8d0a-0e294aecf389, P0829                , 2025-08-06T09:12:21Z, 862e4bf8-6b71-461f-a5a2-17a28ffc39d7
f6492d25-f8f1-44ed-9679-f135981c2e31, P0830                , 2026-03-20T02:39:11Z, 4d666fa0-6caf-4a3d-95e3-cd44e8354f15
a998f7de-b857-4542-9ea0-c78a431e2993, P0831                , 2025-12-19T03:13:47Z, bce1e04d-0b2a-4e40-a99b-fc5625ecb83b
af3899c9-b051-401d-95ea-b499cfea9a8d, P0832                , 2026-01-08T10:10:27Z, 8ec7cafa-693e-468f-87d4-6ab12d773d39
241713a0-642e-466f-8862-1cf9429690f6, P0833                , 2025-09-22T00:21:35Z, d7fd2214-7b27-4e40-a7ba-52cd7b438877
6017d627-a20e-4323-ad6d-d46583a8442f, P0835                , 2025-11-15T23:12:13Z, ffbb5bc9-0924-4ae6-bdaf-40af52a45ece
61ad0131-822d-425b-8ad4-f78864a3731f, P0836                , 2025-09-06T13:18:43Z, 0c733aff-0f7d-4d35-b388-1314895d8234
e3d83fec-0289-47ad-9cff-d83894bf8f54, P0838                , 2025-04-13T23:59:59Z, eec078ea-4f45-4f87-999c-d0bec9d73f6c
baa12ce5-e86a-4964-84a7-bfbb9e639982, P0841                , 2025-07-11T23:19:16Z, 81f1fe95-8ab6-409b-975d-e55c4c7c7229
baa12ce5-e86a-4964-84a7-bfbb9e639982, P0841                , 2025-08-04T00:41:16Z, 7d446c56-7395-4e26-9848-0a2f77c2af99
c4ff75b4-6655-4506-9dca-433994ea075d, P0842                , 2025-04-28T10:59:25Z, c0a8f60b-22d2-43de-adb3-b9a5ecb016ae
847dc898-835f-4a93-8c33-b901dcbd493d, P0843                , 2025-12-04T13:13:26Z, 688d1c40-f506-4a8a-972c-890062360685
847dc898-835f-4a93-8c33-b901dcbd493d, P0843                , 2026-01-05T11:46:26Z, b5a917a9-abd5-4317-b389-c4ca5d9bce1e
847dc898-835f-4a93-8c33-b901dcbd493d, P0843                , 2026-05-02T10:22:26Z, 0271e94c-fac7-45b5-a1b2-6d299d50f02c
53c56f07-d1e3-4116-8eb9-5ca4dea37353, P0845                , 2026-01-28T09:56:29Z, 0d88b45f-4f72-4119-b2b1-3835248967b5
53c56f07-d1e3-4116-8eb9-5ca4dea37353, P0845                , 2026-05-28T16:13:29Z, 21f67e55-a7ce-4f35-8f2c-886c036c5f68
d702894a-7039-4701-9e9a-1539dbc1fa68, P0846                , 2025-09-18T17:58:22Z, 338e171d-a3a6-4be2-8b7f-443b2b28540e
109c730b-a181-4547-be8c-e38368b76cf8, P0847                , 2026-03-02T18:34:51Z, cbcb6b74-f2e6-4c47-ad5a-aab4fc6a28d9
01c53e73-bfdc-492c-96f8-b77d4c2e094a, P0848                , 2025-12-06T12:51:11Z, 2a96acf7-713d-4417-9356-f6d066665d45
01c53e73-bfdc-492c-96f8-b77d4c2e094a, P0848                , 2026-02-03T11:14:11Z, 7e7a4fe8-2703-41fe-912d-8f8c2681efdb
01c53e73-bfdc-492c-96f8-b77d4c2e094a, P0848                , 2026-04-17T17:40:11Z, c58c5c84-9d58-405a-8990-feae34558bb2
d80725ff-de20-4152-be01-844b2ab5c3e9, P0849                , 2025-08-19T07:08:35Z, 91ed0664-cc75-4bdc-97a5-478c7ead3927
82549ac8-130e-4a46-8d79-91bddda2bccb, P0850                , 2025-06-19T23:46:47Z, 7ff42518-d467-435c-a852-90834c00cc8d
82549ac8-130e-4a46-8d79-91bddda2bccb, P0850                , 2025-11-12T00:44:47Z, 6ad7546f-0454-4bf6-a044-febcb623e51c
57529e9e-db5d-486c-b062-9f700c54c8cb, P0851                , 2025-11-28T00:43:16Z, 52703d7f-80db-443a-af0a-67ae8e38cd86
3edc542a-78bf-4533-849f-3b5a07cc71fc, P0852                , 2025-11-20T15:43:13Z, 277a633b-0e3d-4b6b-94dd-817b20cae082
5c79d952-dff2-4412-90d8-6f19c9feef2d, P0853                , 2025-08-27T21:23:26Z, e6d11609-8c13-4e32-8219-b129283c428e
86f1575f-916a-4cb6-b5b4-c4010be2d6ef, P0856                , 2025-03-02T19:05:44Z, fe1b030f-d573-495c-b63e-c44902628d5d
86f1575f-916a-4cb6-b5b4-c4010be2d6ef, P0856                , 2025-03-12T03:34:44Z, bddb8bf7-47d1-4694-8a25-1610864979cd
f67bef59-cb8d-4210-a223-0522b493a674, P0857                , 2025-06-22T08:00:45Z, cf5d57a7-fec4-4443-aeda-0a499ce4281b
f67bef59-cb8d-4210-a223-0522b493a674, P0857                , 2025-07-23T01:49:45Z, a4b0ee5f-4415-4294-b5c0-ce4942cd8620
e2442b10-d745-45fe-b7c2-88d4ef8f060c, P0859                , 2025-11-08T20:13:48Z, 14b9b862-554b-4fb8-aa59-e1d5ef77c37a
a2478228-39d8-4e83-a735-2887a593bcff, P0860                , 2025-10-15T11:04:16Z, 75a6b294-6a24-4df6-a6cf-719788bfedf0
9791dc4d-ee0d-4492-b570-d5084d508d14, P0863                , 2025-06-18T00:40:58Z, 6079c437-a67e-492e-974e-20bbaf01e821
757f94b9-ddbb-4eec-a371-73ad1c9f8680, P0869                , 2025-05-16T03:51:54Z, 48a0ab23-d164-47de-ad09-70e303290722
dfb4d6f5-cf0c-46fc-ab6b-112dd0f96294, P0872                , 2025-09-23T14:44:58Z, 891ca2db-2e28-46bf-80c6-be6bb0b27d38
dfb4d6f5-cf0c-46fc-ab6b-112dd0f96294, P0872                , 2025-11-29T19:31:58Z, 5f09c587-4545-41fd-b0c6-d97fda8fd44f
ca85e5d0-b2f0-48ea-ac64-c3d561f0aa49, P0873                , 2025-04-17T16:40:37Z, e4b4c564-4791-4b32-ba7f-b9859e0c0817
50a5c954-9dc2-4557-a3cc-7d0be1402987, P0874                , 2025-03-08T05:20:29Z, 8935f029-0ac8-4b8c-ab49-62b87d8b21a2
2b138d42-62d6-437a-b0c7-e3e50d941ff1, P0875                , 2025-12-12T19:26:29Z, 5b21fde1-0eff-45c5-b640-f9f431bf998d
379beb56-06ef-4f59-bf99-7cef0a3f0d6c, P0876                , 2026-02-21T02:31:55Z, c9ae4b3f-9a9e-45b6-aabb-96031790a7d5
efcb3ca8-b7c2-44e8-8a70-18016d42bcdd, P0877                , 2025-04-24T15:40:23Z, 2dacc6ca-36df-45d7-9fe1-4b9112e33e89
f5ec1207-c2ce-4304-8b77-728d98e1b188, P0878                , 2025-04-10T07:08:05Z, 02564912-dffb-46cc-814d-3d9c70c5f80c
f5ec1207-c2ce-4304-8b77-728d98e1b188, P0878                , 2025-05-02T23:37:05Z, 8f3645b7-034d-4cbc-a60e-f9c88c051b37
043c90e9-7be0-4389-aa58-6449d260000f, P0879                , 2025-05-20T16:25:08Z, 5da2b6a4-67dd-4a10-86b2-5b81e6800538
043c90e9-7be0-4389-aa58-6449d260000f, P0879                , 2025-06-13T06:26:08Z, 4797fb79-466c-45ed-bfb2-4c775d8124b2
203ce3a2-8cf9-4100-84e6-a4b2feb41e81, P0881                , 2026-02-02T15:52:40Z, 006b3064-de66-4223-b0a6-9273beae4ca3
69d46125-6441-4141-811a-59d2316f9bf6, P0882                , 2025-10-31T07:31:45Z, 94e2eb1a-09a0-41b4-a30d-92fabd904891
69d46125-6441-4141-811a-59d2316f9bf6, P0882                , 2026-01-28T02:16:45Z, b352e581-fce1-4189-8f60-4ef59b2e7738
20bf06cc-b07e-45d5-80ca-37c13fc73fe2, P0883                , 2025-03-01T05:15:40Z, 601516df-b46d-4e81-990a-bcf11946b60e
20bf06cc-b07e-45d5-80ca-37c13fc73fe2, P0883                , 2025-03-22T01:09:40Z, 942081d0-343e-4b6b-91ef-bf9b6a950a67
97ca99b2-cfb4-4cf3-b3a2-13ef69ac3dfc, P0885                , 2025-04-28T09:42:59Z, 7dfd9563-41dc-4959-8b25-efbe6dc13b90
97ca99b2-cfb4-4cf3-b3a2-13ef69ac3dfc, P0885                , 2025-10-10T03:33:59Z, 1232ebc3-43bd-42bc-92ce-2f59a2ed83ae
1ef03599-736c-4527-8411-a9b76665d777, P0887                , 2025-07-30T01:27:55Z, 9bb55874-045d-447f-9539-9a0ca40b9b9f
c35a6997-a4aa-4fcc-a442-635cb54dd6a9, P0888                , 2025-09-07T10:48:35Z, db6039de-5ecd-405f-af4a-b5b539db7dd1
0ee6ac32-5e56-4313-9f3e-793d1ffd9e41, P0891                , 2025-06-21T11:34:09Z, 0f925533-a59e-46c1-b840-7abdc2988294
0da68072-3a76-4a0c-8aa3-ea434ff27d46, P0893                , 2025-10-17T14:18:45Z, 3abf9df1-79ce-4b92-9533-ae55474cd067
0da68072-3a76-4a0c-8aa3-ea434ff27d46, P0893                , 2025-11-06T12:14:45Z, dc367015-d7d7-4ebc-b730-b418c2062449
0da68072-3a76-4a0c-8aa3-ea434ff27d46, P0893                , 2026-01-07T18:38:45Z, 0b3aa567-a4cf-4c94-9fad-c65385456e04
1a923cbb-65f1-4098-91e1-0490b834e3a4, P0894                , 2025-08-09T23:58:09Z, 9caf2b2b-02b0-4270-814c-ef899ccdd643
69403a0f-5989-423e-85db-7b7677d51497, P0895                , 2025-12-21T08:59:29Z, de33d600-b371-4972-be99-249151e623bf
433a399e-a7dd-4475-afd8-e3e42e04ee32, P0896                , 2025-06-21T09:56:35Z, 488a1097-168b-42c2-a552-76f607d84e84
c1071607-e788-4e06-b5a9-c9454a7be13d, P0897                , 2025-05-15T01:24:56Z, 9c5d328e-d864-4711-940e-2999f86df18a
c1071607-e788-4e06-b5a9-c9454a7be13d, P0897                , 2025-05-21T03:40:56Z, 2f173106-356d-42b8-aa3c-cba6528e9a25
c1071607-e788-4e06-b5a9-c9454a7be13d, P0897                , 2025-06-13T08:33:56Z, e8a4aff2-42e4-476e-8660-7882d76885df
3426f19e-1344-45a5-9bc4-bb4681640a31, P0898                , 2025-02-10T14:40:15Z, d91b83f8-9d40-49e4-af84-a8e7e89baafb
bcfab67c-b5d4-487b-b944-b0a876543352, P0899                , 2025-09-30T04:09:09Z, cd42b1a2-a940-4e84-95ee-eb19aba75879
03e4e889-569f-4814-bf8f-c684cd076232, P0900                , 2025-11-28T07:58:38Z, 773197c1-fe55-4822-b982-97c8e2e0200e
7cf4f462-470d-4ca5-a81b-f7ca947403da, P0901                , 2026-01-04T19:39:46Z, 6f762857-714c-48e0-bdd4-af78a389d485
ab39c02c-a50d-4282-8fa7-be26a7064326, P0902                , 2025-07-22T13:13:34Z, 6e2486af-7d6c-4928-a31f-fc4e6e45a187
be8469ec-d140-4954-84dc-1c512e3d96dc, P0903                , 2026-06-19T22:35:23Z, e07542b3-f928-4c9e-a34d-68416aed4c55
5a75fb51-7b4e-4de1-a0cb-f0fd5d03e06a, P0904                , 2025-12-22T02:20:04Z, ecddd2d3-06cf-42e4-9545-8e1c4b28d202
b91eb981-81b9-4355-8bd6-5fe33f13eec3, P0907                , 2025-11-27T20:09:40Z, ec4a9efb-0d02-4b77-97fc-9868439cbaad
b91eb981-81b9-4355-8bd6-5fe33f13eec3, P0907                , 2026-05-20T10:44:40Z, 89e32caf-ddaa-483a-b8c4-7d4863d57f0c
a08c510a-a1c5-49c0-a628-96c5ec2d1a67, P0908                , 2025-09-27T04:00:45Z, 79283a56-e27e-48dd-8b5b-1190e6707ec4
8cecb44d-bc42-4a1e-a767-b84e1030c2dd, P0909                , 2025-10-28T11:00:27Z, caa44e44-a3ea-4981-a58e-7e6569f7101c
8cecb44d-bc42-4a1e-a767-b84e1030c2dd, P0909                , 2025-11-28T09:39:27Z, d4d001ba-ae15-4a07-ba70-1fa9dd664e99
8cecb44d-bc42-4a1e-a767-b84e1030c2dd, P0909                , 2026-01-26T01:14:27Z, 803bca10-7b1c-4f6f-b3ce-8295e72360a2
b5dcd06f-a3b2-4858-b8a0-db0590cea56e, P0910                , 2025-08-31T20:36:17Z, d3b01e2b-5e92-4c95-9ffb-3c5411c0c614
2e1bbe53-0fc8-4767-9ebb-5e3feee0afb0, P0914                , 2025-05-27T15:11:23Z, c21226b3-67b2-4564-b631-e0a473cb6c8c
2e1bbe53-0fc8-4767-9ebb-5e3feee0afb0, P0914                , 2025-08-18T12:49:23Z, 79e78358-35ae-4bca-935f-a7cd29a1d7d3
a9132e18-af04-4fb7-ba13-af68501f45ad, P0916                , 2025-08-12T11:10:30Z, 0362c2dc-dacc-4659-a37f-30e11f962bf9
14afefa4-4a12-4fd4-9afc-c9d0a4a2459c, P0918                , 2026-01-28T23:24:57Z, 4fd3fcf4-53b2-417e-a202-3a9315e12ef0
7ed0e3bf-9f37-4eaf-b710-9fd4e11f3e21, P0919                , 2025-09-04T23:05:56Z, e056a7f2-fc0a-499a-b7cd-c1b329212060
02369944-b3b4-47d4-8d5d-d6c070cacb5c, P0920                , 2026-01-11T11:24:01Z, c7346d51-5406-414e-b1b5-43dbf33db299
c642785b-aae7-4c2b-aaff-937d1715d791, P0921                , 2025-03-10T13:46:32Z, b48bcfd5-5d93-4460-b74e-66c57212b236
8a19478c-58ad-482a-81c0-bdc4eea55770, P0924                , 2025-08-09T23:40:31Z, 653e9c5d-6904-4352-99e1-ff80530cafb3
8a19478c-58ad-482a-81c0-bdc4eea55770, P0924                , 2025-11-09T09:09:31Z, 5211c5fb-a320-4272-b208-702f9f257133
85b25b7a-dbb3-4cec-8579-271b9cfd7d15, P0925                , 2025-12-31T07:12:35Z, f169b5d6-f9bd-4f92-969e-7de9449b5aae
85b25b7a-dbb3-4cec-8579-271b9cfd7d15, P0925                , 2026-01-30T12:02:35Z, c6b011cc-c68c-4db5-937d-0030ebefb2b4
51a6c2d8-b808-4381-aa28-d55ee8d38553, P0926                , 2025-04-19T00:12:55Z, 47f14afa-9835-4901-8057-30921633b687
1b47c784-8bb6-4fe1-80c0-daa5fbb39826, P0927                , 2025-02-22T23:10:21Z, a52bc222-a61d-4993-af26-951600d9894e
1b47c784-8bb6-4fe1-80c0-daa5fbb39826, P0927                , 2025-03-26T14:35:21Z, ad927339-d235-44af-a8d8-694da7068d20
c29562c9-1889-403a-a37b-e6fd16a8e9d5, P0928                , 2025-08-09T03:30:59Z, 513d04e9-6b58-4817-a377-66a36436f47c
bc7ff39e-effe-472e-bcd7-b1a63456f8ee, P0931                , 2025-08-29T02:13:03Z, 35196e4d-21b9-4cdc-90bd-df877d1edc86
bc7ff39e-effe-472e-bcd7-b1a63456f8ee, P0931                , 2025-09-06T15:31:03Z, b3654036-fdd4-4a4b-a2da-0f1455d6d335
bc7ff39e-effe-472e-bcd7-b1a63456f8ee, P0931                , 2025-11-25T10:55:03Z, aabf5585-5fa7-40e2-b4e8-c570bedb4d27
b05cfd70-f8b4-4cc2-a2af-b2ba0411c667, P0932                , 2025-06-19T11:45:41Z, 9cfe2092-a000-4837-8a8b-be64f8676d80
9aa13ea1-a804-4220-86dc-5d2ff5b19058, P0933                , 2025-12-24T12:26:41Z, 799583cb-c1b1-4eb8-98af-efbfe028919c
b34030b1-d9f6-4942-bdaf-dd8e1e306a98, P0934                , 2025-12-04T03:45:42Z, bdfec187-ee8c-4660-a471-71cd7845fd3c
5f9dce88-d989-4533-b3be-b6b503a4a80f, P0936                , 2025-10-06T11:41:29Z, 51e12db2-1a65-4f1f-9fc5-0c09f4c7e61e
46b669d9-744c-49ff-a858-27c90d87ce5f, P0937                , 2025-11-30T14:08:55Z, 4f6b0485-34dd-45b4-839d-b1af507b28f1
1e2d523a-5d8e-4560-8b66-1117dafc4b2b, P0938                , 2025-12-14T02:26:09Z, b4e05e10-3200-4f1d-ab99-74379828c3bd
de21145d-757e-4708-9dba-a70b4f5039c9, P0939                , 2025-11-22T07:15:09Z, 69fb7b25-f0b8-4cbf-991d-586714757dfe
b00544f0-74bb-4301-a7ce-8e0bd5346357, P0940                , 2025-05-17T18:40:47Z, b085bddd-9054-47a0-996e-e7b8cb87818f
b00544f0-74bb-4301-a7ce-8e0bd5346357, P0940                , 2025-05-20T16:05:47Z, 97a02f22-3fd3-4f6d-bcde-f36b970a6239
b00544f0-74bb-4301-a7ce-8e0bd5346357, P0940                , 2025-08-11T13:23:47Z, 293a03b7-433c-44c1-b054-53105f2be1de
a13cb607-e567-421c-9fbb-620173949c8f, P0941                , 2025-01-17T17:48:19Z, 05f4993b-d30e-472c-84e8-d40713d74e13
a13cb607-e567-421c-9fbb-620173949c8f, P0941                , 2025-06-23T18:27:19Z, a9fa34e8-66a7-424f-88de-7deb2b7f3b5e
4bd8b788-b167-414a-91ae-7238fe4bd1ad, P0942                , 2025-02-16T03:42:02Z, 8fb37596-1def-4f95-97ac-806d4df0e1fb
7c4b426b-5e48-40b7-b8c2-3535c766843a, P0943                , 2025-11-01T19:21:07Z, 861a84ea-e79b-41ba-aa2e-b835d32f0f77
2e9720ac-9e30-475d-afcb-c96c40d0efa5, P0945                , 2025-09-13T23:13:02Z, 3fc66f92-2873-49eb-82fa-68534977628c
2e9720ac-9e30-475d-afcb-c96c40d0efa5, P0945                , 2026-02-27T15:10:02Z, 978b9045-5662-40a7-ab25-cc21dc5274a3
77c705d5-55bd-4ea9-afb3-b73b690ed9c6, P0946                , 2025-02-18T07:50:42Z, e2516641-7f06-4527-90cc-48c27d0155bb
77c705d5-55bd-4ea9-afb3-b73b690ed9c6, P0946                , 2025-02-27T20:31:42Z, 05a8c7d5-784b-49b3-b7d4-40435eca5f19
77c705d5-55bd-4ea9-afb3-b73b690ed9c6, P0946                , 2025-08-02T08:51:42Z, 871adc5d-4ed8-4808-9085-e358cb71966b
36139fdd-6a2b-4636-a86a-f9f9f9b697a2, P0947                , 2026-02-14T11:14:06Z, 36ec162e-6f55-4cc0-8c9c-172b31e35e82
49916c4c-deba-4838-a5f9-eb6d0252d233, P0950                , 2025-05-08T10:47:36Z, bbb9ba5d-d0e3-4705-bebc-fad9871a5b4a
cae02332-b813-4d76-aedc-c2119e0a4400, P0951                , 2025-01-18T02:51:48Z, 4fe41c4c-38ff-4f1e-a6e6-96ffbe8db420
cae02332-b813-4d76-aedc-c2119e0a4400, P0951                , 2025-07-04T18:56:48Z, 1a789b2f-43d8-4b56-aa2d-44bfc71f3dac
202e10b6-a531-4035-b42d-8c49b9a87735, P0952                , 2026-02-02T12:10:08Z, 2e1aab04-2577-44ed-afb7-60036a21b42b
46c19862-0116-49cd-8d56-c4dba66bb8e4, P0957                , 2025-05-23T04:48:58Z, 46ce51cb-8553-4cdc-afa5-96eead9e4f6b
46c19862-0116-49cd-8d56-c4dba66bb8e4, P0957                , 2025-07-19T02:40:58Z, 9423c7ca-6c61-4199-9c5f-0a9191759e1e
81dcb996-0d3f-4c4c-ba83-aac8627dca22, P0958                , 2026-02-14T02:19:22Z, ffa58f2b-1931-4ca2-86b3-0fb0f2376ffe
6fbbbe7f-20c9-41a8-8eb8-55e81afd6716, P0959                , 2025-09-10T07:25:31Z, 18f097a3-5b62-41a2-a254-ea76b6395e81
41cf826b-301e-46ca-8c07-90cb707503b0, P0960                , 2025-06-01T00:14:39Z, d5feba36-b02c-4801-8244-0f02ea4f10c8
41cf826b-301e-46ca-8c07-90cb707503b0, P0960                , 2025-11-20T13:55:39Z, 6a916f40-518c-4187-91dd-5b96c76e1946
77af2f65-e80d-41ec-b73b-981f089e8826, P0961                , 2025-02-03T08:09:16Z, 6e46fd90-8afb-4c54-8521-04fb95816934
77af2f65-e80d-41ec-b73b-981f089e8826, P0961                , 2025-02-12T00:37:16Z, 7f9599e2-ec09-4e99-844c-c9562c4fffaf
2b1b1177-f543-44b7-b622-08b0057cb02e, P0965                , 2025-08-03T14:18:57Z, 9a793b71-0cc6-42f7-aaf3-e51fb4adf152
2b1b1177-f543-44b7-b622-08b0057cb02e, P0965                , 2025-11-30T11:16:57Z, 499c12ee-92ab-42a5-a924-b16ce563d5cb
a0ca3473-2bd2-4ed4-b543-e21e5dbd828f, P0966                , 2025-10-28T18:42:45Z, c96b2582-45b3-4acc-9a2c-d5a14895227a
a0ca3473-2bd2-4ed4-b543-e21e5dbd828f, P0966                , 2025-11-30T09:31:45Z, b70b1c32-b25d-44e1-9a46-4ec5f956e70c
a0ca3473-2bd2-4ed4-b543-e21e5dbd828f, P0966                , 2026-01-26T02:48:45Z, 2cb353aa-c846-42cb-b649-a19a0cc15491
36082562-cfcc-4055-9033-bed61bc91fee, P0968                , 2025-02-19T00:14:13Z, defe87be-ebf0-43e0-a7ff-69b58ae00cb8
f0340275-d6cc-43b6-acd7-ca06e2244aa3, P0969                , 2025-07-30T22:33:47Z, 337c8de8-12ae-42be-8a7e-2af2b81f4dbc
69b5e215-fbe5-4537-abbf-a276e12a22df, P0970                , 2025-05-17T16:29:07Z, 19f85a56-40cf-4c47-bea3-f78069ab1850
69b5e215-fbe5-4537-abbf-a276e12a22df, P0970                , 2025-06-10T19:44:07Z, a2325618-3dee-4364-8876-f0b535b5cd14
cd08d395-6b8b-42df-aae9-9b728467fbd7, P0971                , 2025-04-26T23:55:46Z, 7b0ee757-ce7a-4955-9e3b-f1b32979a3fe
0eeff595-5356-46b6-ba66-46e1c7c83fd1, P0974                , 2026-01-28T03:40:39Z, 8061863a-175e-4124-99e3-64ab8337bd9d
a5aa6a11-b3d3-41fb-932a-44ba2491c242, P0976                , 2025-03-11T11:50:47Z, 6c0d0ef0-4203-4588-a787-b9cafd902935
7c398bd2-0e1c-4a81-ad8f-19dfa15a0977, P0977                , 2025-10-10T14:34:04Z, fb8b2133-dc3d-4132-b97c-5609ae66029c
392d09dc-4507-4f2e-91ab-f0083987e039, P0978                , 2025-10-27T17:22:55Z, b1c6dc6e-4300-4495-b09d-cccab805119f
fbca6f07-9a55-4796-a544-9c2599a1ce02, P0979                , 2025-02-04T02:36:00Z, 2b5084f9-755e-40b4-a94b-2091dc3d9017
fbca6f07-9a55-4796-a544-9c2599a1ce02, P0979                , 2025-02-12T20:23:00Z, 41ec99c0-09ca-4d61-b390-30ade3455ae0
fbca6f07-9a55-4796-a544-9c2599a1ce02, P0979                , 2025-05-08T14:14:00Z, 3975a3c4-cb81-4dd0-ac91-723292899c86
fbca6f07-9a55-4796-a544-9c2599a1ce02, P0979                , 2025-07-15T02:07:00Z, 6862d19c-f37b-4f55-aa1b-ddf0aa00c8ba
9912f7d3-d599-412e-91d3-6259a3705d99, P0980                , 2025-09-10T02:40:12Z, 4d883976-bcfc-4494-a20a-8976b2618f8c
9912f7d3-d599-412e-91d3-6259a3705d99, P0980                , 2025-11-10T10:25:12Z, 1979d62f-188c-4071-a65c-624ab67cfed7
b0356402-5c48-4aaf-a89b-e8e70a3e98b1, P0981                , 2025-06-16T22:14:08Z, 9a3cb612-f3fb-4c6f-8996-dcaed05148a5
b0356402-5c48-4aaf-a89b-e8e70a3e98b1, P0981                , 2025-11-12T12:50:08Z, bc4fbd8d-0daf-4cac-8e7e-31a04fe11dc8
0dfd5392-fd14-4b04-983d-06ff3507bbcc, P0982                , 2026-01-07T02:51:35Z, fdcc0b24-474f-4c33-8e6b-be6ee017cd43
432fb23b-6cd3-4253-9b17-f8c7573bac7c, P0984                , 2025-09-27T08:10:16Z, dac6af05-e3d4-4fe7-8b06-35525de877c1
432fb23b-6cd3-4253-9b17-f8c7573bac7c, P0984                , 2025-10-26T22:58:16Z, c992ffa1-4e63-4707-a206-627efa198e8b
432fb23b-6cd3-4253-9b17-f8c7573bac7c, P0984                , 2025-12-25T15:45:16Z, 7b6600ad-0f16-4f4c-b71c-80584f1a8a6a
432fb23b-6cd3-4253-9b17-f8c7573bac7c, P0984                , 2026-03-11T05:04:16Z, eb18f441-0261-4056-a169-55cd86e411a1
14ecb0ad-8ffe-427d-a0e5-51486722dcf5, P0987                , 2025-02-26T03:50:14Z, 9e72a887-f6b3-4c11-83cf-e9fe3e75cc58
14ecb0ad-8ffe-427d-a0e5-51486722dcf5, P0987                , 2025-05-27T05:07:14Z, 8eb7be7d-14c8-4ff5-b943-33b157bc8195
1041ff43-1d60-47f5-b2c4-55a29c7259ee, P0989                , 2025-02-15T12:22:56Z, 8090c1be-a647-48c3-9818-1e253a6d2bfb
18441065-c0e4-4044-9196-50da65b00a45, P0990                , 2025-04-19T01:56:05Z, 9c805c9e-214a-420e-99dc-5410b7e26245
18441065-c0e4-4044-9196-50da65b00a45, P0990                , 2025-04-28T11:07:05Z, c4c7363d-9660-4942-a94c-5f082c042785
18441065-c0e4-4044-9196-50da65b00a45, P0990                , 2025-07-16T03:12:05Z, 9d27a65c-b7cb-43ba-aa76-9b259f3a4b9b
259b2134-2a03-41a2-a483-f486fa64cb5d, P0991                , 2025-06-13T09:59:21Z, 1b09c909-392c-482b-8dba-0da9ac63896b
259b2134-2a03-41a2-a483-f486fa64cb5d, P0991                , 2025-06-21T21:12:21Z, b4f6ab57-be6b-48c0-8e86-4de92a53adb4
259b2134-2a03-41a2-a483-f486fa64cb5d, P0991                , 2025-07-15T00:51:21Z, 1b46c774-2433-48af-aa7b-cecc3dabef09
f25b1c64-570c-4b74-bfa7-bb1c70c38c9d, P0992                , 2025-01-20T15:24:30Z, 69c14c75-33c5-4599-877c-5043235f462f
9f13c7a8-caa1-4a75-895c-e12b0192dc62, P0994                , 2025-08-07T11:03:13Z, 6034febf-d668-4e29-a21f-f615ac80c9ab
9f13c7a8-caa1-4a75-895c-e12b0192dc62, P0994                , 2025-11-04T03:51:13Z, 49d0e7c0-1f40-428c-b31a-8f1ff9ed0635
593740f2-3009-4da7-b8bc-80315445c177, P0995                , 2025-10-17T01:31:43Z, 17bd92c2-a5d0-4e96-9554-682b438c7f09
203a8f1e-4ab6-4503-beb0-bb70003e2657, P0996                , 2025-07-23T06:42:46Z, abb8d74b-e79a-4262-9574-3f604027b70b
203a8f1e-4ab6-4503-beb0-bb70003e2657, P0996                , 2025-07-30T13:26:46Z, e3e0e08d-6f76-41ac-b03c-27dfbc005c69
e60b7b3a-76c8-4815-a4ec-407331ef189d, P0997                , 2025-05-03T01:34:31Z, 17349546-3af0-458c-ae29-ba34d38d88c0
e60b7b3a-76c8-4815-a4ec-407331ef189d, P0997                , 2025-08-06T22:40:31Z, c9ff36df-0d6c-44ed-8bdd-e56b2c84f6f5
39436e94-ba94-4023-9054-812534137021, P0998                , 2026-04-30T05:34:41Z, 80a3468c-cc54-4576-b5cf-13dd403ddbed
713a982e-73fc-449c-b4ce-2fcb8d93fe92, P1000                , 2025-10-18T10:43:58Z, f55d8913-634e-4779-a758-73555e29dca7
