ParticipantID                       , ParticipantIdentifier, MessageID                           , PhoneNumber , MessageType, Status   , Timestamp
84bf7b38-130c-49cc-bf18-3aad6494196f, P0001                , 5c985be4-c5fe-4057-8127-b11684919e8c, +15550000001, Reminder   , delivered, 2025-02-23T19:17:00Z
84bf7b38-130c-49cc-bf18-3aad6494196f, P0001                , 1fd57de2-39d0-43d9-bf82-918e6e23bb4a, +15550000001, Reminder   , delivered, 2025-08-05T18:17:00Z
84bf7b38-130c-49cc-bf18-3aad6494196f, P0001                , 4c7478dc-ff9d-4895-b4e3-5d67a3a80b43, +15550000001, Reminder   , delivered, 2025-08-06T18:17:00Z
84bf7b38-130c-49cc-bf18-3aad6494196f, P0001                , beaa173e-87df-41c2-acc8-c18f7452ff5a, +15550000001, Reminder   , delivered, 2025-08-07T18:17:00Z
6d43b916-b00c-4c03-9950-d5289331ebae, P0002                , 16e1b4f2-4b4a-486f-aa01-441c68d531d2, +15550000002, Reminder   , delivered, 2025-06-04T13:49:00Z
f557d92d-a0d5-4229-bbf4-2d8edd9d8025, P0003                , 956352e3-78cc-4f87-8db8-955db66c9c68, +15550000003, Reminder   , delivered, 2025-07-15T15:47:30Z
f557d92d-a0d5-4229-bbf4-2d8edd9d8025, P0003                , ef8ea15f-8a0d-41bc-bb82-3a2a6509acab, +15550000003, Reminder   , delivered, 2025-07-22T15:47:30Z
3cb498bf-9f35-45f7-a552-497593eac1b1, P0004                , 11d4c372-358e-4f24-bc85-7a5d7ee971f9, +15550000004, Reminder   , delivered, 2025-08-18T06:32:20Z
3cb498bf-9f35-45f7-a552-497593eac1b1, P0004                , 331a77cd-ab9a-4fe8-8555-b7043ca08214, +15550000004, Reminder   , delivered, 2025-08-19T06:32:20Z
3cb498bf-9f35-45f7-a552-497593eac1b1, P0004                , 7c6c1772-c980-4d96-8747-e2af4a5603d8, +15550000004, Reminder   , delivered, 2025-08-20T06:32:20Z
3cb498bf-9f35-45f7-a552-497593eac1b1, P0004                , 7fab82a9-2eab-4567-b279-42b7499e6974, +15550000004, Reminder   , delivered, 2025-10-17T06:32:20Z
3cb498bf-9f35-45f7-a552-497593eac1b1, P0004                , 58fa2dc0-73eb-4175-b606-0a25f4f2118b, +15550000004, Reminder   , delivered, 2025-10-18T06:32:20Z
36f8155d-d024-47da-a6e5-c3b412661fe4, P0005                , bd3c76f9-c907-4d5b-8d4d-60ba45a91ea6, +15550000005, Reminder   , delivered, 2025-09-16T20:19:47Z
36f8155d-d024-47da-a6e5-c3b412661fe4, P0005                , 9d73ce94-4135-4a4e-a724-88cbd48f44c6, +15550000005, Reminder   , delivered, 2025-09-17T20:19:47Z
917e3274-ef71-4230-a99d-0738bfd8908c, P0007                , 71cf4954-42c2-4759-bc08-76176bf863d1, +15550000007, Reminder   , delivered, 2025-02-17T09:39:01Z
917e3274-ef71-4230-a99d-0738bfd8908c, P0007                , e6b71eb2-887e-4d25-bcbe-cf1266ebb4e7, +15550000007, Reminder   , delivered, 2025-03-12T08:39:01Z
917e3274-ef71-4230-a99d-0738bfd8908c, P0007                , 66e9b7ed-3e80-4909-980b-0138aa06c215, +15550000007, Reminder   , delivered, 2025-05-11T08:39:01Z
91b27b68-9045-4460-9bbe-419262a86d9b, P0008                , a33a508d-6e2b-4d56-94b1-85649f063387, +15550000008, Reminder   , delivered, 2026-03-10T20:35:57Z
91b27b68-9045-4460-9bbe-419262a86d9b, P0008                , 3953e84d-90ac-463b-ad9b-6a264805753a, +15550000008, Reminder   , delivered, 2026-03-11T20:35:57Z
91b27b68-9045-4460-9bbe-419262a86d9b, P0008                , de1d3b1a-82ab-4df5-b5f3-83e2469730f8, +15550000008, Reminder   , delivered, 2026-03-12T20:35:57Z
82a8198d-1793-4396-ad37-a404feb213b0, P0009                , 06f43dff-2bf1-4fad-b98c-83a19b19f573, +15550000009, Reminder   , delivered, 2025-08-10T05:10:06Z
86ed57a9-ebd1-47b8-8536-59c480407459, P0010                , d97855c6-d515-4e4b-8383-e4e20494fa28, +15550000010, Reminder   , delivered, 2025-12-15T01:12:45Z
4d721588-1a42-4782-89dd-16bd1baf26cf, P0011                , d396dd78-cac9-4e1d-851b-0ef2d6a3b8b6, +15550000011, Reminder   , delivered, 2025-09-21T22:01:02Z
6882d01f-d90c-4d57-89f1-f1bcf8663311, P0012                , 6b9d7674-85d3-4362-861c-46c19c8e7532, +15550000012, Reminder   , delivered, 2025-09-06T20:39:26Z
6882d01f-d90c-4d57-89f1-f1bcf8663311, P0012                , ec380aca-9e47-4368-b830-817e1c65e1ac, +15550000012, Reminder   , delivered, 2025-09-07T20:39:26Z
6882d01f-d90c-4d57-89f1-f1bcf8663311, P0012                , 0c42feb7-c2dd-4e10-92e0-3f39c2c5726c, +15550000012, Reminder   , delivered, 2025-09-08T20:39:26Z
10a375d1-9c4e-420c-8d06-ea850e2a12f5, P0013                , 793bd220-ab41-4ad5-a85c-bdf02700ac08, +15550000013, Reminder   , delivered, 2025-08-05T15:30:41Z
10a375d1-9c4e-420c-8d06-ea850e2a12f5, P0013                , 2890ea48-441c-405a-bf2a-d561ee25f7f3, +15550000013, Reminder   , delivered, 2025-09-04T15:30:41Z
8434845c-17e7-4b22-a978-871a0fc78650, P0014                , ab80848f-f3ff-4b54-9dc8-f7ad76ff52b6, +15550000014, Reminder   , delivered, 2025-09-11T20:25:15Z
8434845c-17e7-4b22-a978-871a0fc78650, P0014                , d9dd02a6-cfbb-4ec3-8a05-b92c4caf6e1d, +15550000014, Reminder   , delivered, 2025-09-12T20:25:15Z
cde65350-2071-4aef-9a72-fd723453bee9, P0015                , e20dd1d8-fde7-456d-89fb-07be1ec03a0a, +15550000015, Reminder   , delivered, 2025-11-01T17:34:28Z
2b0db1cd-a9a9-4812-afcb-008cc97fc13b, P0016                , 8c29878b-c62c-4269-bc0f-1f87828aa04f, +15550000016, Reminder   , delivered, 2025-08-11T20:44:01Z
9a71b9e0-c6fe-47b5-a869-dee80fbaec78, P0018                , 6e44f53b-6c76-4477-be0c-637446809874, +15550000018, Reminder   , delivered, 2025-12-24T16:45:31Z
f88e1fc2-6b27-46dd-bdfc-81333342f20a, P0020                , 8862eb4e-5cb6-4bb9-ae8b-f0f264e6eab4, +15550000020, Reminder   , delivered, 2025-11-06T03:11:11Z
f88e1fc2-6b27-46dd-bdfc-81333342f20a, P0020                , 0eea2bed-cbad-4d79-8f9b-e81fe655e927, +15550000020, Reminder   , delivered, 2025-11-07T03:11:11Z
f88e1fc2-6b27-46dd-bdfc-81333342f20a, P0020                , c6bd299a-f385-4a75-80a3-ebcd136d412a, +15550000020, Reminder   , delivered, 2025-11-08T03:11:11Z
cdf58739-0e9a-4822-98fe-18bbe8f12539, P0021                , 7eecfb1d-197d-4120-b166-8b583d647b0d, +15550000021, Reminder   , delivered, 2025-11-02T20:21:33Z
5d8b825e-2096-45f1-9555-18ef3bde48d6, P0022                , 6f18dc72-9424-4563-afd5-b547446765be, +15550000022, Reminder   , delivered, 2025-08-10T03:33:58Z
5d8b825e-2096-45f1-9555-18ef3bde48d6, P0022                , 685ee8bc-f43b-4580-9b7b-8a7153462c12, +15550000022, Reminder   , delivered, 2025-11-10T04:33:58Z
5d8b825e-2096-45f1-9555-18ef3bde48d6, P0022                , f2538a79-dd6a-4ae6-b0a2-41826de5deba, +15550000022, Reminder   , delivered, 2025-11-11T04:33:58Z
5d8b825e-2096-45f1-9555-18ef3bde48d6, P0022                , 987d2f93-be2c-487a-8118-b28d6babb5cd, +15550000022, Reminder   , delivered, 2025-11-12T04:33:58Z
f47cb7ce-d8be-490a-bab0-93db17d4148a, P0023                , b0020d2d-183d-478c-99d6-9b774010d3b7, +15550000023, Reminder   , delivered, 2026-01-18T05:04:29Z
f47cb7ce-d8be-490a-bab0-93db17d4148a, P0023                , 764eec55-20a2-43e3-a787-30cb9a42934b, +15550000023, Reminder   , delivered, 2026-01-19T05:04:29Z
f47cb7ce-d8be-490a-bab0-93db17d4148a, P0023                , 056184a9-0a47-4f73-bcac-b5d99144023a, +15550000023, Reminder   , delivered, 2026-01-20T05:04:29Z
f47cb7ce-d8be-490a-bab0-93db17d4148a, P0023                , 8034cf02-625a-4a92-b613-56ea84a2d12b, +15550000023, Reminder   , delivered, 2026-03-22T04:04:29Z
730bdf06-493d-4b85-a64e-88d3270cea5f, P0024                , bff55071-0981-494f-88e8-b6500690d6a7, +15550000024, Reminder   , delivered, 2025-11-27T18:33:57Z
730bdf06-493d-4b85-a64e-88d3270cea5f, P0024                , 9348dec5-afea-4d78-9f9a-8b4c15f0cbfc, +15550000024, Reminder   , delivered, 2025-11-28T18:33:57Z
2423fe9e-5326-4109-841d-7d9c49eb029c, P0025                , 20c34014-8140-4304-bdbb-1863b6e85a64, +15550000025, Reminder   , delivered, 2026-01-16T07:46:33Z
bb3f171c-a669-43d8-95e6-aae323f68bc3, P0026                , ad9bd3cb-3d7f-4d64-8a85-57cb3d5580b9, +15550000026, Reminder   , delivered, 2025-06-28T19:18:32Z
93473430-9409-4797-93e3-5609dc03d883, P0027                , 77d101e4-a9ef-4697-a8a7-b48b831ba6c1, +15550000027, Reminder   , delivered, 2025-07-03T16:21:11Z
25327ead-55ff-4dc6-be62-aee7404b6c4d, P0028                , a8b1e64d-377e-474f-9af2-69a0bdd5c5f3, +15550000028, Reminder   , delivered, 2025-02-01T12:37:55Z
25327ead-55ff-4dc6-be62-aee7404b6c4d, P0028                , 9b2c645d-40ea-4929-ba42-4b44f56941b8, +15550000028, Reminder   , delivered, 2025-05-08T11:37:55Z
25327ead-55ff-4dc6-be62-aee7404b6c4d, P0028                , 0635f798-b92a-47dc-9d92-976012b0dda9, +15550000028, Reminder   , delivered, 2025-05-09T11:37:55Z
e4bfd8bb-a560-43af-a1d8-78eb0815157e, P0029                , 61dd1977-a506-4fa5-b4bd-12df5edbbb3a, +15550000029, Reminder   , delivered, 2025-08-28T00:48:15Z
e4bfd8bb-a560-43af-a1d8-78eb0815157e, P0029                , f0ab3e63-56d2-4811-ba2d-438d0c3c2fbe, +15550000029, Reminder   , delivered, 2025-11-26T01:48:15Z
c5685835-4d66-4fc0-85ae-41bb9498ad2f, P0030                , 941f30a0-4bd0-41b6-b9ac-57fc53041a41, +15550000030, Reminder   , delivered, 2025-03-03T21:24:16Z
c5685835-4d66-4fc0-85ae-41bb9498ad2f, P0030                , 8c1bd284-7be3-465d-b86a-8485cb106f9c, +15550000030, Reminder   , delivered, 2025-03-04T21:24:16Z
c5685835-4d66-4fc0-85ae-41bb9498ad2f, P0030                , 9716c660-8ece-4997-bd18-11c8dfbf736c, +15550000030, Reminder   , delivered, 2025-05-02T20:24:16Z
6a7cd6c6-0460-4001-99bf-cedb7d3b1163, P0031                , f0e89bda-b6b9-4a38-8f17-6b2b3e7769ec, +15550000031, Reminder   , delivered, 2025-06-26T12:08:41Z
6a7cd6c6-0460-4001-99bf-cedb7d3b1163, P0031                , 9435da2b-2464-4922-a6a8-71c31322524e, +15550000031, Reminder   , delivered, 2025-06-27T12:08:41Z
6a7cd6c6-0460-4001-99bf-cedb7d3b1163, P0031                , 081c745f-94aa-45e0-867e-cf8a76bbcf01, +15550000031, Reminder   , delivered, 2025-06-28T12:08:41Z
d3af3a5b-f786-4df3-bcaa-704627b087ca, P0033                , 97a65cf2-4df6-4020-a796-0b80df6c0f2f, +15550000033, Reminder   , delivered, 2025-11-14T17:46:23Z
d3af3a5b-f786-4df3-bcaa-704627b087ca, P0033                , c4e26f5a-088a-4f61-b81b-ac67865d3b72, +15550000033, Reminder   , delivered, 2025-11-15T17:46:23Z
d3af3a5b-f786-4df3-bcaa-704627b087ca, P0033                , 36a4d5f7-a6b0-4d30-aaaa-41403c92e98f, +15550000033, Reminder   , delivered, 2026-02-12T17:46:23Z
c3a38da1-fa39-41fd-9ab4-8f15a1803da5, P0034                , 46148e91-54e0-41ad-9c24-a34898baf451, +15550000034, Reminder   , delivered, 2025-02-15T14:54:46Z
c3a38da1-fa39-41fd-9ab4-8f15a1803da5, P0034                , 34924b90-9eab-4bcc-b401-09776cf5f3a3, +15550000034, Reminder   , delivered, 2025-02-16T14:54:46Z
c3a38da1-fa39-41fd-9ab4-8f15a1803da5, P0034                , 2fea06b9-42dc-43b1-bdd9-aabed64113eb, +15550000034, Reminder   , delivered, 2025-05-09T13:54:46Z
c3a38da1-fa39-41fd-9ab4-8f15a1803da5, P0034                , 6434990b-513e-43c5-8f2b-abc2a2f608ee, +15550000034, Reminder   , delivered, 2025-05-10T13:54:46Z
52e3c972-520b-44a1-9d6e-d81e47cc6e9d, P0035                , e2f020cc-2559-41e4-9a43-cb3d7b058e6d, +15550000035, Reminder   , delivered, 2025-07-02T03:05:32Z
52e3c972-520b-44a1-9d6e-d81e47cc6e9d, P0035                , 4dd3d503-6f4d-4a7b-85e5-7be47cdb928d, +15550000035, Reminder   , delivered, 2025-07-03T03:05:32Z
52e3c972-520b-44a1-9d6e-d81e47cc6e9d, P0035                , 6167649e-6b91-4de3-8efc-93f7733dcb31, +15550000035, Reminder   , delivered, 2025-07-04T03:05:32Z
e879626b-5207-449f-975f-ac255e6d4489, P0036                , 74b36d8e-712d-480f-a6f2-89e237a35a8e, +15550000036, Reminder   , delivered, 2025-01-13T00:05:21Z
e879626b-5207-449f-975f-ac255e6d4489, P0036                , fae40879-202a-4b0b-b6a5-3c7fcb7c6057, +15550000036, Reminder   , delivered, 2025-04-05T23:05:21Z
400ff076-649c-44f5-a903-fa51eb10a71c, P0037                , 4b0408c0-01dd-45ae-b7ad-8a0b7bb3a915, +15550000037, Reminder   , delivered, 2025-11-20T23:08:39Z
400ff076-649c-44f5-a903-fa51eb10a71c, P0037                , bea2131d-8bda-4311-87cd-d4b5a6d2da79, +15550000037, Reminder   , delivered, 2026-04-27T22:08:39Z
ac61297c-ea06-4815-8161-cdfdae444f80, P0038                , d195f2d2-f7ad-49f9-b0cf-aa9dfac7a9ad, +15550000038, Reminder   , delivered, 2025-12-13T13:23:20Z
ac61297c-ea06-4815-8161-cdfdae444f80, P0038                , b6987345-0347-4318-aaf4-0eaeec4fcb97, +15550000038, Reminder   , delivered, 2026-01-12T13:23:20Z
ac61297c-ea06-4815-8161-cdfdae444f80, P0038                , 3eb17906-2a1d-4cb0-b6d4-3b30f875c155, +15550000038, Reminder   , delivered, 2026-01-13T13:23:20Z
abd94de1-67ae-4baa-b4d3-3ffaca459bd7, P0039                , 22331747-d87e-44e6-b0fa-f9643d3741df, +15550000039, Reminder   , delivered, 2025-10-24T14:19:40Z
abd94de1-67ae-4baa-b4d3-3ffaca459bd7, P0039                , ae565f39-1b9d-4789-a974-db846c23f2fc, +15550000039, Reminder   , delivered, 2026-02-25T15:19:40Z
abd94de1-67ae-4baa-b4d3-3ffaca459bd7, P0039                , 51f11be0-d5e1-4227-b26d-9cf46a0f6aca, +15550000039, Reminder   , delivered, 2026-02-26T15:19:40Z
f77e701b-e5d2-4e53-8dd7-5574a2cd9ce3, P0040                , 11884664-377b-480b-b1f6-9286aa888c27, +15550000040, Reminder   , delivered, 2025-07-18T21:48:32Z
f77e701b-e5d2-4e53-8dd7-5574a2cd9ce3, P0040                , dd95dc9d-6bce-48aa-af17-af7c8ff7f472, +15550000040, Reminder   , delivered, 2025-07-19T21:48:32Z
f77e701b-e5d2-4e53-8dd7-5574a2cd9ce3, P0040                , c37a9110-bbc1-4b60-95a1-fd15e5b40035, +15550000040, Reminder   , delivered, 2025-08-09T21:48:32Z
f77e701b-e5d2-4e53-8dd7-5574a2cd9ce3, P0040                , dd606e04-5bed-4b01-92ba-53803040d0f0, +15550000040, Reminder   , delivered, 2025-08-10T21:48:32Z
f77e701b-e5d2-4e53-8dd7-5574a2cd9ce3, P0040                , 0c976033-f725-4253-8924-fdc2f37324f2, +15550000040, Reminder   , delivered, 2025-08-11T21:48:32Z
f77e701b-e5d2-4e53-8dd7-5574a2cd9ce3, P0040                , 7add2a0d-a7ed-4950-8326-692360d8e24c, +15550000040, Reminder   , delivered, 2025-12-24T22:48:32Z
0107f88a-cd7f-4218-a820-5d9abbc458f8, P0041                , 1decbf77-8b7a-485f-9e9e-2a92f046e30c, +15550000041, Reminder   , delivered, 2026-03-11T08:22:10Z
32551c80-b925-417b-93a3-8d72e2de213a, P0042                , d6a12d51-18b0-4457-8902-e53b22c4ff80, +15550000042, Reminder   , delivered, 2025-05-03T12:52:14Z
32551c80-b925-417b-93a3-8d72e2de213a, P0042                , 5eb1fdc7-a089-47bc-8d92-76f0b32566cc, +15550000042, Reminder   , delivered, 2025-05-04T12:52:14Z
32551c80-b925-417b-93a3-8d72e2de213a, P0042                , f49ab11f-4266-42c7-a7e8-d9e6d39c398c, +15550000042, Reminder   , delivered, 2025-05-10T12:52:14Z
32551c80-b925-417b-93a3-8d72e2de213a, P0042                , 3dbdf4c0-5984-4018-9209-fccf97a52c9d, +15550000042, Reminder   , delivered, 2025-05-11T12:52:14Z
32551c80-b925-417b-93a3-8d72e2de213a, P0042                , 14509fe0-8fa8-46c1-a573-3e3c3c92489d, +15550000042, Reminder   , delivered, 2025-05-12T12:52:14Z
e9783527-d679-4eaf-9b3b-84d7ca9b12f0, P0043                , 34cc2346-083b-43a0-bb83-037c83e5641e, +15550000043, Reminder   , delivered, 2025-03-31T03:26:29Z
e9783527-d679-4eaf-9b3b-84d7ca9b12f0, P0043                , 60f86736-604d-4bae-9025-7fde3e6b53b4, +15550000043, Reminder   , delivered, 2025-08-24T03:26:29Z
3331dc55-7da5-4e92-b390-198c70541701, P0044                , 6a77358e-f870-43d3-91f9-099f57256b93, +15550000044, Reminder   , delivered, 2025-06-11T18:20:24Z
3331dc55-7da5-4e92-b390-198c70541701, P0044                , d4c4e41e-b3d8-44b1-9f07-6414949ad17b, +15550000044, Reminder   , delivered, 2025-06-12T18:20:24Z
3331dc55-7da5-4e92-b390-198c70541701, P0044                , acbe4a5e-c493-4ed8-9ca6-afcb5d382b37, +15550000044, Reminder   , delivered, 2025-06-13T18:20:24Z
3331dc55-7da5-4e92-b390-198c70541701, P0044                , 1203eed8-8804-446f-978a-669b479f0203, +15550000044, Reminder   , delivered, 2025-07-04T18:20:24Z
3331dc55-7da5-4e92-b390-198c70541701, P0044                , 8cb63172-7691-4c94-b57c-9dbb4ff470cf, +15550000044, Reminder   , delivered, 2025-07-05T18:20:24Z
3331dc55-7da5-4e92-b390-198c70541701, P0044                , 3ebc828b-601c-49f3-ba2c-b4b206d7e188, +15550000044, Reminder   , delivered, 2025-09-02T18:20:24Z
3d8f7c8b-f524-4fbe-8e2f-d7ce0078c214, P0045                , 4e71562a-1c23-4976-b280-8b3f76eb7114, +15550000045, Reminder   , delivered, 2025-05-09T04:16:39Z
3d8f7c8b-f524-4fbe-8e2f-d7ce0078c214, P0045                , 8e44cca2-1b45-4ebf-af15-9f607795bff0, +15550000045, Reminder   , delivered, 2025-05-10T04:16:39Z
3d8f7c8b-f524-4fbe-8e2f-d7ce0078c214, P0045                , 9af1f243-9d80-43de-a07c-af7c63118b1e, +15550000045, Reminder   , delivered, 2025-05-11T04:16:39Z
3d8f7c8b-f524-4fbe-8e2f-d7ce0078c214, P0045                , 4234b365-fbae-47df-b204-76824724e37f, +15550000045, Reminder   , delivered, 2025-07-08T04:16:39Z
3d8f7c8b-f524-4fbe-8e2f-d7ce0078c214, P0045                , c725495a-2865-4846-98ee-7fe6da1eb884, +15550000045, Reminder   , delivered, 2025-07-09T04:16:39Z
3d8f7c8b-f524-4fbe-8e2f-d7ce0078c214, P0045                , 4b4129ab-3a53-4c16-aafd-f6841a6a4c91, +15550000045, Reminder   , delivered, 2025-08-07T04:16:39Z
734601b9-87ac-42e7-bdda-8db4221b4f48, P0047                , 259c93da-d300-4825-8879-d368f069329a, +15550000047, Reminder   , delivered, 2026-01-27T10:52:14Z
734601b9-87ac-42e7-bdda-8db4221b4f48, P0047                , f2ee8807-9d77-40b3-83ed-9b4c63a25cae, +15550000047, Reminder   , delivered, 2026-01-28T10:52:14Z
cfcb5ec9-cee5-4de3-9538-fb8df896e496, P0048                , 40ac4280-922c-45c5-b14c-a5d6b1154ef9, +15550000048, Reminder   , delivered, 2025-06-19T00:05:40Z
cfcb5ec9-cee5-4de3-9538-fb8df896e496, P0048                , 005d2297-c6bc-453d-bbc0-e573e1bc3f2e, +15550000048, Reminder   , delivered, 2025-06-20T00:05:40Z
b73426c7-b601-4f88-91ee-0715b50d24ec, P0049                , 8f369d3d-3aec-4a7f-b77f-d6220310e1db, +15550000049, Reminder   , delivered, 2025-11-17T05:24:57Z
8175a901-94c1-413c-9a52-e0e035e3bbb6, P0051                , f21de967-4835-4472-9b8b-fff22b4740f5, +15550000051, Reminder   , delivered, 2025-10-18T04:56:56Z
0aabec2d-112b-49e6-9422-0e839970ba2e, P0052                , 88dfdb8c-80c4-435e-bcb4-25dde894e1b4, +15550000052, Reminder   , delivered, 2025-07-19T22:59:18Z
0aabec2d-112b-49e6-9422-0e839970ba2e, P0052                , 06fd7dee-4c90-44a1-b7f3-b518f1f40db0, +15550000052, Reminder   , delivered, 2025-07-26T22:59:18Z
0aabec2d-112b-49e6-9422-0e839970ba2e, P0052                , 9a502545-232a-4e21-bb04-81dd628bc2aa, +15550000052, Reminder   , delivered, 2025-12-05T23:59:18Z
5e6a48b4-9968-4faa-9d32-d20f2ab32b9a, P0053                , 0e2567af-4775-4819-939e-2ad43eb429a3, +15550000053, Reminder   , delivered, 2025-09-13T03:57:47Z
5e6a48b4-9968-4faa-9d32-d20f2ab32b9a, P0053                , 8690e708-92dd-49e0-b3f6-db1e6c0cefe8, +15550000053, Reminder   , delivered, 2025-09-15T03:57:47Z
5e6a48b4-9968-4faa-9d32-d20f2ab32b9a, P0053                , 40212f20-a6ff-4e65-9774-00af98829991, +15550000053, Reminder   , delivered, 2025-12-05T04:57:47Z
5e6a48b4-9968-4faa-9d32-d20f2ab32b9a, P0053                , 4d030e09-1663-471d-aab8-03c3126381b7, +15550000053, Reminder   , delivered, 2026-02-06T04:57:47Z
6b12cf83-49a2-44a0-b09a-a6c28cf87bfc, P0054                , bdd6d6d0-14e6-4165-8e9a-0945473680d4, +15550000054, Reminder   , delivered, 2025-03-02T04:21:30Z
6b12cf83-49a2-44a0-b09a-a6c28cf87bfc, P0054                , 49d971fb-8862-4cfa-98ed-01f655dd69dd, +15550000054, Reminder   , delivered, 2025-03-03T04:21:30Z
c939b3f0-0501-4ca2-aa7c-791b92f90114, P0055                , 5f58a4a9-c4b4-471b-a477-70328d7e313b, +15550000055, Reminder   , delivered, 2026-02-15T08:53:51Z
2ba0ff4a-8531-4a0d-9916-f9048f7d6d5e, P0056                , 3b5c0afd-4655-4c03-b8d4-5fb96065f466, +15550000056, Reminder   , delivered, 2025-05-13T16:42:46Z
2ba0ff4a-8531-4a0d-9916-f9048f7d6d5e, P0056                , 90ac0689-45ea-497a-b9f1-d0a257face46, +15550000056, Reminder   , delivered, 2025-05-14T16:42:46Z
2ba0ff4a-8531-4a0d-9916-f9048f7d6d5e, P0056                , d1bd1da6-48c2-49e3-a0c6-289cf88cb789, +15550000056, Reminder   , delivered, 2025-08-11T16:42:46Z
2ba0ff4a-8531-4a0d-9916-f9048f7d6d5e, P0056                , 33eaff0f-ea65-42ab-8075-ee2390e77fed, +15550000056, Reminder   , delivered, 2025-08-12T16:42:46Z
2ba0ff4a-8531-4a0d-9916-f9048f7d6d5e, P0056                , 9bf36dd6-5824-4996-9bde-8fcb77fcff05, +15550000056, Reminder   , delivered, 2025-10-25T16:42:46Z
2ba0ff4a-8531-4a0d-9916-f9048f7d6d5e, P0056                , 35a3fe28-8b58-42dc-80cc-34e182db99b8, +15550000056, Reminder   , delivered, 2025-10-26T16:42:46Z
2ba0ff4a-8531-4a0d-9916-f9048f7d6d5e, P0056                , 3d441f39-2193-4a59-a23b-38cc4f52e8af, +15550000056, Reminder   , delivered, 2025-10-27T16:42:46Z
c0b1fe99-5409-43d4-ae74-ae3291b40a6b, P0057                , 1f1e01da-b9dc-4653-8eba-72e9c3f93f5b, +15550000057, Reminder   , delivered, 2025-02-05T08:44:37Z
c0b1fe99-5409-43d4-ae74-ae3291b40a6b, P0057                , 9cba4a0c-bcad-465a-92a5-600d1ad33fda, +15550000057, Reminder   , delivered, 2025-02-06T08:44:37Z
c0b1fe99-5409-43d4-ae74-ae3291b40a6b, P0057                , 6b7194ce-725c-47a9-8279-1af52fb460d7, +15550000057, Reminder   , delivered, 2025-02-07T08:44:37Z
a21c107c-0028-4277-8e30-65833e01e54d, P0058                , 6d3a623b-371b-4f98-b219-c7e614fee0ad, +15550000058, Reminder   , delivered, 2025-11-04T00:49:16Z
a21c107c-0028-4277-8e30-65833e01e54d, P0058                , d763fa5c-3bf1-49be-83d7-1a1448f0ee1a, +15550000058, Reminder   , delivered, 2025-11-05T00:49:16Z
c5fc6bfc-4080-4232-b149-597ee24b7638, P0059                , 075d3aee-27ce-46b4-a9ff-2e3b0a567d14, +15550000059, Reminder   , delivered, 2025-07-29T11:07:56Z
c5fc6bfc-4080-4232-b149-597ee24b7638, P0059                , 67c40a9b-ed6c-4047-9cfe-de34191bf1bc, +15550000059, Reminder   , delivered, 2025-08-05T11:07:56Z
c5fc6bfc-4080-4232-b149-597ee24b7638, P0059                , 079eb8c1-8de1-400a-8d54-4540bf6f691c, +15550000059, Reminder   , delivered, 2025-08-06T11:07:56Z
c5fc6bfc-4080-4232-b149-597ee24b7638, P0059                , 4dbd5eea-e3d6-4036-bce6-8478a4e24ddd, +15550000059, Reminder   , delivered, 2025-12-27T12:07:56Z
c5fc6bfc-4080-4232-b149-597ee24b7638, P0059                , dcd3e779-3efd-44d9-9ee2-62cf2760832b, +15550000059, Reminder   , delivered, 2025-12-28T12:07:56Z
33fb9e95-1283-4803-b03e-a48106a712f7, P0060                , c0d36002-b891-459d-8ff8-3448bcc3f6f7, +15550000060, Reminder   , delivered, 2025-04-24T22:46:43Z
33fb9e95-1283-4803-b03e-a48106a712f7, P0060                , 34d5f1f2-b526-4dba-9cac-c9173a60d33d, +15550000060, Reminder   , delivered, 2025-05-01T22:46:43Z
bb737c14-c512-43d5-84a5-b8faaa5a05da, P0061                , 503b87ad-004f-42c9-914d-b48f67ef5797, +15550000061, Reminder   , delivered, 2025-04-23T04:38:59Z
bb737c14-c512-43d5-84a5-b8faaa5a05da, P0061                , 1d1676be-28c7-455f-9529-f2bd8dae41b4, +15550000061, Reminder   , delivered, 2025-05-23T04:38:59Z
bb737c14-c512-43d5-84a5-b8faaa5a05da, P0061                , 91f35a28-dcf5-4add-bc71-bd32ec77f4c0, +15550000061, Reminder   , delivered, 2025-10-16T04:38:59Z
bb737c14-c512-43d5-84a5-b8faaa5a05da, P0061                , 30f44854-867d-4e67-b72a-6f814b51e7ec, +15550000061, Reminder   , delivered, 2025-10-17T04:38:59Z
0bdf062e-5ec9-4e45-aa30-36e9032021a2, P0063                , c7ac8869-c657-471f-b726-64a0d8c022ba, +15550000063, Reminder   , delivered, 2025-02-25T06:10:48Z
0bdf062e-5ec9-4e45-aa30-36e9032021a2, P0063                , 2b5335aa-d8c7-4296-ac5c-07d464acda38, +15550000063, Reminder   , delivered, 2025-03-04T06:10:48Z
0bdf062e-5ec9-4e45-aa30-36e9032021a2, P0063                , 5a1dd583-f181-4275-a7a0-bb87f9b948a2, +15550000063, Reminder   , delivered, 2025-07-09T05:10:48Z
217e814c-685b-4705-b2aa-fb154438d30c, P0065                , 93427f8e-952d-4265-9c05-84f60675e0d6, +15550000065, Reminder   , delivered, 2025-09-15T21:55:51Z
3b07bf15-ec82-42d0-95af-4e8de2873033, P0066                , 05723654-6b4b-45ae-b1c8-4ff0a8d7ef10, +15550000066, Reminder   , delivered, 2025-10-01T21:31:59Z
3b07bf15-ec82-42d0-95af-4e8de2873033, P0066                , 2fe76c88-0bbe-4b3f-abbb-b9d5e45c23ff, +15550000066, Reminder   , delivered, 2025-10-02T21:31:59Z
3b07bf15-ec82-42d0-95af-4e8de2873033, P0066                , 3874cb83-58f7-4367-9409-b789138819ac, +15550000066, Reminder   , delivered, 2025-10-03T21:31:59Z
3b07bf15-ec82-42d0-95af-4e8de2873033, P0066                , 5c1483e5-1acb-46fb-9f4d-39f2e4fcd97e, +15550000066, Reminder   , delivered, 2025-10-31T21:31:59Z
5a5a2141-8c92-4bb7-9414-da635505f423, P0067                , be216866-d866-41af-b378-e9077e96a22e, +15550000067, Reminder   , delivered, 2025-10-13T17:28:50Z
5a5a2141-8c92-4bb7-9414-da635505f423, P0067                , d26306da-5c37-411c-b443-c0c991dfd09f, +15550000067, Reminder   , delivered, 2025-10-14T17:28:50Z
234f480a-cecb-4cff-b26a-2ab0f2957a73, P0068                , 01e59dcd-829e-4376-a760-25540f7cec98, +15550000068, Reminder   , delivered, 2025-08-13T17:58:52Z
234f480a-cecb-4cff-b26a-2ab0f2957a73, P0068                , f6dbd0fe-b852-4701-a193-b1ed4494374a, +15550000068, Reminder   , delivered, 2025-11-11T18:58:52Z
234f480a-cecb-4cff-b26a-2ab0f2957a73, P0068                , 3735b690-ed18-48d7-9cfd-8f3ba11f94da, +15550000068, Reminder   , delivered, 2025-11-12T18:58:52Z
234f480a-cecb-4cff-b26a-2ab0f2957a73, P0068                , 7708a5c1-f225-4455-92b9-c38053fb4452, +15550000068, Reminder   , delivered, 2026-01-30T18:58:52Z
234f480a-cecb-4cff-b26a-2ab0f2957a73, P0068                , 40881353-1eb6-4df6-b236-34a03532690a, +15550000068, Reminder   , delivered, 2026-01-31T18:58:52Z
0913f118-eb66-41d3-b2e5-99a9bd0f80f5, P0069                , 436ea487-dc28-4f24-83ad-6e2995cd62a4, +15550000069, Reminder   , delivered, 2025-07-30T12:04:56Z
fdea8b6b-0de9-42e4-b471-0e8d262c3d74, P0071                , d8856fc5-5e1b-4946-bca6-725f1585e287, +15550000071, Reminder   , delivered, 2025-12-03T19:01:15Z
fdea8b6b-0de9-42e4-b471-0e8d262c3d74, P0071                , 3743408c-415e-4479-9349-de9c0d6d0dad, +15550000071, Reminder   , delivered, 2026-05-22T18:01:15Z
fdea8b6b-0de9-42e4-b471-0e8d262c3d74, P0071                , 17ea8991-f918-4c30-9bb1-09094f1a73ca, +15550000071, Reminder   , delivered, 2026-05-23T18:01:15Z
2cf4ab67-fa28-4dd5-b912-31bccb7d95ad, P0072                , 78c1e9a0-f302-4ed4-8645-1ee06cb7b258, +15550000072, Reminder   , delivered, 2026-01-02T14:43:21Z
2cf4ab67-fa28-4dd5-b912-31bccb7d95ad, P0072                , 396d7c48-786f-45fd-9944-e7beea4c41a1, +15550000072, Reminder   , delivered, 2026-01-03T14:43:21Z
47e65a23-f73d-4e97-8d8e-a907ffe8774a, P0073                , 1e4d0b24-0758-43a1-a344-43520ee4453e, +15550000073, Reminder   , delivered, 2025-09-22T17:53:11Z
7cea1968-ad5a-41f5-b264-ad2d6f5b1148, P0074                , 2ec3ca86-1bc2-4de7-ac63-021170111bf1, +15550000074, Reminder   , delivered, 2025-05-22T16:27:53Z
7cea1968-ad5a-41f5-b264-ad2d6f5b1148, P0074                , a5b13725-bec0-40bc-80ea-397bb5bd68f9, +15550000074, Reminder   , delivered, 2025-05-30T16:27:53Z
7cea1968-ad5a-41f5-b264-ad2d6f5b1148, P0074                , 25af9c54-cc72-44fc-8d9f-d1e4c99df182, +15550000074, Reminder   , delivered, 2025-05-31T16:27:53Z
7cea1968-ad5a-41f5-b264-ad2d6f5b1148, P0074                , 109ec56a-27da-43fe-865e-89b57f3018c4, +15550000074, Reminder   , delivered, 2025-08-20T16:27:53Z
d43e988a-134e-429d-8dac-b952a76f2007, P0075                , 0be5ead4-70eb-4750-bfdd-118a68826b87, +15550000075, Reminder   , delivered, 2025-06-29T13:30:46Z
d43e988a-134e-429d-8dac-b952a76f2007, P0075                , 8dcfeecb-d339-402a-b1b1-53962f20fb21, +15550000075, Reminder   , delivered, 2025-06-30T13:30:46Z
d43e988a-134e-429d-8dac-b952a76f2007, P0075                , 0ef30ed8-156c-4951-8e48-a2a3830f7c03, +15550000075, Reminder   , delivered, 2025-12-17T14:30:46Z
54e2e4d7-4ad3-4a5e-a7ab-ca3461e61e40, P0076                , 02cb0e64-646d-4830-808d-a1bdbd81f810, +15550000076, Reminder   , delivered, 2025-06-14T11:21:28Z
3012e4a2-76da-4dce-a759-f4a444f25d36, P0077                , b5572d10-e79e-48b5-86b2-9616a0b753bd, +15550000077, Reminder   , delivered, 2025-02-12T18:14:36Z
3012e4a2-76da-4dce-a759-f4a444f25d36, P0077                , 9c9b7720-7eca-461d-a232-45137f2f2251, +15550000077, Reminder   , delivered, 2025-02-13T18:14:36Z
2eb3eee0-2092-4c32-9804-22801280160e, P0079                , c71b3754-63ba-41f0-862e-1b79f29f0543, +15550000079, Reminder   , delivered, 2026-01-12T13:26:09Z
2eb3eee0-2092-4c32-9804-22801280160e, P0079                , 72475b87-8d2b-41f3-80ea-7d49cab06252, +15550000079, Reminder   , delivered, 2026-03-13T12:26:09Z
2eb3eee0-2092-4c32-9804-22801280160e, P0079                , 1987a72f-88eb-48d7-a1ab-fa40bbd87920, +15550000079, Reminder   , delivered, 2026-03-14T12:26:09Z
f074ffbe-8502-4805-a99d-fbf0d81d6f84, P0080                , 0cd6379e-00fe-401e-bbd5-7188346463da, +15550000080, Reminder   , delivered, 2026-01-20T00:17:28Z
c3cc9c9a-c920-4433-8779-c5fad3824dd6, P0081                , 8a3fce14-bedc-4655-80d2-c571287bd25f, +15550000081, Reminder   , delivered, 2025-09-03T19:50:42Z
c3cc9c9a-c920-4433-8779-c5fad3824dd6, P0081                , 5157e54c-8c85-46c1-93cc-f7e76ec8e9b4, +15550000081, Reminder   , delivered, 2025-09-04T19:50:42Z
c3cc9c9a-c920-4433-8779-c5fad3824dd6, P0081                , 4c61efb7-a9e9-43d8-b54d-78ff9fb7c03a, +15550000081, Reminder   , delivered, 2025-09-05T19:50:42Z
c3cc9c9a-c920-4433-8779-c5fad3824dd6, P0081                , 36895328-7c50-4f2f-94b1-7a3a21ea09ff, +15550000081, Reminder   , delivered, 2026-01-23T20:50:42Z
2d4584de-eae1-4df1-8811-b9bb32a2713c, P0082                , 67b41a4e-16a0-417c-b340-61f559db03c5, +15550000082, Reminder   , delivered, 2025-07-21T01:56:37Z
2d4584de-eae1-4df1-8811-b9bb32a2713c, P0082                , 7c74950e-5e8c-4bd0-88f7-2d2f09efe34e, +15550000082, Reminder   , delivered, 2025-07-22T01:56:37Z
2d4584de-eae1-4df1-8811-b9bb32a2713c, P0082                , 2e5d3feb-67a9-4022-b5f1-9ba0dc475326, +15550000082, Reminder   , delivered, 2025-07-23T01:56:37Z
860a3bcb-8efd-4922-b996-1779d5f162d0, P0083                , cfe50e28-16fc-4733-bd57-7d03e65023a8, +15550000083, Reminder   , delivered, 2025-12-04T08:07:51Z
860a3bcb-8efd-4922-b996-1779d5f162d0, P0083                , 539f800c-d561-45b6-8011-527751aca640, +15550000083, Reminder   , delivered, 2025-12-05T08:07:51Z
860a3bcb-8efd-4922-b996-1779d5f162d0, P0083                , 35e70ba7-35bf-4e12-9ca0-fb504c266476, +15550000083, Reminder   , delivered, 2026-03-04T08:07:51Z
4aaa4966-d77d-43ab-94c1-069d5bb903c7, P0085                , 22cccee6-d555-49e9-8005-48552a8bae9c, +15550000085, Reminder   , delivered, 2025-07-15T17:25:28Z
4aaa4966-d77d-43ab-94c1-069d5bb903c7, P0085                , 3cb6b5e4-6f8b-4415-a67d-9d585f022203, +15550000085, Reminder   , delivered, 2025-07-16T17:25:28Z
4aaa4966-d77d-43ab-94c1-069d5bb903c7, P0085                , 612d18b8-2a7e-4a1e-acd2-103430ff97d3, +15550000085, Reminder   , delivered, 2025-09-13T17:25:28Z
6a923399-7071-4f8c-b8ec-88a81ad77bea, P0086                , 208f65ed-8dfe-4a80-a66f-0ec9c4e8d84b, +15550000086, Reminder   , delivered, 2025-07-25T03:36:40Z
6a923399-7071-4f8c-b8ec-88a81ad77bea, P0086                , cab4bf78-92db-4def-a322-17dbb6fb74ac, +15550000086, Reminder   , delivered, 2025-08-16T03:36:40Z
82ad68eb-95a4-4ea2-a5a8-a9ac30b69e25, P0088                , 67eeb6e0-f87c-4796-80c2-40db7c402eb7, +15550000088, Reminder   , delivered, 2025-10-26T19:52:49Z
82ad68eb-95a4-4ea2-a5a8-a9ac30b69e25, P0088                , b877030b-79ec-4d11-825e-2fdc0f8dbc0f, +15550000088, Reminder   , delivered, 2025-10-27T19:52:49Z
cbfcfd41-c898-4bb4-b426-c60b07a8a656, P0089                , c0a2ee28-43d6-4414-abc3-e4d2d2f30ec9, +15550000089, Reminder   , delivered, 2026-01-03T03:44:42Z
cbfcfd41-c898-4bb4-b426-c60b07a8a656, P0089                , 9fc56732-d7c7-4d33-afa9-0a59aa1e3451, +15550000089, Reminder   , delivered, 2026-04-19T02:44:42Z
cb2c82e7-a1fa-4dda-990a-fc2a7501db86, P0090                , 72f97122-9770-4be6-a54b-35a99ce3d5a7, +15550000090, Reminder   , delivered, 2025-08-22T13:57:03Z
cb2c82e7-a1fa-4dda-990a-fc2a7501db86, P0090                , c91838be-f2d3-4fbb-b99c-1220d4d1a358, +15550000090, Reminder   , delivered, 2025-09-21T13:57:03Z
cb2c82e7-a1fa-4dda-990a-fc2a7501db86, P0090                , 25276506-ec44-4278-b24d-6c7207b44bc4, +15550000090, Reminder   , delivered, 2025-11-20T14:57:03Z
e02ff6a9-15be-43fb-a5b2-e697df1d8f33, P0091                , 44c6d039-e68b-4647-870f-6d40b78a7d54, +15550000091, Reminder   , delivered, 2025-12-07T12:38:12Z
e02ff6a9-15be-43fb-a5b2-e697df1d8f33, P0091                , 59086107-578e-4785-a9e2-61ba5fbf64ce, +15550000091, Reminder   , delivered, 2025-12-08T12:38:12Z
e02ff6a9-15be-43fb-a5b2-e697df1d8f33, P0091                , 45844b6e-88cc-4deb-aceb-ffe742e6f38a, +15550000091, Reminder   , delivered, 2025-12-14T12:38:12Z
e02ff6a9-15be-43fb-a5b2-e697df1d8f33, P0091                , 1a1e8d9b-af4c-4549-bf7a-161ebb532a80, +15550000091, Reminder   , delivered, 2025-12-15T12:38:12Z
e02ff6a9-15be-43fb-a5b2-e697df1d8f33, P0091                , cd6f7ae5-51dc-4084-97e9-73e191473d52, +15550000091, Reminder   , delivered, 2025-12-16T12:38:12Z
e02ff6a9-15be-43fb-a5b2-e697df1d8f33, P0091                , c193b9e5-31f3-4bb0-97f1-24138a6701c9, +15550000091, Reminder   , delivered, 2026-05-07T11:38:12Z
832b9391-3f31-46a4-9d8b-66086a62f485, P0092                , c8083acb-ff97-43ac-8914-ac0bb1b08504, +15550000092, Reminder   , delivered, 2025-07-18T04:44:36Z
3bebe902-34ba-4086-848e-b8c5e34ca11e, P0093                , 585d2f68-fa27-46d4-af93-fa17174255e7, +15550000093, Reminder   , delivered, 2025-06-12T03:01:03Z
3bebe902-34ba-4086-848e-b8c5e34ca11e, P0093                , 06d65929-4eb9-4c1b-bf7d-e2d825febede, +15550000093, Reminder   , delivered, 2025-06-13T03:01:03Z
3bebe902-34ba-4086-848e-b8c5e34ca11e, P0093                , ea691e97-d740-4758-9526-d779a125ef5f, +15550000093, Reminder   , delivered, 2025-11-04T04:01:03Z
3bebe902-34ba-4086-848e-b8c5e34ca11e, P0093                , a9898e67-6692-4394-962d-ad518d7b4d49, +15550000093, Reminder   , delivered, 2025-11-05T04:01:03Z
67b3b994-84de-4f2a-8c07-085f88fd25b7, P0094                , e20bfc8e-7ea2-40ce-85f3-51265c6db494, +15550000094, Reminder   , delivered, 2025-12-23T13:46:41Z
67b3b994-84de-4f2a-8c07-085f88fd25b7, P0094                , 9dc3eec3-6e2e-4de3-8ff7-2d9debf64a14, +15550000094, Reminder   , delivered, 2025-12-24T13:46:41Z
67b3b994-84de-4f2a-8c07-085f88fd25b7, P0094                , 8df51dcf-498b-4c64-b84c-9c191ab09c95, +15550000094, Reminder   , delivered, 2026-06-20T12:46:41Z
c26ff39f-748c-4639-bcee-ce77ca585f17, P0095                , 3d96023e-c375-4ca7-ad1a-c3e74621d11b, +15550000095, Reminder   , delivered, 2025-07-24T06:07:23Z
c26ff39f-748c-4639-bcee-ce77ca585f17, P0095                , cb6de231-97e6-4109-87f4-097b5564a11c, +15550000095, Reminder   , delivered, 2025-07-25T06:07:23Z
2ac494c6-975b-4603-888d-ca11bafaad35, P0096                , 471b803d-759e-4890-b291-f2468cda2e4b, +15550000096, Reminder   , delivered, 2025-04-18T22:44:13Z
37169d44-6169-48a3-b4bc-967e6d34c5bb, P0097                , 2394e0d9-b28e-4a33-b40a-c8f187f5caa6, +15550000097, Reminder   , delivered, 2025-12-02T12:06:29Z
37169d44-6169-48a3-b4bc-967e6d34c5bb, P0097                , 3e6e9bff-4763-4bb3-ba18-5025ebef49b4, +15550000097, Reminder   , delivered, 2026-05-10T11:06:29Z
e9457857-bb30-488b-883f-e2f8bfcb4879, P0098                , 3745a5a4-e745-4f15-8452-752143ff63f1, +15550000098, Reminder   , delivered, 2025-06-13T14:22:25Z
e9457857-bb30-488b-883f-e2f8bfcb4879, P0098                , 57d476a4-7172-4cef-ac6d-c9f266380e81, +15550000098, Reminder   , delivered, 2025-06-14T14:22:25Z
e9457857-bb30-488b-883f-e2f8bfcb4879, P0098                , 2b1ce1ef-4497-421d-843b-d2ec11cfccdb, +15550000098, Reminder   , delivered, 2025-06-15T14:22:25Z
d05d5865-c366-4e19-9541-09c2fcc3abdd, P0099                , 7fd8418e-9776-4727-9352-9ed1e970c55e, +15550000099, Reminder   , delivered, 2025-08-08T12:52:03Z
bf40fbb2-09b4-4de4-979e-3b017c7ce859, P0100                , 8f77b5c4-fde4-4e17-a49a-60d9ba71be4f, +15550000100, Reminder   , delivered, 2026-01-03T06:07:26Z
bf40fbb2-09b4-4de4-979e-3b017c7ce859, P0100                , 5f9de154-a59c-498b-8f06-69903de474d0, +15550000100, Reminder   , delivered, 2026-03-27T05:07:26Z
bf40fbb2-09b4-4de4-979e-3b017c7ce859, P0100                , 7fa9e9c1-bb7f-4f1f-9c0f-b1eeec907bd8, +15550000100, Reminder   , delivered, 2026-05-24T05:07:26Z
2182b888-ff9a-4d0c-af68-9032efc746c4, P0101                , 30dba7f7-b04a-4062-ae8c-29980cb2e534, +15550000101, Reminder   , delivered, 2025-07-13T14:22:47Z
2182b888-ff9a-4d0c-af68-9032efc746c4, P0101                , c7722c0a-446b-4735-b706-a3511fc599c2, +15550000101, Reminder   , delivered, 2025-08-05T14:22:47Z
6d91d440-e8b6-4b5d-b1ee-8ec83e849784, P0102                , 43db5087-e934-48d2-a541-90f3710b59d4, +15550000102, Reminder   , delivered, 2025-10-17T17:02:26Z
6d91d440-e8b6-4b5d-b1ee-8ec83e849784, P0102                , 1499fad3-640c-493a-9327-30a746f7ee66, +15550000102, Reminder   , delivered, 2025-11-24T18:02:26Z
ed17be10-5ef2-4e08-82d7-e9ceaa77a274, P0103                , 1aeebae2-641a-489e-8c43-c9034be5af1c, +15550000103, Reminder   , delivered, 2025-08-20T15:59:47Z
ed17be10-5ef2-4e08-82d7-e9ceaa77a274, P0103                , 674dec77-39f1-45fe-ae01-15f2876b8bb1, +15550000103, Reminder   , delivered, 2025-10-19T15:59:47Z
ed17be10-5ef2-4e08-82d7-e9ceaa77a274, P0103                , f475651f-d743-421b-a411-0f79f3d228e5, +15550000103, Reminder   , delivered, 2025-10-20T15:59:47Z
3c75e7d3-e73e-4006-b309-f5913258dcdd, P0104                , dd487fe2-31f3-47a0-8614-df4e54e0ff53, +15550000104, Reminder   , delivered, 2025-11-17T05:45:47Z
3c75e7d3-e73e-4006-b309-f5913258dcdd, P0104                , 4827f494-66b0-427a-9358-3d30083d74ac, +15550000104, Reminder   , delivered, 2025-11-18T05:45:47Z
3c75e7d3-e73e-4006-b309-f5913258dcdd, P0104                , 19b70b32-a1cf-4e56-931d-63921226bd02, +15550000104, Reminder   , delivered, 2025-11-19T05:45:47Z
3c75e7d3-e73e-4006-b309-f5913258dcdd, P0104                , 94551b2e-1070-4d0f-b065-5fb1f8cb07a5, +15550000104, Reminder   , delivered, 2025-12-10T05:45:47Z
3c75e7d3-e73e-4006-b309-f5913258dcdd, P0104                , ee8d825d-717c-462f-a80d-ac71b8f13625, +15550000104, Reminder   , delivered, 2025-12-11T05:45:47Z
3c75e7d3-e73e-4006-b309-f5913258dcdd, P0104                , 91049ec5-9367-4198-a3dd-f0435b05c1f4, +15550000104, Reminder   , delivered, 2026-03-13T04:45:47Z
3c75e7d3-e73e-4006-b309-f5913258dcdd, P0104                , 716a99df-8518-4c04-b32a-44f22bd45382, +15550000104, Reminder   , delivered, 2026-03-14T04:45:47Z
8ad6165c-d325-4e3e-9d1b-cef4a0ea2161, P0106                , aa165be1-4bef-4533-b31c-b5525f11bb8f, +15550000106, Reminder   , delivered, 2025-09-12T00:12:20Z
4737ff54-7cb3-46b4-bf29-403be08eaf85, P0107                , 40fa48f1-e082-4068-a4ad-8c46fb7a1de1, +15550000107, Reminder   , delivered, 2025-04-05T16:43:44Z
4737ff54-7cb3-46b4-bf29-403be08eaf85, P0107                , f1947198-52f3-48d9-9bad-ff8fcbec4d51, +15550000107, Reminder   , delivered, 2025-04-06T16:43:44Z
4737ff54-7cb3-46b4-bf29-403be08eaf85, P0107                , 128adfb5-bfea-4b54-bfcf-11295d64713f, +15550000107, Reminder   , delivered, 2025-09-16T16:43:44Z
4737ff54-7cb3-46b4-bf29-403be08eaf85, P0107                , faac9c9e-02c9-4d61-863b-17539e1a4588, +15550000107, Reminder   , delivered, 2025-09-17T16:43:44Z
4737ff54-7cb3-46b4-bf29-403be08eaf85, P0107                , d4b45b2b-0aaf-4a89-b7a2-fcf7ac4a23c3, +15550000107, Reminder   , delivered, 2025-09-18T16:43:44Z
fd80a43e-a6da-4002-ad35-96722ee14272, P0109                , e1778be0-9668-4fec-9db1-ea6e09a0b448, +15550000109, Reminder   , delivered, 2025-03-22T14:21:43Z
fd80a43e-a6da-4002-ad35-96722ee14272, P0109                , 8a0728c1-623a-4edc-9864-1a39281d23de, +15550000109, Reminder   , delivered, 2025-03-23T14:21:43Z
fd80a43e-a6da-4002-ad35-96722ee14272, P0109                , 2c4ee15e-7dc4-4530-8f6a-33a4b2800887, +15550000109, Reminder   , delivered, 2025-08-15T14:21:43Z
fbdefe74-17f7-4ba7-85ef-64bd5b30cb9b, P0110                , bad9fdfa-606b-44d4-8550-94d649675dba, +15550000110, Reminder   , delivered, 2025-11-15T06:33:01Z
fbdefe74-17f7-4ba7-85ef-64bd5b30cb9b, P0110                , 720e4b5b-f6d2-487d-bfbf-86b276ba373b, +15550000110, Reminder   , delivered, 2025-11-16T06:33:01Z
fbdefe74-17f7-4ba7-85ef-64bd5b30cb9b, P0110                , 1885da46-7d45-4850-9031-221f62bd3158, +15550000110, Reminder   , delivered, 2025-11-22T06:33:01Z
fbdefe74-17f7-4ba7-85ef-64bd5b30cb9b, P0110                , af0608b3-45df-4e2c-97fe-8271a436d5aa, +15550000110, Reminder   , delivered, 2025-12-15T06:33:01Z
fbdefe74-17f7-4ba7-85ef-64bd5b30cb9b, P0110                , 80f58df9-600e-4095-b19f-7f82f13e64d4, +15550000110, Reminder   , delivered, 2025-12-16T06:33:01Z
636e6d9b-0f73-4ea4-8baf-1ac5c158bfaa, P0111                , 90b0b336-a43c-4c21-9841-f3ecb168af35, +15550000111, Reminder   , delivered, 2025-04-20T11:40:19Z
f9ecdbec-c624-4136-a82f-9668606b408b, P0112                , 5886860f-4dc6-41d8-9937-4a4c6bf4334a, +15550000112, Reminder   , delivered, 2025-12-31T04:56:14Z
f9ecdbec-c624-4136-a82f-9668606b408b, P0112                , 376aaa4c-9793-463b-9b78-e562851795c9, +15550000112, Reminder   , delivered, 2026-01-01T04:56:14Z
f9ecdbec-c624-4136-a82f-9668606b408b, P0112                , dd35b76e-653b-415c-97d6-170b4ff214fa, +15550000112, Reminder   , delivered, 2026-03-03T04:56:14Z
b2168069-4c3f-43fe-9820-0e3decc6fd86, P0113                , ddac25df-3083-4e62-832b-ad86ff6d303a, +15550000113, Reminder   , delivered, 2025-08-22T16:44:13Z
86142a0c-17b6-44cc-bd67-8c52abfb272d, P0114                , f243519d-c752-415a-b396-29d82fbd311f, +15550000114, Reminder   , delivered, 2026-01-10T22:48:37Z
86142a0c-17b6-44cc-bd67-8c52abfb272d, P0114                , 2b3518a9-5297-4249-822e-5565ff8b9e13, +15550000114, Reminder   , delivered, 2026-06-01T21:48:37Z
c09e27bb-6aac-4869-a1d8-cf96573e7e0e, P0116                , 1b93aa25-7c0f-4f6c-91f4-481d0e55f5a6, +15550000116, Reminder   , delivered, 2025-03-12T08:05:12Z
5efdd097-6097-40cd-b4e5-12a293470cbf, P0118                , 15c573aa-373e-46c2-b60c-3a1ed2235020, +15550000118, Reminder   , delivered, 2025-08-31T04:21:08Z
5efdd097-6097-40cd-b4e5-12a293470cbf, P0118                , 64fabf65-17ca-4795-8e12-593cbac5873c, +15550000118, Reminder   , delivered, 2025-09-01T04:21:08Z
5efdd097-6097-40cd-b4e5-12a293470cbf, P0118                , 923e47af-e21f-4d68-8583-03a6162cfc38, +15550000118, Reminder   , delivered, 2025-09-07T04:21:08Z
5efdd097-6097-40cd-b4e5-12a293470cbf, P0118                , 04fb2906-b7de-42ad-bd3d-db6079467458, +15550000118, Reminder   , delivered, 2026-01-24T05:21:08Z
5efdd097-6097-40cd-b4e5-12a293470cbf, P0118                , 0ae7caad-6016-44f5-9966-49c2e71a8aec, +15550000118, Reminder   , delivered, 2026-01-25T05:21:08Z
61f0e083-12b5-45e5-b226-8d869d0c0b0d, P0119                , f101e945-7394-495b-850d-e7bf2c77af22, +15550000119, Reminder   , delivered, 2025-06-17T06:23:32Z
61f0e083-12b5-45e5-b226-8d869d0c0b0d, P0119                , f0dc1b90-2f27-4ce0-9ecf-36736d1df636, +15550000119, Reminder   , delivered, 2025-06-18T06:23:32Z
61f0e083-12b5-45e5-b226-8d869d0c0b0d, P0119                , 2ee19d28-ee2a-42fb-9357-82a37b1a666e, +15550000119, Reminder   , delivered, 2025-06-24T06:23:32Z
61f0e083-12b5-45e5-b226-8d869d0c0b0d, P0119                , 512639b7-9919-4ac1-ba3a-eb671b7b68ad, +15550000119, Reminder   , delivered, 2025-09-15T06:23:32Z
61f0e083-12b5-45e5-b226-8d869d0c0b0d, P0119                , ec406a84-f75f-4ff2-af8f-81b596cf43fd, +15550000119, Reminder   , delivered, 2025-09-16T06:23:32Z
61f0e083-12b5-45e5-b226-8d869d0c0b0d, P0119                , 72e38a41-ebf4-44bd-988d-b0e9c1732710, +15550000119, Reminder   , delivered, 2025-09-17T06:23:32Z
3fb754fb-198c-45f5-8e9b-674cef89dc93, P0120                , 5b1b15c6-1cab-4df1-a6fe-87682dfbdb31, +15550000120, Reminder   , delivered, 2025-10-01T01:05:56Z
180c06aa-92ed-4cff-ac15-b66dbf398e94, P0121                , 2a58a81e-0857-4197-ac61-049ba490e858, +15550000121, Reminder   , delivered, 2025-03-28T19:23:12Z
180c06aa-92ed-4cff-ac15-b66dbf398e94, P0121                , ab64a0fd-fe68-47d1-9327-546763d3f5db, +15550000121, Reminder   , delivered, 2025-03-29T19:23:12Z
180c06aa-92ed-4cff-ac15-b66dbf398e94, P0121                , e51fa124-7332-499b-a444-8e13859bc34b, +15550000121, Reminder   , delivered, 2025-05-26T19:23:12Z
7971749f-55bd-48a2-9497-0228146a262c, P0122                , 9f31e1c0-857b-489e-98ca-faaa1899ac56, +15550000122, Reminder   , delivered, 2025-07-14T17:37:31Z
7971749f-55bd-48a2-9497-0228146a262c, P0122                , 009e7e83-2b1d-41a1-9c9f-48708f552b5b, +15550000122, Reminder   , delivered, 2025-11-13T18:37:31Z
cf521abc-9667-45ec-9dab-37a6f3e3e767, P0123                , 628422e6-74fc-4105-b98c-ef4815129049, +15550000123, Reminder   , delivered, 2025-12-17T23:20:10Z
cf521abc-9667-45ec-9dab-37a6f3e3e767, P0123                , c02bc9bd-b487-4914-a6b2-094441ccb5a3, +15550000123, Reminder   , delivered, 2025-12-18T23:20:10Z
cf521abc-9667-45ec-9dab-37a6f3e3e767, P0123                , 68b334ee-510c-4752-bd40-44628ac72cb0, +15550000123, Reminder   , delivered, 2025-12-19T23:20:10Z
cf521abc-9667-45ec-9dab-37a6f3e3e767, P0123                , 07c61359-e7b7-4f92-a058-210e404d888c, +15550000123, Reminder   , delivered, 2026-05-01T22:20:10Z
4985abef-f7c8-4153-9354-d3643ae35264, P0124                , 0089f732-f643-4528-a67b-aa97f6f0356b, +15550000124, Reminder   , delivered, 2025-09-09T09:45:44Z
2ba2ef23-a761-41b3-8c0b-2b76cf5e0fd3, P0125                , d45d8a27-4336-46a3-b597-405ef7dc9687, +15550000125, Reminder   , delivered, 2025-11-27T12:07:10Z
2ba2ef23-a761-41b3-8c0b-2b76cf5e0fd3, P0125                , a0a55565-2bec-425c-8a3b-bcf1b1d69217, +15550000125, Reminder   , delivered, 2026-02-25T12:07:10Z
58717162-ee01-4b56-a54f-bbf01cc689f2, P0126                , af1c614f-f83a-421f-9d92-749df8d19478, +15550000126, Reminder   , delivered, 2026-05-29T13:23:23Z
086ab6a6-b85d-465a-a673-ddb8a46a9f59, P0127                , c66f6a3c-a6fc-4e57-8c5e-45533441e609, +15550000127, Reminder   , delivered, 2025-02-17T22:15:05Z
086ab6a6-b85d-465a-a673-ddb8a46a9f59, P0127                , ca8b32c6-331b-4b31-8c1b-c9a50507ba0e, +15550000127, Reminder   , delivered, 2025-02-24T22:15:05Z
086ab6a6-b85d-465a-a673-ddb8a46a9f59, P0127                , 3529fbf4-4487-4b7d-9a91-34fa76b75cfe, +15550000127, Reminder   , delivered, 2025-08-12T21:15:05Z
086ab6a6-b85d-465a-a673-ddb8a46a9f59, P0127                , 4856f2ac-c543-4d14-b6ae-a814872ff23a, +15550000127, Reminder   , delivered, 2025-08-13T21:15:05Z
81ae2885-2a88-4426-bef2-532eb804f0fe, P0128                , 5700a925-88d7-4638-a175-a4609c42408e, +15550000128, Reminder   , delivered, 2025-10-01T20:59:52Z
4bf08555-83c9-4308-aa48-0a119e0475dd, P0129                , 10d21b8b-90e1-4537-b1e0-1b63db19dfc9, +15550000129, Reminder   , delivered, 2025-09-30T15:04:16Z
4bf08555-83c9-4308-aa48-0a119e0475dd, P0129                , da6a2d94-d985-4da8-ada6-3f1101892fa8, +15550000129, Reminder   , delivered, 2026-03-12T15:04:16Z
27cda347-079a-4de3-87fd-1f9d3d9c7a20, P0130                , dc1bfacc-6b13-48de-b5c8-8144dd253568, +15550000130, Reminder   , delivered, 2025-07-04T21:39:21Z
27cda347-079a-4de3-87fd-1f9d3d9c7a20, P0130                , 1358503e-9dd7-4118-9d28-70f94e3694f3, +15550000130, Reminder   , delivered, 2025-07-05T21:39:21Z
27cda347-079a-4de3-87fd-1f9d3d9c7a20, P0130                , 99fa1d03-54ef-4a50-aa34-fa205419d9dd, +15550000130, Reminder   , delivered, 2025-09-25T21:39:21Z
27cda347-079a-4de3-87fd-1f9d3d9c7a20, P0130                , 5867d92f-3b6a-46ff-a849-5b9a4b4b66a2, +15550000130, Reminder   , delivered, 2025-09-26T21:39:21Z
d1d8da7e-fc1a-464e-97da-4b160454d64e, P0131                , e21f8e52-5167-4ac3-b70b-ab4a773fe1ac, +15550000131, Reminder   , delivered, 2025-12-19T09:57:59Z
d1d8da7e-fc1a-464e-97da-4b160454d64e, P0131                , e8cc6446-83ac-4d3a-85fd-38e55a415802, +15550000131, Reminder   , delivered, 2026-03-12T08:57:59Z
d1d8da7e-fc1a-464e-97da-4b160454d64e, P0131                , ddbb23c9-0a8d-48d1-b396-f5f4f0119c28, +15550000131, Reminder   , delivered, 2026-03-13T08:57:59Z
d8ae5455-3c73-4ae7-95d6-5dbb6ea72e12, P0133                , 595e6e12-194b-4a8a-904f-64271c9a4771, +15550000133, Reminder   , delivered, 2025-10-05T23:50:43Z
d8ae5455-3c73-4ae7-95d6-5dbb6ea72e12, P0133                , 60eeaf81-81db-4c2a-803a-c5aaf4969002, +15550000133, Reminder   , delivered, 2026-01-04T00:50:43Z
e3c3a77c-bbb7-499d-ab38-a438b8dba160, P0134                , 538275ba-a500-4897-bd72-e977a8317485, +15550000134, Reminder   , delivered, 2026-01-27T12:14:39Z
e3c3a77c-bbb7-499d-ab38-a438b8dba160, P0134                , a6f249cf-fa52-404d-bec2-02dbc73fb822, +15550000134, Reminder   , delivered, 2026-01-28T12:14:39Z
e3c3a77c-bbb7-499d-ab38-a438b8dba160, P0134                , 435eb3cf-a5f2-412a-9fce-7ff769464f17, +15550000134, Reminder   , delivered, 2026-03-28T11:14:39Z
e3c3a77c-bbb7-499d-ab38-a438b8dba160, P0134                , a90109a6-07eb-4d94-a163-ab440d79c82b, +15550000134, Reminder   , delivered, 2026-05-24T11:14:39Z
3bf6d2de-1201-4a66-9841-ca5fdd919a60, P0135                , 5094d291-a6df-4198-a4be-4043e82fc89d, +15550000135, Reminder   , delivered, 2025-08-08T09:40:00Z
3bf6d2de-1201-4a66-9841-ca5fdd919a60, P0135                , 1ac153ed-5444-4500-a844-ec3c21930ca2, +15550000135, Reminder   , delivered, 2025-08-09T09:40:00Z
3bf6d2de-1201-4a66-9841-ca5fdd919a60, P0135                , b3c1fd06-f75d-48bb-b2b4-29ff1bb20862, +15550000135, Reminder   , delivered, 2025-08-10T09:40:00Z
3bf6d2de-1201-4a66-9841-ca5fdd919a60, P0135                , 91c55f84-bf47-4e0d-aa81-2f09947e1dbd, +15550000135, Reminder   , delivered, 2026-01-13T10:40:00Z
ad085821-1549-4a85-a4fc-8c21e70eca59, P0136                , ff72e235-6bee-43b5-9171-be6870238c14, +15550000136, Reminder   , delivered, 2025-04-15T23:33:19Z
aefacd01-9c74-4326-958c-58776dd5310b, P0137                , 54a712eb-89fa-4527-9866-63feee75432f, +15550000137, Reminder   , delivered, 2025-11-04T22:40:58Z
82f844ac-a7fb-46b6-88c4-c8efdfa87683, P0138                , 28b710a1-502b-47ed-8135-95a6b447b9af, +15550000138, Reminder   , delivered, 2025-06-06T15:39:56Z
3969720b-5461-47ed-8f8b-adc1e7a5f4e8, P0139                , 5d502d62-5f86-451d-8506-978b4fdc5e41, +15550000139, Reminder   , delivered, 2025-09-18T14:33:52Z
3969720b-5461-47ed-8f8b-adc1e7a5f4e8, P0139                , 302b60d0-24ba-4c54-96ca-1373d7e5a882, +15550000139, Reminder   , delivered, 2026-02-09T15:33:52Z
3969720b-5461-47ed-8f8b-adc1e7a5f4e8, P0139                , 9fa7c554-293d-4290-a01a-b3f4899bea81, +15550000139, Reminder   , delivered, 2026-02-10T15:33:52Z
3969720b-5461-47ed-8f8b-adc1e7a5f4e8, P0139                , 74cfd018-9dcb-4daa-b3b4-75a2edfbd1c3, +15550000139, Reminder   , delivered, 2026-02-11T15:33:52Z
780ee018-d9f8-4ec9-a0a3-3b44a21b6a30, P0140                , a6f8de30-acfc-424d-a8a9-b6a22e5ebc4c, +15550000140, Reminder   , delivered, 2025-04-30T23:17:58Z
780ee018-d9f8-4ec9-a0a3-3b44a21b6a30, P0140                , 44f477b6-b870-4f6c-96d8-5c2d07dfd488, +15550000140, Reminder   , delivered, 2025-05-07T23:17:58Z
780ee018-d9f8-4ec9-a0a3-3b44a21b6a30, P0140                , 7dcdf148-6c83-4e15-9751-33e4acd5100f, +15550000140, Reminder   , delivered, 2025-07-29T23:17:58Z
4f1fb45a-435d-4817-a171-e7f4e2d61b3a, P0141                , a044b571-9053-4b2f-adff-9b2a0b762c07, +15550000141, Reminder   , delivered, 2025-10-31T09:07:12Z
4f1fb45a-435d-4817-a171-e7f4e2d61b3a, P0141                , 2a8fa9a1-fd7e-41c0-8705-499fb68b64ff, +15550000141, Reminder   , delivered, 2025-12-05T10:07:12Z
4f1fb45a-435d-4817-a171-e7f4e2d61b3a, P0141                , 96964703-609e-4572-bf27-f4b3ea4e2f32, +15550000141, Reminder   , delivered, 2025-12-06T10:07:12Z
c43210cf-d018-4fcc-9070-86e1f236c285, P0142                , e2d729f2-b78a-4e91-b46e-b4ebb5b58bd3, +15550000142, Reminder   , delivered, 2025-12-08T03:42:01Z
c43210cf-d018-4fcc-9070-86e1f236c285, P0142                , a4c30b6b-eca3-4bde-8fd0-a2fe8fd1e078, +15550000142, Reminder   , delivered, 2025-12-09T03:42:01Z
21f6114b-1f13-4457-8ff6-b194877855f1, P0143                , fdce3d21-6d61-4cdd-9212-1f861e29a10e, +15550000143, Reminder   , delivered, 2025-09-16T17:12:21Z
21f6114b-1f13-4457-8ff6-b194877855f1, P0143                , aabb10e9-9a3a-404f-9fa3-f44c2076e2fa, +15550000143, Reminder   , delivered, 2025-09-17T17:12:21Z
a39e4319-30d4-4624-9a99-e471dddebc47, P0144                , 7d200457-0a56-4ddc-a1a4-42d6090e556f, +15550000144, Reminder   , delivered, 2025-08-14T10:02:56Z
4c783683-a5ca-4b5b-a94f-059da01cf898, P0146                , 6f8b67ef-f7d4-4067-b363-9729a94fc5f6, +15550000146, Reminder   , delivered, 2025-08-05T11:36:39Z
5dd5d951-7804-4010-b1cf-5b28a46602f2, P0147                , 46557b24-c5ed-4699-9c9c-2b48e4d8e402, +15550000147, Reminder   , delivered, 2025-11-10T03:09:51Z
5dd5d951-7804-4010-b1cf-5b28a46602f2, P0147                , bd57f950-cb62-470e-bdb5-84293e477990, +15550000147, Reminder   , delivered, 2026-02-08T03:09:51Z
5dd5d951-7804-4010-b1cf-5b28a46602f2, P0147                , 15a93080-284b-4b8f-b8ff-1dce42f2061d, +15550000147, Reminder   , delivered, 2026-03-22T02:09:51Z
5dd5d951-7804-4010-b1cf-5b28a46602f2, P0147                , a1eac095-76c4-420b-a510-12e3988ccb47, +15550000147, Reminder   , delivered, 2026-03-23T02:09:51Z
0db07907-88ed-4203-8e49-16d45e95ec7a, P0148                , 7092203c-cc4c-4d00-a8b2-5b8378bed135, +15550000148, Reminder   , delivered, 2025-12-18T00:40:40Z
0db07907-88ed-4203-8e49-16d45e95ec7a, P0148                , 61382839-dbcf-45ee-964a-59f11f1a1c37, +15550000148, Reminder   , delivered, 2025-12-19T00:40:40Z
0db07907-88ed-4203-8e49-16d45e95ec7a, P0148                , 5aca203f-da7b-45f6-9d3f-fec58694cfed, +15550000148, Reminder   , delivered, 2025-12-20T00:40:40Z
7a4366e9-7dc4-402f-ac71-fe85237078b1, P0149                , 59e68ec5-0489-47d5-be7e-e5330a398634, +15550000149, Reminder   , delivered, 2025-06-06T14:25:58Z
7a4366e9-7dc4-402f-ac71-fe85237078b1, P0149                , f208dbfa-d986-46cd-b55f-f346568c07b7, +15550000149, Reminder   , delivered, 2025-06-13T14:25:58Z
ab0b59af-bce9-452a-8b04-e65e43d74541, P0152                , e9e56206-2b2f-410d-a3ac-6cb3baf8795f, +15550000152, Reminder   , delivered, 2025-05-02T19:46:17Z
ab0b59af-bce9-452a-8b04-e65e43d74541, P0152                , f7535af3-638c-4d82-b3d1-62e07bccd3b8, +15550000152, Reminder   , delivered, 2025-05-25T19:46:17Z
ab0b59af-bce9-452a-8b04-e65e43d74541, P0152                , 2f4c7a27-933a-4f37-89fa-c955bdb62cb2, +15550000152, Reminder   , delivered, 2025-05-26T19:46:17Z
ab0b59af-bce9-452a-8b04-e65e43d74541, P0152                , b702df47-c357-4186-87dc-5f82e1dae0eb, +15550000152, Reminder   , delivered, 2025-05-27T19:46:17Z
fa8598b2-4147-4eb6-b6e6-0b28e07ef51a, P0156                , 06cd5ba2-7953-4720-aefe-e8ea1536cf45, +15550000156, Reminder   , delivered, 2025-05-18T08:36:22Z
fa8598b2-4147-4eb6-b6e6-0b28e07ef51a, P0156                , 3fba51a8-4198-46cc-aee9-1bcdac332ed0, +15550000156, Reminder   , delivered, 2025-05-19T08:36:22Z
b551883f-7d73-4130-843e-55a5de486306, P0157                , 5fd7aa22-11fd-4017-91f8-95a87d8203e0, +15550000157, Reminder   , delivered, 2025-02-28T17:39:01Z
b551883f-7d73-4130-843e-55a5de486306, P0157                , d1e1aa7e-b4fd-45c5-bcc0-12e1016b1bc0, +15550000157, Reminder   , delivered, 2025-03-07T17:39:01Z
b551883f-7d73-4130-843e-55a5de486306, P0157                , c50587b7-995c-4302-8dc0-439f58386d61, +15550000157, Reminder   , delivered, 2025-03-08T17:39:01Z
21c4b008-1379-42ca-a605-a708130a80fd, P0158                , c7104a5d-54c0-4d30-b90b-ba690318c2b2, +15550000158, Reminder   , delivered, 2025-09-13T03:02:18Z
21c4b008-1379-42ca-a605-a708130a80fd, P0158                , bdee0940-4cdc-4d46-8ce6-1579caed5fa8, +15550000158, Reminder   , delivered, 2025-09-14T03:02:18Z
21c4b008-1379-42ca-a605-a708130a80fd, P0158                , 9a1131b7-440b-4712-a4f8-738fb5df7deb, +15550000158, Reminder   , delivered, 2025-10-13T03:02:18Z
21c4b008-1379-42ca-a605-a708130a80fd, P0158                , 3cf0e68d-84c7-466d-b04b-7510821c6d4b, +15550000158, Reminder   , delivered, 2025-12-12T04:02:18Z
efcdce13-cdd7-4650-9a22-fc855cfce5d1, P0159                , 6f58e825-887a-4cad-86f0-e95616e9aecf, +15550000159, Reminder   , delivered, 2025-12-17T02:13:47Z
efcdce13-cdd7-4650-9a22-fc855cfce5d1, P0159                , c2be1c91-84ad-44cc-8067-90df9629d24f, +15550000159, Reminder   , delivered, 2025-12-18T02:13:47Z
efcdce13-cdd7-4650-9a22-fc855cfce5d1, P0159                , 5c32638a-7563-41e8-979d-fe5689e3e708, +15550000159, Reminder   , delivered, 2026-01-09T02:13:47Z
efcdce13-cdd7-4650-9a22-fc855cfce5d1, P0159                , 49b6b56f-337b-457c-a6a3-b044b7839ef8, +15550000159, Reminder   , delivered, 2026-03-10T01:13:47Z
78b3bd3a-78de-4c0c-8ec6-e32e76bee3b2, P0160                , 92724f93-b597-42dd-a61c-01b033708a5e, +15550000160, Reminder   , delivered, 2025-11-19T11:59:43Z
78b3bd3a-78de-4c0c-8ec6-e32e76bee3b2, P0160                , 739687fa-a190-4a34-b4e7-441cf2180a2d, +15550000160, Reminder   , delivered, 2025-11-20T11:59:43Z
78b3bd3a-78de-4c0c-8ec6-e32e76bee3b2, P0160                , 6c9c8dee-670a-4271-ad5e-01f96a7cdc4d, +15550000160, Reminder   , delivered, 2025-11-21T11:59:43Z
40a124fe-062b-4c30-87e5-6f355d2c0de7, P0161                , 44c64d85-5075-44e2-90aa-2dc59f492ed3, +15550000161, Reminder   , delivered, 2025-07-05T10:59:41Z
40a124fe-062b-4c30-87e5-6f355d2c0de7, P0161                , d050db69-151a-4a5c-9f03-a11e0e93bda1, +15550000161, Reminder   , delivered, 2025-07-28T10:59:41Z
0929136c-6346-4712-b9da-a10efdc6a955, P0162                , e4bdd40e-2f48-4cbf-9c17-f2bd601152c8, +15550000162, Reminder   , delivered, 2025-11-16T14:36:21Z
0929136c-6346-4712-b9da-a10efdc6a955, P0162                , 9ac921da-5ba6-405a-b938-d4005a2f95e4, +15550000162, Reminder   , delivered, 2025-11-17T14:36:21Z
0929136c-6346-4712-b9da-a10efdc6a955, P0162                , 8b401b0c-d3b6-4bbb-bf22-64e8905f791c, +15550000162, Reminder   , delivered, 2025-11-18T14:36:21Z
0929136c-6346-4712-b9da-a10efdc6a955, P0162                , fb55d3d4-3afb-4b4e-ba00-4f5cc6a05ce5, +15550000162, Reminder   , delivered, 2026-02-07T14:36:21Z
0929136c-6346-4712-b9da-a10efdc6a955, P0162                , d56a7ff4-773e-45b5-98c5-870fce745155, +15550000162, Reminder   , delivered, 2026-05-03T13:36:21Z
a545bf4e-fc17-4a0c-90c7-0ba12fee7933, P0163                , 8242aa63-cdd1-454e-8313-d134b0bc12f6, +15550000163, Reminder   , delivered, 2025-10-21T13:40:56Z
edb1d54f-8b3f-4d21-9ba2-e0141e9936a4, P0164                , 22dce596-cf07-4a9e-b843-86f1a287041c, +15550000164, Reminder   , delivered, 2026-04-27T11:52:39Z
527949ee-363b-475b-8b5c-df13f536420b, P0165                , 53305c39-b950-428f-90c4-cedcfbeaeec4, +15550000165, Reminder   , delivered, 2025-07-10T14:38:22Z
527949ee-363b-475b-8b5c-df13f536420b, P0165                , f30cb011-e4da-4af9-a7a8-6cab9eeb9819, +15550000165, Reminder   , delivered, 2025-07-11T14:38:22Z
527949ee-363b-475b-8b5c-df13f536420b, P0165                , d2dd276d-3401-48ea-86eb-050dc6c4be67, +15550000165, Reminder   , delivered, 2025-07-12T14:38:22Z
527949ee-363b-475b-8b5c-df13f536420b, P0165                , 8a78d724-967c-4e9b-a5f4-9232b445d0c3, +15550000165, Reminder   , delivered, 2025-08-09T14:38:22Z
527949ee-363b-475b-8b5c-df13f536420b, P0165                , 1c346183-749c-4340-924f-43bd9ab1e619, +15550000165, Reminder   , delivered, 2025-08-10T14:38:22Z
527949ee-363b-475b-8b5c-df13f536420b, P0165                , a427edb9-51fc-4437-ae8e-43b567dfb2fd, +15550000165, Reminder   , delivered, 2025-10-08T14:38:22Z
527949ee-363b-475b-8b5c-df13f536420b, P0165                , b2dd5bde-7f0b-45cc-ae80-8c30a97bc829, +15550000165, Reminder   , delivered, 2025-10-09T14:38:22Z
8cd7c97f-45d0-4ff4-a82a-093dbc06d91c, P0167                , 529a1b21-143d-4d5e-9b29-25781f5b0048, +15550000167, Reminder   , delivered, 2025-12-25T10:05:55Z
8cd7c97f-45d0-4ff4-a82a-093dbc06d91c, P0167                , dbe970b0-d6e8-4fc2-ae15-0755023309ce, +15550000167, Reminder   , delivered, 2026-01-01T10:05:55Z
8cd7c97f-45d0-4ff4-a82a-093dbc06d91c, P0167                , 2f0b46aa-7b1e-4735-aaf6-61203f1f5550, +15550000167, Reminder   , delivered, 2026-01-24T10:05:55Z
8cd7c97f-45d0-4ff4-a82a-093dbc06d91c, P0167                , 4edbd5eb-252e-4b1c-970f-147a43658274, +15550000167, Reminder   , delivered, 2026-01-25T10:05:55Z
8cd7c97f-45d0-4ff4-a82a-093dbc06d91c, P0167                , d71fdc4c-4a57-4ee9-842d-34ec9fcc9181, +15550000167, Reminder   , delivered, 2026-01-26T10:05:55Z
cdcc5b24-1e7d-466f-a76c-809c3ca57875, P0168                , bab62d85-e074-4a33-bce8-40aba31b69ec, +15550000168, Reminder   , delivered, 2025-03-27T02:37:36Z
cdcc5b24-1e7d-466f-a76c-809c3ca57875, P0168                , 050d066e-1f4c-4498-91c3-1fc89976fdd7, +15550000168, Reminder   , delivered, 2025-04-19T02:37:36Z
cdcc5b24-1e7d-466f-a76c-809c3ca57875, P0168                , 8604fcbe-525b-46c2-be9c-daf00d3ad67a, +15550000168, Reminder   , delivered, 2025-04-20T02:37:36Z
cdcc5b24-1e7d-466f-a76c-809c3ca57875, P0168                , 1e128a95-5406-4ba7-bf34-a480eb0722ec, +15550000168, Reminder   , delivered, 2025-04-21T02:37:36Z
cdcc5b24-1e7d-466f-a76c-809c3ca57875, P0168                , 4f1f3794-2640-4992-b0a7-9539bd7b9cc3, +15550000168, Reminder   , delivered, 2025-06-18T02:37:36Z
cdcc5b24-1e7d-466f-a76c-809c3ca57875, P0168                , afc61cd4-3796-46c6-b46b-cc6d3aa72dd0, +15550000168, Reminder   , delivered, 2025-06-19T02:37:36Z
894ff0c7-1503-4a0c-8509-2d037654e3ad, P0169                , 52312f92-59ce-4e2a-af11-48cecac46409, +15550000169, Reminder   , delivered, 2025-05-12T12:24:40Z
894ff0c7-1503-4a0c-8509-2d037654e3ad, P0169                , 1e60744f-9d93-41d1-9833-ec1172b62c68, +15550000169, Reminder   , delivered, 2025-05-13T12:24:40Z
894ff0c7-1503-4a0c-8509-2d037654e3ad, P0169                , c79214fd-bc1a-4c3e-95bb-efeb37d1a6d5, +15550000169, Reminder   , delivered, 2025-05-14T12:24:40Z
63864ecf-3d35-429e-a0ee-b7dc2f3d0911, P0171                , 1518d010-3580-443d-ae9d-66660754eab5, +15550000171, Reminder   , delivered, 2025-10-08T01:50:16Z
63864ecf-3d35-429e-a0ee-b7dc2f3d0911, P0171                , 7dffdad0-720f-4886-b748-ed4dc09b1e7f, +15550000171, Reminder   , delivered, 2025-10-09T01:50:16Z
6ce1b220-2206-4575-b03f-41209af5f3e0, P0172                , 00b60ada-8769-40b2-b8d8-1c632865ee9e, +15550000172, Reminder   , delivered, 2025-07-01T17:33:20Z
6ce1b220-2206-4575-b03f-41209af5f3e0, P0172                , 855d688a-53e9-49ee-bb91-196fde9fb96d, +15550000172, Reminder   , delivered, 2025-07-31T17:33:20Z
6ce1b220-2206-4575-b03f-41209af5f3e0, P0172                , f12f48bf-7bfb-4be9-a119-3ad9e6a20e0c, +15550000172, Reminder   , delivered, 2025-08-01T17:33:20Z
254d021c-3aff-4157-858d-83a29755bc83, P0173                , d6504896-2d76-42fa-a0c0-7980dafe2b93, +15550000173, Reminder   , delivered, 2025-08-18T01:21:26Z
254d021c-3aff-4157-858d-83a29755bc83, P0173                , d37855cb-cbc1-4632-bfa7-620f64590cfc, +15550000173, Reminder   , delivered, 2025-08-19T01:21:26Z
254d021c-3aff-4157-858d-83a29755bc83, P0173                , dbafded1-004c-483d-aa39-fa2e36b519a3, +15550000173, Reminder   , delivered, 2025-11-28T02:21:26Z
254d021c-3aff-4157-858d-83a29755bc83, P0173                , 8efbc27c-64df-42a3-8261-b0e6d1106db5, +15550000173, Reminder   , delivered, 2025-11-29T02:21:26Z
e4409f20-e331-4beb-9637-fbf2323bd415, P0174                , 34ab618e-cb0f-4ea4-9c01-dbd54a137d9f, +15550000174, Reminder   , delivered, 2025-11-25T07:11:55Z
5103cd40-b672-4925-a836-fd353c3e1341, P0177                , f6bcfadb-a8d0-450e-94e2-6bf0f8da6378, +15550000177, Reminder   , delivered, 2025-12-11T07:43:54Z
5103cd40-b672-4925-a836-fd353c3e1341, P0177                , 88be1b97-fca0-4ab4-968a-6bd19b0c347a, +15550000177, Reminder   , delivered, 2026-02-09T07:43:54Z
2087eaff-6c26-4b01-9d5b-d245510e857e, P0178                , de72e189-f703-460b-a58b-ecbe9eb426b5, +15550000178, Reminder   , delivered, 2025-06-26T03:19:03Z
b1df84ff-3fea-419b-a06f-4c757c8fdcba, P0179                , 95fc5ffc-0a41-4add-bed9-a335e2ca8ff2, +15550000179, Reminder   , delivered, 2025-08-13T03:25:57Z
b1df84ff-3fea-419b-a06f-4c757c8fdcba, P0179                , 46b5444e-f312-4876-8aa0-f46f43875b6f, +15550000179, Reminder   , delivered, 2025-08-14T03:25:57Z
b1df84ff-3fea-419b-a06f-4c757c8fdcba, P0179                , 825f76f9-63ab-442a-85ec-cf20dd04cc66, +15550000179, Reminder   , delivered, 2025-08-15T03:25:57Z
3dac9f8d-7b0f-426a-bf7a-1d203d30981a, P0180                , 1455e42f-8ffd-492d-a4fe-7fdd60a3cb73, +15550000180, Reminder   , delivered, 2025-12-15T08:58:44Z
3dac9f8d-7b0f-426a-bf7a-1d203d30981a, P0180                , c5f6f263-1443-47c0-a6e2-24204b2c9c34, +15550000180, Reminder   , delivered, 2025-12-17T08:58:44Z
03e24b65-c959-455f-8eb2-58c5a8890ad5, P0181                , e79ccec0-1fb3-4d7c-ab14-809d676cbbe3, +15550000181, Reminder   , delivered, 2026-01-18T21:20:22Z
03e24b65-c959-455f-8eb2-58c5a8890ad5, P0181                , c0ce1364-7350-4fc4-809a-c9096d2bbdab, +15550000181, Reminder   , delivered, 2026-03-19T20:20:22Z
03e24b65-c959-455f-8eb2-58c5a8890ad5, P0181                , 61685a95-502e-4a36-a358-fd5e77112c5a, +15550000181, Reminder   , delivered, 2026-03-20T20:20:22Z
03e24b65-c959-455f-8eb2-58c5a8890ad5, P0181                , 11d443b0-57eb-4b10-b3d5-f43adacbf009, +15550000181, Reminder   , delivered, 2026-03-21T20:20:22Z
9c126754-de5b-4b0b-a654-44239a2564ef, P0182                , 5c677a64-fd9d-4f6f-8e60-b3952408f928, +15550000182, Reminder   , delivered, 2025-01-21T14:21:58Z
9c126754-de5b-4b0b-a654-44239a2564ef, P0182                , 91ff2121-6010-4fc9-acbe-f12fcbc45e23, +15550000182, Reminder   , delivered, 2025-02-13T14:21:58Z
3214e498-43de-43e9-b5be-fd303a2fe425, P0183                , 87b43b1d-2407-4b6e-b0ae-3b9ccf5fe08a, +15550000183, Reminder   , delivered, 2025-11-27T10:14:32Z
3214e498-43de-43e9-b5be-fd303a2fe425, P0183                , 02913f29-38ce-44cd-ba2e-3561fb0b977e, +15550000183, Reminder   , delivered, 2025-11-28T10:14:32Z
3214e498-43de-43e9-b5be-fd303a2fe425, P0183                , 68b7dd86-643a-49e1-bd44-fc424e52df9b, +15550000183, Reminder   , delivered, 2026-04-29T09:14:32Z
3214e498-43de-43e9-b5be-fd303a2fe425, P0183                , dbe981e7-fc99-4538-a2e2-91f5213ed5c6, +15550000183, Reminder   , delivered, 2026-04-30T09:14:32Z
3c506462-bff6-4769-858b-610d571b363b, P0184                , 176a9f67-7f9b-47c1-b4e9-2db4a74399aa, +15550000184, Reminder   , delivered, 2025-05-01T03:38:45Z
3c506462-bff6-4769-858b-610d571b363b, P0184                , 3a586aaf-a617-436e-9668-b4e328f9d501, +15550000184, Reminder   , delivered, 2025-05-02T03:38:45Z
3c506462-bff6-4769-858b-610d571b363b, P0184                , cff8311e-6243-425e-b2b1-4e3199cbb52d, +15550000184, Reminder   , delivered, 2025-05-03T03:38:45Z
3c506462-bff6-4769-858b-610d571b363b, P0184                , 8d687e04-7171-4ada-a43b-e36ae214a892, +15550000184, Reminder   , delivered, 2025-07-23T03:38:45Z
3c506462-bff6-4769-858b-610d571b363b, P0184                , ff715798-8b3a-424b-98c5-5689bb20ede1, +15550000184, Reminder   , delivered, 2025-10-04T03:38:45Z
de934db8-7da0-4de8-8903-8653a67c6e3a, P0186                , 04f217ca-4d7f-4751-a757-96afd27e99f4, +15550000186, Reminder   , delivered, 2025-09-26T05:39:52Z
de934db8-7da0-4de8-8903-8653a67c6e3a, P0186                , c3eaa1db-7436-4daf-8c62-2bd1199c221c, +15550000186, Reminder   , delivered, 2025-11-29T06:39:52Z
f4d96764-dd23-4ae7-907d-dc7e999bdfa2, P0187                , 6c59014c-a1fe-4cbb-84ea-bba2f8222c3d, +15550000187, Reminder   , delivered, 2025-12-23T14:18:35Z
f4d96764-dd23-4ae7-907d-dc7e999bdfa2, P0187                , 8e407423-b243-4536-8abb-928d4a77326b, +15550000187, Reminder   , delivered, 2026-01-22T14:18:35Z
f4d96764-dd23-4ae7-907d-dc7e999bdfa2, P0187                , 7ca0f45c-2779-4080-b165-476dc5e0b21a, +15550000187, Reminder   , delivered, 2026-01-23T14:18:35Z
019929d8-1eed-4948-bdff-5fc460e1e06b, P0188                , b8dda83e-f19a-40ec-9b8b-f014d822dc5d, +15550000188, Reminder   , delivered, 2025-12-12T20:28:26Z
019929d8-1eed-4948-bdff-5fc460e1e06b, P0188                , d93490c4-5472-4c01-b01e-6fa8790c8452, +15550000188, Reminder   , delivered, 2026-02-10T20:28:26Z
019929d8-1eed-4948-bdff-5fc460e1e06b, P0188                , 57e5e030-147c-4149-8358-1e8d8458c501, +15550000188, Reminder   , delivered, 2026-03-22T19:28:26Z
b3f78303-73cd-46e6-813b-4313645ebbe5, P0190                , 9d77c42d-5123-4475-8029-212608d06e0d, +15550000190, Reminder   , delivered, 2025-06-27T18:39:55Z
b3f78303-73cd-46e6-813b-4313645ebbe5, P0190                , ac6b25f0-4b30-4aab-993b-923a4a37d510, +15550000190, Reminder   , delivered, 2025-06-28T18:39:55Z
b3f78303-73cd-46e6-813b-4313645ebbe5, P0190                , 8b2266e8-c3b0-4edd-a010-e53de5ae6e55, +15550000190, Reminder   , delivered, 2025-06-29T18:39:55Z
b72b6d21-a8bb-47db-b5d3-7162386b9353, P0191                , a860ecb5-2a7e-4734-adc2-227be76e2e74, +15550000191, Reminder   , delivered, 2025-12-25T06:03:21Z
a47ae2ac-1575-4d44-bca9-111225b5c679, P0193                , 92872ebd-31b5-4676-8058-4acf3b6ff8bc, +15550000193, Reminder   , delivered, 2025-11-02T10:31:08Z
a47ae2ac-1575-4d44-bca9-111225b5c679, P0193                , aa3b7dfd-1e18-45a5-8ec4-9e6ff7a25b22, +15550000193, Reminder   , delivered, 2026-01-31T10:31:08Z
a47ae2ac-1575-4d44-bca9-111225b5c679, P0193                , 936ed5e0-58a1-42d5-8f76-444dee9b2ece, +15550000193, Reminder   , delivered, 2026-02-01T10:31:08Z
a47ae2ac-1575-4d44-bca9-111225b5c679, P0193                , e5e83a4e-f28e-4c6c-97c3-47419828c13c, +15550000193, Reminder   , delivered, 2026-03-09T09:31:08Z
f6149e0e-2a67-416d-b5c3-29df7a4f3203, P0194                , af8ef127-e13d-4cd0-80a6-6d7dd7fdea1c, +15550000194, Reminder   , delivered, 2025-08-19T13:46:08Z
b8c3f77e-46c6-4290-b87b-aaba9476b0b6, P0196                , 476cb77a-1547-49af-93a4-91718c1afea6, +15550000196, Reminder   , delivered, 2025-09-24T09:31:56Z
b8c3f77e-46c6-4290-b87b-aaba9476b0b6, P0196                , 8967da3b-07a6-40c9-8308-293a58bd004c, +15550000196, Reminder   , delivered, 2025-09-25T09:31:56Z
26f22487-c3e6-4762-8ec7-2dd1864632a2, P0197                , b33c482a-099a-46cb-823b-c2f5e12824f2, +15550000197, Reminder   , delivered, 2026-01-01T14:23:39Z
d08e1823-ff85-4f3b-bd98-231a4e276d3f, P0198                , 07364c5b-127d-4387-890a-0a153b4ef969, +15550000198, Reminder   , delivered, 2025-03-20T14:08:39Z
d08e1823-ff85-4f3b-bd98-231a4e276d3f, P0198                , 2b393e70-8881-4df5-928e-72b29abf1e7c, +15550000198, Reminder   , delivered, 2025-06-11T14:08:39Z
d08e1823-ff85-4f3b-bd98-231a4e276d3f, P0198                , fdeaabea-4a41-4503-8d8a-1be42d2908e9, +15550000198, Reminder   , delivered, 2025-06-12T14:08:39Z
d08e1823-ff85-4f3b-bd98-231a4e276d3f, P0198                , baeca36e-3664-48a0-aaa5-95f8dca0fadf, +15550000198, Reminder   , delivered, 2025-06-13T14:08:39Z
d08e1823-ff85-4f3b-bd98-231a4e276d3f, P0198                , 071affe0-9cef-4ff4-a5b6-ded6963d8183, +15550000198, Reminder   , delivered, 2025-08-23T14:08:39Z
4d20721a-369c-44fd-a90f-6b2b196aae7e, P0199                , 7f915cc1-b6d1-430d-84ee-13220676fc9b, +15550000199, Reminder   , delivered, 2025-09-13T20:31:49Z
4d20721a-369c-44fd-a90f-6b2b196aae7e, P0199                , 3f46b658-91c9-4804-b87d-b0d1bf5df349, +15550000199, Reminder   , delivered, 2025-09-14T20:31:49Z
05745887-b91c-459b-8205-ae10916432c9, P0200                , ccdb9110-71cb-40b7-b829-35669c5df88b, +15550000200, Reminder   , delivered, 2025-11-24T17:06:48Z
05745887-b91c-459b-8205-ae10916432c9, P0200                , f0355ae1-9f22-41d9-90cf-13de24f30185, +15550000200, Reminder   , delivered, 2025-11-25T17:06:48Z
536ee717-ba21-40b2-8b7d-d230ee603501, P0201                , eef5cdfe-96b6-46cb-ac64-4cf89fee91e5, +15550000201, Reminder   , delivered, 2025-10-18T05:13:06Z
536ee717-ba21-40b2-8b7d-d230ee603501, P0201                , f8706fe7-2fb4-443b-8ccc-16b7ad21373d, +15550000201, Reminder   , delivered, 2025-10-19T05:13:06Z
536ee717-ba21-40b2-8b7d-d230ee603501, P0201                , 7c4901e3-b839-4349-9aa4-bcb04198bc5b, +15550000201, Reminder   , delivered, 2026-01-09T06:13:06Z
90022626-8be1-45f6-be88-39dab8a4051c, P0202                , dc4959fa-aa5b-4f25-8957-a66883a56e73, +15550000202, Reminder   , delivered, 2025-07-06T13:58:20Z
90022626-8be1-45f6-be88-39dab8a4051c, P0202                , 580adbb7-7289-40b3-8636-78858e0b0240, +15550000202, Reminder   , delivered, 2025-07-07T13:58:20Z
bfec3a82-ad28-4a60-bddd-304754276df2, P0204                , ebbeacac-a351-414b-8114-5e2dd80d0003, +15550000204, Reminder   , delivered, 2025-10-10T08:54:47Z
bfec3a82-ad28-4a60-bddd-304754276df2, P0204                , a76e31f9-c19d-46ac-8321-75934470b1f2, +15550000204, Reminder   , delivered, 2025-10-11T08:54:47Z
bfec3a82-ad28-4a60-bddd-304754276df2, P0204                , 69968d3a-f9a9-4e51-b16f-f13290a4b9b3, +15550000204, Reminder   , delivered, 2025-12-09T09:54:47Z
bfec3a82-ad28-4a60-bddd-304754276df2, P0204                , 88f4e4d8-33bf-4c24-844e-f00be2d5ff49, +15550000204, Reminder   , delivered, 2026-01-27T09:54:47Z
ac12a7cf-577d-41d7-85f2-faab86a7d88b, P0205                , 51b7c722-6d92-4f6d-a3bd-c4d6b53078a5, +15550000205, Reminder   , delivered, 2025-05-14T23:38:59Z
ac12a7cf-577d-41d7-85f2-faab86a7d88b, P0205                , 6add7fdd-afa8-49a1-ad11-4849430c3510, +15550000205, Reminder   , delivered, 2025-05-15T23:38:59Z
ac12a7cf-577d-41d7-85f2-faab86a7d88b, P0205                , f8505441-450e-4f94-b0d3-00b2d30ea1d6, +15550000205, Reminder   , delivered, 2025-08-17T23:38:59Z
ac12a7cf-577d-41d7-85f2-faab86a7d88b, P0205                , acec25b7-666c-43dd-9f64-ce314627f66a, +15550000205, Reminder   , delivered, 2025-08-18T23:38:59Z
ac12a7cf-577d-41d7-85f2-faab86a7d88b, P0205                , 00520d65-b9d0-4d82-8286-dc0ac62552ae, +15550000205, Reminder   , delivered, 2025-08-19T23:38:59Z
c0e862ec-fdb2-4c72-ba8e-51cc435fa72e, P0206                , ad2be452-6588-46de-9597-b1ec3e354717, +15550000206, Reminder   , delivered, 2026-03-18T07:01:59Z
c0e862ec-fdb2-4c72-ba8e-51cc435fa72e, P0206                , 4a04a7ac-4c24-4bc3-9feb-18928d916106, +15550000206, Reminder   , delivered, 2026-03-19T07:01:59Z
c0e862ec-fdb2-4c72-ba8e-51cc435fa72e, P0206                , f221ef8c-ad4c-4c07-b192-fe5073644da5, +15550000206, Reminder   , delivered, 2026-05-28T07:01:59Z
c0e862ec-fdb2-4c72-ba8e-51cc435fa72e, P0206                , 8bd7a9a1-3bd0-4e48-9db0-79e1b57391ec, +15550000206, Reminder   , delivered, 2026-05-29T07:01:59Z
1462cb6f-9735-4f23-b552-bbe78bfd8967, P0208                , 8f61a500-68f7-4307-b7a4-10b523e68648, +15550000208, Reminder   , delivered, 2025-10-15T05:51:20Z
cd8c948d-502e-4833-bf7c-e58732e6e180, P0209                , bee4479d-f53f-4c70-a855-c9b47896d3a9, +15550000209, Reminder   , delivered, 2025-02-15T01:57:56Z
da80a69b-7865-4050-b4e1-dbc864b3cd73, P0210                , cee48a7a-3f84-4a3c-ab91-5bbdffd44e52, +15550000210, Reminder   , delivered, 2025-03-18T01:41:03Z
da80a69b-7865-4050-b4e1-dbc864b3cd73, P0210                , f85528c1-229d-4393-9712-f12163712b96, +15550000210, Reminder   , delivered, 2025-09-10T01:41:03Z
da80a69b-7865-4050-b4e1-dbc864b3cd73, P0210                , bcabbebb-2ffb-4fd3-9cb6-5ef03f8e3a54, +15550000210, Reminder   , delivered, 2025-09-11T01:41:03Z
7ce421d8-57a2-4485-a239-129a447f2609, P0211                , 678f3ccf-3b5c-424b-ad76-0290e56a33f4, +15550000211, Reminder   , delivered, 2025-10-18T19:41:19Z
7f58c36a-1b71-49e2-9104-dd0bee3f635b, P0213                , a342bbf0-8003-4638-ba0e-21de9f7031c0, +15550000213, Reminder   , delivered, 2025-06-10T05:42:01Z
7f58c36a-1b71-49e2-9104-dd0bee3f635b, P0213                , 28ad8ec0-0626-4ca9-a756-96ef27a29304, +15550000213, Reminder   , delivered, 2025-06-17T05:42:01Z
7f58c36a-1b71-49e2-9104-dd0bee3f635b, P0213                , ec9c8ef7-c07f-4995-ac44-adf30369852c, +15550000213, Reminder   , delivered, 2025-06-18T05:42:01Z
7f58c36a-1b71-49e2-9104-dd0bee3f635b, P0213                , 4f07c112-3c25-4ba8-ba07-28b2e5c1d6ed, +15550000213, Reminder   , delivered, 2025-06-19T05:42:01Z
7f58c36a-1b71-49e2-9104-dd0bee3f635b, P0213                , ca3f125a-a47b-410d-95db-360024df0e99, +15550000213, Reminder   , delivered, 2025-07-10T05:42:01Z
7f58c36a-1b71-49e2-9104-dd0bee3f635b, P0213                , c53ab211-1e88-4ded-a4b1-b24df193436a, +15550000213, Reminder   , delivered, 2025-09-08T05:42:01Z
7f58c36a-1b71-49e2-9104-dd0bee3f635b, P0213                , 395ff9da-df9e-4442-b8c6-0694e11c946a, +15550000213, Reminder   , delivered, 2025-09-09T05:42:01Z
6df109b2-103b-4bf0-9aa1-c0197d3b12b9, P0214                , 3cbe0520-d5a6-4317-81dc-a4eb523d4a95, +15550000214, Reminder   , delivered, 2025-05-28T08:10:02Z
26dfb107-4bb6-4918-8309-8f55e64703cc, P0216                , 7632fb92-eb9f-4f93-8633-abef1ae97099, +15550000216, Reminder   , delivered, 2025-12-30T11:13:29Z
26dfb107-4bb6-4918-8309-8f55e64703cc, P0216                , 15b1edcc-c794-495a-b158-7411ae825ed0, +15550000216, Reminder   , delivered, 2026-03-23T10:13:29Z
60b077b7-8eaa-41e6-9f2d-aa9f4e172d9b, P0217                , 197b015c-c99c-4ce9-b622-5eadd5cd07f9, +15550000217, Reminder   , delivered, 2025-01-13T23:47:54Z
60b077b7-8eaa-41e6-9f2d-aa9f4e172d9b, P0217                , 26d87caa-8678-4d81-b59d-cbcd920a5c34, +15550000217, Reminder   , delivered, 2025-02-05T23:47:54Z
60b077b7-8eaa-41e6-9f2d-aa9f4e172d9b, P0217                , a9e79ffd-c116-4ffb-a289-0d5059644faf, +15550000217, Reminder   , delivered, 2025-02-06T23:47:54Z
60b077b7-8eaa-41e6-9f2d-aa9f4e172d9b, P0217                , d3830e02-d541-4c74-88f9-cd85ae6442e0, +15550000217, Reminder   , delivered, 2025-02-07T23:47:54Z
60b077b7-8eaa-41e6-9f2d-aa9f4e172d9b, P0217                , 5ab95198-be86-46ce-b827-9a67aa70aa28, +15550000217, Reminder   , delivered, 2025-06-08T22:47:54Z
295b037d-4a35-455f-af9c-c6175c635e1c, P0218                , 2eec6504-236b-4c6d-91bc-7d007d2e817c, +15550000218, Reminder   , delivered, 2025-03-08T08:04:46Z
295b037d-4a35-455f-af9c-c6175c635e1c, P0218                , c101252b-0db1-4614-9315-bb42766f7a08, +15550000218, Reminder   , delivered, 2025-03-09T07:04:46Z
295b037d-4a35-455f-af9c-c6175c635e1c, P0218                , d1938a2f-6b83-4ea9-a00a-4bf7a725dcab, +15550000218, Reminder   , delivered, 2025-05-07T07:04:46Z
295b037d-4a35-455f-af9c-c6175c635e1c, P0218                , 9f063cca-019a-48a6-9323-f98cc3a88e5d, +15550000218, Reminder   , delivered, 2025-07-18T07:04:46Z
295b037d-4a35-455f-af9c-c6175c635e1c, P0218                , 652ece9d-2909-410b-97a3-b19cf066cc9f, +15550000218, Reminder   , delivered, 2025-07-19T07:04:46Z
82a17b00-e8a1-4458-a3b5-95134df6e649, P0219                , d4b6960e-636d-47a8-9b45-0ba70caa4b93, +15550000219, Reminder   , delivered, 2025-01-08T14:59:59Z
82a17b00-e8a1-4458-a3b5-95134df6e649, P0219                , 21f495d4-2548-486a-a426-861245dcd55e, +15550000219, Reminder   , delivered, 2025-01-31T14:59:59Z
82a17b00-e8a1-4458-a3b5-95134df6e649, P0219                , 0435f5f0-70f0-4378-82a0-4a1c54bf5bc0, +15550000219, Reminder   , delivered, 2025-02-01T14:59:59Z
40342a16-356d-4aa7-a69f-0d9cff57b9a6, P0220                , cc1cc823-95a1-485e-92b7-e366e50a797d, +15550000220, Reminder   , delivered, 2025-11-26T18:46:37Z
b30b5d04-25aa-4323-a39d-7dac3cfeedb9, P0221                , 13dc4e50-325f-4db2-85b5-68e575ba6271, +15550000221, Reminder   , delivered, 2025-08-21T23:57:45Z
885459a0-f2a6-4ae7-b052-dae49bf2a331, P0222                , 260a9795-5fee-4b02-b4bf-2ba014f8817c, +15550000222, Reminder   , delivered, 2025-08-01T18:35:54Z
96097fc3-c46b-400e-956b-41ede0061768, P0223                , 45ee27fc-8a44-4ea6-afb2-0cb9583765eb, +15550000223, Reminder   , delivered, 2026-01-28T13:32:14Z
4aefb69f-be70-4a44-9ee7-81088615412f, P0224                , e9c857f4-5cac-4077-b88f-3e015633d489, +15550000224, Reminder   , delivered, 2026-02-20T08:24:00Z
7084590c-7eae-4c82-a38a-607f12d4a617, P0225                , 1696fe0b-d0a7-40f1-929b-d5e4ae81c3b4, +15550000225, Reminder   , delivered, 2025-05-03T18:13:57Z
31e9c7bc-affd-463a-b08e-cd8bb2e708d8, P0226                , 6cf87fcc-0480-4d8c-9154-2697eb486953, +15550000226, Reminder   , delivered, 2025-09-02T10:51:50Z
31e9c7bc-affd-463a-b08e-cd8bb2e708d8, P0226                , 151dc6b5-2394-47bc-91af-d01956e76118, +15550000226, Reminder   , delivered, 2025-09-03T10:51:50Z
6a33d975-94d4-4e72-b818-85f3045768e0, P0227                , 30ab959c-39ab-4f77-b649-4249aa90c75b, +15550000227, Reminder   , delivered, 2025-11-12T19:29:01Z
6a33d975-94d4-4e72-b818-85f3045768e0, P0227                , 1eafffd8-7899-425a-952e-ed90de9cbc6a, +15550000227, Reminder   , delivered, 2025-11-13T19:29:01Z
6a33d975-94d4-4e72-b818-85f3045768e0, P0227                , 6b85ac92-7060-4a19-bf68-53b5f1fac794, +15550000227, Reminder   , delivered, 2025-11-14T19:29:01Z
89eb4f4f-8917-4932-ae54-16d5a0457420, P0228                , a50b5beb-f58a-4a21-b911-035906bdfb3c, +15550000228, Reminder   , delivered, 2025-03-19T16:52:42Z
89eb4f4f-8917-4932-ae54-16d5a0457420, P0228                , 7c5c10aa-3c9a-4075-a7d6-b1cdb164ae61, +15550000228, Reminder   , delivered, 2025-03-20T16:52:42Z
89eb4f4f-8917-4932-ae54-16d5a0457420, P0228                , e6a0fee8-4411-4af6-b783-85fcb2f28fd5, +15550000228, Reminder   , delivered, 2025-03-26T16:52:42Z
89eb4f4f-8917-4932-ae54-16d5a0457420, P0228                , fce0d759-d52a-4913-ae19-5e691f68262e, +15550000228, Reminder   , delivered, 2025-03-27T16:52:42Z
6af34475-3297-4a6e-b7ce-e80505c96439, P0229                , f7464ce4-af81-439c-aec1-b08c400cde92, +15550000229, Reminder   , delivered, 2025-04-07T18:01:10Z
6af34475-3297-4a6e-b7ce-e80505c96439, P0229                , 40b074c7-a23a-4be5-8664-5ac4a621b193, +15550000229, Reminder   , delivered, 2025-04-08T18:01:10Z
6af34475-3297-4a6e-b7ce-e80505c96439, P0229                , cf5d788d-d8ea-4fab-8412-42d3b91bd7a1, +15550000229, Reminder   , delivered, 2025-04-14T18:01:10Z
6af34475-3297-4a6e-b7ce-e80505c96439, P0229                , f8994330-b3a2-49da-afcc-153bcc47b809, +15550000229, Reminder   , delivered, 2025-09-09T18:01:10Z
6af34475-3297-4a6e-b7ce-e80505c96439, P0229                , 53fbc969-eaac-479f-bd13-98b5259cc771, +15550000229, Reminder   , delivered, 2025-09-10T18:01:10Z
6af34475-3297-4a6e-b7ce-e80505c96439, P0229                , 0eb9ed9a-f3fc-4d5b-b235-31f6c467784e, +15550000229, Reminder   , delivered, 2025-09-11T18:01:10Z
98a10254-9069-40d9-957f-d99d4aa7ec9b, P0232                , 94ebae3e-863b-4391-8e5e-099285e28283, +15550000232, Reminder   , delivered, 2025-01-25T21:15:29Z
98a10254-9069-40d9-957f-d99d4aa7ec9b, P0232                , afe2c844-4af8-409a-a1f5-86edfaa20d21, +15550000232, Reminder   , delivered, 2025-01-26T21:15:29Z
25ec5c42-8dd6-4ed7-b65e-c29c7fb19ffa, P0233                , 7af727da-ec9a-4ea3-ae4a-5090c0ec7a8f, +15550000233, Reminder   , delivered, 2025-10-27T11:48:07Z
25ec5c42-8dd6-4ed7-b65e-c29c7fb19ffa, P0233                , 02c79038-129a-456b-bef3-a632603923d0, +15550000233, Reminder   , delivered, 2025-11-19T12:48:07Z
25ec5c42-8dd6-4ed7-b65e-c29c7fb19ffa, P0233                , eec09cbc-4bb4-47c0-927b-f1138827bfad, +15550000233, Reminder   , delivered, 2025-11-20T12:48:07Z
ccef23e0-6e55-4bba-80c0-9ad3b2e882d0, P0235                , 9b2e546b-11e4-4739-ad67-c11003e7e196, +15550000235, Reminder   , delivered, 2025-04-22T18:56:47Z
ccef23e0-6e55-4bba-80c0-9ad3b2e882d0, P0235                , 28e8b0d1-63d1-4129-a6e4-34f3aad13f29, +15550000235, Reminder   , delivered, 2025-07-14T18:56:47Z
ccef23e0-6e55-4bba-80c0-9ad3b2e882d0, P0235                , 292b8129-6fea-4f96-87fd-48b3f96a12d4, +15550000235, Reminder   , delivered, 2025-09-11T18:56:47Z
ccef23e0-6e55-4bba-80c0-9ad3b2e882d0, P0235                , 2f3fbb25-3196-4dde-a03b-15850bbbc5c2, +15550000235, Reminder   , delivered, 2025-09-12T18:56:47Z
479acc0e-8d16-4c04-a768-cb1c579650d4, P0236                , 7196c90f-dd00-4775-8b98-db7d9231ab6b, +15550000236, Reminder   , delivered, 2025-09-18T02:39:50Z
479acc0e-8d16-4c04-a768-cb1c579650d4, P0236                , b49ed1e1-c018-4e9f-8e04-2f831ee17243, +15550000236, Reminder   , delivered, 2025-09-19T02:39:50Z
479acc0e-8d16-4c04-a768-cb1c579650d4, P0236                , acfc78d7-919f-4e2a-aec1-fc375aa110ed, +15550000236, Reminder   , delivered, 2025-09-25T02:39:50Z
479acc0e-8d16-4c04-a768-cb1c579650d4, P0236                , 9b1945fc-0526-430a-ad16-0ed818e62040, +15550000236, Reminder   , delivered, 2026-02-26T03:39:50Z
e578ecb0-8250-44eb-9423-df3ec101241d, P0237                , 849e5888-ee8a-4a61-8ef6-19672f4273ed, +15550000237, Reminder   , delivered, 2025-10-29T17:55:18Z
e578ecb0-8250-44eb-9423-df3ec101241d, P0237                , 75b24d22-8912-4dda-9e50-c9fd3dad78a1, +15550000237, Reminder   , delivered, 2025-10-30T17:55:18Z
e578ecb0-8250-44eb-9423-df3ec101241d, P0237                , ffad939d-eb0f-411a-a865-f80c758f1224, +15550000237, Reminder   , delivered, 2025-10-31T17:55:18Z
e578ecb0-8250-44eb-9423-df3ec101241d, P0237                , 6d4d1035-596c-4c90-8fa0-3d5151a0d9b9, +15550000237, Reminder   , delivered, 2026-01-20T18:55:18Z
e578ecb0-8250-44eb-9423-df3ec101241d, P0237                , e30de051-0e03-46a6-b258-206405c2dac1, +15550000237, Reminder   , delivered, 2026-01-21T18:55:18Z
e578ecb0-8250-44eb-9423-df3ec101241d, P0237                , fcab4c28-3fb1-4700-a649-f8cb6b0c2367, +15550000237, Reminder   , delivered, 2026-01-22T18:55:18Z
ad23840a-1755-48f1-b413-63be0ae13170, P0238                , 73be152d-0859-479b-b40a-e32bc0adefba, +15550000238, Reminder   , delivered, 2025-10-05T06:26:30Z
ad23840a-1755-48f1-b413-63be0ae13170, P0238                , fcbd4fb9-9729-4526-bab5-b4848643d9c2, +15550000238, Reminder   , delivered, 2025-10-06T06:26:30Z
2af0d524-4dd0-4a77-bf34-36498b2790f1, P0239                , ae964fb6-12ab-4957-b3dc-43a31115d3c0, +15550000239, Reminder   , delivered, 2025-05-20T05:49:22Z
2af0d524-4dd0-4a77-bf34-36498b2790f1, P0239                , 6af9e96c-993b-4e26-8856-c74fbf8d8ebe, +15550000239, Reminder   , delivered, 2025-10-09T05:49:22Z
4d7aff12-83e4-4a59-808f-f92388e199a8, P0240                , 5c633fc1-f11b-4fd4-852b-18eedb00fdf3, +15550000240, Reminder   , delivered, 2025-03-02T15:28:54Z
4d7aff12-83e4-4a59-808f-f92388e199a8, P0240                , 027c9caa-9304-4897-8c7e-ddcf1f00fb56, +15550000240, Reminder   , delivered, 2025-03-10T14:28:54Z
4d7aff12-83e4-4a59-808f-f92388e199a8, P0240                , cf28b71a-f827-43d8-976a-4937e2f9b98a, +15550000240, Reminder   , delivered, 2025-03-11T14:28:54Z
4d7aff12-83e4-4a59-808f-f92388e199a8, P0240                , d28aca7e-d99b-4306-85f8-26f305aa8dc1, +15550000240, Reminder   , delivered, 2025-05-31T14:28:54Z
c9060b3f-1a05-40cf-8bc9-5b50baed9999, P0241                , 1068b6b9-3788-40f1-9208-b9f398bf4262, +15550000241, Reminder   , delivered, 2025-01-10T12:49:51Z
c9060b3f-1a05-40cf-8bc9-5b50baed9999, P0241                , aedce661-4adf-4887-9f06-f67d63cacbb8, +15550000241, Reminder   , delivered, 2025-01-11T12:49:51Z
c9060b3f-1a05-40cf-8bc9-5b50baed9999, P0241                , 2569016b-2187-4cc9-a71f-d62177e0fd36, +15550000241, Reminder   , delivered, 2025-02-02T12:49:51Z
f7875158-ab17-4fa6-9354-0a8bd0015389, P0244                , 5716c714-86ae-41fd-9b52-3e9ccc86a480, +15550000244, Reminder   , delivered, 2025-11-13T23:34:09Z
f7875158-ab17-4fa6-9354-0a8bd0015389, P0244                , 7dd55c24-7bbb-48cb-8d30-9437a0741380, +15550000244, Reminder   , delivered, 2025-11-14T23:34:09Z
41ca1140-a261-4f5a-a6ae-27c7463f729a, P0245                , ce1d0838-8d46-4f75-887c-ca958d96ce1a, +15550000245, Reminder   , delivered, 2025-08-12T12:42:59Z
41ca1140-a261-4f5a-a6ae-27c7463f729a, P0245                , 35c62b4d-b853-41b5-a85f-3df86c6e8ad5, +15550000245, Reminder   , delivered, 2025-09-12T12:42:59Z
41ca1140-a261-4f5a-a6ae-27c7463f729a, P0245                , 3bf27996-dc32-4970-b525-eb246191e990, +15550000245, Reminder   , delivered, 2025-09-13T12:42:59Z
41ca1140-a261-4f5a-a6ae-27c7463f729a, P0245                , 96326407-ba39-4457-834b-fe5f7f917947, +15550000245, Reminder   , delivered, 2025-11-10T13:42:59Z
41ca1140-a261-4f5a-a6ae-27c7463f729a, P0245                , 9858563b-3249-4bfa-8b34-4c3c4cdfd97e, +15550000245, Reminder   , delivered, 2025-11-11T13:42:59Z
41ca1140-a261-4f5a-a6ae-27c7463f729a, P0245                , 878dfb74-7b48-452f-8566-6b3d61bc98aa, +15550000245, Reminder   , delivered, 2025-11-12T13:42:59Z
673ebfeb-3a94-4dfe-b711-cc29291ebdef, P0246                , 0dc83fb5-9805-4cb9-a84d-f6bc33521cb1, +15550000246, Reminder   , delivered, 2026-01-25T09:31:28Z
673ebfeb-3a94-4dfe-b711-cc29291ebdef, P0246                , 21c58314-0ea7-4023-a6e9-7f2d342bf889, +15550000246, Reminder   , delivered, 2026-01-26T09:31:28Z
593e45a7-c14f-4f5d-ba72-8e8f40383059, P0247                , 12a5cf16-dd49-4890-9f59-2619b4eb4bee, +15550000247, Reminder   , delivered, 2025-12-27T05:50:39Z
593e45a7-c14f-4f5d-ba72-8e8f40383059, P0247                , 3a019588-a59a-4a0b-a835-b8d78c9b4d05, +15550000247, Reminder   , delivered, 2025-12-28T05:50:39Z
593e45a7-c14f-4f5d-ba72-8e8f40383059, P0247                , f1ce3141-e52d-4301-a8e6-387f3e753fdf, +15550000247, Reminder   , delivered, 2025-12-29T05:50:39Z
593e45a7-c14f-4f5d-ba72-8e8f40383059, P0247                , 0be61070-3af4-4855-b22c-131608b0dbc0, +15550000247, Reminder   , delivered, 2026-01-03T05:50:39Z
593e45a7-c14f-4f5d-ba72-8e8f40383059, P0247                , 6f4ab2af-c8ea-4892-bcca-be96725a031b, +15550000247, Reminder   , delivered, 2026-05-23T04:50:39Z
593e45a7-c14f-4f5d-ba72-8e8f40383059, P0247                , f8cdc243-1eae-4195-a7b5-fa2be57e8d6a, +15550000247, Reminder   , delivered, 2026-05-24T04:50:39Z
0e5700c8-cec9-4e87-9da5-9010479fce82, P0249                , ec7807e4-1b7f-40c3-b997-a64d514f131c, +15550000249, Reminder   , delivered, 2025-10-09T13:40:28Z
0e5700c8-cec9-4e87-9da5-9010479fce82, P0249                , d9df6427-62ec-4f42-8b39-e17684bc1702, +15550000249, Reminder   , delivered, 2025-10-10T13:40:28Z
f06a5416-2d6a-4b9b-a3ac-78091760e4bb, P0250                , 5f2273f2-6601-48f4-ac06-d94bc50f2b97, +15550000250, Reminder   , delivered, 2025-10-03T09:00:11Z
1d669808-eb26-42f5-814e-342267eca01b, P0251                , e6114d77-4d2c-4454-b2f2-e0ec4992e8a3, +15550000251, Reminder   , delivered, 2026-01-06T08:17:49Z
1909a985-6faf-4dbf-a28d-531f133134d7, P0252                , d2438b31-f10b-4af1-88ce-2b4370804315, +15550000252, Reminder   , delivered, 2026-01-07T15:15:55Z
1909a985-6faf-4dbf-a28d-531f133134d7, P0252                , caac8b8f-736c-438d-a98a-3dcab8be2e09, +15550000252, Reminder   , delivered, 2026-01-30T15:15:55Z
1909a985-6faf-4dbf-a28d-531f133134d7, P0252                , 0b48e0c5-4008-4d94-ab5d-2c72ddca7a1c, +15550000252, Reminder   , delivered, 2026-01-31T15:15:55Z
1909a985-6faf-4dbf-a28d-531f133134d7, P0252                , c7f24bac-f987-4b53-ae00-0974f0bb4360, +15550000252, Reminder   , delivered, 2026-05-18T14:15:55Z
08328c8b-5726-41d0-a1f4-4df0e7b58c8b, P0255                , 41609064-fa02-4a63-bdbd-040a7a2ec0dc, +15550000255, Reminder   , delivered, 2025-04-05T01:50:31Z
08328c8b-5726-41d0-a1f4-4df0e7b58c8b, P0255                , 2022c14b-af47-455f-bd39-a21b2a511a08, +15550000255, Reminder   , delivered, 2025-06-27T01:50:31Z
08328c8b-5726-41d0-a1f4-4df0e7b58c8b, P0255                , 45aa8ce6-e157-4a85-9cd9-77d9dde0774d, +15550000255, Reminder   , delivered, 2025-06-28T01:50:31Z
2c2640c2-c8d5-46b0-8fbe-5d8004e324f6, P0256                , f30f70b6-1b82-422b-a800-73819825e5aa, +15550000256, Reminder   , delivered, 2025-12-05T05:31:53Z
984caa35-ff7f-430c-9e52-84373a6a4b08, P0257                , a967830e-db4d-4dad-ad4f-27a7800dc857, +15550000257, Reminder   , delivered, 2025-08-24T19:57:08Z
ab1947fe-b754-4746-92d8-88c825fe3ea0, P0258                , 52374274-2ce9-4f39-9461-69e37d6fdd5e, +15550000258, Reminder   , delivered, 2025-02-21T12:01:47Z
ab1947fe-b754-4746-92d8-88c825fe3ea0, P0258                , 7886cc1f-6153-4e25-bf34-4dd67c0a38f2, +15550000258, Reminder   , delivered, 2025-03-23T11:01:47Z
ab1947fe-b754-4746-92d8-88c825fe3ea0, P0258                , 9cc4267e-7b66-4780-91ad-1df5fe038e02, +15550000258, Reminder   , delivered, 2025-05-22T11:01:47Z
ab1947fe-b754-4746-92d8-88c825fe3ea0, P0258                , 1d8adeb3-1ade-487f-814d-9d3965485c79, +15550000258, Reminder   , delivered, 2025-05-23T11:01:47Z
6922ba7d-53fc-4d44-b1d3-b6eeed66179a, P0259                , 47353da5-8b61-4b05-b5e4-849157f560e6, +15550000259, Reminder   , delivered, 2025-08-21T19:02:27Z
6922ba7d-53fc-4d44-b1d3-b6eeed66179a, P0259                , 26baf5c9-62e1-4802-a514-83a814c8c24e, +15550000259, Reminder   , delivered, 2026-01-30T20:02:27Z
e4486b6d-7272-4e57-bfff-5ac26decb5af, P0260                , c08d0cca-5e74-4403-a2e2-ce0f0764503e, +15550000260, Reminder   , delivered, 2026-04-19T16:51:34Z
e4486b6d-7272-4e57-bfff-5ac26decb5af, P0260                , 84c7e66d-6a0d-44c3-a09f-82d4449ad788, +15550000260, Reminder   , delivered, 2026-04-20T16:51:34Z
e4486b6d-7272-4e57-bfff-5ac26decb5af, P0260                , 26386834-daba-480c-9aef-485a074c1195, +15550000260, Reminder   , delivered, 2026-04-21T16:51:34Z
7cb8f780-ca51-4583-a5a1-81998a73ede4, P0261                , 5244e444-3b63-4de3-aa96-6c0def5357b6, +15550000261, Reminder   , delivered, 2026-01-29T12:00:21Z
607d04a3-a4fa-4175-a440-82df351e4e2c, P0262                , 890b0465-7d93-4844-916a-9d79adf18555, +15550000262, Reminder   , delivered, 2025-11-29T13:20:59Z
607d04a3-a4fa-4175-a440-82df351e4e2c, P0262                , c5541fc7-81ae-4419-8314-98547a4b7bae, +15550000262, Reminder   , delivered, 2025-11-30T13:20:59Z
737c899d-af3c-46b6-9bcf-ae588baf2522, P0263                , 8cc2919c-e317-4bd3-8d3d-a826d4ac7d16, +15550000263, Reminder   , delivered, 2025-05-24T09:20:27Z
737c899d-af3c-46b6-9bcf-ae588baf2522, P0263                , 4404c8fc-e1e8-4263-b2a8-8a0b5b44af8d, +15550000263, Reminder   , delivered, 2025-05-25T09:20:27Z
737c899d-af3c-46b6-9bcf-ae588baf2522, P0263                , 22c8c9aa-dcd1-41fb-a7eb-340c86a69da5, +15550000263, Reminder   , delivered, 2025-07-23T09:20:27Z
737c899d-af3c-46b6-9bcf-ae588baf2522, P0263                , de030323-6690-4fb3-ac31-776dfaa536b3, +15550000263, Reminder   , delivered, 2025-07-24T09:20:27Z
737c899d-af3c-46b6-9bcf-ae588baf2522, P0263                , 54900aab-16ad-4466-9e73-cfcf0c713752, +15550000263, Reminder   , delivered, 2025-08-24T09:20:27Z
4f7ee3cd-fb4d-42e1-b2b5-6ec4b9ee3ef3, P0265                , 1e0ab033-66db-4dd2-ba4b-9fb1ec2ece3d, +15550000265, Reminder   , delivered, 2025-06-19T17:59:14Z
4f7ee3cd-fb4d-42e1-b2b5-6ec4b9ee3ef3, P0265                , 4f37e336-ad42-4f50-bc02-00692cb1403a, +15550000265, Reminder   , delivered, 2025-06-20T17:59:14Z
4f7ee3cd-fb4d-42e1-b2b5-6ec4b9ee3ef3, P0265                , 1f4d8345-b97c-4858-aafa-20d704ea1beb, +15550000265, Reminder   , delivered, 2025-07-12T17:59:14Z
4f7ee3cd-fb4d-42e1-b2b5-6ec4b9ee3ef3, P0265                , e1e6d895-c5a3-48f0-92ed-70bdb9528f3a, +15550000265, Reminder   , delivered, 2025-09-10T17:59:14Z
4f7ee3cd-fb4d-42e1-b2b5-6ec4b9ee3ef3, P0265                , 7e6fa846-6ced-41bd-8304-048dc66bcda2, +15550000265, Reminder   , delivered, 2025-09-11T17:59:14Z
21c9369b-1ab7-4ac4-a9f0-7cbdb8360d0d, P0266                , 18bd4618-e81c-403f-b9e7-f9bb6a92ab42, +15550000266, Reminder   , delivered, 2025-09-18T03:23:19Z
21c9369b-1ab7-4ac4-a9f0-7cbdb8360d0d, P0266                , 12c0b0f1-b275-49b2-a3ad-b018ccce0a38, +15550000266, Reminder   , delivered, 2026-02-08T04:23:19Z
25c61a94-88cd-4c6c-846f-60ecb34b8e6e, P0267                , 86bc178d-665f-42b4-a3c1-2e483c3b088b, +15550000267, Reminder   , delivered, 2025-03-11T16:26:46Z
25c61a94-88cd-4c6c-846f-60ecb34b8e6e, P0267                , 84162f67-93aa-43dd-bc16-3e860db8c807, +15550000267, Reminder   , delivered, 2025-03-12T16:26:46Z
25c61a94-88cd-4c6c-846f-60ecb34b8e6e, P0267                , 95635ffe-2c7e-4e87-94d0-9f8e47b97d2d, +15550000267, Reminder   , delivered, 2025-04-03T16:26:46Z
3f474acf-5ea1-4eed-b288-eb1a9d0d9fb9, P0268                , b1ad8e95-2c25-4ed4-acfc-adb5caa9d2de, +15550000268, Reminder   , delivered, 2026-01-29T16:21:30Z
3f474acf-5ea1-4eed-b288-eb1a9d0d9fb9, P0268                , 1df80583-4fe2-43ef-8b6a-a7062aaa6825, +15550000268, Reminder   , delivered, 2026-01-30T16:21:30Z
e86c700f-bcc2-4a7a-b248-28af4d44c618, P0270                , a33ab480-00cf-4ffc-b0b9-685a9f7c6667, +15550000270, Reminder   , delivered, 2025-12-01T19:10:35Z
e86c700f-bcc2-4a7a-b248-28af4d44c618, P0270                , 6d1be87d-ce1a-4288-b5d5-e589a89443ce, +15550000270, Reminder   , delivered, 2026-01-30T19:10:35Z
b6c492f4-147c-428d-8e89-3be2064d19b2, P0272                , 73640e0b-c119-466c-a3e8-53480de4dcd8, +15550000272, Reminder   , delivered, 2026-03-22T20:34:26Z
a578eb75-3911-4714-b945-5a3f83dcecaa, P0273                , 5c7865f5-aa72-4ee6-9b78-ad5d9e8aebd5, +15550000273, Reminder   , delivered, 2025-08-17T02:11:36Z
a578eb75-3911-4714-b945-5a3f83dcecaa, P0273                , 26f0c9c5-a4e7-43f7-b1d9-09be0170b19a, +15550000273, Reminder   , delivered, 2025-09-16T02:11:36Z
a578eb75-3911-4714-b945-5a3f83dcecaa, P0273                , a04c3b9f-bd25-4aa0-acc6-b536f1e83619, +15550000273, Reminder   , delivered, 2025-11-16T03:11:36Z
a578eb75-3911-4714-b945-5a3f83dcecaa, P0273                , 54c1c771-2a90-470c-8ee6-33b36c545eba, +15550000273, Reminder   , delivered, 2025-11-17T03:11:36Z
07e37b59-cf75-4447-849f-d2a3b037c393, P0274                , d43f5dfc-3007-40a2-8a44-f8c245293601, +15550000274, Reminder   , delivered, 2025-05-07T08:10:21Z
07e37b59-cf75-4447-849f-d2a3b037c393, P0274                , bd35f8c4-a518-42df-a262-b853c7580e8c, +15550000274, Reminder   , delivered, 2025-05-08T08:10:21Z
07e37b59-cf75-4447-849f-d2a3b037c393, P0274                , 2570b26a-e293-4c4a-8cde-df561bb57918, +15550000274, Reminder   , delivered, 2025-05-09T08:10:21Z
07e37b59-cf75-4447-849f-d2a3b037c393, P0274                , 02af78d0-44bb-4ee6-97d5-fc52161858fe, +15550000274, Reminder   , delivered, 2025-05-30T08:10:21Z
07e37b59-cf75-4447-849f-d2a3b037c393, P0274                , 6213a858-43a9-484c-a45b-067b70e68ed0, +15550000274, Reminder   , delivered, 2025-05-31T08:10:21Z
07e37b59-cf75-4447-849f-d2a3b037c393, P0274                , 750a219e-1624-451d-a15f-2c827ea898bb, +15550000274, Reminder   , delivered, 2025-06-01T08:10:21Z
07e37b59-cf75-4447-849f-d2a3b037c393, P0274                , 6323be5b-56a1-47b9-b87a-194bff1a84d8, +15550000274, Reminder   , delivered, 2025-07-29T08:10:21Z
cafa2fce-0d7a-49a6-b862-711d4ca202c4, P0275                , 5c549c1a-ae36-4ecc-bdb9-f3e53ef91b27, +15550000275, Reminder   , delivered, 2025-12-20T17:07:48Z
671e5026-6e48-443e-b24d-072b142929cc, P0276                , b8028655-472f-4f4c-bea4-cf3562dee699, +15550000276, Reminder   , delivered, 2025-06-17T12:29:19Z
dfb6fee1-49b8-40dc-ac6e-16934278c992, P0277                , f179b47a-a9ac-4708-bd16-3d669f71055d, +15550000277, Reminder   , delivered, 2025-06-02T02:51:55Z
dfb6fee1-49b8-40dc-ac6e-16934278c992, P0277                , 80f0b6d4-4afb-45fe-96b1-2b56ed33ef94, +15550000277, Reminder   , delivered, 2025-06-03T02:51:55Z
dfb6fee1-49b8-40dc-ac6e-16934278c992, P0277                , ace82d10-4fde-41bf-bec8-26ad68dc198f, +15550000277, Reminder   , delivered, 2025-08-31T02:51:55Z
dfb6fee1-49b8-40dc-ac6e-16934278c992, P0277                , 1d2f2939-248a-4417-ac33-805e02da81ed, +15550000277, Reminder   , delivered, 2025-09-01T02:51:55Z
dfb6fee1-49b8-40dc-ac6e-16934278c992, P0277                , 9e7b2af7-4355-4c65-9437-9af977b7dfd8, +15550000277, Reminder   , delivered, 2025-09-02T02:51:55Z
856cf640-c38d-46a4-91c3-3b322d6d714c, P0278                , a5e5262a-cf77-4f3d-8447-230797895152, +15550000278, Reminder   , delivered, 2025-11-18T08:03:53Z
856cf640-c38d-46a4-91c3-3b322d6d714c, P0278                , a648752f-e1b0-408c-b7a4-bc6307e83489, +15550000278, Reminder   , delivered, 2026-04-11T07:03:53Z
b691ae26-1901-4b19-a9b2-ad0d36a53503, P0279                , a0d98958-bd6a-4128-985f-9a954713c624, +15550000279, Reminder   , delivered, 2025-03-07T05:27:51Z
1ed0c43b-4bc7-4fbe-8650-4a523181a521, P0281                , b6b2d3bd-8f66-4750-9f97-23b1132fc176, +15550000281, Reminder   , delivered, 2026-02-08T21:55:52Z
49f38784-a134-423e-9e97-5cb12533f64c, P0283                , 3cbaa98f-18e6-48c9-94b3-4461a9e23999, +15550000283, Reminder   , delivered, 2025-05-27T12:38:14Z
49f38784-a134-423e-9e97-5cb12533f64c, P0283                , 4129bfd4-6b23-4109-b78a-21a6cb7d48ea, +15550000283, Reminder   , delivered, 2025-06-03T12:38:14Z
49f38784-a134-423e-9e97-5cb12533f64c, P0283                , c2d96540-5bad-4fe4-9b34-33751bc3897c, +15550000283, Reminder   , delivered, 2025-08-25T12:38:14Z
49f38784-a134-423e-9e97-5cb12533f64c, P0283                , fd008a4d-21fb-45fb-adb7-2e314627d452, +15550000283, Reminder   , delivered, 2025-08-26T12:38:14Z
49f38784-a134-423e-9e97-5cb12533f64c, P0283                , 9ab3e2db-872b-4eed-bc87-260ae018f4d4, +15550000283, Reminder   , delivered, 2025-11-05T13:38:14Z
de610eb7-077d-47da-9bef-5b6e1f81a871, P0284                , 7cfa4526-ac45-4027-8c6b-651bc596e5a1, +15550000284, Reminder   , delivered, 2025-01-14T00:43:26Z
de610eb7-077d-47da-9bef-5b6e1f81a871, P0284                , 6850cee3-35fb-4c2d-b1c8-e403498e1c04, +15550000284, Reminder   , delivered, 2025-01-15T00:43:26Z
de610eb7-077d-47da-9bef-5b6e1f81a871, P0284                , 150abfd4-e06f-4667-a414-5b3ea6ada815, +15550000284, Reminder   , delivered, 2025-01-16T00:43:26Z
de610eb7-077d-47da-9bef-5b6e1f81a871, P0284                , 6478c0ed-c70e-44e3-b742-2a8d7ab6010a, +15550000284, Reminder   , delivered, 2025-04-06T23:43:26Z
de610eb7-077d-47da-9bef-5b6e1f81a871, P0284                , 3ffaa237-2233-4bb4-ad3f-d6ca29110e83, +15550000284, Reminder   , delivered, 2025-04-07T23:43:26Z
de610eb7-077d-47da-9bef-5b6e1f81a871, P0284                , 492ed1f8-a519-4e2c-942c-f83e6c09c112, +15550000284, Reminder   , delivered, 2025-05-17T23:43:26Z
de610eb7-077d-47da-9bef-5b6e1f81a871, P0284                , 719eee7d-53ab-4994-894b-5a400a556115, +15550000284, Reminder   , delivered, 2025-05-18T23:43:26Z
de610eb7-077d-47da-9bef-5b6e1f81a871, P0284                , a03212fb-e51e-4efe-b86a-e2beb5941418, +15550000284, Reminder   , delivered, 2025-05-19T23:43:26Z
ed2a08e5-ad32-46ed-81ba-e8b9e8f19962, P0285                , 7e2ce041-5f6e-4c53-83dc-089efc70a64d, +15550000285, Reminder   , delivered, 2025-03-13T17:14:44Z
ed2a08e5-ad32-46ed-81ba-e8b9e8f19962, P0285                , 67f8611a-5bf0-4494-9c3c-b29c7dc444f8, +15550000285, Reminder   , delivered, 2025-03-14T17:14:44Z
ed2a08e5-ad32-46ed-81ba-e8b9e8f19962, P0285                , 1b6f0445-b780-4f56-9835-774b6127b234, +15550000285, Reminder   , delivered, 2025-03-15T17:14:44Z
e4531655-f4d6-494d-a1dd-e4e5c69b2949, P0286                , dd8321bf-6a8a-4e58-a3fe-bb6fee909377, +15550000286, Reminder   , delivered, 2025-06-01T16:59:30Z
e4531655-f4d6-494d-a1dd-e4e5c69b2949, P0286                , adbe551c-903d-42bb-9cb8-cb349f8763a6, +15550000286, Reminder   , delivered, 2025-06-02T16:59:30Z
e4531655-f4d6-494d-a1dd-e4e5c69b2949, P0286                , a8e71373-30e7-4ae6-8cf7-8b6cd4329a16, +15550000286, Reminder   , delivered, 2025-06-03T16:59:30Z
e4531655-f4d6-494d-a1dd-e4e5c69b2949, P0286                , 830d5538-fd96-4c42-b1ae-4904a03eff62, +15550000286, Reminder   , delivered, 2025-08-30T16:59:30Z
b3c402fc-a420-48bf-99b1-4a8720c7b2ea, P0287                , 9dd0246c-987f-4655-bd58-f7436711ac9a, +15550000287, Reminder   , delivered, 2025-12-12T07:37:43Z
b3c402fc-a420-48bf-99b1-4a8720c7b2ea, P0287                , b42a0802-6bf5-4598-a34c-8929e6813214, +15550000287, Reminder   , delivered, 2025-12-13T07:37:43Z
b3c402fc-a420-48bf-99b1-4a8720c7b2ea, P0287                , 29096e9d-e738-4fc0-9151-e89a0da430e3, +15550000287, Reminder   , delivered, 2025-12-14T07:37:43Z
b3c402fc-a420-48bf-99b1-4a8720c7b2ea, P0287                , fab92923-1efa-4f7e-9b03-efb12da62723, +15550000287, Reminder   , delivered, 2026-01-11T07:37:43Z
b3c402fc-a420-48bf-99b1-4a8720c7b2ea, P0287                , 8d09328d-f3c2-4a3f-bb52-cd2e8c82f16d, +15550000287, Reminder   , delivered, 2026-06-06T06:37:43Z
f396132b-7181-4ecb-86d3-b2668b488686, P0288                , 38c91e2b-7f48-4527-bc02-4d37805dadc7, +15550000288, Reminder   , delivered, 2025-03-01T01:27:13Z
f396132b-7181-4ecb-86d3-b2668b488686, P0288                , 3881d4d8-fb22-435c-848d-bf2caf9046bb, +15550000288, Reminder   , delivered, 2025-03-02T01:27:13Z
31746d32-b253-46f5-9d49-5d96c7588668, P0289                , 7abd2b5a-ef63-4470-a1b5-644ebf0cf266, +15550000289, Reminder   , delivered, 2025-02-20T11:51:31Z
31746d32-b253-46f5-9d49-5d96c7588668, P0289                , 4a0c83ff-1930-4c76-a36b-d7235ca70b9c, +15550000289, Reminder   , delivered, 2025-02-21T11:51:31Z
ca6af0c0-9379-4046-9716-9331cdfdf8b0, P0290                , 86bd85d7-03fa-421f-bcbc-40387d5d799c, +15550000290, Reminder   , delivered, 2025-11-21T08:34:59Z
ca6af0c0-9379-4046-9716-9331cdfdf8b0, P0290                , 104cf09a-78b6-4634-87f3-80902d0bf23d, +15550000290, Reminder   , delivered, 2026-02-19T08:34:59Z
07dc8990-f63b-4da1-9f6e-7319ec2ecc13, P0293                , 196aed80-c71a-4c9b-8dec-92ea48cb55ad, +15550000293, Reminder   , delivered, 2025-05-25T17:57:30Z
07dc8990-f63b-4da1-9f6e-7319ec2ecc13, P0293                , ca3a3f20-a25c-4e3f-bdad-20c45e060e82, +15550000293, Reminder   , delivered, 2025-08-16T17:57:30Z
07dc8990-f63b-4da1-9f6e-7319ec2ecc13, P0293                , 6b0b94dc-50dd-4cd3-aaa6-46ccdd66df5e, +15550000293, Reminder   , delivered, 2025-08-17T17:57:30Z
07dc8990-f63b-4da1-9f6e-7319ec2ecc13, P0293                , 8e21c8c7-c95c-41c5-9684-fec161aa49fa, +15550000293, Reminder   , delivered, 2025-11-12T18:57:30Z
3e6efba3-ceb7-40c0-8d87-736a396d1a4c, P0294                , c169fedd-d9be-49d3-8fe9-3d0e8b53ca3c, +15550000294, Reminder   , delivered, 2026-01-06T11:35:02Z
3e6efba3-ceb7-40c0-8d87-736a396d1a4c, P0294                , d2dcb4dd-c5d6-41e7-97cc-d113c66d2f96, +15550000294, Reminder   , delivered, 2026-01-07T11:35:02Z
3e6efba3-ceb7-40c0-8d87-736a396d1a4c, P0294                , 26a4929e-2520-47e7-8d25-e525257b3e46, +15550000294, Reminder   , delivered, 2026-01-08T11:35:02Z
3e6efba3-ceb7-40c0-8d87-736a396d1a4c, P0294                , 20f3b7b2-6598-48ca-82b2-03e11088204e, +15550000294, Reminder   , delivered, 2026-03-30T10:35:02Z
3e6efba3-ceb7-40c0-8d87-736a396d1a4c, P0294                , f9470f44-ae2b-4490-9591-a3004f249a65, +15550000294, Reminder   , delivered, 2026-03-31T10:35:02Z
3e6efba3-ceb7-40c0-8d87-736a396d1a4c, P0294                , c870d68e-70b0-471a-b289-7ee54ec5cc11, +15550000294, Reminder   , delivered, 2026-05-03T10:35:02Z
75f6e2ee-79b9-4d5a-bb39-b2aad7ffd322, P0295                , a1854ab0-3dc9-4da8-9e92-6a34fb243f94, +15550000295, Reminder   , delivered, 2025-11-03T09:34:47Z
75f6e2ee-79b9-4d5a-bb39-b2aad7ffd322, P0295                , 9791c5c2-90c5-4335-878f-b4533b6f37a9, +15550000295, Reminder   , delivered, 2025-11-04T09:34:47Z
75f6e2ee-79b9-4d5a-bb39-b2aad7ffd322, P0295                , 1696f799-bfe2-4d9f-a92d-7c515a554dd1, +15550000295, Reminder   , delivered, 2025-11-05T09:34:47Z
75f6e2ee-79b9-4d5a-bb39-b2aad7ffd322, P0295                , 6e9491b7-5b15-4841-ac35-74928100ffcc, +15550000295, Reminder   , delivered, 2025-11-26T09:34:47Z
75f6e2ee-79b9-4d5a-bb39-b2aad7ffd322, P0295                , 7a463ed1-155d-4a4c-9ddd-8b73c23c58ba, +15550000295, Reminder   , delivered, 2025-11-27T09:34:47Z
75f6e2ee-79b9-4d5a-bb39-b2aad7ffd322, P0295                , 344d8239-8b27-4757-9286-41e4b6c7b02d, +15550000295, Reminder   , delivered, 2026-04-24T08:34:47Z
4b0976fc-5e48-4505-8629-b52fb5bf0ad2, P0297                , 9d7e0de8-23cb-430d-aa72-5564e6bf4750, +15550000297, Reminder   , delivered, 2025-02-10T11:26:59Z
4b0976fc-5e48-4505-8629-b52fb5bf0ad2, P0297                , bcf76633-89af-4af1-b691-76e68d599eeb, +15550000297, Reminder   , delivered, 2025-02-11T11:26:59Z
4b0976fc-5e48-4505-8629-b52fb5bf0ad2, P0297                , 1f5e6ef5-8285-424a-bb83-c4718091ee15, +15550000297, Reminder   , delivered, 2025-02-12T11:26:59Z
7762e523-96a5-418a-a382-e669ce3f470a, P0298                , f3ea6782-f092-4ee4-bad9-7f6e64c8699a, +15550000298, Reminder   , delivered, 2025-07-18T17:09:54Z
7762e523-96a5-418a-a382-e669ce3f470a, P0298                , 34b8dc74-88cb-401b-88a5-f48a20802121, +15550000298, Reminder   , delivered, 2025-07-25T17:09:54Z
d9d97df4-bc06-4b57-8c3a-aee430f02ac5, P0299                , ad7c5235-e956-448f-a80b-7550ff543c45, +15550000299, Reminder   , delivered, 2025-07-12T08:52:29Z
d9d97df4-bc06-4b57-8c3a-aee430f02ac5, P0299                , dcf78f5d-cf7b-41b2-bd82-0ba5f1160a93, +15550000299, Reminder   , delivered, 2025-12-03T09:52:29Z
d9d97df4-bc06-4b57-8c3a-aee430f02ac5, P0299                , 8f4de651-b87c-4c71-a4a6-2300a5bc217c, +15550000299, Reminder   , delivered, 2025-12-04T09:52:29Z
0c8a230a-86e7-4549-ab23-49b52a2d2c13, P0300                , ce9c7dbd-258a-4e2e-8d75-f18e753fdb47, +15550000300, Reminder   , delivered, 2025-05-08T18:57:02Z
0c8a230a-86e7-4549-ab23-49b52a2d2c13, P0300                , ab6861b7-71ae-4fe5-9372-b7d1b047c2dc, +15550000300, Reminder   , delivered, 2025-05-10T18:57:02Z
e27ee634-4ff7-4ac6-80b0-75ca4e23fd27, P0301                , 5cf72af5-f2a9-4c5b-a9bd-136fbb706efa, +15550000301, Reminder   , delivered, 2025-09-23T16:06:40Z
e27ee634-4ff7-4ac6-80b0-75ca4e23fd27, P0301                , 74eba863-e73b-49ec-b195-e4766d91b45f, +15550000301, Reminder   , delivered, 2025-10-23T16:06:40Z
e27ee634-4ff7-4ac6-80b0-75ca4e23fd27, P0301                , 45ec1b59-cc94-4e98-bf50-4bb8917fdb06, +15550000301, Reminder   , delivered, 2025-10-24T16:06:40Z
e27ee634-4ff7-4ac6-80b0-75ca4e23fd27, P0301                , bc971ecd-f2a2-406e-8b15-392cdf4d5568, +15550000301, Reminder   , delivered, 2025-10-25T16:06:40Z
e27ee634-4ff7-4ac6-80b0-75ca4e23fd27, P0301                , d1868028-c69b-462d-bbca-181251a8a07d, +15550000301, Reminder   , delivered, 2026-01-29T17:06:40Z
a281cdef-66ed-492f-bea6-78e8e7e65780, P0302                , adb2c68e-5ae3-4f75-b44c-6ec44e0559b4, +15550000302, Reminder   , delivered, 2025-04-29T10:25:52Z
a281cdef-66ed-492f-bea6-78e8e7e65780, P0302                , 3b4a5101-9a98-4cef-8f46-045cecd62d2a, +15550000302, Reminder   , delivered, 2025-04-30T10:25:52Z
a281cdef-66ed-492f-bea6-78e8e7e65780, P0302                , f7f2440f-c6d7-4045-81b0-ee81fe4f4468, +15550000302, Reminder   , delivered, 2025-05-29T10:25:52Z
a281cdef-66ed-492f-bea6-78e8e7e65780, P0302                , a3c11a52-ed60-428f-9200-004dfa564e94, +15550000302, Reminder   , delivered, 2025-07-28T10:25:52Z
a281cdef-66ed-492f-bea6-78e8e7e65780, P0302                , f4bf8c11-3081-4f28-84ac-f32106ce97a1, +15550000302, Reminder   , delivered, 2025-10-22T10:25:52Z
c73605f2-fdf9-4271-8657-14b7950bce57, P0303                , fbf9c382-3644-4f47-b4e8-1ced9cac0f68, +15550000303, Reminder   , delivered, 2025-07-02T07:37:04Z
09601e05-069b-4a72-a5d2-3dfc5da44223, P0304                , b5ff2fe4-ff15-4e88-aa87-f5b37a209f8a, +15550000304, Reminder   , delivered, 2025-05-15T02:56:39Z
09601e05-069b-4a72-a5d2-3dfc5da44223, P0304                , fbbcb775-ef75-403e-9c45-bbb71ea3ca55, +15550000304, Reminder   , delivered, 2025-05-16T02:56:39Z
09601e05-069b-4a72-a5d2-3dfc5da44223, P0304                , 2c1c7edb-7b6b-4318-8ada-41c2d77466dc, +15550000304, Reminder   , delivered, 2025-05-17T02:56:39Z
20ce1c3a-ad30-4238-9f96-df0c03544724, P0305                , bc994138-d82a-4755-ac9b-b9e518e66e72, +15550000305, Reminder   , delivered, 2025-12-29T11:42:05Z
20ce1c3a-ad30-4238-9f96-df0c03544724, P0305                , 362745ba-1972-419d-a209-c3d7d354da91, +15550000305, Reminder   , delivered, 2025-12-30T11:42:05Z
20ce1c3a-ad30-4238-9f96-df0c03544724, P0305                , 6141e0c9-8717-418b-be78-db94df048312, +15550000305, Reminder   , delivered, 2025-12-31T11:42:05Z
20ce1c3a-ad30-4238-9f96-df0c03544724, P0305                , 06611416-7093-4009-bff2-4dd2c40135ba, +15550000305, Reminder   , delivered, 2026-01-21T11:42:05Z
20ce1c3a-ad30-4238-9f96-df0c03544724, P0305                , 181f899d-b64a-49c4-8e87-4e075a1fd72a, +15550000305, Reminder   , delivered, 2026-01-22T11:42:05Z
20ce1c3a-ad30-4238-9f96-df0c03544724, P0305                , b0147996-bcdf-475e-8e89-e0438f282d06, +15550000305, Reminder   , delivered, 2026-04-27T10:42:05Z
c4b4e563-3ba1-4b69-b37f-b3439de1baf9, P0306                , 92bc9b0f-755e-4583-9b51-e3ddd50b6d44, +15550000306, Reminder   , delivered, 2025-07-21T15:16:56Z
c4b4e563-3ba1-4b69-b37f-b3439de1baf9, P0306                , cc7f6b42-8cc0-446d-8977-4388ca926e8d, +15550000306, Reminder   , delivered, 2025-07-22T15:16:56Z
d94905d3-2cef-477e-9f8a-1133a85b2a95, P0307                , 0e8663dd-32da-4dcc-9c06-e7991f8bb9b7, +15550000307, Reminder   , delivered, 2025-07-13T17:41:27Z
d94905d3-2cef-477e-9f8a-1133a85b2a95, P0307                , 18c6c44e-4e97-4b36-b0f9-579845a18241, +15550000307, Reminder   , delivered, 2025-07-14T17:41:27Z
d94905d3-2cef-477e-9f8a-1133a85b2a95, P0307                , bc4847da-2fbe-4372-b24e-f9525fff27a1, +15550000307, Reminder   , delivered, 2025-07-15T17:41:27Z
d94905d3-2cef-477e-9f8a-1133a85b2a95, P0307                , 6f5eacc6-e23c-4e17-a06b-5fb5fa95cb7c, +15550000307, Reminder   , delivered, 2025-10-11T17:41:27Z
d94905d3-2cef-477e-9f8a-1133a85b2a95, P0307                , df738fb3-b149-4dd0-b39d-dffc25a0b310, +15550000307, Reminder   , delivered, 2025-10-12T17:41:27Z
d94905d3-2cef-477e-9f8a-1133a85b2a95, P0307                , f6cf5768-7c04-4d56-8d9c-de8a0a2ca2dd, +15550000307, Reminder   , delivered, 2025-10-13T17:41:27Z
5ab57f78-c88b-4114-bac7-b7e06c13795f, P0308                , 5b99f1e0-ec3e-4aac-96ad-3441ddb1af94, +15550000308, Reminder   , delivered, 2025-07-01T16:52:21Z
5ab57f78-c88b-4114-bac7-b7e06c13795f, P0308                , 0607fc89-6613-425a-b0e0-7b67fadf8e65, +15550000308, Reminder   , delivered, 2025-09-29T16:52:21Z
7963a906-ad57-41a6-8609-f3a67114b545, P0309                , 09890085-7cd8-4948-a884-f9acd9ad98ab, +15550000309, Reminder   , delivered, 2025-08-18T11:52:24Z
7963a906-ad57-41a6-8609-f3a67114b545, P0309                , 9b3477f0-1c1c-4d09-b330-06c06de38829, +15550000309, Reminder   , delivered, 2025-11-09T12:52:24Z
7963a906-ad57-41a6-8609-f3a67114b545, P0309                , 8d96e6ae-38fd-4b13-95f7-5f224b3fda78, +15550000309, Reminder   , delivered, 2025-11-10T12:52:24Z
7e76c583-aefc-4b2b-a028-ec10ae7cbd04, P0311                , b579d204-fcc6-4fc7-a816-d8b46f923509, +15550000311, Reminder   , delivered, 2025-11-10T03:34:38Z
7e76c583-aefc-4b2b-a028-ec10ae7cbd04, P0311                , eff20c6c-36b3-41c4-a4e1-11392a9d890c, +15550000311, Reminder   , delivered, 2025-11-11T03:34:38Z
7e76c583-aefc-4b2b-a028-ec10ae7cbd04, P0311                , 74f32807-d6fa-4380-83a1-6daee904214e, +15550000311, Reminder   , delivered, 2026-03-13T02:34:38Z
7e76c583-aefc-4b2b-a028-ec10ae7cbd04, P0311                , f63a4349-eef5-42c6-a2a1-8d39e9de420c, +15550000311, Reminder   , delivered, 2026-03-14T02:34:38Z
315bdd01-264c-4e54-a8b0-82a209e84b01, P0313                , 34e4a75e-8645-4403-b866-c8a19f2dcec7, +15550000313, Reminder   , delivered, 2025-03-02T07:22:11Z
d5fc957f-d1ec-42bd-8567-42e90b68ba22, P0314                , 874d260b-32bf-409a-9663-dbe7e4a48186, +15550000314, Reminder   , delivered, 2025-09-18T02:57:54Z
d5fc957f-d1ec-42bd-8567-42e90b68ba22, P0314                , f86d507b-a09e-46e0-bd6e-af2df111684e, +15550000314, Reminder   , delivered, 2025-09-19T02:57:54Z
c63f3718-db2c-41bd-975f-edaf2010fc37, P0315                , 15fe5e1f-e737-450e-9c0e-84ff5eec615d, +15550000315, Reminder   , delivered, 2025-07-29T07:09:23Z
c63f3718-db2c-41bd-975f-edaf2010fc37, P0315                , 4829cbe7-dbaa-47fc-9518-c46eb15e2a16, +15550000315, Reminder   , delivered, 2025-07-30T07:09:23Z
b4f5da92-a9b3-4747-b356-24b44c8700fa, P0316                , 2f1f22d0-562f-4b48-a24a-4e1a06f8adf5, +15550000316, Reminder   , delivered, 2025-03-29T21:15:05Z
b4f5da92-a9b3-4747-b356-24b44c8700fa, P0316                , 9ce34679-fa3a-4bb0-8e81-d9d1b21f9041, +15550000316, Reminder   , delivered, 2025-03-30T21:15:05Z
b4f5da92-a9b3-4747-b356-24b44c8700fa, P0316                , dbaa7cd0-ef4e-41d4-add7-f5dd92f72b9f, +15550000316, Reminder   , delivered, 2025-03-31T21:15:05Z
102c67f7-c6b1-473b-91d1-b28ceeb0e2c8, P0317                , 4d8f61c2-4518-45a6-b30b-85741008696d, +15550000317, Reminder   , delivered, 2025-06-25T21:31:15Z
102c67f7-c6b1-473b-91d1-b28ceeb0e2c8, P0317                , ce2d5431-8c1a-47f5-8eab-163f9a2fa717, +15550000317, Reminder   , delivered, 2025-09-16T21:31:15Z
085f51f2-8443-44d3-b73e-7b66e296c27d, P0318                , 36af07be-897f-40f1-817f-a93c940a59fd, +15550000318, Reminder   , delivered, 2026-02-22T14:59:02Z
56475e66-c3b7-468e-8eca-48a1777a721f, P0319                , f9c0dc4f-efd2-4dba-802d-395a935440b3, +15550000319, Reminder   , delivered, 2025-05-19T03:39:23Z
8304f575-85f8-49a5-92c4-d6eaa99c0e83, P0321                , 9844fa64-7559-4a5a-8c6e-704b557baef1, +15550000321, Reminder   , delivered, 2025-09-20T19:48:59Z
8304f575-85f8-49a5-92c4-d6eaa99c0e83, P0321                , 2bd43258-0aeb-443c-8c6b-c9457e0428d1, +15550000321, Reminder   , delivered, 2025-09-21T19:48:59Z
8304f575-85f8-49a5-92c4-d6eaa99c0e83, P0321                , 1c501566-b2a8-45f8-a09b-f7bb33f7e639, +15550000321, Reminder   , delivered, 2025-11-19T20:48:59Z
8304f575-85f8-49a5-92c4-d6eaa99c0e83, P0321                , fbaec736-27e3-4f06-8b33-a367d5a29e33, +15550000321, Reminder   , delivered, 2025-11-20T20:48:59Z
cd510047-0413-48e4-95f3-c14a9c1479e1, P0322                , b66371b7-a670-4873-8007-67d669f13cca, +15550000322, Reminder   , delivered, 2025-04-09T02:45:58Z
cd510047-0413-48e4-95f3-c14a9c1479e1, P0322                , 3bce1e02-0ac1-4ee2-bffa-01cff060aed9, +15550000322, Reminder   , delivered, 2025-04-10T02:45:58Z
cd510047-0413-48e4-95f3-c14a9c1479e1, P0322                , a954b7ce-9309-41ae-b26c-6db7bdfc8b74, +15550000322, Reminder   , delivered, 2025-04-11T02:45:58Z
cd510047-0413-48e4-95f3-c14a9c1479e1, P0322                , 9708f6bf-af46-499a-ac34-42289b772cc4, +15550000322, Reminder   , delivered, 2025-05-02T02:45:58Z
c3d2eb77-ff2b-490f-8b58-d97805f28513, P0323                , 49716145-cccd-4e64-ae07-653fb60eb1eb, +15550000323, Reminder   , delivered, 2025-10-22T00:04:05Z
c3d2eb77-ff2b-490f-8b58-d97805f28513, P0323                , f030e0e8-7c89-40da-b31b-f6f56b6fdafe, +15550000323, Reminder   , delivered, 2025-12-21T01:04:05Z
e729f36b-2b39-4db1-a2c3-e4522e09bd75, P0324                , 7df55e0a-e92a-4c7f-8278-3dc1fddfe220, +15550000324, Reminder   , delivered, 2025-11-03T14:54:44Z
e729f36b-2b39-4db1-a2c3-e4522e09bd75, P0324                , 0a7e3974-c845-4c0e-915c-363207e6881f, +15550000324, Reminder   , delivered, 2025-11-04T14:54:44Z
efe8e19c-577c-474a-8e37-51761dad1478, P0325                , 57e732a4-9f17-4082-91c8-27f4685f9c80, +15550000325, Reminder   , delivered, 2025-01-28T12:52:17Z
efe8e19c-577c-474a-8e37-51761dad1478, P0325                , 7f79386e-db6d-4c50-b85a-6d0dcb87e030, +15550000325, Reminder   , delivered, 2025-01-29T12:52:17Z
607efef2-72b0-4330-8558-268c628c2d1a, P0326                , ccebf5f5-d805-4fc4-9b0f-102cf8741cf4, +15550000326, Reminder   , delivered, 2025-08-09T01:42:51Z
607efef2-72b0-4330-8558-268c628c2d1a, P0326                , 11636318-6709-4e58-ac11-f50589ec3c18, +15550000326, Reminder   , delivered, 2025-08-10T01:42:51Z
607efef2-72b0-4330-8558-268c628c2d1a, P0326                , b9135a33-1b7f-4206-9ede-0d3d6623b551, +15550000326, Reminder   , delivered, 2025-08-11T01:42:51Z
09df5e41-bbc3-4d14-b5d8-7d30b417295c, P0327                , 8897ff08-4448-4a52-85e8-e5848b498b4c, +15550000327, Reminder   , delivered, 2025-06-05T12:25:08Z
e1d261df-ffed-41b4-85c5-c785fff17b89, P0328                , 0073007f-8a84-4744-95cb-67cd9a0e3140, +15550000328, Reminder   , delivered, 2025-01-21T19:19:54Z
b5eff270-2af3-4cd6-8404-7b6c681d52f8, P0329                , 6f5839a5-73d0-4d0d-9571-0566d77ccdd7, +15550000329, Reminder   , delivered, 2025-03-18T10:08:27Z
b5eff270-2af3-4cd6-8404-7b6c681d52f8, P0329                , 7c86677d-0b01-435d-b1bd-5dee4105498e, +15550000329, Reminder   , delivered, 2025-03-25T10:08:27Z
b07b956d-4956-46ec-87e4-f32522dfa601, P0330                , 5c440da9-1b74-4c69-8873-fe3f0897138f, +15550000330, Reminder   , delivered, 2025-12-08T21:37:50Z
b07b956d-4956-46ec-87e4-f32522dfa601, P0330                , 23b426b8-09e7-4932-a47d-cd9228edea71, +15550000330, Reminder   , delivered, 2025-12-09T21:37:50Z
a5731bb2-b985-43e6-9c8f-1a608ddd38f7, P0331                , ce6db7e5-9534-4054-9668-7e0cf7f33fe9, +15550000331, Reminder   , delivered, 2025-12-25T09:35:34Z
a5731bb2-b985-43e6-9c8f-1a608ddd38f7, P0331                , 0937be3d-e2f4-4e4a-997c-9a6adef8a40a, +15550000331, Reminder   , delivered, 2025-12-26T09:35:34Z
a5731bb2-b985-43e6-9c8f-1a608ddd38f7, P0331                , 1dd5327e-6c3f-490b-858f-d27b34748478, +15550000331, Reminder   , delivered, 2025-12-27T09:35:34Z
a5731bb2-b985-43e6-9c8f-1a608ddd38f7, P0331                , 3713a115-490c-4a17-a8fb-3840d729f7ae, +15550000331, Reminder   , delivered, 2026-01-01T09:35:34Z
a5731bb2-b985-43e6-9c8f-1a608ddd38f7, P0331                , 86c24f85-0519-449a-90c2-12e773656036, +15550000331, Reminder   , delivered, 2026-01-02T09:35:34Z
a5731bb2-b985-43e6-9c8f-1a608ddd38f7, P0331                , 891b2a92-cd20-42c6-a4f3-fd57673deecd, +15550000331, Reminder   , delivered, 2026-01-03T09:35:34Z
eb68f45f-8193-4fd5-b10d-fdc40e8975fa, P0332                , 7ff9db17-dead-4f86-99a7-f379d9d3f6f1, +15550000332, Reminder   , delivered, 2025-03-09T19:52:27Z
eb68f45f-8193-4fd5-b10d-fdc40e8975fa, P0332                , 9825a17b-52d0-49fa-ae36-a0805d5c5843, +15550000332, Reminder   , delivered, 2025-07-31T19:52:27Z
df736bf7-860c-4ff5-bcb6-77f2e2e2ce13, P0333                , e7887b0a-55f3-49e7-ac4f-7c9c41ac1544, +15550000333, Reminder   , delivered, 2025-01-19T02:38:28Z
df736bf7-860c-4ff5-bcb6-77f2e2e2ce13, P0333                , 14953f84-a377-4f19-8be4-5926d296e913, +15550000333, Reminder   , delivered, 2025-01-20T02:38:28Z
df736bf7-860c-4ff5-bcb6-77f2e2e2ce13, P0333                , 2930513f-e0c7-47c2-be94-d353742fd233, +15550000333, Reminder   , delivered, 2025-01-21T02:38:28Z
df736bf7-860c-4ff5-bcb6-77f2e2e2ce13, P0333                , 09bb9a72-bb3e-45fd-845b-1612d59b93af, +15550000333, Reminder   , delivered, 2025-02-18T02:38:28Z
df736bf7-860c-4ff5-bcb6-77f2e2e2ce13, P0333                , ff254e92-8785-4f61-ad3e-d7be5c4a272b, +15550000333, Reminder   , delivered, 2025-02-19T02:38:28Z
df736bf7-860c-4ff5-bcb6-77f2e2e2ce13, P0333                , b9d1d724-5f99-4ec5-be9d-7e6d1f8823fa, +15550000333, Reminder   , delivered, 2025-02-20T02:38:28Z
df736bf7-860c-4ff5-bcb6-77f2e2e2ce13, P0333                , 78c800be-fc13-4731-8e6f-e843f40c6032, +15550000333, Reminder   , delivered, 2025-04-19T01:38:28Z
df736bf7-860c-4ff5-bcb6-77f2e2e2ce13, P0333                , 19a6ada4-4512-4806-bb00-124220089367, +15550000333, Reminder   , delivered, 2025-04-20T01:38:28Z
df736bf7-860c-4ff5-bcb6-77f2e2e2ce13, P0333                , e5f1f4a8-220e-45c0-bedc-b8993a12117d, +15550000333, Reminder   , delivered, 2025-06-03T01:38:28Z
650a3f4d-d698-459b-b7ce-eeb67d40552b, P0334                , 1828dda9-054f-4771-80a8-72932ff7f11d, +15550000334, Reminder   , delivered, 2025-10-10T05:57:16Z
650a3f4d-d698-459b-b7ce-eeb67d40552b, P0334                , d2f8f7d7-04e5-4541-a471-2da5198c452c, +15550000334, Reminder   , delivered, 2026-01-16T06:57:16Z
0c07deb0-ca92-4bd9-9681-110bceb5360a, P0335                , df0d079b-bfd7-4f13-ade0-162a59548843, +15550000335, Reminder   , delivered, 2025-08-08T01:35:48Z
0c07deb0-ca92-4bd9-9681-110bceb5360a, P0335                , feb0d706-86dc-45d8-b790-b7818cde6300, +15550000335, Reminder   , delivered, 2025-08-31T01:35:48Z
0c07deb0-ca92-4bd9-9681-110bceb5360a, P0335                , 3d7c3147-5d84-43ad-817a-6e9acccba529, +15550000335, Reminder   , delivered, 2025-10-30T01:35:48Z
0c07deb0-ca92-4bd9-9681-110bceb5360a, P0335                , f81d3e68-df76-45a1-b339-88367a23fbf1, +15550000335, Reminder   , delivered, 2026-01-04T02:35:48Z
a094ac28-ee39-4537-a0a1-3f98b015bf73, P0336                , 35b6c280-48ff-4ddc-a74e-b177b3f9be52, +15550000336, Reminder   , delivered, 2026-01-05T02:09:06Z
a094ac28-ee39-4537-a0a1-3f98b015bf73, P0336                , bb830461-5f35-483a-9674-c3501ec91adb, +15550000336, Reminder   , delivered, 2026-01-06T02:09:06Z
f62b86eb-64cc-40ad-a09b-bfab9b988246, P0337                , 04cf552d-af20-4869-bd2f-78317f3df3ed, +15550000337, Reminder   , delivered, 2026-02-21T08:52:07Z
f62b86eb-64cc-40ad-a09b-bfab9b988246, P0337                , 1b1eaa02-2374-49c6-a32a-ccb5e2effa70, +15550000337, Reminder   , delivered, 2026-02-22T08:52:07Z
f62b86eb-64cc-40ad-a09b-bfab9b988246, P0337                , c7667f56-9fbe-4d74-88a5-85f75a10ec79, +15550000337, Reminder   , delivered, 2026-04-23T07:52:07Z
cb706e6b-eed5-4b62-bd5e-1a546439a799, P0338                , f626dfe5-9c6d-4d97-8b25-64e9f40bad3a, +15550000338, Reminder   , delivered, 2025-04-20T05:08:42Z
cb706e6b-eed5-4b62-bd5e-1a546439a799, P0338                , e190c42b-1dc7-4a57-a360-048014d9e293, +15550000338, Reminder   , delivered, 2025-04-21T05:08:42Z
cb706e6b-eed5-4b62-bd5e-1a546439a799, P0338                , ac010f84-e053-41b9-b91c-b218f297b828, +15550000338, Reminder   , delivered, 2025-07-13T05:08:42Z
591200ea-93eb-4c61-845b-244b3689fd39, P0339                , 1f6c0fb7-00f0-48e7-bda2-e3a14b46add9, +15550000339, Reminder   , delivered, 2025-07-02T23:16:52Z
591200ea-93eb-4c61-845b-244b3689fd39, P0339                , df231fe1-7043-475f-afa0-8e5431dc12a0, +15550000339, Reminder   , delivered, 2025-07-25T23:16:52Z
591200ea-93eb-4c61-845b-244b3689fd39, P0339                , 632b32ab-0ac4-4959-85fc-d73f090e3c42, +15550000339, Reminder   , delivered, 2025-07-26T23:16:52Z
591200ea-93eb-4c61-845b-244b3689fd39, P0339                , c97f9c4f-cea8-4870-b1a7-22d563917bb6, +15550000339, Reminder   , delivered, 2025-09-23T23:16:52Z
591200ea-93eb-4c61-845b-244b3689fd39, P0339                , 2a8a5536-f284-421c-8103-985b84b574a9, +15550000339, Reminder   , delivered, 2025-09-24T23:16:52Z
6d553a1f-ae01-4759-bf2e-974dd68fea72, P0340                , a7ed91ca-33d7-4327-b45d-dd0443972eba, +15550000340, Reminder   , delivered, 2026-01-03T16:14:23Z
6d553a1f-ae01-4759-bf2e-974dd68fea72, P0340                , 2ef85165-ee4c-46b9-92ec-eae8d3680e07, +15550000340, Reminder   , delivered, 2026-01-04T16:14:23Z
6d553a1f-ae01-4759-bf2e-974dd68fea72, P0340                , b21c02ad-c59b-4dc3-a5a5-35b8393b6b86, +15550000340, Reminder   , delivered, 2026-01-05T16:14:23Z
488fa566-4714-49f4-9a9e-deb5abb9d319, P0341                , 0ae028ee-3a8e-4357-ab00-663ef8a419d3, +15550000341, Reminder   , delivered, 2025-10-28T14:24:35Z
488fa566-4714-49f4-9a9e-deb5abb9d319, P0341                , 2b4d3272-ee85-4f01-a475-a50f58b29353, +15550000341, Reminder   , delivered, 2025-10-29T14:24:35Z
488fa566-4714-49f4-9a9e-deb5abb9d319, P0341                , 035b7d12-80e5-4d68-95ff-c9673b8f1b29, +15550000341, Reminder   , delivered, 2025-10-30T14:24:35Z
488fa566-4714-49f4-9a9e-deb5abb9d319, P0341                , b77fc30d-8f57-451d-bfd4-43cb7570147b, +15550000341, Reminder   , delivered, 2026-02-18T15:24:35Z
488fa566-4714-49f4-9a9e-deb5abb9d319, P0341                , 30bba222-8b29-404e-9f4f-f05f88792092, +15550000341, Reminder   , delivered, 2026-02-19T15:24:35Z
488fa566-4714-49f4-9a9e-deb5abb9d319, P0341                , 7e364260-9144-4e98-b7c6-6a4281c40ff8, +15550000341, Reminder   , delivered, 2026-02-20T15:24:35Z
284ab260-6795-4458-aa8e-869fed5838de, P0342                , b8594977-c948-4ced-b87a-6713fc4e7bb4, +15550000342, Reminder   , delivered, 2025-09-14T09:11:09Z
284ab260-6795-4458-aa8e-869fed5838de, P0342                , be566093-be35-450f-8b41-87c14fcfb2c6, +15550000342, Reminder   , delivered, 2025-09-15T09:11:09Z
284ab260-6795-4458-aa8e-869fed5838de, P0342                , c7a7c402-895c-4326-bc06-2de0816e7ecf, +15550000342, Reminder   , delivered, 2025-12-06T10:11:09Z
284ab260-6795-4458-aa8e-869fed5838de, P0342                , 1653b62c-f014-4a87-bcb3-72ec10ce12a9, +15550000342, Reminder   , delivered, 2025-12-07T10:11:09Z
284ab260-6795-4458-aa8e-869fed5838de, P0342                , 4de762d3-bb21-4192-b439-781b433895de, +15550000342, Reminder   , delivered, 2026-01-28T10:11:09Z
284ab260-6795-4458-aa8e-869fed5838de, P0342                , 27937533-6702-466c-b96f-207561293bce, +15550000342, Reminder   , delivered, 2026-01-29T10:11:09Z
284ab260-6795-4458-aa8e-869fed5838de, P0342                , a8fe9978-1068-4c75-a962-16e54256b7e7, +15550000342, Reminder   , delivered, 2026-01-30T10:11:09Z
3bd07a78-1be9-4e94-acf1-e4b88ba7b2e3, P0343                , a32a7a22-457c-40b2-806c-4dbe87ce1412, +15550000343, Reminder   , delivered, 2025-03-15T17:13:33Z
3bd07a78-1be9-4e94-acf1-e4b88ba7b2e3, P0343                , 5094b2d4-efe1-45ab-a425-cf7ebcd3bc18, +15550000343, Reminder   , delivered, 2025-03-16T17:13:33Z
3bd07a78-1be9-4e94-acf1-e4b88ba7b2e3, P0343                , 4d1d998f-7375-463c-89b9-b16e64025f22, +15550000343, Reminder   , delivered, 2025-06-13T17:13:33Z
3bd07a78-1be9-4e94-acf1-e4b88ba7b2e3, P0343                , 760dcf84-8592-4580-a577-4894b87b7be2, +15550000343, Reminder   , delivered, 2025-06-14T17:13:33Z
3bd07a78-1be9-4e94-acf1-e4b88ba7b2e3, P0343                , 5d5a1fdc-0933-445b-a83e-d60ff3cc0961, +15550000343, Reminder   , delivered, 2025-06-15T17:13:33Z
acfabf04-5a4f-4c5b-906f-83518b954d3f, P0344                , 083a7c08-c8a6-419e-879f-1ae4163c0db9, +15550000344, Reminder   , delivered, 2025-07-08T09:43:42Z
acfabf04-5a4f-4c5b-906f-83518b954d3f, P0344                , 5923da21-1fb4-43f5-8a85-848eb0a9066a, +15550000344, Reminder   , delivered, 2025-07-15T09:43:42Z
acfabf04-5a4f-4c5b-906f-83518b954d3f, P0344                , 484c3ce9-91a5-47f8-909f-41c3d02d939f, +15550000344, Reminder   , delivered, 2025-07-16T09:43:42Z
acfabf04-5a4f-4c5b-906f-83518b954d3f, P0344                , 0de9fdac-3e7b-4c12-9af0-b83a3ab0247d, +15550000344, Reminder   , delivered, 2025-07-17T09:43:42Z
acfabf04-5a4f-4c5b-906f-83518b954d3f, P0344                , b813440a-8979-4b2b-9f44-b96ace10b5c4, +15550000344, Reminder   , delivered, 2025-10-06T09:43:42Z
acfabf04-5a4f-4c5b-906f-83518b954d3f, P0344                , fda4fb6c-07c5-4718-918d-972f8d8f457c, +15550000344, Reminder   , delivered, 2025-10-07T09:43:42Z
e58e8a32-1872-48c4-a7bc-3ff93989fa99, P0346                , 46ca530d-0a1e-4723-9ccc-1260cc1fc68f, +15550000346, Reminder   , delivered, 2025-09-29T01:20:17Z
e58e8a32-1872-48c4-a7bc-3ff93989fa99, P0346                , 26a441fd-e9ec-4afe-b4e1-a857f5e0de3c, +15550000346, Reminder   , delivered, 2026-03-20T01:20:17Z
6d84d440-f322-437e-b522-bf92b5a59de2, P0347                , c878b11d-c382-4797-b97b-230a79fd67f5, +15550000347, Reminder   , delivered, 2026-03-08T09:51:07Z
6d84d440-f322-437e-b522-bf92b5a59de2, P0347                , fdf76bac-39e0-4277-a62a-275251ab1926, +15550000347, Reminder   , delivered, 2026-03-09T09:51:07Z
6d84d440-f322-437e-b522-bf92b5a59de2, P0347                , 8f25ed15-1ba8-4a7d-8e2c-143f89021961, +15550000347, Reminder   , delivered, 2026-05-26T09:51:07Z
6d84d440-f322-437e-b522-bf92b5a59de2, P0347                , 86ef6a7a-877a-4ef7-9ef8-8b25681e51c0, +15550000347, Reminder   , delivered, 2026-05-27T09:51:07Z
8fce5461-df84-4ed4-afcb-7abf01b82f53, P0348                , b274beb4-f571-4c5a-871f-797659a561d5, +15550000348, Reminder   , delivered, 2025-01-16T11:47:53Z
8fce5461-df84-4ed4-afcb-7abf01b82f53, P0348                , 39715e8c-d926-4f6d-a3ed-657f1d70b123, +15550000348, Reminder   , delivered, 2025-02-08T11:47:53Z
8fce5461-df84-4ed4-afcb-7abf01b82f53, P0348                , ab9e3378-b152-4c99-b000-54a583037a9c, +15550000348, Reminder   , delivered, 2025-02-09T11:47:53Z
8fce5461-df84-4ed4-afcb-7abf01b82f53, P0348                , fe083702-dc74-463e-87ff-b145d1c27cb4, +15550000348, Reminder   , delivered, 2025-05-11T10:47:53Z
59942e73-d159-49f8-a4fa-694bb2bd1902, P0349                , 76bdee85-0277-47b9-ab88-321a2517473b, +15550000349, Reminder   , delivered, 2025-02-27T16:40:31Z
59942e73-d159-49f8-a4fa-694bb2bd1902, P0349                , c56a9abf-c857-44f2-9c7d-3a9463f8d35f, +15550000349, Reminder   , delivered, 2025-02-28T16:40:31Z
59942e73-d159-49f8-a4fa-694bb2bd1902, P0349                , 6a19c885-febf-4f11-bef0-876549261d7e, +15550000349, Reminder   , delivered, 2025-03-01T16:40:31Z
59942e73-d159-49f8-a4fa-694bb2bd1902, P0349                , 05722c31-60a6-4db8-b85a-1256e60d1a75, +15550000349, Reminder   , delivered, 2025-05-21T15:40:31Z
80c1a327-6864-4f75-b92a-53d75167a3fb, P0350                , 50e672a0-3fc9-427a-9e58-045d2a3ce9b1, +15550000350, Reminder   , delivered, 2025-09-09T05:55:16Z
80c1a327-6864-4f75-b92a-53d75167a3fb, P0350                , c5ec017e-b9f5-4201-b186-78e5ab8d3ee4, +15550000350, Reminder   , delivered, 2025-09-10T05:55:16Z
80c1a327-6864-4f75-b92a-53d75167a3fb, P0350                , 71aba112-bb17-47b5-96b5-c54909df5785, +15550000350, Reminder   , delivered, 2025-10-09T05:55:16Z
80c1a327-6864-4f75-b92a-53d75167a3fb, P0350                , 6b3e1252-7cbe-4e0b-8ca7-1250f9470c43, +15550000350, Reminder   , delivered, 2025-12-08T06:55:16Z
80c1a327-6864-4f75-b92a-53d75167a3fb, P0350                , 43858098-c378-4b42-a500-4751a20ba819, +15550000350, Reminder   , delivered, 2026-02-08T06:55:16Z
80c1a327-6864-4f75-b92a-53d75167a3fb, P0350                , 1222dccc-be32-43f3-8ef7-1a3aeeead245, +15550000350, Reminder   , delivered, 2026-02-09T06:55:16Z
efdc6b3f-0b9b-42b6-bbf3-d97dc3916c69, P0351                , bdd3cda0-91f7-47a8-bf41-e4ceeb010a98, +15550000351, Reminder   , delivered, 2025-07-26T07:22:20Z
1eb60a74-a40a-4436-b28a-52147ba10374, P0352                , 7015eff3-8847-4431-bb09-5622b7959277, +15550000352, Reminder   , delivered, 2025-09-02T10:39:23Z
743751a1-b5f2-49de-9bbf-44042c6bdcfc, P0353                , dbf0677b-5a35-4055-888a-dfdf7d084c11, +15550000353, Reminder   , delivered, 2025-12-02T13:32:51Z
743751a1-b5f2-49de-9bbf-44042c6bdcfc, P0353                , 70f45dfe-0d71-4c0e-93b4-8f771929d8d8, +15550000353, Reminder   , delivered, 2026-03-26T12:32:51Z
d9463037-afc6-48b3-9a87-2b6de83246c9, P0355                , 58c0bb11-e492-413a-a27a-81588075b414, +15550000355, Reminder   , delivered, 2025-08-20T05:25:17Z
d9463037-afc6-48b3-9a87-2b6de83246c9, P0355                , f6daec8e-0a1f-401d-9a17-d9acd862ac6d, +15550000355, Reminder   , delivered, 2025-08-21T05:25:17Z
b079d03f-d895-42cc-b753-ffd75201ea10, P0356                , ec6ae4a3-e475-469a-aa17-7e8a02480e81, +15550000356, Reminder   , delivered, 2026-06-08T22:25:41Z
25895338-7a36-4b19-be50-b2c97e7a9b21, P0358                , 39909438-90d3-4bb0-8c25-27db5895cc07, +15550000358, Reminder   , delivered, 2025-03-04T19:57:18Z
25895338-7a36-4b19-be50-b2c97e7a9b21, P0358                , e1b136f9-cc43-4972-b8b9-3736fed60037, +15550000358, Reminder   , delivered, 2025-04-03T18:57:18Z
a78e5faf-1d92-4142-bd1d-824b5429c61b, P0360                , 850059e4-b165-4f80-a90c-85af15cadd02, +15550000360, Reminder   , delivered, 2025-12-02T11:08:54Z
a78e5faf-1d92-4142-bd1d-824b5429c61b, P0360                , e7301ba0-9e8f-4328-a728-5d1e42cba542, +15550000360, Reminder   , delivered, 2026-05-24T10:08:54Z
a8574ed5-7170-4267-8315-4e35eee497fd, P0361                , b26b205a-9c1e-41cc-81ae-fa50df6799d7, +15550000361, Reminder   , delivered, 2025-03-21T17:41:59Z
fadfad5a-5730-45dc-9f35-2e0de8d889f8, P0362                , 37ed0d15-f725-4e73-90f8-7e70cb84aee8, +15550000362, Reminder   , delivered, 2025-07-01T22:48:10Z
fadfad5a-5730-45dc-9f35-2e0de8d889f8, P0362                , 5901d14c-db08-4006-b744-fb5f45ab91bd, +15550000362, Reminder   , delivered, 2025-07-02T22:48:10Z
fadfad5a-5730-45dc-9f35-2e0de8d889f8, P0362                , 8a9ab247-52aa-4e97-9b44-c8e3665a5522, +15550000362, Reminder   , delivered, 2025-08-30T22:48:10Z
88564e78-0065-4cfa-9769-2d79946a6e7e, P0363                , e3c3fefc-a151-4b11-a7e9-80e518ed2a2a, +15550000363, Reminder   , delivered, 2025-04-17T10:45:00Z
88564e78-0065-4cfa-9769-2d79946a6e7e, P0363                , 87da238c-e037-4b27-ba5d-cf397326c204, +15550000363, Reminder   , delivered, 2025-05-17T10:45:00Z
88564e78-0065-4cfa-9769-2d79946a6e7e, P0363                , ed6ef518-f41a-43c8-9e36-9b2b7d2337c7, +15550000363, Reminder   , delivered, 2025-07-16T10:45:00Z
88564e78-0065-4cfa-9769-2d79946a6e7e, P0363                , 7b069272-31a0-4098-92cd-6fa10fa4d6cb, +15550000363, Reminder   , delivered, 2025-07-17T10:45:00Z
88564e78-0065-4cfa-9769-2d79946a6e7e, P0363                , 3e12b325-f337-4d18-9142-3e3e56f36e59, +15550000363, Reminder   , delivered, 2025-08-19T10:45:00Z
88564e78-0065-4cfa-9769-2d79946a6e7e, P0363                , cad4ed42-69c9-4d12-a07e-e185257736ec, +15550000363, Reminder   , delivered, 2025-08-20T10:45:00Z
2ca4477d-01a4-416b-94a7-1e01aa8594b1, P0365                , 2fbab057-ad1e-47c2-8b6e-deb767d676f5, +15550000365, Reminder   , delivered, 2025-08-03T12:01:38Z
2ca4477d-01a4-416b-94a7-1e01aa8594b1, P0365                , 2d39f017-da14-4672-8b5f-b02ac5dd575f, +15550000365, Reminder   , delivered, 2025-08-26T12:01:38Z
06114f0b-3851-4f57-89ac-dd9fb695a2bf, P0366                , 6f8e5cc2-0b37-449e-a9e2-f3a4ba80a05a, +15550000366, Reminder   , delivered, 2025-06-18T07:34:26Z
06114f0b-3851-4f57-89ac-dd9fb695a2bf, P0366                , 2e457146-2bf0-49bb-8beb-bb8717d7d603, +15550000366, Reminder   , delivered, 2025-06-19T07:34:26Z
06114f0b-3851-4f57-89ac-dd9fb695a2bf, P0366                , 91a0e9df-3500-4ce0-932a-1715dc9b98f1, +15550000366, Reminder   , delivered, 2025-09-09T07:34:26Z
ed571bf2-0ecb-4969-b47b-208c71c656be, P0367                , 528ee78f-622c-49d4-824d-a40974a7d2e6, +15550000367, Reminder   , delivered, 2025-12-11T15:46:48Z
ed571bf2-0ecb-4969-b47b-208c71c656be, P0367                , d7a9cc99-c0e5-4b78-924f-71de5424ba95, +15550000367, Reminder   , delivered, 2026-01-03T15:46:48Z
ed571bf2-0ecb-4969-b47b-208c71c656be, P0367                , d0908624-6abf-43f1-b4cf-b9eefd133c45, +15550000367, Reminder   , delivered, 2026-05-26T14:46:48Z
78052071-09dd-4373-a873-4c751bc759d2, P0368                , ec61702b-64f4-494c-b859-058a50729151, +15550000368, Reminder   , delivered, 2025-02-08T02:09:31Z
78052071-09dd-4373-a873-4c751bc759d2, P0368                , 2190d1f3-21b1-4cee-9c1f-5cb2fbc60396, +15550000368, Reminder   , delivered, 2025-02-09T02:09:31Z
78052071-09dd-4373-a873-4c751bc759d2, P0368                , 3922c3fe-95e1-478c-8f4e-2158067fe921, +15550000368, Reminder   , delivered, 2025-02-10T02:09:31Z
78052071-09dd-4373-a873-4c751bc759d2, P0368                , 86d934eb-970f-4c42-92ce-ab74b0c2d58f, +15550000368, Reminder   , delivered, 2025-05-02T01:09:31Z
78052071-09dd-4373-a873-4c751bc759d2, P0368                , 3ae413ee-0a2f-4bef-a871-fe1718d3384c, +15550000368, Reminder   , delivered, 2025-05-03T01:09:31Z
78052071-09dd-4373-a873-4c751bc759d2, P0368                , d611d554-aa80-499d-a6f8-a5f5ea7276d9, +15550000368, Reminder   , delivered, 2025-05-04T01:09:31Z
dc792219-652e-433d-99ee-a59de9102cfc, P0369                , 692fcf8d-d029-4e19-ba6e-d97e5d78ca21, +15550000369, Reminder   , delivered, 2025-08-28T07:33:06Z
dc792219-652e-433d-99ee-a59de9102cfc, P0369                , 77651285-6c8f-4195-b4e1-0a4b4488fb27, +15550000369, Reminder   , delivered, 2025-10-11T07:33:06Z
dc792219-652e-433d-99ee-a59de9102cfc, P0369                , 69c4741d-97b2-4b63-b780-1c5454d42052, +15550000369, Reminder   , delivered, 2025-10-12T07:33:06Z
8e3bba86-f9a9-421a-9d9f-51f0a9a64877, P0370                , 178f8b5b-5bd7-424f-9880-50dfcfb0cb53, +15550000370, Reminder   , delivered, 2025-04-29T21:57:57Z
c85452d6-6333-4b90-82bc-314cc6bf776d, P0371                , 652bd964-36df-4a24-8bb6-abc8d9beee3a, +15550000371, Reminder   , delivered, 2025-08-22T04:49:28Z
c85452d6-6333-4b90-82bc-314cc6bf776d, P0371                , 2fc570c3-5074-4170-9c96-3f5fd74ed2c9, +15550000371, Reminder   , delivered, 2025-08-23T04:49:28Z
cb53a3fc-7669-44d9-bd7e-7bed4bd25275, P0372                , eb82f069-f49f-423f-b75c-40fc5a28a82d, +15550000372, Reminder   , delivered, 2025-06-14T02:55:58Z
cb53a3fc-7669-44d9-bd7e-7bed4bd25275, P0372                , e18ea596-c8e5-4252-88b4-996658333cdf, +15550000372, Reminder   , delivered, 2025-06-15T02:55:58Z
cb53a3fc-7669-44d9-bd7e-7bed4bd25275, P0372                , 92688018-9472-4e2f-81a4-d3b17264bbcb, +15550000372, Reminder   , delivered, 2025-06-16T02:55:58Z
7fbdf7d0-f1ad-45a8-baf2-0f0a69e8f301, P0373                , 94b8d821-0c44-44e4-9b0e-b200af42c202, +15550000373, Reminder   , delivered, 2025-04-09T08:16:49Z
7fbdf7d0-f1ad-45a8-baf2-0f0a69e8f301, P0373                , 1d6e8852-2429-4044-87b8-e566c0bcf6ac, +15550000373, Reminder   , delivered, 2025-08-03T08:16:49Z
7fbdf7d0-f1ad-45a8-baf2-0f0a69e8f301, P0373                , efb28b43-9140-4829-81dd-2ee239969810, +15550000373, Reminder   , delivered, 2025-08-04T08:16:49Z
b5406036-a793-4708-8e65-59e0434ef4fc, P0374                , 60ea05a3-726c-47c8-b004-670f3b98bbab, +15550000374, Reminder   , delivered, 2025-04-13T19:28:43Z
b5406036-a793-4708-8e65-59e0434ef4fc, P0374                , 69d7aa01-c5da-495e-b7b8-a31a2ab946fd, +15550000374, Reminder   , delivered, 2025-05-13T19:28:43Z
b5406036-a793-4708-8e65-59e0434ef4fc, P0374                , 756fd5c9-74c4-45ad-b585-03285091fbb1, +15550000374, Reminder   , delivered, 2025-05-14T19:28:43Z
b5406036-a793-4708-8e65-59e0434ef4fc, P0374                , 1402465a-c60b-49ec-b8b8-d4c42f613ad6, +15550000374, Reminder   , delivered, 2025-09-26T19:28:43Z
b5406036-a793-4708-8e65-59e0434ef4fc, P0374                , 4b5b3dc1-4051-4da1-8652-445a4485c4a9, +15550000374, Reminder   , delivered, 2025-09-27T19:28:43Z
ac01b18e-3d15-41af-b185-252b63568f08, P0375                , 490ffc07-1ed8-44a1-8a73-e66f13cf1355, +15550000375, Reminder   , delivered, 2025-06-30T16:00:32Z
ac01b18e-3d15-41af-b185-252b63568f08, P0375                , fb0eeb8b-0970-4389-9ca0-b1132a3a7deb, +15550000375, Reminder   , delivered, 2025-07-07T16:00:32Z
ac01b18e-3d15-41af-b185-252b63568f08, P0375                , bd84df2f-5906-4a3c-a7c0-28458c0e0223, +15550000375, Reminder   , delivered, 2025-07-08T16:00:32Z
ac01b18e-3d15-41af-b185-252b63568f08, P0375                , 567bbea4-f30a-4367-83d1-337ab57c9ad5, +15550000375, Reminder   , delivered, 2025-09-28T16:00:32Z
ac01b18e-3d15-41af-b185-252b63568f08, P0375                , 2460e4f4-e50b-4a13-acd9-4e7229763904, +15550000375, Reminder   , delivered, 2025-09-29T16:00:32Z
3afcde89-292c-4fd7-919f-3a38202202ba, P0376                , cdf982ab-ed4b-4d3f-9bf8-57541f6d6234, +15550000376, Reminder   , delivered, 2025-07-20T17:59:46Z
3afcde89-292c-4fd7-919f-3a38202202ba, P0376                , 91f6abcd-fb29-485b-ab06-18757007605d, +15550000376, Reminder   , delivered, 2025-10-11T17:59:46Z
3afcde89-292c-4fd7-919f-3a38202202ba, P0376                , ce4c844c-e932-4241-8564-1cb8a771f437, +15550000376, Reminder   , delivered, 2025-11-30T18:59:46Z
7e2ae7c6-7d7c-4741-a34d-a1cc6371a3e2, P0377                , 9d6e4cfd-7387-47cd-b085-ca8571942c0a, +15550000377, Reminder   , delivered, 2026-01-29T13:26:40Z
47c28fc8-0842-49fe-8f9d-22318e63beca, P0379                , 104055ca-efd7-4e4d-8422-73a279186123, +15550000379, Reminder   , delivered, 2025-06-18T22:57:32Z
47c28fc8-0842-49fe-8f9d-22318e63beca, P0379                , 97f883cb-0625-4731-a1d7-0261ca395920, +15550000379, Reminder   , delivered, 2025-06-19T22:57:32Z
f7d5112a-9e3e-434c-abd3-5c6fe32bea45, P0380                , 3c8420c5-6341-4b84-9d6d-c7dbed76c2bd, +15550000380, Reminder   , delivered, 2025-04-23T05:17:12Z
f7d5112a-9e3e-434c-abd3-5c6fe32bea45, P0380                , 168fc1f1-5c34-4a01-a271-3e71bd9e7a47, +15550000380, Reminder   , delivered, 2025-04-30T05:17:12Z
f7d5112a-9e3e-434c-abd3-5c6fe32bea45, P0380                , 9e9cf7e3-5f85-4c1f-995f-9008b3bd64f1, +15550000380, Reminder   , delivered, 2025-05-01T05:17:12Z
f7d5112a-9e3e-434c-abd3-5c6fe32bea45, P0380                , 0edbae8c-38ce-41a4-882d-0e90d5ce621e, +15550000380, Reminder   , delivered, 2025-05-02T05:17:12Z
5a1d8197-1745-472b-9048-7e58165c4b0c, P0382                , 711fa131-8f13-4f21-8021-bba4b8a55485, +15550000382, Reminder   , delivered, 2025-03-11T05:24:48Z
5a1d8197-1745-472b-9048-7e58165c4b0c, P0382                , f22f7e43-0dad-4c40-a182-f832a2e397ae, +15550000382, Reminder   , delivered, 2025-04-10T05:24:48Z
5a1d8197-1745-472b-9048-7e58165c4b0c, P0382                , b6a951c7-a71b-478f-827d-ef2202691070, +15550000382, Reminder   , delivered, 2025-04-11T05:24:48Z
d994739e-03b2-44d8-b3e8-0ef038407869, P0383                , e88d6d00-51dc-4768-89df-d3043ed859a8, +15550000383, Reminder   , delivered, 2025-09-10T00:34:53Z
483c982d-4da8-4b21-9518-dfd0312621c9, P0385                , 687815be-3ee9-40c5-8498-a487c259886f, +15550000385, Reminder   , delivered, 2025-07-07T17:03:47Z
483c982d-4da8-4b21-9518-dfd0312621c9, P0385                , 24a77d98-5f68-4c74-b1fb-4f7bc5278260, +15550000385, Reminder   , delivered, 2025-08-06T17:03:47Z
483c982d-4da8-4b21-9518-dfd0312621c9, P0385                , 96c582c4-0f01-4c30-823c-431534f271d0, +15550000385, Reminder   , delivered, 2026-01-01T18:03:47Z
483c982d-4da8-4b21-9518-dfd0312621c9, P0385                , 63d2be93-c29c-4008-9c6c-df06ad3da24e, +15550000385, Reminder   , delivered, 2026-01-02T18:03:47Z
4923f2a9-4e66-4d93-958c-6265319cbafa, P0386                , fa6bcd54-a88b-42fa-b312-894b4e433647, +15550000386, Reminder   , delivered, 2025-06-30T03:49:06Z
4923f2a9-4e66-4d93-958c-6265319cbafa, P0386                , 97c4ef44-c4ea-4265-9cb3-3ededf1ea551, +15550000386, Reminder   , delivered, 2025-07-23T03:49:06Z
4923f2a9-4e66-4d93-958c-6265319cbafa, P0386                , e4067f83-5614-4d34-9a41-0317884b2a93, +15550000386, Reminder   , delivered, 2025-09-21T03:49:06Z
4923f2a9-4e66-4d93-958c-6265319cbafa, P0386                , 1d3753fe-432c-437c-b751-425de2286341, +15550000386, Reminder   , delivered, 2025-09-22T03:49:06Z
4923f2a9-4e66-4d93-958c-6265319cbafa, P0386                , 64b4011a-b67c-4de2-8523-ad4065259b23, +15550000386, Reminder   , delivered, 2025-11-17T04:49:06Z
4923f2a9-4e66-4d93-958c-6265319cbafa, P0386                , fad46526-bdd1-4af1-ae4b-5ca899700527, +15550000386, Reminder   , delivered, 2025-11-18T04:49:06Z
40474e23-9ded-495b-a5f6-78bc78f1764c, P0388                , b56dce7f-d14e-49b7-a118-c86992cd760d, +15550000388, Reminder   , delivered, 2025-07-25T06:20:56Z
40474e23-9ded-495b-a5f6-78bc78f1764c, P0388                , 369845d5-8985-41bf-a55f-a3bf6cdcb9c2, +15550000388, Reminder   , delivered, 2025-07-26T06:20:56Z
40474e23-9ded-495b-a5f6-78bc78f1764c, P0388                , 2744f107-861e-4969-bcc9-54de5c52dd06, +15550000388, Reminder   , delivered, 2025-12-20T07:20:56Z
f6d94d7e-a87c-4865-9a9f-a884a24e3883, P0389                , 22ba1c15-8cb4-46b1-bec9-45098a6484b8, +15550000389, Reminder   , delivered, 2025-11-13T21:52:43Z
f6d94d7e-a87c-4865-9a9f-a884a24e3883, P0389                , 207963b8-a975-44b0-82a3-2ed2bce47b97, +15550000389, Reminder   , delivered, 2026-04-13T20:52:43Z
91251029-c86b-46f2-b7c2-ef784bd94343, P0390                , 4edb420a-a984-49b3-b548-947c25a0967d, +15550000390, Reminder   , delivered, 2025-07-31T06:33:14Z
91251029-c86b-46f2-b7c2-ef784bd94343, P0390                , c61bb59a-97d1-4fe0-aa1a-8a963bd673d6, +15550000390, Reminder   , delivered, 2025-08-01T06:33:14Z
91251029-c86b-46f2-b7c2-ef784bd94343, P0390                , 2514a15c-339f-4f19-9e66-6922ade8d493, +15550000390, Reminder   , delivered, 2025-08-02T06:33:14Z
91251029-c86b-46f2-b7c2-ef784bd94343, P0390                , 08ae42fd-28ad-4b23-98ed-c4ffbe167c1b, +15550000390, Reminder   , delivered, 2025-08-23T06:33:14Z
aaeac0f2-fdce-4ad3-841f-705c3c870b4a, P0391                , c7e0fa2d-33d7-4d10-8595-1e9a66b9f116, +15550000391, Reminder   , delivered, 2025-11-06T22:53:58Z
aaeac0f2-fdce-4ad3-841f-705c3c870b4a, P0391                , fcccf3c7-2a21-4066-977c-e46aad5b69ba, +15550000391, Reminder   , delivered, 2025-11-07T22:53:58Z
aaeac0f2-fdce-4ad3-841f-705c3c870b4a, P0391                , 979bcf4e-160f-4caa-a824-3e8d961d0d1c, +15550000391, Reminder   , delivered, 2025-11-08T22:53:58Z
aaeac0f2-fdce-4ad3-841f-705c3c870b4a, P0391                , aedb8e3b-c364-4f6d-bd45-e2fffdbe0d2d, +15550000391, Reminder   , delivered, 2025-11-13T22:53:58Z
aaeac0f2-fdce-4ad3-841f-705c3c870b4a, P0391                , 38df90b6-2953-490a-9219-ce25d0c97a40, +15550000391, Reminder   , delivered, 2025-12-06T22:53:58Z
aaeac0f2-fdce-4ad3-841f-705c3c870b4a, P0391                , 2628af38-27d6-43e0-a692-021219e1eafe, +15550000391, Reminder   , delivered, 2025-12-07T22:53:58Z
aaeac0f2-fdce-4ad3-841f-705c3c870b4a, P0391                , 2a333493-9a27-4e4c-a883-58a22a1445a8, +15550000391, Reminder   , delivered, 2025-12-08T22:53:58Z
aaeac0f2-fdce-4ad3-841f-705c3c870b4a, P0391                , 4238789c-0c40-4147-ac24-aef60731fe42, +15550000391, Reminder   , delivered, 2026-02-04T22:53:58Z
aaeac0f2-fdce-4ad3-841f-705c3c870b4a, P0391                , 098e1bab-3780-48b5-bf3f-f9059af34d1a, +15550000391, Reminder   , delivered, 2026-02-05T22:53:58Z
aaeac0f2-fdce-4ad3-841f-705c3c870b4a, P0391                , 68731354-c9f4-4f89-a22a-4488259fbb3b, +15550000391, Reminder   , delivered, 2026-02-06T22:53:58Z
aaeac0f2-fdce-4ad3-841f-705c3c870b4a, P0391                , 0c2d8df2-1ff9-416a-845a-2f615aef91c1, +15550000391, Reminder   , delivered, 2026-05-02T21:53:58Z
8244f7af-e235-4612-960d-425f3d5e2795, P0392                , bd6e5578-f662-4eb5-8c4a-ac66fc6e9f62, +15550000392, Reminder   , delivered, 2025-09-17T20:18:39Z
f30cb9c8-452f-4126-8a6f-cb4dc3ce0af9, P0393                , a5b9a4fa-2f94-48ab-a636-d446dde59894, +15550000393, Reminder   , delivered, 2026-02-12T12:05:48Z
f0754fe2-f64f-4dc8-a071-5eef1ff04a9d, P0394                , 67f159c9-74ef-48b6-bf6c-9fcbc0f8c07b, +15550000394, Reminder   , delivered, 2025-02-14T06:25:29Z
f0754fe2-f64f-4dc8-a071-5eef1ff04a9d, P0394                , 6a709578-db1f-487a-bd52-9fbaf1db95b9, +15550000394, Reminder   , delivered, 2025-02-15T06:25:29Z
1daff0b5-b473-4105-b8bb-d8d2cdcd51bb, P0395                , c09d705f-6007-4c26-9555-2d12b227a1b1, +15550000395, Reminder   , delivered, 2025-12-03T19:43:34Z
1daff0b5-b473-4105-b8bb-d8d2cdcd51bb, P0395                , 63921ca9-ffd0-4fc6-8ad1-f6b540f09163, +15550000395, Reminder   , delivered, 2025-12-05T19:43:34Z
193f7ae6-dfdf-450c-a327-0c74c7c728d6, P0397                , ca7c5842-e685-4441-a342-d5d3f53da05a, +15550000397, Reminder   , delivered, 2025-04-02T08:12:08Z
193f7ae6-dfdf-450c-a327-0c74c7c728d6, P0397                , d82fa6a1-9443-4392-830f-814d62d03133, +15550000397, Reminder   , delivered, 2025-04-08T08:12:08Z
c2394f69-4149-41bf-b24f-363d3e6b2b71, P0398                , 243c6de5-a067-4a33-ac5c-76e21fbd5e07, +15550000398, Reminder   , delivered, 2025-01-03T10:43:52Z
c2394f69-4149-41bf-b24f-363d3e6b2b71, P0398                , 52097a5e-ee60-4f91-9eae-3fa5df173068, +15550000398, Reminder   , delivered, 2025-01-04T10:43:52Z
c2394f69-4149-41bf-b24f-363d3e6b2b71, P0398                , 35ec885c-8ee5-4fbb-8676-301c94899d15, +15550000398, Reminder   , delivered, 2025-01-05T10:43:52Z
c2394f69-4149-41bf-b24f-363d3e6b2b71, P0398                , c73eab38-144e-4c8f-8b19-8cdabd95505b, +15550000398, Reminder   , delivered, 2025-04-03T09:43:52Z
c2394f69-4149-41bf-b24f-363d3e6b2b71, P0398                , ef480814-7b41-42d9-b0a6-c3039ae1a48b, +15550000398, Reminder   , delivered, 2025-05-08T09:43:52Z
f7540176-b7ed-4fb7-9e8f-92c3ff1bf783, P0399                , c16eb5c5-de53-41ba-aa40-0b2331da82a4, +15550000399, Reminder   , delivered, 2025-05-07T15:56:35Z
f7540176-b7ed-4fb7-9e8f-92c3ff1bf783, P0399                , a39c8121-9b5a-426a-acec-e86da0ffdad3, +15550000399, Reminder   , delivered, 2025-05-08T15:56:35Z
f7540176-b7ed-4fb7-9e8f-92c3ff1bf783, P0399                , 7aca2f0b-777d-4c80-9dad-46337d277919, +15550000399, Reminder   , delivered, 2025-05-09T15:56:35Z
f7540176-b7ed-4fb7-9e8f-92c3ff1bf783, P0399                , d9bdd059-354f-4bfd-8097-e3405b7ea3bc, +15550000399, Reminder   , delivered, 2025-07-31T15:56:35Z
f7540176-b7ed-4fb7-9e8f-92c3ff1bf783, P0399                , 054deef7-e835-406b-a80b-2215a31505e4, +15550000399, Reminder   , delivered, 2025-08-01T15:56:35Z
f7540176-b7ed-4fb7-9e8f-92c3ff1bf783, P0399                , ece8a274-13f4-4eb8-80a0-8c020c993a3e, +15550000399, Reminder   , delivered, 2025-08-02T15:56:35Z
8ce90ed1-8624-48a5-b3ba-e68d8f6cb35a, P0400                , c3eb6c96-fa32-40c0-a579-b2190e464480, +15550000400, Reminder   , delivered, 2026-04-24T17:20:40Z
8ce90ed1-8624-48a5-b3ba-e68d8f6cb35a, P0400                , 19806e0d-e3f7-4c58-bab3-fe25ad3edd71, +15550000400, Reminder   , delivered, 2026-04-25T17:20:40Z
73a2efa5-2b91-4b72-95c2-fb6ccaabf4d8, P0401                , 8577c736-bcb0-46c4-ae6b-510872d803e1, +15550000401, Reminder   , delivered, 2025-11-17T21:39:05Z
6f560654-d77d-4dad-8922-d0f8233ecfe8, P0402                , 33332dda-befd-4277-80cf-5e9646db09d3, +15550000402, Reminder   , delivered, 2025-09-09T06:10:19Z
6f560654-d77d-4dad-8922-d0f8233ecfe8, P0402                , 37f5ce9d-69e0-4f33-9b10-858f204328cf, +15550000402, Reminder   , delivered, 2025-09-10T06:10:19Z
a7368190-714d-47fe-8322-54c52278f634, P0403                , 5c55d846-e5cd-441f-ac6d-828de3b1e243, +15550000403, Reminder   , delivered, 2025-05-09T19:56:58Z
a7368190-714d-47fe-8322-54c52278f634, P0403                , cdcd1950-b43c-46cc-8f4a-3f3ec167e57d, +15550000403, Reminder   , delivered, 2025-05-10T19:56:58Z
85e40ba7-0ca4-41a6-a97c-dc5cffcb60bb, P0404                , f9188a55-1a47-44d3-9a5c-e82a7def8a1b, +15550000404, Reminder   , delivered, 2025-07-08T22:51:50Z
72ea18ab-f178-41d5-be97-11baf6f70517, P0405                , 634944bf-a149-4115-81ad-64ddcf6481fd, +15550000405, Reminder   , delivered, 2025-08-08T04:20:03Z
72ea18ab-f178-41d5-be97-11baf6f70517, P0405                , 4dcfa412-0cc2-4721-bccb-9905fd89df39, +15550000405, Reminder   , delivered, 2025-08-09T04:20:03Z
72ea18ab-f178-41d5-be97-11baf6f70517, P0405                , 9a01f8e7-b685-491f-bde0-432367231d37, +15550000405, Reminder   , delivered, 2025-08-10T04:20:03Z
72ea18ab-f178-41d5-be97-11baf6f70517, P0405                , 4969cbcf-5568-4a52-9562-53a8380d36c0, +15550000405, Reminder   , delivered, 2025-08-31T04:20:03Z
72ea18ab-f178-41d5-be97-11baf6f70517, P0405                , f135765a-57c1-4ea2-9732-22e472a5956f, +15550000405, Reminder   , delivered, 2025-09-01T04:20:03Z
72ea18ab-f178-41d5-be97-11baf6f70517, P0405                , e8fac202-d527-4597-b70a-5f9b8d7085d8, +15550000405, Reminder   , delivered, 2025-10-30T04:20:03Z
72ea18ab-f178-41d5-be97-11baf6f70517, P0405                , 14f5486e-6d72-485f-8a80-0765545a6140, +15550000405, Reminder   , delivered, 2025-10-31T04:20:03Z
0a2daf81-92c6-4126-b954-970891e78ad3, P0406                , e80442f5-59dd-4c86-9156-d3723721a36f, +15550000406, Reminder   , delivered, 2026-04-02T17:01:10Z
0a2daf81-92c6-4126-b954-970891e78ad3, P0406                , 55748a76-a8fe-435f-9fa0-ab270583f45d, +15550000406, Reminder   , delivered, 2026-04-03T17:01:10Z
91e94c87-7a28-4003-aeb4-a98c77fac442, P0407                , e7971b7b-3203-4dba-aad3-313fe8f09735, +15550000407, Reminder   , delivered, 2025-11-22T06:17:50Z
91e94c87-7a28-4003-aeb4-a98c77fac442, P0407                , a57f9d70-7478-4bc2-93a5-9ff7b4367754, +15550000407, Reminder   , delivered, 2025-11-28T06:17:50Z
91e94c87-7a28-4003-aeb4-a98c77fac442, P0407                , a2f30a72-e0bc-429d-b4dc-39345fc4157b, +15550000407, Reminder   , delivered, 2025-11-29T06:17:50Z
91e94c87-7a28-4003-aeb4-a98c77fac442, P0407                , fc57ea6d-3612-4b9d-a0c9-0afa5e132301, +15550000407, Reminder   , delivered, 2025-12-21T06:17:50Z
5ee5cade-20e7-4e37-b091-3a70dd0fed98, P0408                , 1a232c02-6660-4e47-9a4b-3f3d4e65b627, +15550000408, Reminder   , delivered, 2025-11-27T10:51:30Z
5ee5cade-20e7-4e37-b091-3a70dd0fed98, P0408                , 9c6ebfad-97fe-44ee-9efa-104df27b417a, +15550000408, Reminder   , delivered, 2025-12-04T10:51:30Z
5ee5cade-20e7-4e37-b091-3a70dd0fed98, P0408                , ff5cb854-7f42-47dd-8d51-48e9334f40d2, +15550000408, Reminder   , delivered, 2025-12-05T10:51:30Z
5ee5cade-20e7-4e37-b091-3a70dd0fed98, P0408                , 599a9a4e-41d2-4746-9832-1a18654545b7, +15550000408, Reminder   , delivered, 2025-12-06T10:51:30Z
5ee5cade-20e7-4e37-b091-3a70dd0fed98, P0408                , 97a8ccfd-0939-4af7-967c-8a2c102c4464, +15550000408, Reminder   , delivered, 2026-02-25T10:51:30Z
9386f8e9-97d1-444c-ab40-176fd33a2deb, P0409                , 7bf453ee-1c77-410f-972c-bc902efc1092, +15550000409, Reminder   , delivered, 2026-05-10T05:09:15Z
0a8d4cbf-d6e8-4003-bfc2-b30283114f4f, P0411                , 5dfd8a3b-4244-42a6-bee8-e0df385ac53c, +15550000411, Reminder   , delivered, 2025-03-20T08:34:35Z
0a8d4cbf-d6e8-4003-bfc2-b30283114f4f, P0411                , e0c100ba-2ecf-4ccf-934d-dc7618509059, +15550000411, Reminder   , delivered, 2025-03-21T08:34:35Z
0a8d4cbf-d6e8-4003-bfc2-b30283114f4f, P0411                , 5ba72e87-dd7e-47ac-ba5d-9515e465b921, +15550000411, Reminder   , delivered, 2025-03-22T08:34:35Z
d672293f-efcd-47c0-b332-b49e2db16dcf, P0413                , 4c416365-c4f6-4542-a097-520b910bc278, +15550000413, Reminder   , delivered, 2025-05-18T04:25:07Z
d672293f-efcd-47c0-b332-b49e2db16dcf, P0413                , 259dc8ce-da07-4c91-908a-4c0efc2179f5, +15550000413, Reminder   , delivered, 2025-09-30T04:25:07Z
d672293f-efcd-47c0-b332-b49e2db16dcf, P0413                , e94bf5bf-1b44-4a30-a218-b1a49122ee68, +15550000413, Reminder   , delivered, 2025-10-01T04:25:07Z
d2111c56-4ef7-456e-af7a-78bf302e1fed, P0414                , f713b56b-7382-4348-978f-ea413c6d8910, +15550000414, Reminder   , delivered, 2025-12-03T07:19:58Z
d2111c56-4ef7-456e-af7a-78bf302e1fed, P0414                , 7e489875-f5fd-491b-abc3-dbc7d1724d55, +15550000414, Reminder   , delivered, 2025-12-26T07:19:58Z
d2111c56-4ef7-456e-af7a-78bf302e1fed, P0414                , 053d72db-c958-4ab3-a3b0-e5ead13ac8a8, +15550000414, Reminder   , delivered, 2026-02-24T07:19:58Z
d2111c56-4ef7-456e-af7a-78bf302e1fed, P0414                , 1d3a712a-bc70-4964-ac18-2f231516b69b, +15550000414, Reminder   , delivered, 2026-02-25T07:19:58Z
d2111c56-4ef7-456e-af7a-78bf302e1fed, P0414                , 7ca1e031-aa77-4185-9359-12ec786ccd71, +15550000414, Reminder   , delivered, 2026-04-24T06:19:58Z
d2111c56-4ef7-456e-af7a-78bf302e1fed, P0414                , 346baa09-9ae7-416b-9ed0-109687d60223, +15550000414, Reminder   , delivered, 2026-04-25T06:19:58Z
d2111c56-4ef7-456e-af7a-78bf302e1fed, P0414                , 469fa8e1-5b3a-4a76-8fa8-6c9b9847334a, +15550000414, Reminder   , delivered, 2026-04-26T06:19:58Z
7b058937-2044-4001-a24e-71bd218dc4c8, P0415                , 5a2d5c24-d6ea-453a-99d3-4befd5a51bb1, +15550000415, Reminder   , delivered, 2025-03-03T10:06:23Z
7b058937-2044-4001-a24e-71bd218dc4c8, P0415                , d619da9f-7953-4628-81c6-51b7a4244ba4, +15550000415, Reminder   , delivered, 2025-03-04T10:06:23Z
7b058937-2044-4001-a24e-71bd218dc4c8, P0415                , 6b420538-fa1d-47ad-bf5c-5b2bcf1bc253, +15550000415, Reminder   , delivered, 2025-07-11T09:06:23Z
7b058937-2044-4001-a24e-71bd218dc4c8, P0415                , eae8bf3e-8996-4f87-b69b-bae8fe76934f, +15550000415, Reminder   , delivered, 2025-07-12T09:06:23Z
0f93defe-873d-4fd9-92bf-4c9096f161c7, P0416                , b2289ab4-2e9d-4938-ba5c-6386b383b060, +15550000416, Reminder   , delivered, 2025-05-18T02:06:11Z
0f93defe-873d-4fd9-92bf-4c9096f161c7, P0416                , 6182303f-d8c7-4bd2-8c0c-8643082cf27a, +15550000416, Reminder   , delivered, 2025-05-19T02:06:11Z
0f93defe-873d-4fd9-92bf-4c9096f161c7, P0416                , a7fec9f5-2b62-44ae-b80d-2f3cb7d6dbf9, +15550000416, Reminder   , delivered, 2025-06-17T02:06:11Z
0f93defe-873d-4fd9-92bf-4c9096f161c7, P0416                , efce6e53-7881-4d92-a27c-1c39e7481e20, +15550000416, Reminder   , delivered, 2025-06-18T02:06:11Z
0f93defe-873d-4fd9-92bf-4c9096f161c7, P0416                , 1294d6e4-645b-4e69-a9a1-279dc2f149ad, +15550000416, Reminder   , delivered, 2025-08-16T02:06:11Z
0f93defe-873d-4fd9-92bf-4c9096f161c7, P0416                , f2252885-87ab-4fd0-8a5f-d2a6d7ba95d8, +15550000416, Reminder   , delivered, 2025-10-22T02:06:11Z
758e248a-5a2b-47b6-a723-c549bce8d2ac, P0417                , 05f635e5-c609-40a1-8414-0599f294e565, +15550000417, Reminder   , delivered, 2025-08-14T18:14:56Z
758e248a-5a2b-47b6-a723-c549bce8d2ac, P0417                , 4eee212e-7a24-43c2-a9cf-a8df3cda777d, +15550000417, Reminder   , delivered, 2025-08-15T18:14:56Z
758e248a-5a2b-47b6-a723-c549bce8d2ac, P0417                , 0c974a0e-686c-4b80-b3bc-3dbd16863ab8, +15550000417, Reminder   , delivered, 2025-09-06T18:14:56Z
758e248a-5a2b-47b6-a723-c549bce8d2ac, P0417                , 577be1fe-e81d-417f-9446-bea19f58d302, +15550000417, Reminder   , delivered, 2025-09-07T18:14:56Z
758e248a-5a2b-47b6-a723-c549bce8d2ac, P0417                , 22a326aa-7a73-4eb8-810e-97a14e762019, +15550000417, Reminder   , delivered, 2025-11-05T19:14:56Z
c61fb93a-dd58-41db-8007-576e45a5882a, P0418                , b91fb3dd-3bbe-495f-b5b0-19b90f92a4fe, +15550000418, Reminder   , delivered, 2025-12-24T09:46:27Z
c61fb93a-dd58-41db-8007-576e45a5882a, P0418                , ebf2adf3-8957-4ef4-a275-f49f32817f79, +15550000418, Reminder   , delivered, 2025-12-25T09:46:27Z
c61fb93a-dd58-41db-8007-576e45a5882a, P0418                , 07faafd9-c273-4a13-95f9-933959da9ce9, +15550000418, Reminder   , delivered, 2025-12-26T09:46:27Z
49645155-73c0-496f-9b86-5a773da5de11, P0419                , 1e7ff153-732d-4f8c-a92e-ade8df2b5b76, +15550000419, Reminder   , delivered, 2025-11-09T19:31:43Z
f3fb0f5c-2aba-40db-8b87-1f4b9f29a74c, P0420                , 12a6d559-d7fc-411a-a055-3b50d4041050, +15550000420, Reminder   , delivered, 2025-11-05T01:08:40Z
f3fb0f5c-2aba-40db-8b87-1f4b9f29a74c, P0420                , 09262a4e-53af-4332-a0a7-f144a4a5f901, +15550000420, Reminder   , delivered, 2025-11-12T01:08:40Z
f3fb0f5c-2aba-40db-8b87-1f4b9f29a74c, P0420                , 55fec875-c2b4-42e6-b876-ae26949134b1, +15550000420, Reminder   , delivered, 2026-02-03T01:08:40Z
f3fb0f5c-2aba-40db-8b87-1f4b9f29a74c, P0420                , efcb4aee-0169-41d5-a1c5-fa3450323ed0, +15550000420, Reminder   , delivered, 2026-02-04T01:08:40Z
b5fc5341-4bdb-4f0c-99e5-883236e4fb80, P0422                , 1a22ce8e-5280-47b6-b757-3bea274354d0, +15550000422, Reminder   , delivered, 2025-04-02T14:19:38Z
b5fc5341-4bdb-4f0c-99e5-883236e4fb80, P0422                , c124d2be-6067-4853-9dae-1d744a7dcb2c, +15550000422, Reminder   , delivered, 2025-09-20T14:19:38Z
b5fc5341-4bdb-4f0c-99e5-883236e4fb80, P0422                , 88674794-f047-4f49-b651-8090139ef06e, +15550000422, Reminder   , delivered, 2025-09-21T14:19:38Z
f3a20290-0922-4302-98cb-1dafd0f951f9, P0423                , c71c5b66-7946-4254-9cbc-f768773c7bb3, +15550000423, Reminder   , delivered, 2025-02-20T03:25:23Z
f3a20290-0922-4302-98cb-1dafd0f951f9, P0423                , 53300740-c37a-4a9f-ab12-ce79cefb1756, +15550000423, Reminder   , delivered, 2025-06-13T02:25:23Z
571a8687-ffb5-403d-8932-e1bb90d00c51, P0424                , d45cc64f-94e0-4a47-826a-2d1cecf75fd3, +15550000424, Reminder   , delivered, 2025-09-06T14:08:08Z
571a8687-ffb5-403d-8932-e1bb90d00c51, P0424                , 9769e7aa-7820-452e-a4d5-27cac380b76d, +15550000424, Reminder   , delivered, 2025-09-07T14:08:08Z
571a8687-ffb5-403d-8932-e1bb90d00c51, P0424                , f5153ceb-dfcc-4b51-9a43-95d46dfc5b48, +15550000424, Reminder   , delivered, 2026-01-31T15:08:08Z
026fc606-2fe8-4a69-ad29-03a72f9c2f67, P0425                , e000c2d8-c9bf-4550-9c55-e821ba8d1887, +15550000425, Reminder   , delivered, 2025-10-06T13:43:34Z
026fc606-2fe8-4a69-ad29-03a72f9c2f67, P0425                , 23083c3e-e36a-4cf8-80ab-5bba914a8336, +15550000425, Reminder   , delivered, 2025-11-05T14:43:34Z
026fc606-2fe8-4a69-ad29-03a72f9c2f67, P0425                , 3cb753ce-8df6-42a6-8670-3d0d80d7b405, +15550000425, Reminder   , delivered, 2026-01-04T14:43:34Z
0ef434bb-4ea0-4496-bd65-9af751c644a8, P0426                , b0898735-ef06-4b49-9406-ac31e62cf669, +15550000426, Reminder   , delivered, 2025-07-19T10:11:47Z
0ef434bb-4ea0-4496-bd65-9af751c644a8, P0426                , b11ba11b-da41-4360-8cde-7601569648e0, +15550000426, Reminder   , delivered, 2025-07-21T10:11:47Z
0ef434bb-4ea0-4496-bd65-9af751c644a8, P0426                , 72312770-2795-40be-9488-c96f85e0583a, +15550000426, Reminder   , delivered, 2025-08-19T10:11:47Z
395f7a09-d4a6-4f72-b018-32ea06bbfd59, P0427                , 4a2422f2-d63c-46b6-9992-57181c1a65c5, +15550000427, Reminder   , delivered, 2025-09-04T08:26:05Z
b2a50b1c-4bcc-4600-98cf-9981b7f09cec, P0428                , c948ea98-a720-477f-9db8-42b17f2a0006, +15550000428, Reminder   , delivered, 2025-11-19T07:07:40Z
b2a50b1c-4bcc-4600-98cf-9981b7f09cec, P0428                , 782fd44e-d542-4d69-811d-7bb2e25ab4a4, +15550000428, Reminder   , delivered, 2026-04-14T06:07:40Z
b2a50b1c-4bcc-4600-98cf-9981b7f09cec, P0428                , 4a65f83f-4a20-48d9-93a6-5b90eca85473, +15550000428, Reminder   , delivered, 2026-04-15T06:07:40Z
ca3818b6-e194-4f16-a55d-98c7f004e39c, P0429                , cdee38f4-8a3d-4fff-b07b-e60ad3f8f14b, +15550000429, Reminder   , delivered, 2025-08-17T02:32:10Z
ca3818b6-e194-4f16-a55d-98c7f004e39c, P0429                , 8afb2271-43c0-4ac2-8b9b-799e76ab4aea, +15550000429, Reminder   , delivered, 2025-08-18T02:32:10Z
ca3818b6-e194-4f16-a55d-98c7f004e39c, P0429                , bb3e2301-bd44-43d9-9d89-38552f6dadf8, +15550000429, Reminder   , delivered, 2025-09-09T02:32:10Z
600c1651-5da1-4fd4-b144-21c2e848097a, P0430                , 065d082c-08a7-4b19-9c38-0dd2ad6c3c3e, +15550000430, Reminder   , delivered, 2025-10-19T09:08:39Z
600c1651-5da1-4fd4-b144-21c2e848097a, P0430                , 76948f3c-5cd9-4780-9005-c7cdbaec383d, +15550000430, Reminder   , delivered, 2025-10-20T09:08:39Z
600c1651-5da1-4fd4-b144-21c2e848097a, P0430                , 42116de2-e974-4ed4-96a3-57e979539d5b, +15550000430, Reminder   , delivered, 2025-10-21T09:08:39Z
d7bf1d28-f1da-49bb-bdaf-631aa2dbc37f, P0431                , 23ab9fb7-9ae8-4c4a-8c14-41b20c6fb25a, +15550000431, Reminder   , delivered, 2025-04-25T18:41:06Z
f30ed78a-3c5d-44cd-908e-1163c592bef5, P0432                , 9881baaf-66df-4bc3-9280-7a225a357ff7, +15550000432, Reminder   , delivered, 2025-08-10T19:15:10Z
f30ed78a-3c5d-44cd-908e-1163c592bef5, P0432                , 3b490f07-4e94-4315-8eec-f55a68cbd37d, +15550000432, Reminder   , delivered, 2025-09-09T19:15:10Z
f30ed78a-3c5d-44cd-908e-1163c592bef5, P0432                , 2e67f646-d225-4d3c-9fcb-bd20bedb3115, +15550000432, Reminder   , delivered, 2025-09-10T19:15:10Z
f30ed78a-3c5d-44cd-908e-1163c592bef5, P0432                , 808ea95b-692f-456f-98c4-69caccda29e1, +15550000432, Reminder   , delivered, 2026-01-29T20:15:10Z
dc1f1910-83a7-42c7-95c7-bd43a10155cf, P0433                , f3ed62f2-59f0-46e9-b226-765d50c0eb90, +15550000433, Reminder   , delivered, 2025-07-24T22:48:35Z
dc1f1910-83a7-42c7-95c7-bd43a10155cf, P0433                , 8235d96e-58fe-4162-a68e-293fbdb61a43, +15550000433, Reminder   , delivered, 2025-07-25T22:48:35Z
dc1f1910-83a7-42c7-95c7-bd43a10155cf, P0433                , 0325b044-71b7-4bb2-b039-a2e5a51c3868, +15550000433, Reminder   , delivered, 2025-07-26T22:48:35Z
d267b947-0edb-4a4b-a78a-f8609c8c7386, P0434                , ce83bf31-ca98-4e1f-b6b1-d19b498e9206, +15550000434, Reminder   , delivered, 2025-08-08T01:58:27Z
d267b947-0edb-4a4b-a78a-f8609c8c7386, P0434                , 42e08216-f296-4963-867c-8790127e4a99, +15550000434, Reminder   , delivered, 2025-08-09T01:58:27Z
d267b947-0edb-4a4b-a78a-f8609c8c7386, P0434                , 13c7b709-3121-4920-b4e2-abdbf5b7c9d0, +15550000434, Reminder   , delivered, 2025-09-07T01:58:27Z
d267b947-0edb-4a4b-a78a-f8609c8c7386, P0434                , a56ec4fb-2d3d-4cbe-a68d-8cf194d1bddd, +15550000434, Reminder   , delivered, 2025-09-08T01:58:27Z
9d2df97c-e7d1-400f-946b-2687212117e8, P0435                , ce0f5a6c-b08b-467e-812e-5d44e780cfc7, +15550000435, Reminder   , delivered, 2025-04-15T14:53:06Z
9d2df97c-e7d1-400f-946b-2687212117e8, P0435                , 1c4bb59a-1a6a-4081-9354-1c19710e480a, +15550000435, Reminder   , delivered, 2025-05-15T14:53:06Z
9d2df97c-e7d1-400f-946b-2687212117e8, P0435                , 029d0803-4a5e-4b0d-9c71-67d691660cf0, +15550000435, Reminder   , delivered, 2025-07-14T14:53:06Z
9d2df97c-e7d1-400f-946b-2687212117e8, P0435                , c4b9f534-44ba-4eaa-ae57-a593a6676701, +15550000435, Reminder   , delivered, 2025-07-15T14:53:06Z
69947818-41ce-49e1-a004-a335c2e274bd, P0436                , e83c1c6a-5cab-4af4-80d8-057da481041c, +15550000436, Reminder   , delivered, 2025-09-25T19:43:22Z
69947818-41ce-49e1-a004-a335c2e274bd, P0436                , 9dc7ec69-7f09-4417-8952-ed40e645759e, +15550000436, Reminder   , delivered, 2025-10-18T19:43:22Z
69947818-41ce-49e1-a004-a335c2e274bd, P0436                , 8044d471-d6cd-42ba-88d3-cecfc6b1dec0, +15550000436, Reminder   , delivered, 2025-12-17T20:43:22Z
9797bf7e-b57e-4a44-a6c0-821bc8ebea63, P0437                , d2fb1390-d4de-41f5-bff7-58019b0c5e24, +15550000437, Reminder   , delivered, 2025-12-15T08:49:24Z
9797bf7e-b57e-4a44-a6c0-821bc8ebea63, P0437                , 32c4eb06-f8e3-4ece-b957-d1eb039cba45, +15550000437, Reminder   , delivered, 2025-12-16T08:49:24Z
926ca5af-08a6-4642-b85e-7f535344c76b, P0438                , 74a4da34-f702-4cf9-bd74-e4d7a38b6b34, +15550000438, Reminder   , delivered, 2025-02-22T01:05:47Z
926ca5af-08a6-4642-b85e-7f535344c76b, P0438                , ed505f64-7dc1-4dec-8bb4-0c333675af2d, +15550000438, Reminder   , delivered, 2025-03-01T01:05:47Z
926ca5af-08a6-4642-b85e-7f535344c76b, P0438                , d0697c6a-5da5-49f7-9ded-54cd2eeef9f6, +15550000438, Reminder   , delivered, 2025-03-02T01:05:47Z
926ca5af-08a6-4642-b85e-7f535344c76b, P0438                , eb82d760-8c1d-4fde-922f-1ea62c392727, +15550000438, Reminder   , delivered, 2025-07-16T00:05:47Z
9565f66d-2b12-48d1-bd12-3302f6399727, P0439                , f9c68c1a-6a4b-4b9d-a455-68cea8b5a984, +15550000439, Reminder   , delivered, 2025-05-10T21:38:29Z
9565f66d-2b12-48d1-bd12-3302f6399727, P0439                , fc848d7a-6d85-472c-8d20-3578db3215d6, +15550000439, Reminder   , delivered, 2025-05-11T21:38:29Z
9565f66d-2b12-48d1-bd12-3302f6399727, P0439                , 0da72013-90cc-413a-9b28-cf4d0a5252b2, +15550000439, Reminder   , delivered, 2025-05-12T21:38:29Z
e630a8e9-922a-4467-a797-fce07c715169, P0440                , d6ce9d58-aed1-4f5b-ad2a-403144ed6fdc, +15550000440, Reminder   , delivered, 2025-11-01T00:29:20Z
e630a8e9-922a-4467-a797-fce07c715169, P0440                , 763512e4-0bda-4899-8c27-b83beb9f8c40, +15550000440, Reminder   , delivered, 2025-11-02T00:29:20Z
e630a8e9-922a-4467-a797-fce07c715169, P0440                , fd227f84-11ac-490c-8a7b-cad089bf7788, +15550000440, Reminder   , delivered, 2025-11-03T01:29:20Z
79ba1e38-8e2c-4449-8d97-86532c6c111c, P0441                , e5a14298-a4e6-4361-8834-2dd74afa5a2d, +15550000441, Reminder   , delivered, 2025-04-13T21:59:10Z
79ba1e38-8e2c-4449-8d97-86532c6c111c, P0441                , dbc8d189-924b-413e-936f-fd660b6819b8, +15550000441, Reminder   , delivered, 2025-04-20T21:59:10Z
79ba1e38-8e2c-4449-8d97-86532c6c111c, P0441                , ab7c7cd8-9bb8-42a9-9740-24a0971f453c, +15550000441, Reminder   , delivered, 2025-05-13T21:59:10Z
79ba1e38-8e2c-4449-8d97-86532c6c111c, P0441                , 861e5b79-64b4-4fc3-8a2c-1dd2daef0daf, +15550000441, Reminder   , delivered, 2025-07-12T21:59:10Z
fdba3052-b7a8-4ee2-b6b9-9f73af108b3d, P0442                , d60ebc15-6488-4bd6-a615-60ed1e9a5242, +15550000442, Reminder   , delivered, 2025-02-07T23:48:18Z
fdba3052-b7a8-4ee2-b6b9-9f73af108b3d, P0442                , 171cddbb-7bab-4743-97e9-9fbb0a590adb, +15550000442, Reminder   , delivered, 2025-02-08T23:48:18Z
fdba3052-b7a8-4ee2-b6b9-9f73af108b3d, P0442                , 9a745aec-d4c0-4851-b87e-cbff60d1ec73, +15550000442, Reminder   , delivered, 2025-03-09T22:48:18Z
feb0e951-8b7b-4028-b842-54c8c870f2fe, P0444                , 4b6282a5-b7b5-4f5f-9009-807657d2506e, +15550000444, Reminder   , delivered, 2025-03-09T01:24:18Z
feb0e951-8b7b-4028-b842-54c8c870f2fe, P0444                , c5fdf447-1763-43e2-b24a-c2d8bf3df086, +15550000444, Reminder   , delivered, 2025-04-08T00:24:18Z
feb0e951-8b7b-4028-b842-54c8c870f2fe, P0444                , 3f63e9b6-4401-4168-93e5-ff1f230c7f6d, +15550000444, Reminder   , delivered, 2025-06-07T00:24:18Z
ff21fa3f-86d0-4b41-8a54-d380a34f4ce1, P0445                , ca9b94ae-362e-45ba-b40e-8e88c1bcd9b8, +15550000445, Reminder   , delivered, 2025-02-18T17:19:48Z
ff21fa3f-86d0-4b41-8a54-d380a34f4ce1, P0445                , 3b441654-a050-427d-bd6c-aa123972086d, +15550000445, Reminder   , delivered, 2025-02-19T17:19:48Z
ab2bce44-d1eb-4aa8-b3d3-09344cd40a9f, P0447                , bf3c0c83-c870-4c27-b468-160dc56afd9a, +15550000447, Reminder   , delivered, 2025-06-30T23:13:03Z
ab2bce44-d1eb-4aa8-b3d3-09344cd40a9f, P0447                , 92a19716-ad64-4818-9d10-239f16f9718e, +15550000447, Reminder   , delivered, 2025-07-01T23:13:03Z
e8d1e7dd-b37b-4eae-8207-d2474fd64a85, P0448                , 56f6e525-4de1-489e-a2f9-c151cb48a4ab, +15550000448, Reminder   , delivered, 2025-10-23T07:26:56Z
72ab5e87-4fd2-44da-a029-dcb20b9691dd, P0449                , b8e8a84a-b03e-4fb5-a591-76b36a80c782, +15550000449, Reminder   , delivered, 2025-05-19T20:31:39Z
72ab5e87-4fd2-44da-a029-dcb20b9691dd, P0449                , d386859c-9e65-44c0-979b-6371dd1a6a7a, +15550000449, Reminder   , delivered, 2025-08-17T20:31:39Z
72ab5e87-4fd2-44da-a029-dcb20b9691dd, P0449                , 19f61e39-24cb-41ee-94c7-8b6d58effa4e, +15550000449, Reminder   , delivered, 2025-08-18T20:31:39Z
72ab5e87-4fd2-44da-a029-dcb20b9691dd, P0449                , e3069a09-f8bd-46a6-a9c0-122ec59eff0b, +15550000449, Reminder   , delivered, 2025-08-19T20:31:39Z
72ab5e87-4fd2-44da-a029-dcb20b9691dd, P0449                , 94e3bbb4-cbaa-46ab-8149-5a0d8c4c7a64, +15550000449, Reminder   , delivered, 2025-10-30T20:31:39Z
977ca4a8-7fd6-4d70-aaa6-69b6f2ecb6be, P0450                , 373c0b43-6cba-47e3-baca-9733f81cfe4b, +15550000450, Reminder   , delivered, 2026-01-07T01:52:22Z
977ca4a8-7fd6-4d70-aaa6-69b6f2ecb6be, P0450                , 7389c0a5-197d-408d-b447-965d3556d023, +15550000450, Reminder   , delivered, 2026-01-08T01:52:22Z
1d02dbc8-fa6d-4008-9509-ceaf7e52c20c, P0453                , f6a4e379-5f4e-42a8-8e91-4bfaba55841a, +15550000453, Reminder   , delivered, 2025-09-09T08:38:37Z
1d02dbc8-fa6d-4008-9509-ceaf7e52c20c, P0453                , fbc95db6-b674-4794-91f6-890ce26a98ce, +15550000453, Reminder   , delivered, 2025-10-09T08:38:37Z
1d02dbc8-fa6d-4008-9509-ceaf7e52c20c, P0453                , 15689b37-37e7-46cf-9bdb-0d93c7cd34f8, +15550000453, Reminder   , delivered, 2026-01-09T09:38:37Z
78be8bdc-33fd-4ccd-8ee1-d9eaf4fcd028, P0454                , a1c67698-80c3-4653-9722-96112cbb1c92, +15550000454, Reminder   , delivered, 2025-09-03T04:50:15Z
78be8bdc-33fd-4ccd-8ee1-d9eaf4fcd028, P0454                , 49ab3fb2-15e8-46f0-940f-581a4e490e00, +15550000454, Reminder   , delivered, 2025-10-03T04:50:15Z
78be8bdc-33fd-4ccd-8ee1-d9eaf4fcd028, P0454                , 1a6ce4fc-9eeb-47f2-a811-15b8667b1c8e, +15550000454, Reminder   , delivered, 2025-10-04T04:50:15Z
68b8ac25-c44f-4b8f-a3ad-dccde0f51de9, P0455                , 8c8009fc-c2ec-4460-986d-0ed1972a0250, +15550000455, Reminder   , delivered, 2025-02-18T19:58:48Z
68b8ac25-c44f-4b8f-a3ad-dccde0f51de9, P0455                , 7dbf4369-07db-4da4-a039-7de0a783505e, +15550000455, Reminder   , delivered, 2025-03-13T18:58:48Z
68b8ac25-c44f-4b8f-a3ad-dccde0f51de9, P0455                , 2397e917-e307-4252-9642-1ccfe4a014ca, +15550000455, Reminder   , delivered, 2025-03-14T18:58:48Z
68b8ac25-c44f-4b8f-a3ad-dccde0f51de9, P0455                , eaa25030-76cd-4441-96db-84d88dc9d0ba, +15550000455, Reminder   , delivered, 2025-07-04T18:58:48Z
68b8ac25-c44f-4b8f-a3ad-dccde0f51de9, P0455                , 005a6298-54da-4a79-86cc-4793aaa71776, +15550000455, Reminder   , delivered, 2025-07-05T18:58:48Z
300fd5be-fbdc-45a6-ae88-0d267b45f995, P0456                , a9ff5e8a-f4c2-457d-a9f2-bd1997989c48, +15550000456, Reminder   , delivered, 2025-08-16T06:06:31Z
300fd5be-fbdc-45a6-ae88-0d267b45f995, P0456                , 41ae121e-3da3-49f9-a7e2-7e2cc8a432ab, +15550000456, Reminder   , delivered, 2025-10-15T06:06:31Z
5ec305f3-f368-4a02-be45-4277568266c4, P0457                , e5293fbe-5355-42b0-8f0f-6270f6ade712, +15550000457, Reminder   , delivered, 2025-05-10T06:30:42Z
540b4896-403f-4a90-8064-ce2f34ba7b83, P0459                , ec8deed0-55c0-4343-91a1-3faf38df92b1, +15550000459, Reminder   , delivered, 2025-08-24T21:34:28Z
540b4896-403f-4a90-8064-ce2f34ba7b83, P0459                , 33ee7b30-8967-4963-8440-c786ffc4c27c, +15550000459, Reminder   , delivered, 2025-11-15T22:34:28Z
540b4896-403f-4a90-8064-ce2f34ba7b83, P0459                , 02dc385a-d692-40bc-8260-79f2cf4a6c50, +15550000459, Reminder   , delivered, 2026-01-16T22:34:28Z
540b4896-403f-4a90-8064-ce2f34ba7b83, P0459                , e63452e3-9376-420e-97d1-e1668f4c004b, +15550000459, Reminder   , delivered, 2026-01-17T22:34:28Z
04c54d51-8275-4ce8-8554-2d534b09edf3, P0460                , 3b9e337f-c798-49ad-84d1-14586269487c, +15550000460, Reminder   , delivered, 2025-12-22T18:03:27Z
974c0cef-9321-40f2-9300-4efb7ca68590, P0461                , fb347baa-48d5-4981-87e1-81b38cbbb11a, +15550000461, Reminder   , delivered, 2025-01-26T08:44:12Z
974c0cef-9321-40f2-9300-4efb7ca68590, P0461                , a0d69ce9-e423-4852-b651-553501f85192, +15550000461, Reminder   , delivered, 2025-01-27T08:44:12Z
974c0cef-9321-40f2-9300-4efb7ca68590, P0461                , 7a535baa-1a91-431d-b1cc-655083d6f432, +15550000461, Reminder   , delivered, 2025-01-28T08:44:12Z
974c0cef-9321-40f2-9300-4efb7ca68590, P0461                , 3018d85b-752c-4f3c-a042-d730a7dfc4be, +15550000461, Reminder   , delivered, 2025-02-02T08:44:12Z
974c0cef-9321-40f2-9300-4efb7ca68590, P0461                , b14719d4-3f0c-4020-94ed-408a64e1db9d, +15550000461, Reminder   , delivered, 2025-02-03T08:44:12Z
974c0cef-9321-40f2-9300-4efb7ca68590, P0461                , 2aa66394-f20f-4d79-aa98-6ba7a375eb06, +15550000461, Reminder   , delivered, 2025-02-04T08:44:12Z
6cbee485-40b1-45b2-b1bb-d8bebb303d8d, P0462                , 2e360c87-976b-4b66-b8a1-e93064c878ca, +15550000462, Reminder   , delivered, 2025-09-07T12:39:32Z
bb5cdf17-e1b8-4a06-bd90-20aab11b8c88, P0464                , 2dcb6784-6b4c-47cf-be9c-55d124e92af3, +15550000464, Reminder   , delivered, 2025-05-03T16:18:24Z
bb5cdf17-e1b8-4a06-bd90-20aab11b8c88, P0464                , 41a0c84c-636d-4e18-8d59-0fa25953ad97, +15550000464, Reminder   , delivered, 2025-05-04T16:18:24Z
f4d29d91-8d6c-4c25-9c70-6ecb5509fa72, P0465                , b857ea8d-9d3a-46de-b46d-6ce94f68504f, +15550000465, Reminder   , delivered, 2025-03-12T04:16:39Z
f4d29d91-8d6c-4c25-9c70-6ecb5509fa72, P0465                , dbaed792-a4d1-4b72-862b-e1f4910789c2, +15550000465, Reminder   , delivered, 2025-03-13T04:16:39Z
f4d29d91-8d6c-4c25-9c70-6ecb5509fa72, P0465                , b8534d0a-fa24-44bf-9c73-68763f00da40, +15550000465, Reminder   , delivered, 2025-04-04T04:16:39Z
c5d89af1-a656-452c-a996-4e335ecc233b, P0466                , d31a0f0b-451a-4bb9-b7fa-8646aebd57fb, +15550000466, Reminder   , delivered, 2025-08-17T19:22:52Z
c5d89af1-a656-452c-a996-4e335ecc233b, P0466                , 155eff03-2914-4192-8915-0ed9836e61e4, +15550000466, Reminder   , delivered, 2025-08-18T19:22:52Z
fe0c9489-b9a0-458a-b4b3-7f396543e793, P0467                , b29af3ec-a968-4834-8d19-4fcdda3c4051, +15550000467, Reminder   , delivered, 2025-04-17T23:15:18Z
fe0c9489-b9a0-458a-b4b3-7f396543e793, P0467                , 462d1d11-a013-4128-beda-29aae06bc0e1, +15550000467, Reminder   , delivered, 2025-04-18T23:15:18Z
37441823-731e-4b49-b4e6-a098fcde0878, P0468                , 15008c33-7d28-41b0-b6b3-70da6c4a70ff, +15550000468, Reminder   , delivered, 2025-01-25T23:04:51Z
37441823-731e-4b49-b4e6-a098fcde0878, P0468                , 1110d2bf-93a8-4010-a4f8-49c01fa96940, +15550000468, Reminder   , delivered, 2025-01-26T23:04:51Z
37441823-731e-4b49-b4e6-a098fcde0878, P0468                , cb727732-09a5-4886-a7d1-a47d4e352941, +15550000468, Reminder   , delivered, 2025-02-01T23:04:51Z
37441823-731e-4b49-b4e6-a098fcde0878, P0468                , a9bdc675-9e2c-48fb-bf46-2d1e7907a3e5, +15550000468, Reminder   , delivered, 2025-02-02T23:04:51Z
37441823-731e-4b49-b4e6-a098fcde0878, P0468                , df113f44-6941-4344-b059-4b028ec2f611, +15550000468, Reminder   , delivered, 2025-04-25T22:04:51Z
37441823-731e-4b49-b4e6-a098fcde0878, P0468                , af2eae3a-b94e-43aa-9d2c-3ab6cd6eb3b3, +15550000468, Reminder   , delivered, 2025-04-26T22:04:51Z
c0d67692-4566-4fd1-aece-35f1790c3440, P0469                , 04eae660-0e47-4ea1-b02f-74e40ee00641, +15550000469, Reminder   , delivered, 2025-01-06T22:17:17Z
c0d67692-4566-4fd1-aece-35f1790c3440, P0469                , e1f00adc-a651-4c5a-b205-e437af85c446, +15550000469, Reminder   , delivered, 2025-01-07T22:17:17Z
71081554-f146-4e43-ab9a-14029c1bb284, P0470                , 612e42cb-7ffe-45ef-9e04-c77033b77e9b, +15550000470, Reminder   , delivered, 2025-07-11T08:47:24Z
ce167566-955a-424e-92ea-3f56347d0938, P0472                , b1617ad9-6d33-4900-8e60-a98a61ced81a, +15550000472, Reminder   , delivered, 2025-12-23T07:28:34Z
ce167566-955a-424e-92ea-3f56347d0938, P0472                , 36fcb6e7-7c12-451f-8074-3887551d9968, +15550000472, Reminder   , delivered, 2025-12-24T07:28:34Z
ce167566-955a-424e-92ea-3f56347d0938, P0472                , c5379d17-97d5-447e-bf8b-390e9f046a3f, +15550000472, Reminder   , delivered, 2026-03-16T06:28:34Z
ce167566-955a-424e-92ea-3f56347d0938, P0472                , a4ee9eb7-0a37-4a1b-bdc7-e9dbec7222dc, +15550000472, Reminder   , delivered, 2026-03-17T06:28:34Z
e640c13b-9db3-4826-a92c-4e8720627b01, P0473                , 4394e792-139e-4c9c-906b-38747b445c2c, +15550000473, Reminder   , delivered, 2026-01-17T23:22:36Z
d322fd02-64c1-4bda-8944-e96749a40d06, P0474                , 1f33b239-54c3-4ea7-9a86-f4eda1e9478e, +15550000474, Reminder   , delivered, 2025-11-29T05:06:48Z
d322fd02-64c1-4bda-8944-e96749a40d06, P0474                , 885f4ec4-bef7-48ec-a4ef-3f59cbbc03e7, +15550000474, Reminder   , delivered, 2025-11-30T05:06:48Z
5decdf96-60c4-470a-964f-47212892b602, P0475                , 0f0ffa8d-6942-4182-aab4-0e1a30b098d6, +15550000475, Reminder   , delivered, 2025-05-11T07:48:39Z
5decdf96-60c4-470a-964f-47212892b602, P0475                , f90853f2-37e7-4b8a-9050-8cb46ed27567, +15550000475, Reminder   , delivered, 2025-05-12T07:48:39Z
9cb5084a-1a00-49f3-9d95-6fb74307ed51, P0476                , c67459f9-32d2-4b3c-a644-3c71526d6321, +15550000476, Reminder   , delivered, 2025-10-19T11:41:20Z
9cb5084a-1a00-49f3-9d95-6fb74307ed51, P0476                , f8bc1f95-ca0c-4b7f-918e-8805918c8c2d, +15550000476, Reminder   , delivered, 2025-10-20T11:41:20Z
8b81e2bf-2f65-418c-ab89-5133bfcb0815, P0477                , 8a400d22-cede-40c5-abde-7f6c8382eab8, +15550000477, Reminder   , delivered, 2025-02-06T12:49:24Z
8b81e2bf-2f65-418c-ab89-5133bfcb0815, P0477                , 7258e92f-6e10-4911-9933-351750ed12e3, +15550000477, Reminder   , delivered, 2025-06-01T11:49:24Z
e4dfb6df-906f-44de-86ce-8629fd816397, P0478                , b1ad03ea-d57d-4bd2-87a7-be66028f52ac, +15550000478, Reminder   , delivered, 2025-07-15T18:11:18Z
9e9ab39d-05e4-4413-ba4a-389ecff5e93a, P0479                , a518986d-779e-4d7b-9f8e-0c5692a8a8cd, +15550000479, Reminder   , delivered, 2025-02-07T23:59:02Z
9e9ab39d-05e4-4413-ba4a-389ecff5e93a, P0479                , c0b94bd5-417f-4db6-825d-731f4fdc6323, +15550000479, Reminder   , delivered, 2025-02-14T23:59:02Z
9e9ab39d-05e4-4413-ba4a-389ecff5e93a, P0479                , 66a12349-7098-4080-907d-40bb40c13bc1, +15550000479, Reminder   , delivered, 2025-02-15T23:59:02Z
6e23c35f-37bd-4896-9ac1-3ecb85d3140c, P0480                , 41199b8f-d726-4e75-b982-f3de5be51d74, +15550000480, Reminder   , delivered, 2025-04-02T20:27:54Z
6e23c35f-37bd-4896-9ac1-3ecb85d3140c, P0480                , 0f04f274-9e1f-4847-b74e-486abf8dd4c7, +15550000480, Reminder   , delivered, 2025-04-03T20:27:54Z
6e23c35f-37bd-4896-9ac1-3ecb85d3140c, P0480                , 9688ea6a-e863-4931-9a07-56d45d968748, +15550000480, Reminder   , delivered, 2025-04-04T20:27:54Z
6e23c35f-37bd-4896-9ac1-3ecb85d3140c, P0480                , fdda0bd1-7279-4c0c-b110-191159336ec9, +15550000480, Reminder   , delivered, 2025-04-09T20:27:54Z
6e23c35f-37bd-4896-9ac1-3ecb85d3140c, P0480                , 2b4b60c6-8c95-4569-a271-c71c46554eb3, +15550000480, Reminder   , delivered, 2025-08-29T20:27:54Z
28650309-01b9-4c3d-aa41-0c9a5a0bc59b, P0481                , e7354f96-0ba0-44e3-8368-63e566fd98d8, +15550000481, Reminder   , delivered, 2025-01-17T11:10:23Z
28650309-01b9-4c3d-aa41-0c9a5a0bc59b, P0481                , 31a83cac-6a9d-48e9-bff1-7dc539a41110, +15550000481, Reminder   , delivered, 2025-01-18T11:10:23Z
28650309-01b9-4c3d-aa41-0c9a5a0bc59b, P0481                , 62d0f9b6-6552-42aa-9097-f3cbba046c3e, +15550000481, Reminder   , delivered, 2025-01-19T11:10:23Z
28650309-01b9-4c3d-aa41-0c9a5a0bc59b, P0481                , 871190b2-7c3b-453b-897c-9ed24b3441e3, +15550000481, Reminder   , delivered, 2025-04-10T10:10:23Z
28650309-01b9-4c3d-aa41-0c9a5a0bc59b, P0481                , 0e35d75b-c918-4e1b-b382-0b15d5ab7a0d, +15550000481, Reminder   , delivered, 2025-05-23T10:10:23Z
28650309-01b9-4c3d-aa41-0c9a5a0bc59b, P0481                , 351efc5c-ff25-4e75-8332-e9489ac4cbad, +15550000481, Reminder   , delivered, 2025-05-24T10:10:23Z
a0438346-2296-4605-89e8-57dc7226ee99, P0483                , eb3d98d9-de2c-43e1-820c-05863fa333bf, +15550000483, Reminder   , delivered, 2025-02-18T07:38:16Z
a0438346-2296-4605-89e8-57dc7226ee99, P0483                , e634e872-b20f-4911-94b2-2efe101e9499, +15550000483, Reminder   , delivered, 2025-02-19T07:38:16Z
8d346a7f-a188-4c6e-a529-170d92d78f2d, P0484                , ae7009ca-2e8a-4745-b147-50eaf2e96e69, +15550000484, Reminder   , delivered, 2025-02-13T23:56:19Z
8d346a7f-a188-4c6e-a529-170d92d78f2d, P0484                , 6588c728-f439-49f0-a55e-100b83cff343, +15550000484, Reminder   , delivered, 2025-02-14T23:56:19Z
8d346a7f-a188-4c6e-a529-170d92d78f2d, P0484                , abf4efa7-0163-45e7-b6a3-d40404a21d98, +15550000484, Reminder   , delivered, 2025-05-07T22:56:19Z
8d346a7f-a188-4c6e-a529-170d92d78f2d, P0484                , 4b958e59-a6dd-4e2f-bd64-db9914f5ffc3, +15550000484, Reminder   , delivered, 2025-05-08T22:56:19Z
8d346a7f-a188-4c6e-a529-170d92d78f2d, P0484                , e9b213c9-7734-4a5d-9be0-c9b38e6878b6, +15550000484, Reminder   , delivered, 2025-07-12T22:56:19Z
8d346a7f-a188-4c6e-a529-170d92d78f2d, P0484                , ad6c5f81-829c-43bd-8209-dc27afef2ac5, +15550000484, Reminder   , delivered, 2025-07-13T22:56:19Z
c30cde6b-ef68-4f00-9233-73ba882632c6, P0485                , 30e59048-65ac-47b8-9ba8-0818cddca61a, +15550000485, Reminder   , delivered, 2025-10-01T20:22:19Z
c30cde6b-ef68-4f00-9233-73ba882632c6, P0485                , 9aa2ac2c-bff2-4ccd-b2b7-54e01fef4ee2, +15550000485, Reminder   , delivered, 2025-10-02T20:22:19Z
c30cde6b-ef68-4f00-9233-73ba882632c6, P0485                , f6dc42ff-b3b2-420f-9529-ad350ae8e3aa, +15550000485, Reminder   , delivered, 2025-10-03T20:22:19Z
c30cde6b-ef68-4f00-9233-73ba882632c6, P0485                , 5bdff7f7-c11c-4a3a-aaa5-4ec857fc9f6f, +15550000485, Reminder   , delivered, 2025-10-24T20:22:19Z
4f5d20f1-4edf-40ce-8f8c-c1c66326673d, P0486                , fdf9dba4-e2a5-4975-9009-3e52154a7b1d, +15550000486, Reminder   , delivered, 2025-08-14T10:33:57Z
6266d2fc-0c86-4084-998c-533af9990551, P0487                , 0ff80ef4-6094-409f-be20-e1749ff88958, +15550000487, Reminder   , delivered, 2025-08-20T09:11:54Z
d5bbb75f-ccf8-4034-ae15-e6385bc10114, P0488                , 25dac6fa-4e1b-4d3c-a71a-b7268fada567, +15550000488, Reminder   , delivered, 2025-12-31T02:11:35Z
d5bbb75f-ccf8-4034-ae15-e6385bc10114, P0488                , fe707207-71fb-400b-8c35-3d1bcbe0a6ed, +15550000488, Reminder   , delivered, 2026-01-07T02:11:35Z
d5bbb75f-ccf8-4034-ae15-e6385bc10114, P0488                , 604de192-edda-4197-8709-98851b7f7926, +15550000488, Reminder   , delivered, 2026-01-08T02:11:35Z
d5bbb75f-ccf8-4034-ae15-e6385bc10114, P0488                , 64376c38-5784-454f-b02b-eb55323be8e5, +15550000488, Reminder   , delivered, 2026-05-23T01:11:35Z
d5bbb75f-ccf8-4034-ae15-e6385bc10114, P0488                , 22facfca-17ed-4b55-a7dd-6b8d1fc04900, +15550000488, Reminder   , delivered, 2026-05-24T01:11:35Z
36efff6c-bd14-446d-9eeb-fa7848ae20f7, P0489                , a0e784cc-dd96-44d7-ad64-7f905795a81f, +15550000489, Reminder   , delivered, 2025-11-30T12:56:00Z
36efff6c-bd14-446d-9eeb-fa7848ae20f7, P0489                , 551380e0-ca41-4b43-8739-2d3df0134834, +15550000489, Reminder   , delivered, 2025-12-01T12:56:00Z
36efff6c-bd14-446d-9eeb-fa7848ae20f7, P0489                , 3bbe93fc-66ad-456f-a6a2-147e16a943b7, +15550000489, Reminder   , delivered, 2025-12-02T12:56:00Z
36efff6c-bd14-446d-9eeb-fa7848ae20f7, P0489                , d9740f60-44f2-4807-ae4d-9ce486c73d63, +15550000489, Reminder   , delivered, 2025-12-07T12:56:00Z
36efff6c-bd14-446d-9eeb-fa7848ae20f7, P0489                , 7ae6fe8f-e33a-4e52-8bdc-2657a0f0712f, +15550000489, Reminder   , delivered, 2026-02-28T12:56:00Z
de897d6c-e15a-4111-9951-2b38fb567f26, P0490                , dc079f6c-1236-44ad-a99b-1238a4df1a1d, +15550000490, Reminder   , delivered, 2025-05-17T13:06:06Z
de897d6c-e15a-4111-9951-2b38fb567f26, P0490                , cd954edd-1dea-40b7-948c-62d2333b4031, +15550000490, Reminder   , delivered, 2025-05-18T13:06:06Z
de897d6c-e15a-4111-9951-2b38fb567f26, P0490                , 5e9f96ef-efe9-4af0-8606-a63417463cc5, +15550000490, Reminder   , delivered, 2025-06-16T13:06:06Z
de897d6c-e15a-4111-9951-2b38fb567f26, P0490                , 369caca4-8060-4bb7-af4f-1174576c8dd7, +15550000490, Reminder   , delivered, 2025-06-17T13:06:06Z
c6a3dcd8-b296-490d-9ee3-95a6f8d0b666, P0492                , d5746481-9d52-43f7-b77a-974f09f6db1c, +15550000492, Reminder   , delivered, 2025-11-01T07:51:55Z
c6a3dcd8-b296-490d-9ee3-95a6f8d0b666, P0492                , 100d35a8-4af8-4b84-b437-dddc50c9b684, +15550000492, Reminder   , delivered, 2026-01-29T08:51:55Z
447dfefe-f278-434b-a6e9-e81d183c1225, P0494                , f8422976-5cc3-4c33-9fcf-05dd40882726, +15550000494, Reminder   , delivered, 2026-01-25T09:01:58Z
02dc1fa7-117d-4c22-9e56-0d6cc1d1430a, P0496                , 5b3fa76b-863a-4145-9f72-e73dac7b6d6f, +15550000496, Reminder   , delivered, 2025-09-19T18:24:40Z
02dc1fa7-117d-4c22-9e56-0d6cc1d1430a, P0496                , c3165ada-2009-4ee6-8630-02985ccadebe, +15550000496, Reminder   , delivered, 2026-01-17T19:24:40Z
e393d81f-6a66-40d2-95cf-f347dbd71624, P0497                , bf6c9ff3-74ee-4d83-b8b3-7bb138287b8d, +15550000497, Reminder   , delivered, 2025-10-12T20:59:02Z
e393d81f-6a66-40d2-95cf-f347dbd71624, P0497                , 184221f0-e2df-43c7-b06b-f82d5058003e, +15550000497, Reminder   , delivered, 2025-11-04T21:59:02Z
e393d81f-6a66-40d2-95cf-f347dbd71624, P0497                , 48582ecf-6ede-4d98-832b-5ab3c01b72e3, +15550000497, Reminder   , delivered, 2025-11-05T21:59:02Z
e393d81f-6a66-40d2-95cf-f347dbd71624, P0497                , e213bf89-22ee-455f-9f5c-f9055ac61794, +15550000497, Reminder   , delivered, 2025-11-06T21:59:02Z
e393d81f-6a66-40d2-95cf-f347dbd71624, P0497                , ba0feeb0-803d-46d2-ab54-9d2227410d82, +15550000497, Reminder   , delivered, 2026-01-03T21:59:02Z
ce6ce84e-94c2-4f81-aa4b-7aef9ec6e1cb, P0498                , 6e297dcd-2bf8-4c63-893d-6b8823d74589, +15550000498, Reminder   , delivered, 2025-09-27T09:34:15Z
ce6ce84e-94c2-4f81-aa4b-7aef9ec6e1cb, P0498                , c1e90e19-7320-4e3b-80be-0b640d99936e, +15550000498, Reminder   , delivered, 2025-11-26T10:34:15Z
cec42e0d-5c6b-4329-980c-0e29e0ba111f, P0499                , 24f8575e-7876-449e-865e-8a378f95a7bd, +15550000499, Reminder   , delivered, 2025-02-15T07:17:32Z
cec42e0d-5c6b-4329-980c-0e29e0ba111f, P0499                , f797d018-2fd8-492d-a092-2e215d9ede72, +15550000499, Reminder   , delivered, 2025-04-16T06:17:32Z
cec42e0d-5c6b-4329-980c-0e29e0ba111f, P0499                , 4a76c728-2a1d-4294-a171-0bea29e6e7db, +15550000499, Reminder   , delivered, 2025-04-17T06:17:32Z
cec42e0d-5c6b-4329-980c-0e29e0ba111f, P0499                , 23bdb698-342c-41eb-b469-ea97c7dac771, +15550000499, Reminder   , delivered, 2025-04-18T06:17:32Z
fb4cb801-b7fe-4d47-9d8c-67e12e2e90c4, P0500                , df8b4025-5100-4142-a878-1f05d77c73ae, +15550000500, Reminder   , delivered, 2025-12-26T16:14:38Z
fb4cb801-b7fe-4d47-9d8c-67e12e2e90c4, P0500                , 84e3f6e5-6518-4a4f-b5e3-62b90d3d7cef, +15550000500, Reminder   , delivered, 2025-12-27T16:14:38Z
2358658d-4c56-4b78-850d-55f7bd526a78, P0501                , 40d56b53-09f2-4966-be78-1192a0748c9f, +15550000501, Reminder   , delivered, 2025-09-05T11:20:04Z
2358658d-4c56-4b78-850d-55f7bd526a78, P0501                , 7d7fd001-8671-47bc-85b8-279a605c8938, +15550000501, Reminder   , delivered, 2025-11-10T12:20:04Z
c0c2540f-158e-46d4-a72d-1b8dc3b6e7d6, P0502                , a2b3be71-49eb-421b-88d9-80ad514c9073, +15550000502, Reminder   , delivered, 2025-09-05T05:55:58Z
97dedb70-54af-4e18-9904-faa97688a4dc, P0503                , b6305d58-8806-4630-8a8d-c578d8ad75dc, +15550000503, Reminder   , delivered, 2025-08-25T12:58:42Z
97dedb70-54af-4e18-9904-faa97688a4dc, P0503                , 234bc103-4bfd-4a96-8df1-64a03c817cb8, +15550000503, Reminder   , delivered, 2025-09-01T12:58:42Z
97dedb70-54af-4e18-9904-faa97688a4dc, P0503                , 60168d00-7dbc-4f51-9f97-4f80e1587696, +15550000503, Reminder   , delivered, 2025-09-24T12:58:42Z
97dedb70-54af-4e18-9904-faa97688a4dc, P0503                , df5dee45-e2fe-467e-9647-15ed0965b117, +15550000503, Reminder   , delivered, 2026-01-07T13:58:42Z
97dedb70-54af-4e18-9904-faa97688a4dc, P0503                , ca1a7cc4-e11b-4979-9693-56b873f6f03e, +15550000503, Reminder   , delivered, 2026-01-08T13:58:42Z
97dedb70-54af-4e18-9904-faa97688a4dc, P0503                , 36a7dba8-2638-43a5-9aef-203bcbaa8962, +15550000503, Reminder   , delivered, 2026-01-09T13:58:42Z
f82840d0-bcd8-436e-9919-d7bd62c2c175, P0505                , c3ff7cc7-9cdc-4f92-ba9e-9a0288de2f83, +15550000505, Reminder   , delivered, 2025-08-20T05:01:20Z
f82840d0-bcd8-436e-9919-d7bd62c2c175, P0505                , cc711ed2-6cfe-4d36-8727-7940c71a5825, +15550000505, Reminder   , delivered, 2025-09-19T05:01:20Z
f82840d0-bcd8-436e-9919-d7bd62c2c175, P0505                , b35cc281-ab2b-42df-aad7-958a8b220a7d, +15550000505, Reminder   , delivered, 2025-09-20T05:01:20Z
f82840d0-bcd8-436e-9919-d7bd62c2c175, P0505                , 64b97e1b-17f0-4684-b199-885280528d06, +15550000505, Reminder   , delivered, 2025-09-21T05:01:20Z
5de4f606-43a9-418f-9ab8-a8583c9faae1, P0506                , 8a4c6fad-f4cd-419d-945e-d149fb57d607, +15550000506, Reminder   , delivered, 2025-07-30T04:24:03Z
5de4f606-43a9-418f-9ab8-a8583c9faae1, P0506                , 54346b29-9ff9-4e0f-9c08-94675dfdddee, +15550000506, Reminder   , delivered, 2025-11-07T05:24:03Z
4e7a0a2c-7a3e-4624-8e0c-d699bfed305b, P0507                , d6aab085-1288-423e-a8f6-b1a856bd5c18, +15550000507, Reminder   , delivered, 2025-06-15T23:46:07Z
4e7a0a2c-7a3e-4624-8e0c-d699bfed305b, P0507                , 568a0fe4-f732-4d38-887c-30c4f4325915, +15550000507, Reminder   , delivered, 2025-12-07T00:46:07Z
e5e3fd33-78a7-4375-b8a3-554dcd2666b6, P0508                , 99d71609-ebc2-42a8-a8a0-fbd82e1f9cab, +15550000508, Reminder   , delivered, 2025-10-21T00:01:47Z
e5e3fd33-78a7-4375-b8a3-554dcd2666b6, P0508                , cc767996-90e3-41aa-b1f7-1bbd70fd157c, +15550000508, Reminder   , delivered, 2025-10-22T00:01:47Z
1233a4d3-b6d1-42ba-9c12-82b6bca52755, P0509                , 39ea1758-312d-4184-abbf-666219e5890b, +15550000509, Reminder   , delivered, 2025-12-08T16:19:00Z
1233a4d3-b6d1-42ba-9c12-82b6bca52755, P0509                , a193eaa2-bfed-4ead-9619-d3d2140f79a5, +15550000509, Reminder   , delivered, 2025-12-15T16:19:00Z
1233a4d3-b6d1-42ba-9c12-82b6bca52755, P0509                , 94cf57c0-fc4c-47c2-adb9-aeed69c036fb, +15550000509, Reminder   , delivered, 2026-01-07T16:19:00Z
1233a4d3-b6d1-42ba-9c12-82b6bca52755, P0509                , 54ecb34f-b116-424f-b350-1b894c83d4bc, +15550000509, Reminder   , delivered, 2026-05-22T15:19:00Z
1233a4d3-b6d1-42ba-9c12-82b6bca52755, P0509                , 704f43f4-9d97-4105-bedb-2e1953918fbd, +15550000509, Reminder   , delivered, 2026-05-23T15:19:00Z
08083b80-2306-410b-a48d-6c5ff30c92e0, P0510                , 0765aaf1-f5f8-4c81-b9cc-ac9d8ba13a7c, +15550000510, Reminder   , delivered, 2025-05-17T21:16:09Z
08083b80-2306-410b-a48d-6c5ff30c92e0, P0510                , 012f975e-4912-4277-a670-a24327080c3c, +15550000510, Reminder   , delivered, 2025-05-18T21:16:09Z
14f80d2f-f217-4836-b171-929df0346021, P0511                , 60abf3c4-e022-4b69-8d8a-fed09c8b63db, +15550000511, Reminder   , delivered, 2025-09-25T02:18:31Z
14f80d2f-f217-4836-b171-929df0346021, P0511                , 00da316c-8141-4aae-a5be-e59129ce761f, +15550000511, Reminder   , delivered, 2025-09-26T02:18:31Z
14f80d2f-f217-4836-b171-929df0346021, P0511                , e2c963ad-0eb6-428e-8507-4752f100c093, +15550000511, Reminder   , delivered, 2025-09-27T02:18:31Z
14f80d2f-f217-4836-b171-929df0346021, P0511                , 710eb9df-0c28-46c2-acab-b7bcb970b091, +15550000511, Reminder   , delivered, 2026-03-23T02:18:31Z
14f80d2f-f217-4836-b171-929df0346021, P0511                , d7c89a27-c0ff-4f34-ba51-b02461d72ad1, +15550000511, Reminder   , delivered, 2026-03-24T02:18:31Z
40fc5617-8090-4e56-bf16-8286b33ccb89, P0512                , 5365d958-cf99-49e3-a22a-094e7463f41a, +15550000512, Reminder   , delivered, 2025-06-25T19:18:25Z
40fc5617-8090-4e56-bf16-8286b33ccb89, P0512                , be3e9e2a-6eec-4222-b1b2-c636235d0379, +15550000512, Reminder   , delivered, 2025-06-26T19:18:25Z
40fc5617-8090-4e56-bf16-8286b33ccb89, P0512                , 651cd25b-fb82-4f79-bf99-25e089aebeb7, +15550000512, Reminder   , delivered, 2025-06-27T19:18:25Z
40fc5617-8090-4e56-bf16-8286b33ccb89, P0512                , ae13572c-9066-46f0-87e8-c3e3a3c8da69, +15550000512, Reminder   , delivered, 2025-08-24T19:18:25Z
40fc5617-8090-4e56-bf16-8286b33ccb89, P0512                , 76982440-9b55-4d53-b4fb-ddbf3515b2ac, +15550000512, Reminder   , delivered, 2025-08-25T19:18:25Z
0d0c8b10-63d9-43e0-913b-b45ef3add0b6, P0514                , 005bc77d-6a8b-4268-8978-15b6cb5b0299, +15550000514, Reminder   , delivered, 2025-07-15T04:06:14Z
0d0c8b10-63d9-43e0-913b-b45ef3add0b6, P0514                , 62f9ea35-3f04-4811-9e04-282e24b2fd6e, +15550000514, Reminder   , delivered, 2025-10-13T04:06:14Z
0d0c8b10-63d9-43e0-913b-b45ef3add0b6, P0514                , 4168b261-8c96-405b-88e8-723f9f5bfc42, +15550000514, Reminder   , delivered, 2025-10-14T04:06:14Z
0d0c8b10-63d9-43e0-913b-b45ef3add0b6, P0514                , 509378d8-a3f4-470d-b5a9-b879a46ba7e2, +15550000514, Reminder   , delivered, 2025-10-15T04:06:14Z
cab0654f-b82e-4fee-9615-f3ffd4e4e669, P0515                , cf457e17-3840-4e93-af9e-1cc14ccbbe84, +15550000515, Reminder   , delivered, 2025-09-23T03:08:53Z
cab0654f-b82e-4fee-9615-f3ffd4e4e669, P0515                , 680f3504-6f7e-40ce-9c7a-91b242fef2e3, +15550000515, Reminder   , delivered, 2026-02-03T04:08:53Z
44c1c883-80df-4e5f-824e-a562607096f2, P0516                , e18d7974-7f27-4ce1-890e-07ef1203dfd6, +15550000516, Reminder   , delivered, 2026-01-02T06:48:43Z
44c1c883-80df-4e5f-824e-a562607096f2, P0516                , c8df7987-a540-42a9-929c-eed1062ad257, +15550000516, Reminder   , delivered, 2026-01-25T06:48:43Z
44c1c883-80df-4e5f-824e-a562607096f2, P0516                , 77d615d7-dea8-499a-a824-18b752a2ac7a, +15550000516, Reminder   , delivered, 2026-01-26T06:48:43Z
44c1c883-80df-4e5f-824e-a562607096f2, P0516                , 4ed6aac6-884d-4663-9970-061e7c3c185c, +15550000516, Reminder   , delivered, 2026-01-27T06:48:43Z
a2215b15-a9be-4d16-b976-281e6644b2b5, P0517                , 043ac0a8-97f7-4275-8cd1-1c95614e3e94, +15550000517, Reminder   , delivered, 2025-04-16T04:52:42Z
fb52b74a-3d2b-45b9-bcfd-9491f1d7db63, P0518                , 3b4f582c-8653-4e03-a695-3ed59b522918, +15550000518, Reminder   , delivered, 2025-10-04T14:11:21Z
fb52b74a-3d2b-45b9-bcfd-9491f1d7db63, P0518                , 7ef1a563-240e-416a-a754-146a430b865e, +15550000518, Reminder   , delivered, 2025-10-05T14:11:21Z
fb52b74a-3d2b-45b9-bcfd-9491f1d7db63, P0518                , 0ffd3daa-ca22-477b-bab0-a21e41a9631a, +15550000518, Reminder   , delivered, 2025-10-06T14:11:21Z
0b33c8be-4d14-451e-ba00-2a550ff98fde, P0521                , d2a8eb01-6d95-433c-b744-5eb30cd5d74b, +15550000521, Reminder   , delivered, 2025-06-18T21:07:45Z
0b33c8be-4d14-451e-ba00-2a550ff98fde, P0521                , 6c3726b1-5a25-4c44-bfd2-7820e1469172, +15550000521, Reminder   , delivered, 2025-09-19T21:07:45Z
0b33c8be-4d14-451e-ba00-2a550ff98fde, P0521                , caffe0a1-f69c-409c-982d-a4f425b3183d, +15550000521, Reminder   , delivered, 2025-09-20T21:07:45Z
437727f6-4bf1-47f3-90ae-2de2c1305a61, P0522                , e9382c4b-054e-48b8-9d3c-099745924c4c, +15550000522, Reminder   , delivered, 2025-02-22T22:09:45Z
437727f6-4bf1-47f3-90ae-2de2c1305a61, P0522                , f97da235-2716-488c-b3dd-8ed517915572, +15550000522, Reminder   , delivered, 2025-02-23T22:09:45Z
437727f6-4bf1-47f3-90ae-2de2c1305a61, P0522                , 61d11d96-5948-4c7d-9515-0b953d7c4524, +15550000522, Reminder   , delivered, 2025-02-24T22:09:45Z
a116f045-6a2b-45e3-ab42-03463b3d85a1, P0523                , fe899e49-e33c-4677-b22e-74a505076674, +15550000523, Reminder   , delivered, 2025-11-13T03:18:30Z
a116f045-6a2b-45e3-ab42-03463b3d85a1, P0523                , 4ab62872-c3d6-4a7c-ac8d-6d0eecc40b65, +15550000523, Reminder   , delivered, 2025-11-14T03:18:30Z
a116f045-6a2b-45e3-ab42-03463b3d85a1, P0523                , d5f83455-aba8-48a8-a566-c200b6c87c71, +15550000523, Reminder   , delivered, 2026-01-12T03:18:30Z
a116f045-6a2b-45e3-ab42-03463b3d85a1, P0523                , 94a8c8a1-8c1a-4b24-a076-d38e4d81a529, +15550000523, Reminder   , delivered, 2026-01-13T03:18:30Z
7365581d-fb33-401a-a77a-bc8afb8c6a86, P0524                , af185d2b-2b7b-4388-b990-3610643526ff, +15550000524, Reminder   , delivered, 2025-10-06T05:53:53Z
7365581d-fb33-401a-a77a-bc8afb8c6a86, P0524                , 1d5ad931-047a-4f6a-823d-f0959b073b4c, +15550000524, Reminder   , delivered, 2025-10-13T05:53:53Z
7365581d-fb33-401a-a77a-bc8afb8c6a86, P0524                , 92f5c6cd-547a-43f2-b2eb-1cced2d953d7, +15550000524, Reminder   , delivered, 2025-10-14T05:53:53Z
7365581d-fb33-401a-a77a-bc8afb8c6a86, P0524                , c33a26d2-f429-40c5-89ef-ac343528919e, +15550000524, Reminder   , delivered, 2026-01-04T06:53:53Z
a9d6f5dc-3080-4179-b052-049caa74af7a, P0525                , 880ff179-f4cd-42ee-bb65-4973aafce756, +15550000525, Reminder   , delivered, 2025-06-27T02:43:48Z
a9d6f5dc-3080-4179-b052-049caa74af7a, P0525                , 294637ad-9884-430a-9420-fa5595a1169f, +15550000525, Reminder   , delivered, 2025-12-02T03:43:48Z
3014eeaa-a154-44b5-8683-db4cc75b4f1b, P0526                , a6c24c5d-2ede-4701-a74a-a37b9f070a20, +15550000526, Reminder   , delivered, 2026-05-08T15:26:58Z
3014eeaa-a154-44b5-8683-db4cc75b4f1b, P0526                , 9cc05f76-145c-4802-bc10-870b9cb063bd, +15550000526, Reminder   , delivered, 2026-05-09T15:26:58Z
18dd7cec-753c-4390-81d5-6fe2ec00d0e0, P0527                , 88459a5a-40de-488a-99b4-2ec7581ffde5, +15550000527, Reminder   , delivered, 2025-04-10T16:33:49Z
18dd7cec-753c-4390-81d5-6fe2ec00d0e0, P0527                , 181aa601-677b-432b-a92a-76d5fbb8cfab, +15550000527, Reminder   , delivered, 2025-04-11T16:33:49Z
18dd7cec-753c-4390-81d5-6fe2ec00d0e0, P0527                , 99f8f41f-77c5-4283-8514-16207afdf837, +15550000527, Reminder   , delivered, 2025-05-17T16:33:49Z
16683c9b-a4e9-48e1-b88d-8e6fbe68994a, P0528                , 03410425-8019-41f5-9be3-352d5092c657, +15550000528, Reminder   , delivered, 2025-04-20T19:07:55Z
16683c9b-a4e9-48e1-b88d-8e6fbe68994a, P0528                , 1c144504-1232-4032-9501-e1324721f28b, +15550000528, Reminder   , delivered, 2025-04-27T19:07:55Z
16683c9b-a4e9-48e1-b88d-8e6fbe68994a, P0528                , 187a6041-70e9-4833-8be6-09cb79b5bbd5, +15550000528, Reminder   , delivered, 2025-04-28T19:07:55Z
16683c9b-a4e9-48e1-b88d-8e6fbe68994a, P0528                , 0b094f01-380b-475e-b981-156dce5148cc, +15550000528, Reminder   , delivered, 2025-04-29T19:07:55Z
16683c9b-a4e9-48e1-b88d-8e6fbe68994a, P0528                , 4fad0d7f-87b8-4f8b-90b0-36ba2249ce97, +15550000528, Reminder   , delivered, 2025-07-19T19:07:55Z
16683c9b-a4e9-48e1-b88d-8e6fbe68994a, P0528                , 2f12326c-73d5-44c7-b68d-db3dd91528bb, +15550000528, Reminder   , delivered, 2025-07-20T19:07:55Z
16683c9b-a4e9-48e1-b88d-8e6fbe68994a, P0528                , ea3461ef-a33b-440d-8aad-51202a8d5a61, +15550000528, Reminder   , delivered, 2025-07-21T19:07:55Z
e0d22f87-c399-442e-816f-521786b760c1, P0529                , b1230db8-f55f-43f6-a39e-6d339081bc67, +15550000529, Reminder   , delivered, 2025-10-28T12:40:37Z
e0d22f87-c399-442e-816f-521786b760c1, P0529                , eb7194c0-baff-4292-bb16-a1ec24e902b4, +15550000529, Reminder   , delivered, 2025-10-29T12:40:37Z
e0d22f87-c399-442e-816f-521786b760c1, P0529                , 93869410-8c6c-44b7-8ea8-69e5d5624884, +15550000529, Reminder   , delivered, 2025-10-30T12:40:37Z
8a350062-0225-4571-82b6-7bcb42b3b7ff, P0530                , 20402ef4-43c0-4440-badb-a01739ce9526, +15550000530, Reminder   , delivered, 2025-08-07T20:56:12Z
8a350062-0225-4571-82b6-7bcb42b3b7ff, P0530                , 32e56c9d-b956-4c7b-b31e-2f8e8df11b62, +15550000530, Reminder   , delivered, 2025-08-08T20:56:12Z
8a350062-0225-4571-82b6-7bcb42b3b7ff, P0530                , 32021fe4-bb5a-4ee8-9c61-650cff522d1c, +15550000530, Reminder   , delivered, 2025-10-11T20:56:12Z
b2c643a8-292d-418b-a6c7-6e8c77e7a0c7, P0531                , 82c436b4-a281-4426-8c29-23653746d121, +15550000531, Reminder   , delivered, 2025-04-23T22:51:36Z
b2c643a8-292d-418b-a6c7-6e8c77e7a0c7, P0531                , c27aacdf-4550-4b4c-863b-ec29e2040573, +15550000531, Reminder   , delivered, 2025-05-23T22:51:36Z
6d25b72e-5775-40e4-8dfc-d82779bc9205, P0533                , d533024b-515e-4f31-9b80-2b7bbb8cb212, +15550000533, Reminder   , delivered, 2025-11-26T06:00:30Z
6d25b72e-5775-40e4-8dfc-d82779bc9205, P0533                , 80b7f60e-873c-4e6b-a102-c50fc83749d0, +15550000533, Reminder   , delivered, 2026-01-25T06:00:30Z
0ca1bbec-b41a-4b4f-8622-fb39a1f5b901, P0535                , c0ee16fb-47cf-4970-b6ca-02b2dd6c82a3, +15550000535, Reminder   , delivered, 2025-12-23T05:27:04Z
0ca1bbec-b41a-4b4f-8622-fb39a1f5b901, P0535                , 2b92c190-d339-40da-aef0-03072f8d985c, +15550000535, Reminder   , delivered, 2026-05-08T04:27:04Z
18ffa972-b7c6-4d42-8a76-e8fd39ed3b4b, P0536                , e62724cf-82ae-42cd-b57c-dc1a5db61ed8, +15550000536, Reminder   , delivered, 2025-05-19T00:03:58Z
18ffa972-b7c6-4d42-8a76-e8fd39ed3b4b, P0536                , e46f7a67-89bd-43ff-af53-e9693967b937, +15550000536, Reminder   , delivered, 2025-05-20T00:03:58Z
18ffa972-b7c6-4d42-8a76-e8fd39ed3b4b, P0536                , 2f503d10-8c14-4691-9090-d8f40ed8e451, +15550000536, Reminder   , delivered, 2025-08-01T00:03:58Z
a541c650-e841-4442-bc0d-47b5db31e197, P0537                , 5b86e4d5-bab5-4fdf-a4cf-481fded29f81, +15550000537, Reminder   , delivered, 2025-05-26T19:42:20Z
a541c650-e841-4442-bc0d-47b5db31e197, P0537                , b3c8ad3e-dee2-4678-8d14-b42afc97d19a, +15550000537, Reminder   , delivered, 2025-05-27T19:42:20Z
a541c650-e841-4442-bc0d-47b5db31e197, P0537                , 6d7d52d6-7e45-4807-871f-e3195e1d3b48, +15550000537, Reminder   , delivered, 2025-10-12T19:42:20Z
c715a539-8e02-4bab-8cbc-21df2012c26c, P0538                , f1ac0d9c-de08-44e2-b15a-89349268730a, +15550000538, Reminder   , delivered, 2025-10-27T17:17:27Z
c715a539-8e02-4bab-8cbc-21df2012c26c, P0538                , b96351d3-c2b5-4af5-8cd1-949c2d076139, +15550000538, Reminder   , delivered, 2025-10-28T17:17:27Z
3b17eb1d-c82d-495f-974d-495c65372fb3, P0539                , 2e63bd90-ad34-48f2-81cc-5259b624ae07, +15550000539, Reminder   , delivered, 2025-06-19T07:20:21Z
3b17eb1d-c82d-495f-974d-495c65372fb3, P0539                , 14cdcc71-c148-4242-a252-bae3c56189fd, +15550000539, Reminder   , delivered, 2025-09-10T07:20:21Z
3b17eb1d-c82d-495f-974d-495c65372fb3, P0539                , c876731c-8df3-4892-86e0-eee4d275df6b, +15550000539, Reminder   , delivered, 2025-09-11T07:20:21Z
3b17eb1d-c82d-495f-974d-495c65372fb3, P0539                , 244d14e5-cd1f-4c8e-8228-e8f9576b3619, +15550000539, Reminder   , delivered, 2025-11-24T08:20:21Z
55abb171-da57-48a5-8f96-54b99c105c5e, P0541                , bfad37a8-d806-430a-a7e3-db535c21d09a, +15550000541, Reminder   , delivered, 2025-08-23T22:14:59Z
6c8515f3-f8f6-49e1-8003-19de61cb2e4f, P0542                , 61504c41-ddf3-426b-af61-852811efe5ca, +15550000542, Reminder   , delivered, 2025-12-18T05:12:26Z
6c8515f3-f8f6-49e1-8003-19de61cb2e4f, P0542                , d92e2e9e-1378-4ab2-9aee-54893a942211, +15550000542, Reminder   , delivered, 2025-12-19T05:12:26Z
78641ff4-4122-4e3a-8956-1b30524768fa, P0543                , e645230f-9d98-47c7-bca8-0fb678e28a68, +15550000543, Reminder   , delivered, 2025-04-09T08:56:11Z
78641ff4-4122-4e3a-8956-1b30524768fa, P0543                , 683b2b93-4bbb-4af2-a76c-deb44671f89f, +15550000543, Reminder   , delivered, 2025-04-10T08:56:11Z
78641ff4-4122-4e3a-8956-1b30524768fa, P0543                , 9820b7b2-0f1a-4f77-bc53-2e4c4044009a, +15550000543, Reminder   , delivered, 2025-04-11T08:56:11Z
e6fe9d2a-d617-4262-9410-aa70fc872ae2, P0544                , 0dee01ed-f96a-459f-8761-2a5aecaa4ad1, +15550000544, Reminder   , delivered, 2025-08-30T01:16:24Z
e6fe9d2a-d617-4262-9410-aa70fc872ae2, P0544                , 56dda00e-ad3b-4daf-85d5-46eb71c1b07e, +15550000544, Reminder   , delivered, 2025-08-31T01:16:24Z
e6fe9d2a-d617-4262-9410-aa70fc872ae2, P0544                , 91c2e55a-25db-4186-bcb7-5a11756e5631, +15550000544, Reminder   , delivered, 2025-12-14T02:16:24Z
8cf54995-f506-4f0b-b265-9c5ecec36eb9, P0545                , c1af3d39-aa34-469e-a157-ce72ed2e874d, +15550000545, Reminder   , delivered, 2025-05-14T12:11:10Z
8cf54995-f506-4f0b-b265-9c5ecec36eb9, P0545                , 86677d33-4ad7-4cfb-9772-c45fd523261e, +15550000545, Reminder   , delivered, 2025-08-12T12:11:10Z
8cf54995-f506-4f0b-b265-9c5ecec36eb9, P0545                , 6c27d3cd-524a-478e-9fd3-ad021b9127b0, +15550000545, Reminder   , delivered, 2025-10-31T12:11:10Z
8cf54995-f506-4f0b-b265-9c5ecec36eb9, P0545                , c5548764-568c-47fe-9bcd-78a92e37bc24, +15550000545, Reminder   , delivered, 2025-11-01T12:11:10Z
41cffec3-4886-4a6e-9342-e08eef68b2fe, P0547                , 2f1a1a8d-10e2-47e2-a11a-395d5404ebf6, +15550000547, Reminder   , delivered, 2025-11-05T08:37:34Z
41cffec3-4886-4a6e-9342-e08eef68b2fe, P0547                , 2fb563d7-18e4-4390-8898-9bf19b730131, +15550000547, Reminder   , delivered, 2025-11-06T08:37:34Z
41cffec3-4886-4a6e-9342-e08eef68b2fe, P0547                , a73cfd63-4528-4193-bce3-d04d8a0701b0, +15550000547, Reminder   , delivered, 2026-02-03T08:37:34Z
0058400e-3937-4e90-a886-7144dc38228c, P0548                , 77e712a4-d269-452d-b92d-917e5b42f8e8, +15550000548, Reminder   , delivered, 2025-06-02T07:18:58Z
aa9f7a0a-565a-4185-8af9-2c677157b4db, P0552                , 16fae860-aeee-4a4c-b8ef-da79ea9df9ea, +15550000552, Reminder   , delivered, 2025-08-29T21:13:36Z
aa9f7a0a-565a-4185-8af9-2c677157b4db, P0552                , 4d16aa50-82ba-46c0-83bf-aca544b6c1f0, +15550000552, Reminder   , delivered, 2025-08-30T21:13:36Z
aa9f7a0a-565a-4185-8af9-2c677157b4db, P0552                , 08cf08ba-a48e-412e-9bf0-5557d5eed7c0, +15550000552, Reminder   , delivered, 2025-09-05T21:13:36Z
aa9f7a0a-565a-4185-8af9-2c677157b4db, P0552                , 5dab60b1-e6f5-463b-b34d-4842c8efb5dc, +15550000552, Reminder   , delivered, 2025-09-28T21:13:36Z
aa9f7a0a-565a-4185-8af9-2c677157b4db, P0552                , b7574bc6-dcc4-4ae7-857a-12ded7f44e24, +15550000552, Reminder   , delivered, 2026-01-21T22:13:36Z
566b6db3-d002-44b4-b712-4072e34abf63, P0553                , b0647bb2-83ed-408a-a5a9-870b8d932046, +15550000553, Reminder   , delivered, 2025-05-19T03:30:52Z
fd79c041-f576-413a-bf29-fbc665f9ca72, P0555                , 9cc5ade6-80aa-47cd-8947-a46d20c99140, +15550000555, Reminder   , delivered, 2025-01-16T00:50:28Z
fd79c041-f576-413a-bf29-fbc665f9ca72, P0555                , 9670d093-4b3d-4609-82b1-c997da0ec5c9, +15550000555, Reminder   , delivered, 2025-01-17T00:50:28Z
fd79c041-f576-413a-bf29-fbc665f9ca72, P0555                , 671f2792-7ad7-48fc-9ac4-40d2977fcca0, +15550000555, Reminder   , delivered, 2025-01-23T00:50:28Z
fd79c041-f576-413a-bf29-fbc665f9ca72, P0555                , f59e8b01-38ba-4e77-9f70-c1e3bef81400, +15550000555, Reminder   , delivered, 2025-02-15T00:50:28Z
774855fe-25c5-4217-9737-52fcc9416f9e, P0556                , 51d13594-c2cb-431e-838b-04f7c8eca74a, +15550000556, Reminder   , delivered, 2025-02-19T08:26:46Z
774855fe-25c5-4217-9737-52fcc9416f9e, P0556                , e51d214c-5206-4c2e-91a6-858a88344045, +15550000556, Reminder   , delivered, 2025-02-26T08:26:46Z
774855fe-25c5-4217-9737-52fcc9416f9e, P0556                , 3a2659f4-bff7-466a-b0a8-c26746da1090, +15550000556, Reminder   , delivered, 2025-02-27T08:26:46Z
774855fe-25c5-4217-9737-52fcc9416f9e, P0556                , 463bdce2-4d3a-4b30-90ff-2f0cf8148672, +15550000556, Reminder   , delivered, 2025-03-21T07:26:46Z
774855fe-25c5-4217-9737-52fcc9416f9e, P0556                , fb93c121-e0e8-4f83-bd65-34d0c5abc65a, +15550000556, Reminder   , delivered, 2025-06-25T07:26:46Z
ff3c61e5-f742-4785-a139-0ba5644bbf78, P0557                , 4f0ab3cc-eb54-40bb-b106-b348cf85d87a, +15550000557, Reminder   , delivered, 2025-07-23T10:50:25Z
ff3c61e5-f742-4785-a139-0ba5644bbf78, P0557                , 54e31660-bd84-4db9-971c-d8bb594a2515, +15550000557, Reminder   , delivered, 2025-10-21T10:50:25Z
ff3c61e5-f742-4785-a139-0ba5644bbf78, P0557                , f6f94b93-3af5-4cd5-bf3f-85f63322dcee, +15550000557, Reminder   , delivered, 2025-12-26T11:50:25Z
ff3c61e5-f742-4785-a139-0ba5644bbf78, P0557                , e24b54fc-2203-494e-a5ee-035cbd352a48, +15550000557, Reminder   , delivered, 2025-12-27T11:50:25Z
64c6f6d6-dd2c-4fb2-bea0-7b012aeb7515, P0558                , c8267609-b73c-4bc2-b6b4-9ac4745323d1, +15550000558, Reminder   , delivered, 2025-05-18T23:54:12Z
64c6f6d6-dd2c-4fb2-bea0-7b012aeb7515, P0558                , 0b3ee178-999c-4dca-ac58-93e4680c2e9a, +15550000558, Reminder   , delivered, 2025-05-20T23:54:12Z
64c6f6d6-dd2c-4fb2-bea0-7b012aeb7515, P0558                , 4e2f6a61-0f1b-4c2e-a0c0-f193f043c986, +15550000558, Reminder   , delivered, 2025-08-16T23:54:12Z
64c6f6d6-dd2c-4fb2-bea0-7b012aeb7515, P0558                , a2de6ada-6cc4-46b5-b9ab-8931d715195b, +15550000558, Reminder   , delivered, 2025-10-09T23:54:12Z
64c6f6d6-dd2c-4fb2-bea0-7b012aeb7515, P0558                , c2292762-b95e-4e17-82d1-eb560cc095cb, +15550000558, Reminder   , delivered, 2025-10-10T23:54:12Z
62de1ba5-4266-4f80-b455-af5d2b3602d0, P0560                , bb2b69a9-2f35-4f40-9e9d-a3c83436c135, +15550000560, Reminder   , delivered, 2026-03-05T03:48:37Z
62de1ba5-4266-4f80-b455-af5d2b3602d0, P0560                , 0d3a5e4c-35de-4da6-85ff-7fc52eb33813, +15550000560, Reminder   , delivered, 2026-03-06T03:48:37Z
62de1ba5-4266-4f80-b455-af5d2b3602d0, P0560                , 3ca0f732-3927-474e-95ed-a9b071403281, +15550000560, Reminder   , delivered, 2026-03-07T03:48:37Z
6776e2a1-7413-4eb1-ab57-a47a27dc2ebf, P0561                , b47d2391-e56a-4516-9ae7-4471d8b09058, +15550000561, Reminder   , delivered, 2026-02-08T05:30:11Z
6776e2a1-7413-4eb1-ab57-a47a27dc2ebf, P0561                , 121a9ae4-ae76-4443-968b-9fea3a01d8b7, +15550000561, Reminder   , delivered, 2026-02-09T05:30:11Z
6776e2a1-7413-4eb1-ab57-a47a27dc2ebf, P0561                , 6f9bd158-5f24-4045-b6a8-20451329a771, +15550000561, Reminder   , delivered, 2026-02-10T05:30:11Z
c92142f3-02e2-4bcb-bb0e-967b9fb43942, P0562                , eab91480-f7b2-41ce-8334-55edf118730f, +15550000562, Reminder   , delivered, 2025-05-28T21:05:50Z
c92142f3-02e2-4bcb-bb0e-967b9fb43942, P0562                , a610050e-1c47-4b51-b0f4-7dc666b67381, +15550000562, Reminder   , delivered, 2025-05-29T21:05:50Z
c92142f3-02e2-4bcb-bb0e-967b9fb43942, P0562                , 2a61bb97-af7a-4508-904e-afc67c12788a, +15550000562, Reminder   , delivered, 2025-07-27T21:05:50Z
c92142f3-02e2-4bcb-bb0e-967b9fb43942, P0562                , c0f38783-937b-4393-a602-fedf26b79a4d, +15550000562, Reminder   , delivered, 2025-07-28T21:05:50Z
c92142f3-02e2-4bcb-bb0e-967b9fb43942, P0562                , ca1834f5-d7f8-4f3e-9b5d-66fee7622470, +15550000562, Reminder   , delivered, 2025-07-29T21:05:50Z
e028287e-8c11-493b-8ff9-a55f3ee4a851, P0563                , 993b7df5-0d77-4d90-8501-575025e464bd, +15550000563, Reminder   , delivered, 2025-04-13T16:23:12Z
aecef429-843a-40bd-bf3e-5037280446c8, P0564                , 5bbf19b6-66d0-4b86-b162-ba60fbe2487a, +15550000564, Reminder   , delivered, 2025-11-03T12:08:58Z
59e76366-92ea-4572-a833-da7804e4679c, P0565                , 06ecfe7f-0d66-4d43-be7d-d72656bda1c1, +15550000565, Reminder   , delivered, 2025-08-21T00:32:28Z
58319e90-3870-4676-ae50-b93a4412bb9d, P0566                , 2d7c765a-3286-4f7f-89da-97904e3dbedf, +15550000566, Reminder   , delivered, 2025-02-19T14:11:11Z
58319e90-3870-4676-ae50-b93a4412bb9d, P0566                , 66a75e1b-6624-42b7-b081-46e036f6a5e8, +15550000566, Reminder   , delivered, 2025-02-20T14:11:11Z
9a01ee7e-42eb-465c-a033-924a5eb8e38f, P0567                , 304f5e0a-8936-43c1-8048-1bae8b33504c, +15550000567, Reminder   , delivered, 2025-05-26T17:53:59Z
e4b9054d-d803-40b4-b335-58283d540ef3, P0568                , aa036d05-9c7b-4b57-8cfe-663ab48e4ff8, +15550000568, Reminder   , delivered, 2025-06-18T18:51:51Z
e4b9054d-d803-40b4-b335-58283d540ef3, P0568                , 7e4bd61e-fd13-4e48-b127-89a11dd7aa64, +15550000568, Reminder   , delivered, 2025-06-19T18:51:51Z
e4b9054d-d803-40b4-b335-58283d540ef3, P0568                , 6614edef-8c52-4a51-ba0a-d3ee49ac2e23, +15550000568, Reminder   , delivered, 2025-07-11T18:51:51Z
e4b9054d-d803-40b4-b335-58283d540ef3, P0568                , 99c103bf-3843-46f9-86be-bc803d1bc4c7, +15550000568, Reminder   , delivered, 2025-07-12T18:51:51Z
dc29603e-b09c-473d-8398-9bbfbaddd6e8, P0569                , 9daefe89-07aa-4e3b-aa5f-00453ed2f5c9, +15550000569, Reminder   , delivered, 2025-08-28T16:07:55Z
dc29603e-b09c-473d-8398-9bbfbaddd6e8, P0569                , e5552e16-bb61-4adb-a17e-21fc400acb54, +15550000569, Reminder   , delivered, 2025-08-29T16:07:55Z
db570ccc-a402-4f86-a649-76ea7273d801, P0570                , 6f7d6d4e-0866-400d-bbbc-573d84d5161a, +15550000570, Reminder   , delivered, 2025-06-03T23:35:53Z
1b5f4f3e-8dc5-46e2-a570-402b0448c1e7, P0571                , 931c9b29-ab0f-4317-901c-9cf26cfa7e50, +15550000571, Reminder   , delivered, 2025-04-11T10:29:56Z
1b5f4f3e-8dc5-46e2-a570-402b0448c1e7, P0571                , 06e36217-0623-4d2c-89ae-f64eca65879c, +15550000571, Reminder   , delivered, 2025-04-12T10:29:56Z
1b5f4f3e-8dc5-46e2-a570-402b0448c1e7, P0571                , 06280b02-d8ad-4b9d-9a86-1e2741ba9755, +15550000571, Reminder   , delivered, 2025-05-04T10:29:56Z
1b5f4f3e-8dc5-46e2-a570-402b0448c1e7, P0571                , 646f2e3f-042b-4e69-b6e6-5d9a12cfaafc, +15550000571, Reminder   , delivered, 2025-05-05T10:29:56Z
1b5f4f3e-8dc5-46e2-a570-402b0448c1e7, P0571                , c4d0db4c-3058-459b-b4fc-c02dc4e507f8, +15550000571, Reminder   , delivered, 2025-08-20T10:29:56Z
1b5f4f3e-8dc5-46e2-a570-402b0448c1e7, P0571                , d82c967c-24a2-49ea-afef-40772cb285d5, +15550000571, Reminder   , delivered, 2025-08-21T10:29:56Z
24dbb403-331a-4434-b6e5-a8c080a0dcba, P0572                , fec7b504-4d07-4770-a486-81704b79bbb4, +15550000572, Reminder   , delivered, 2025-10-30T02:26:12Z
e3fea736-c52b-4d25-9f48-792f4d5abcb4, P0573                , ee1036db-b87e-4ef4-bcde-852b9d203b46, +15550000573, Reminder   , delivered, 2025-09-11T23:52:27Z
e3fea736-c52b-4d25-9f48-792f4d5abcb4, P0573                , ad671a1a-24c8-4cd3-9712-201363002f54, +15550000573, Reminder   , delivered, 2025-09-12T23:52:27Z
e3fea736-c52b-4d25-9f48-792f4d5abcb4, P0573                , 78d73306-9c7d-465a-9bce-0bc4e74a8be5, +15550000573, Reminder   , delivered, 2025-10-25T23:52:27Z
e3fea736-c52b-4d25-9f48-792f4d5abcb4, P0573                , 4323f36c-6c0a-410b-8f73-069010b84a16, +15550000573, Reminder   , delivered, 2025-10-26T23:52:27Z
e3fea736-c52b-4d25-9f48-792f4d5abcb4, P0573                , b32e73be-cf7f-4249-9f8f-a72815603ba1, +15550000573, Reminder   , delivered, 2025-10-27T23:52:27Z
7c41149e-53a4-466c-8ee5-13e1a0c4a790, P0574                , d14cdd9a-b462-4da5-b95d-e6fdbb0df209, +15550000574, Reminder   , delivered, 2025-09-15T19:49:12Z
7c41149e-53a4-466c-8ee5-13e1a0c4a790, P0574                , 628ed566-9c07-4be1-8ec0-3370cad491ac, +15550000574, Reminder   , delivered, 2025-09-16T19:49:12Z
7c41149e-53a4-466c-8ee5-13e1a0c4a790, P0574                , 0ed05930-0f02-49d0-9b98-7f84849cec6d, +15550000574, Reminder   , delivered, 2025-09-22T19:49:12Z
7c41149e-53a4-466c-8ee5-13e1a0c4a790, P0574                , b9e84432-731f-426c-83fa-1865d94d3af8, +15550000574, Reminder   , delivered, 2025-09-23T19:49:12Z
f4bbbf90-7b94-490b-b40f-169f4f2ae38c, P0576                , 1295870a-0f0c-443e-8d96-7c25eecdaeed, +15550000576, Reminder   , delivered, 2025-10-29T10:40:09Z
f4bbbf90-7b94-490b-b40f-169f4f2ae38c, P0576                , 126dcf8b-c5c0-4e7d-99dc-608c4eb3e69f, +15550000576, Reminder   , delivered, 2025-11-28T11:40:09Z
f4bbbf90-7b94-490b-b40f-169f4f2ae38c, P0576                , 5b0383af-c47e-45cf-83c1-f1835debfde5, +15550000576, Reminder   , delivered, 2026-01-27T11:40:09Z
f4bbbf90-7b94-490b-b40f-169f4f2ae38c, P0576                , e7ecbea3-e1cd-49ad-801b-7ca92e55eb36, +15550000576, Reminder   , delivered, 2026-01-28T11:40:09Z
d69c6623-1475-47af-945e-7ab7ee30e70b, P0577                , e8b7dad8-f87a-4550-8aed-178ff031bfb7, +15550000577, Reminder   , delivered, 2025-02-19T04:01:45Z
d69c6623-1475-47af-945e-7ab7ee30e70b, P0577                , 8bd92447-6fb7-403c-b74c-b15d3df855af, +15550000577, Reminder   , delivered, 2025-02-20T04:01:45Z
d69c6623-1475-47af-945e-7ab7ee30e70b, P0577                , 3be00d3d-c98f-44b6-bdf4-7b6aef90ce19, +15550000577, Reminder   , delivered, 2025-02-21T04:01:45Z
d69c6623-1475-47af-945e-7ab7ee30e70b, P0577                , d4c1234a-dcf0-4d7c-ae57-4af6a99921b0, +15550000577, Reminder   , delivered, 2025-02-26T04:01:45Z
d69c6623-1475-47af-945e-7ab7ee30e70b, P0577                , 41b62c96-f5a5-4666-b357-83fcdb5aede7, +15550000577, Reminder   , delivered, 2025-02-27T04:01:45Z
d69c6623-1475-47af-945e-7ab7ee30e70b, P0577                , 53401f92-4c03-434f-89eb-544aaa8f09fb, +15550000577, Reminder   , delivered, 2025-08-17T03:01:45Z
68047441-ee43-4253-bd2d-a0df5351b274, P0578                , db063a00-8e1b-48b2-beef-1d3e30d786ef, +15550000578, Reminder   , delivered, 2025-03-20T18:02:34Z
68047441-ee43-4253-bd2d-a0df5351b274, P0578                , 0d29821b-a2b6-4f61-90da-3606db739f2f, +15550000578, Reminder   , delivered, 2025-04-12T18:02:34Z
68047441-ee43-4253-bd2d-a0df5351b274, P0578                , 62914b1c-5607-4fab-b862-54aa05fb286e, +15550000578, Reminder   , delivered, 2025-04-13T18:02:34Z
68047441-ee43-4253-bd2d-a0df5351b274, P0578                , 24aa8041-d182-445e-a2c4-db4306acdb89, +15550000578, Reminder   , delivered, 2025-08-06T18:02:34Z
68047441-ee43-4253-bd2d-a0df5351b274, P0578                , f1708fd9-09ec-435c-b48c-9fe39d0fb3df, +15550000578, Reminder   , delivered, 2025-08-07T18:02:34Z
1133eca3-5724-4565-879a-d5cb462fc0df, P0579                , 8739cbab-1759-4334-8ca6-7541d13d314c, +15550000579, Reminder   , delivered, 2025-08-30T08:27:09Z
1133eca3-5724-4565-879a-d5cb462fc0df, P0579                , 6665f314-030e-4e13-a528-5f689e33b3de, +15550000579, Reminder   , delivered, 2025-08-31T08:27:09Z
1133eca3-5724-4565-879a-d5cb462fc0df, P0579                , c5d42164-ae65-4d53-9523-37902c080eba, +15550000579, Reminder   , delivered, 2025-09-01T08:27:09Z
ac4464ae-4109-4332-bbcc-b189f3396a81, P0580                , 8c21c5cf-5fab-4a03-ae1f-8d9b1b24c373, +15550000580, Reminder   , delivered, 2025-02-11T13:52:20Z
ac4464ae-4109-4332-bbcc-b189f3396a81, P0580                , 65512069-7c0e-4ed2-9db6-5d6189309f1d, +15550000580, Reminder   , delivered, 2025-04-12T12:52:20Z
d049aac4-7692-4613-bd9a-3cce5aeba9bc, P0582                , 46ade0f4-4f86-43e9-8eb8-6d2eaec2e2fc, +15550000582, Reminder   , delivered, 2025-10-07T01:24:58Z
d049aac4-7692-4613-bd9a-3cce5aeba9bc, P0582                , 962fb7d0-fc44-4c46-bae1-fa4d50ec5619, +15550000582, Reminder   , delivered, 2026-01-05T02:24:58Z
d049aac4-7692-4613-bd9a-3cce5aeba9bc, P0582                , 1b0a5913-e629-49e2-818c-14247ab3dd02, +15550000582, Reminder   , delivered, 2026-01-06T02:24:58Z
770d8d4e-c055-48d5-91b1-a30e20771478, P0583                , e18dba8e-b499-4234-ada7-47a021b993fc, +15550000583, Reminder   , delivered, 2026-01-06T12:43:08Z
852a4288-79f3-4900-b551-a596ac0a3a46, P0584                , 5b7f7d63-3ac0-47f7-9044-7b6bc5c69aad, +15550000584, Reminder   , delivered, 2025-10-28T17:34:25Z
852a4288-79f3-4900-b551-a596ac0a3a46, P0584                , 2143d799-b773-4b1a-8fae-2d917400aa50, +15550000584, Reminder   , delivered, 2025-10-29T17:34:25Z
852a4288-79f3-4900-b551-a596ac0a3a46, P0584                , 99f3a205-e700-4bd0-b762-34dd98f58eda, +15550000584, Reminder   , delivered, 2026-01-16T18:34:25Z
16a015c6-cbc3-468c-8f7b-ef9af3726c83, P0586                , ead25bc4-8ed6-4de3-9169-e9512826b695, +15550000586, Reminder   , delivered, 2025-08-05T00:01:52Z
156d08f0-66c8-41d6-8fc5-b0aef9c5c4f6, P0587                , aef32485-39e9-4e29-af65-6c99146d9e85, +15550000587, Reminder   , delivered, 2025-07-04T14:59:38Z
156d08f0-66c8-41d6-8fc5-b0aef9c5c4f6, P0587                , 878a63ae-1d62-4497-81f5-bdc091c92889, +15550000587, Reminder   , delivered, 2025-07-05T14:59:38Z
156d08f0-66c8-41d6-8fc5-b0aef9c5c4f6, P0587                , 40dd8186-34da-48f5-b807-6c1f51bbdfc6, +15550000587, Reminder   , delivered, 2025-11-22T15:59:38Z
156d08f0-66c8-41d6-8fc5-b0aef9c5c4f6, P0587                , fbb8bc04-c737-469f-b528-0d05af68a93c, +15550000587, Reminder   , delivered, 2025-11-23T15:59:38Z
e902dbea-b9b7-4c46-9c41-903632351b46, P0588                , 8913387d-7f17-49e7-92f8-067f1586ea32, +15550000588, Reminder   , delivered, 2025-12-19T20:26:51Z
e902dbea-b9b7-4c46-9c41-903632351b46, P0588                , 94129bc9-d8bd-4640-b9ec-d63e29823ee5, +15550000588, Reminder   , delivered, 2026-03-12T19:26:51Z
a4931184-3be2-4ab0-8d06-d799e6b18b0b, P0589                , 51d161eb-5b1a-496f-9d2f-4b9501b12d15, +15550000589, Reminder   , delivered, 2025-09-18T12:32:18Z
a4931184-3be2-4ab0-8d06-d799e6b18b0b, P0589                , f140d0c4-29d1-42fe-8eb6-2a06ab9c8fb0, +15550000589, Reminder   , delivered, 2025-09-19T12:32:18Z
a6d6e894-92d6-491e-83e7-61758bc48f0a, P0590                , 40e3c3ed-a76a-4bee-be40-c08c146b7add, +15550000590, Reminder   , delivered, 2025-11-10T00:41:43Z
a6d6e894-92d6-491e-83e7-61758bc48f0a, P0590                , 631ab9c0-7817-4bc0-9c32-a9c916cfeeb7, +15550000590, Reminder   , delivered, 2025-11-11T00:41:43Z
a6d6e894-92d6-491e-83e7-61758bc48f0a, P0590                , 8d357a2b-2cb4-4fe7-b588-88efc3555080, +15550000590, Reminder   , delivered, 2025-12-03T00:41:43Z
a6d6e894-92d6-491e-83e7-61758bc48f0a, P0590                , cc0de7b4-5468-4fbf-973f-9c8271774205, +15550000590, Reminder   , delivered, 2026-02-01T00:41:43Z
8ceb3aef-dcae-4720-a410-bf6d9d8ec980, P0592                , 3fdea01b-6f73-4b95-88fa-aa1c084f19a6, +15550000592, Reminder   , delivered, 2025-06-29T03:30:13Z
8ceb3aef-dcae-4720-a410-bf6d9d8ec980, P0592                , a99cd94a-970f-425f-839e-93eacc4b1198, +15550000592, Reminder   , delivered, 2025-06-30T03:30:13Z
8ceb3aef-dcae-4720-a410-bf6d9d8ec980, P0592                , 212c4727-9729-4b4a-a5f6-f73a3d9eaee3, +15550000592, Reminder   , delivered, 2025-09-25T03:30:13Z
8ceb3aef-dcae-4720-a410-bf6d9d8ec980, P0592                , c5693056-6971-4b89-aac7-d9c40c3e3c11, +15550000592, Reminder   , delivered, 2025-09-26T03:30:13Z
8ceb3aef-dcae-4720-a410-bf6d9d8ec980, P0592                , ea9c0dfa-7bdc-4eef-af2f-4ab80b7f57e8, +15550000592, Reminder   , delivered, 2025-09-27T03:30:13Z
965b4d5f-75ff-407b-95f7-d125106bd9ad, P0593                , 665a886f-77b9-4f38-8907-789624f1c778, +15550000593, Reminder   , delivered, 2025-01-17T14:45:18Z
965b4d5f-75ff-407b-95f7-d125106bd9ad, P0593                , 0afd41c7-e229-440e-9ded-af2f463ff79e, +15550000593, Reminder   , delivered, 2025-05-16T13:45:18Z
9b31ff29-a4c5-4e4b-bdf1-739c5b4ce4d1, P0594                , 9aa9b9ac-3e00-4f1b-b1fa-a59a24c019fd, +15550000594, Reminder   , delivered, 2025-02-06T23:41:22Z
9b31ff29-a4c5-4e4b-bdf1-739c5b4ce4d1, P0594                , 684e7d13-cfcb-4ea6-bb6f-d5e0f020287a, +15550000594, Reminder   , delivered, 2025-04-07T22:41:22Z
9b31ff29-a4c5-4e4b-bdf1-739c5b4ce4d1, P0594                , 04b690e4-b3cf-43d3-95d2-7a28b284c63b, +15550000594, Reminder   , delivered, 2025-04-08T22:41:22Z
9b31ff29-a4c5-4e4b-bdf1-739c5b4ce4d1, P0594                , 01ed45da-9592-4194-b1a8-5de066bf58d4, +15550000594, Reminder   , delivered, 2025-04-09T22:41:22Z
4db64632-6a5e-4ec0-9e28-ed0c0c13034a, P0595                , b49e8250-fda5-4685-bd2d-18e3d9d74398, +15550000595, Reminder   , delivered, 2025-07-18T00:15:45Z
bad97bfb-d75f-4a7a-8b17-4344d8ed2a0b, P0596                , fa854498-8580-4447-b60b-b8ae6bc07bae, +15550000596, Reminder   , delivered, 2025-08-29T15:53:20Z
bad97bfb-d75f-4a7a-8b17-4344d8ed2a0b, P0596                , 5615ca4a-d508-4da4-b7e2-b0d600ec6435, +15550000596, Reminder   , delivered, 2025-10-28T15:53:20Z
bad97bfb-d75f-4a7a-8b17-4344d8ed2a0b, P0596                , 05d73f89-d116-4ace-919f-7999c5268bb4, +15550000596, Reminder   , delivered, 2025-10-29T15:53:20Z
bad97bfb-d75f-4a7a-8b17-4344d8ed2a0b, P0596                , c23d664d-1f6c-4b2e-85ac-e697235351f6, +15550000596, Reminder   , delivered, 2025-10-30T15:53:20Z
ddf219c3-fe49-4100-9069-be513b0912e9, P0597                , 2c54dd56-3608-45e9-aeda-10b42cacc3c8, +15550000597, Reminder   , delivered, 2025-10-04T11:08:54Z
ddf219c3-fe49-4100-9069-be513b0912e9, P0597                , b85c15da-872d-46ce-bda6-fe46ff4b2c01, +15550000597, Reminder   , delivered, 2025-10-05T11:08:54Z
ddf219c3-fe49-4100-9069-be513b0912e9, P0597                , 932b21d3-6e37-4965-9447-1ca5402dfe77, +15550000597, Reminder   , delivered, 2025-10-06T11:08:54Z
dc4eeaef-1ae3-4e22-9830-d0c2932af008, P0598                , 667c9601-d1a1-4b91-b9c3-4dc009710422, +15550000598, Reminder   , delivered, 2025-06-12T18:55:38Z
dc4eeaef-1ae3-4e22-9830-d0c2932af008, P0598                , ae2859a4-9277-427d-99b8-3f9935825e10, +15550000598, Reminder   , delivered, 2025-06-19T18:55:38Z
47192c01-fdeb-4425-b09f-a1af187e14a3, P0600                , 0c065422-9174-4fa1-8ace-fa4c04008fa3, +15550000600, Reminder   , delivered, 2025-08-01T17:38:19Z
c4ed23f7-a987-4e62-924b-824701a4fbb4, P0601                , cf5c74cc-a66d-4291-9c6d-ef83c53badbd, +15550000601, Reminder   , delivered, 2025-03-26T08:23:11Z
5729fff5-310a-45e7-af18-8c892e29a6c9, P0602                , c27b9541-f5f1-4e82-aa4e-0286c5b5d0e0, +15550000602, Reminder   , delivered, 2025-09-01T21:59:51Z
5729fff5-310a-45e7-af18-8c892e29a6c9, P0602                , e1acb91f-0708-44b9-871e-59e91b2228b8, +15550000602, Reminder   , delivered, 2025-10-01T21:59:51Z
e5558477-4146-4940-85b5-25324275dd9c, P0605                , 8871e2de-3b5a-4960-986c-d3dc22409077, +15550000605, Reminder   , delivered, 2025-12-23T14:12:33Z
e5558477-4146-4940-85b5-25324275dd9c, P0605                , ea582d30-4ecd-46fc-9ce9-456d066a5f20, +15550000605, Reminder   , delivered, 2026-02-21T14:12:33Z
e5558477-4146-4940-85b5-25324275dd9c, P0605                , d70f50cc-94d6-4de6-b362-81089e1cc835, +15550000605, Reminder   , delivered, 2026-02-22T14:12:33Z
87897378-4efa-4000-9f96-f2ac6a7f608c, P0606                , 1db92d63-9814-4cee-a1fe-de5a2f4198da, +15550000606, Reminder   , delivered, 2025-04-11T03:13:24Z
a134831a-4778-4a6b-846d-95693f8f4e33, P0607                , 6a1ccd34-3891-4dbc-aa7f-f05f47845f7f, +15550000607, Reminder   , delivered, 2025-09-03T06:10:20Z
a134831a-4778-4a6b-846d-95693f8f4e33, P0607                , b2ec4a82-2520-4048-bb13-3742f6fa2be6, +15550000607, Reminder   , delivered, 2025-09-04T06:10:20Z
b7ea61fe-e864-4347-9fed-ef9edd279409, P0608                , 59680ca8-b144-4dad-a7b2-7e538788672f, +15550000608, Reminder   , delivered, 2025-04-16T06:16:24Z
de510763-383f-40db-bbfc-581becba8e34, P0609                , 4387be1a-5243-4ff1-9646-ddebb9feacb2, +15550000609, Reminder   , delivered, 2025-10-11T00:25:55Z
de510763-383f-40db-bbfc-581becba8e34, P0609                , f1ae8ba7-eee5-40f5-8c35-76721f9c9111, +15550000609, Reminder   , delivered, 2025-10-12T00:25:55Z
de510763-383f-40db-bbfc-581becba8e34, P0609                , ff8dba89-05c4-4a44-bd2f-aed18581a452, +15550000609, Reminder   , delivered, 2025-10-13T00:25:55Z
c44915e6-3974-432a-8947-ae1131d7baa8, P0610                , 087d3e16-81bc-4bca-b3d9-99941f088c8e, +15550000610, Reminder   , delivered, 2025-12-03T21:53:17Z
67dd917c-9ba2-49f9-b9d2-9abeff937fd5, P0611                , c02dac9f-b732-4edf-893a-8bebc422f27e, +15550000611, Reminder   , delivered, 2025-11-17T11:13:54Z
67dd917c-9ba2-49f9-b9d2-9abeff937fd5, P0611                , 4a279500-c9d0-4722-9449-257af1870af4, +15550000611, Reminder   , delivered, 2025-11-18T11:13:54Z
67dd917c-9ba2-49f9-b9d2-9abeff937fd5, P0611                , 40d1931f-2673-4b3b-9cb4-0167475d9543, +15550000611, Reminder   , delivered, 2025-11-19T11:13:54Z
67dd917c-9ba2-49f9-b9d2-9abeff937fd5, P0611                , d25d75ce-d0da-4d04-ae5c-f8a405d3cde0, +15550000611, Reminder   , delivered, 2025-11-24T11:13:54Z
67dd917c-9ba2-49f9-b9d2-9abeff937fd5, P0611                , 246f89a5-be19-4b23-b38f-8c28fd329872, +15550000611, Reminder   , delivered, 2025-11-25T11:13:54Z
0d2977f0-1f0a-49df-a2c8-bf137cf47456, P0612                , 65bd32bf-33e0-4181-8123-abaeef8d8b66, +15550000612, Reminder   , delivered, 2025-07-27T03:16:05Z
0d2977f0-1f0a-49df-a2c8-bf137cf47456, P0612                , 05c8e3d4-3bcf-4887-8256-5d685c9b6ba2, +15550000612, Reminder   , delivered, 2025-07-28T03:16:05Z
0d2977f0-1f0a-49df-a2c8-bf137cf47456, P0612                , d9cf4411-fac6-42da-adf7-1ffebeed7096, +15550000612, Reminder   , delivered, 2025-08-19T03:16:05Z
0d2977f0-1f0a-49df-a2c8-bf137cf47456, P0612                , 0201c4fe-dda7-4ab2-80ee-62a1c2bcff0a, +15550000612, Reminder   , delivered, 2025-08-20T03:16:05Z
0d2977f0-1f0a-49df-a2c8-bf137cf47456, P0612                , 61b10868-7273-4e02-9fbc-149c3dd19708, +15550000612, Reminder   , delivered, 2025-08-21T03:16:05Z
0d2977f0-1f0a-49df-a2c8-bf137cf47456, P0612                , 344962cb-c760-4b76-b730-8d695e20c1c0, +15550000612, Reminder   , delivered, 2025-10-18T03:16:05Z
01bfb301-3814-43e3-9b36-db6f93a6b2bb, P0613                , 6111639e-80c9-47ed-8da1-1f6210d5ec66, +15550000613, Reminder   , delivered, 2025-11-15T22:41:08Z
01bfb301-3814-43e3-9b36-db6f93a6b2bb, P0613                , d555b9ea-99f6-40fc-9102-64a468035014, +15550000613, Reminder   , delivered, 2025-12-15T22:41:08Z
01bfb301-3814-43e3-9b36-db6f93a6b2bb, P0613                , b93204b1-fa53-4a55-9ce4-707922a1fb7e, +15550000613, Reminder   , delivered, 2026-02-13T22:41:08Z
01bfb301-3814-43e3-9b36-db6f93a6b2bb, P0613                , 08645766-3f44-48ca-a72f-4a1c6a82f3dc, +15550000613, Reminder   , delivered, 2026-05-08T21:41:08Z
147ba6d1-c40c-46fd-9f62-108ed6f7c454, P0614                , db692f4c-4a55-4de7-9c81-45013f8325d3, +15550000614, Reminder   , delivered, 2025-04-14T12:03:40Z
147ba6d1-c40c-46fd-9f62-108ed6f7c454, P0614                , a7fc6b92-bb60-49f9-94ff-f92ef9b1e3ff, +15550000614, Reminder   , delivered, 2025-04-21T12:03:40Z
147ba6d1-c40c-46fd-9f62-108ed6f7c454, P0614                , 7a6947a7-3a2f-4b10-83fc-5a44b1b871a1, +15550000614, Reminder   , delivered, 2025-04-22T12:03:40Z
147ba6d1-c40c-46fd-9f62-108ed6f7c454, P0614                , 727f7b62-2802-4716-9967-41da3761f722, +15550000614, Reminder   , delivered, 2025-05-14T12:03:40Z
c6311a1f-6b2a-4368-b59e-83b0b19d0c32, P0615                , 8db61d09-e076-4d5c-8fb0-8f05b1a4d3c2, +15550000615, Reminder   , delivered, 2025-05-20T19:40:51Z
c6311a1f-6b2a-4368-b59e-83b0b19d0c32, P0615                , 916c0e73-b104-4b92-96f4-a1b0bc3a9075, +15550000615, Reminder   , delivered, 2025-05-22T19:40:51Z
8caf487f-bcd1-422d-a051-10c2e94c98b4, P0616                , 0f158d44-2953-4c92-8d36-e18512081386, +15550000616, Reminder   , delivered, 2025-09-11T08:03:15Z
8caf487f-bcd1-422d-a051-10c2e94c98b4, P0616                , 74190a09-a552-42e2-8e77-2e807e1ae731, +15550000616, Reminder   , delivered, 2025-10-04T08:03:15Z
8caf487f-bcd1-422d-a051-10c2e94c98b4, P0616                , 5243331f-3276-4540-80f9-9cb66894ae07, +15550000616, Reminder   , delivered, 2026-01-25T09:03:15Z
8caf487f-bcd1-422d-a051-10c2e94c98b4, P0616                , 2152992c-798e-4758-8424-105f02529b07, +15550000616, Reminder   , delivered, 2026-01-26T09:03:15Z
58c99884-9010-4d52-a451-7129519e5d95, P0618                , 0d180fa0-7463-4f85-9f94-50d6158b1818, +15550000618, Reminder   , delivered, 2026-01-19T13:45:10Z
1446f716-09d1-404d-8c8a-ef4911159ea7, P0619                , b4afb79b-ff4d-407d-b794-9e46db5efdaf, +15550000619, Reminder   , delivered, 2025-10-17T02:07:34Z
1446f716-09d1-404d-8c8a-ef4911159ea7, P0619                , ede7f759-cfca-445c-a2ff-5b079b55ce92, +15550000619, Reminder   , delivered, 2026-04-05T02:07:34Z
1446f716-09d1-404d-8c8a-ef4911159ea7, P0619                , 21ca9974-cdc5-47a0-b454-4a661e653ff1, +15550000619, Reminder   , delivered, 2026-04-06T02:07:34Z
46c3d5bd-73a7-4d2c-8309-645bd8f06786, P0621                , 3e6ae679-5c04-4a2f-9dba-7a361ad5ce9e, +15550000621, Reminder   , delivered, 2025-06-13T08:20:49Z
46c3d5bd-73a7-4d2c-8309-645bd8f06786, P0621                , 2bfce651-10f4-4e02-b5ff-efefdd2e02d3, +15550000621, Reminder   , delivered, 2025-06-14T08:20:49Z
f81289a3-cf5f-42e0-9502-ac8bbe0c4c3a, P0622                , 339fea98-c717-4ad2-b0eb-b635db2611ef, +15550000622, Reminder   , delivered, 2025-12-13T00:46:37Z
a07956b6-0923-4cb5-b108-22989a260f6d, P0623                , a4095954-daf2-4a43-aecf-0723daa067cf, +15550000623, Reminder   , delivered, 2025-11-24T00:27:08Z
bd883aec-7ada-420d-bf8f-5a85b6f9858f, P0624                , aaaed754-263f-4374-af63-5d6356065b86, +15550000624, Reminder   , delivered, 2025-06-04T22:20:53Z
a55c7614-def5-4282-bc65-849d06dce830, P0625                , 52f60a89-b19d-4421-bc77-53c56e3fed72, +15550000625, Reminder   , delivered, 2025-09-02T08:04:03Z
a55c7614-def5-4282-bc65-849d06dce830, P0625                , 6dd9f85c-1d57-42c5-99c8-f8e93eccd6b3, +15550000625, Reminder   , delivered, 2025-09-03T08:04:03Z
a55c7614-def5-4282-bc65-849d06dce830, P0625                , 49c17529-6a15-4126-80a3-8b90899dcd6a, +15550000625, Reminder   , delivered, 2025-10-02T08:04:03Z
a55c7614-def5-4282-bc65-849d06dce830, P0625                , 6aeba867-90ea-41f2-8c7c-e1998a80f15a, +15550000625, Reminder   , delivered, 2025-12-01T09:04:03Z
a705860a-5ee3-4d6e-b0a4-5fc84f726f5b, P0626                , 2c7f3e83-72f0-48f5-a1df-2da5edbf4511, +15550000626, Reminder   , delivered, 2025-04-05T19:07:34Z
a705860a-5ee3-4d6e-b0a4-5fc84f726f5b, P0626                , 313ae7b8-368a-4917-8598-839f2fecae8f, +15550000626, Reminder   , delivered, 2025-04-06T19:07:34Z
bb8a0e87-d8c2-4e2f-bf9a-9d8aa9fe1991, P0627                , c2a1a7d6-e5f1-4bb2-aa71-3c5a130c5def, +15550000627, Reminder   , delivered, 2025-08-02T05:48:12Z
41718746-e57c-42c1-b64a-1c0bfdbaf242, P0628                , bb96ad4e-ae2f-44f2-92f2-6cb00052c8e7, +15550000628, Reminder   , delivered, 2025-04-24T03:22:19Z
41718746-e57c-42c1-b64a-1c0bfdbaf242, P0628                , d9ee543d-95be-4d43-9ee7-d48a01e0cb09, +15550000628, Reminder   , delivered, 2025-05-24T03:22:19Z
bf84603f-9831-4877-9d8d-94a35ef359d7, P0629                , 89cb2ac3-66af-4188-8706-6dddd1fd4736, +15550000629, Reminder   , delivered, 2025-04-27T15:41:30Z
bf84603f-9831-4877-9d8d-94a35ef359d7, P0629                , 360c8fc5-91ef-4695-92f2-863b4a41479a, +15550000629, Reminder   , delivered, 2025-06-26T15:41:30Z
ecc3f3f7-f817-40fd-a9ef-8752b88e0951, P0630                , 11fa57b5-ab6d-4e55-b1da-a346702e9953, +15550000630, Reminder   , delivered, 2025-09-29T06:04:44Z
ecc3f3f7-f817-40fd-a9ef-8752b88e0951, P0630                , 1d833731-fb3f-43b3-ac59-62bc5e541ac5, +15550000630, Reminder   , delivered, 2025-10-22T06:04:44Z
ecc3f3f7-f817-40fd-a9ef-8752b88e0951, P0630                , fe3a1609-342e-445f-9c54-8da4a0bae3fe, +15550000630, Reminder   , delivered, 2025-10-23T06:04:44Z
e2d402b4-725d-4b9b-a95e-ab859f916500, P0631                , 9f4553b0-28bd-48d3-b772-4e4d996760bc, +15550000631, Reminder   , delivered, 2025-08-17T00:41:23Z
a63486d9-98c0-4f0c-8e28-ba3893f5a4e5, P0632                , 14436d5a-a4e8-4e32-9d69-a173ce96d840, +15550000632, Reminder   , delivered, 2025-12-02T08:25:34Z
a63486d9-98c0-4f0c-8e28-ba3893f5a4e5, P0632                , e6e7db3e-ba5c-4f4b-bd8e-621096bd8db9, +15550000632, Reminder   , delivered, 2025-12-03T08:25:34Z
b8e9efd7-09ea-4183-a7a6-b105e6fc37e2, P0633                , 81df3b92-1f02-4bf2-998c-a2e1e5297d84, +15550000633, Reminder   , delivered, 2025-03-02T02:59:59Z
b8e9efd7-09ea-4183-a7a6-b105e6fc37e2, P0633                , f1f3f337-98e0-4024-aa68-b4f9fff5c196, +15550000633, Reminder   , delivered, 2025-03-03T02:59:59Z
b8e9efd7-09ea-4183-a7a6-b105e6fc37e2, P0633                , 74a71f3b-1488-403e-b990-5b4ad1516ebd, +15550000633, Reminder   , delivered, 2025-03-31T01:59:59Z
b8e9efd7-09ea-4183-a7a6-b105e6fc37e2, P0633                , 69a06697-3091-46d1-adc0-22f7c110302e, +15550000633, Reminder   , delivered, 2025-08-19T01:59:59Z
b8e9efd7-09ea-4183-a7a6-b105e6fc37e2, P0633                , b00ea617-ae2d-428d-9ac2-894fdf42c1d2, +15550000633, Reminder   , delivered, 2025-08-20T01:59:59Z
b8e9efd7-09ea-4183-a7a6-b105e6fc37e2, P0633                , 399bb2e2-2033-4b88-8d96-d3ee0d1aa097, +15550000633, Reminder   , delivered, 2025-08-21T01:59:59Z
7358f472-6c1c-494e-af73-f4bb30582836, P0635                , 146018a8-75dc-421a-aebe-91b4e0dd96c1, +15550000635, Reminder   , delivered, 2025-10-17T21:42:18Z
7358f472-6c1c-494e-af73-f4bb30582836, P0635                , 67180111-c6db-4d4c-8c57-c6e13fa057e2, +15550000635, Reminder   , delivered, 2025-10-18T21:42:18Z
045bdc74-1c05-4875-9ee3-5fe14b31876a, P0638                , 9ce04a0d-4098-491e-b111-5e7c5bf1570b, +15550000638, Reminder   , delivered, 2025-09-03T11:38:52Z
677f03f9-5a01-4571-b542-12f32f39b499, P0639                , 881d6d72-5997-4beb-afc4-d01c19fe3320, +15550000639, Reminder   , delivered, 2026-01-01T05:14:08Z
4c6f3838-3872-4ffb-8df9-a00735736d0e, P0640                , 7c79f5be-da08-48ae-95e7-85767dc2a0e6, +15550000640, Reminder   , delivered, 2025-06-20T06:48:25Z
4c6f3838-3872-4ffb-8df9-a00735736d0e, P0640                , 2fce3e3a-0b8c-4f84-8dd1-c6f9db0f90ca, +15550000640, Reminder   , delivered, 2025-08-19T06:48:25Z
4c6f3838-3872-4ffb-8df9-a00735736d0e, P0640                , 70ec7e3d-1299-4799-ab51-c81af3d33a7e, +15550000640, Reminder   , delivered, 2025-08-20T06:48:25Z
4ba28cae-bc55-4cdd-9209-3be0c76518a7, P0641                , d71b7121-c334-4d78-912d-19179f6f882d, +15550000641, Reminder   , delivered, 2025-11-04T09:51:54Z
4ba28cae-bc55-4cdd-9209-3be0c76518a7, P0641                , cfbbad70-f389-4c87-9b3b-439173564379, +15550000641, Reminder   , delivered, 2025-11-11T09:51:54Z
4ba28cae-bc55-4cdd-9209-3be0c76518a7, P0641                , efa2c89c-7c50-48d9-b8b3-e939b9dd814c, +15550000641, Reminder   , delivered, 2025-12-04T09:51:54Z
9f546678-4eac-4b29-a74c-6092d624448c, P0642                , 0db0166d-48a5-43d9-a6bc-4b9adbf663e9, +15550000642, Reminder   , delivered, 2025-04-08T19:10:52Z
63e43e2e-5357-461f-b4c3-75b4947155df, P0643                , 3333816c-2e8b-41de-a3fe-78e72d94e605, +15550000643, Reminder   , delivered, 2025-09-06T14:24:21Z
4855b0a6-bf22-4191-93cc-83a5d1514eeb, P0644                , 56fc31c3-0c00-48a8-8c6f-f6dd2c6af444, +15550000644, Reminder   , delivered, 2026-04-25T11:19:58Z
4855b0a6-bf22-4191-93cc-83a5d1514eeb, P0644                , 8493af67-30bb-4b72-bf47-8fbce3b91fba, +15550000644, Reminder   , delivered, 2026-04-26T11:19:58Z
4855b0a6-bf22-4191-93cc-83a5d1514eeb, P0644                , 380d6ed8-7949-434a-ace8-edf975472ba5, +15550000644, Reminder   , delivered, 2026-04-27T11:19:58Z
8958cb80-3de5-4c0a-8025-d6cb0b7d00f5, P0645                , 0e5fa0f6-32f4-4055-a478-a18992468f8b, +15550000645, Reminder   , delivered, 2025-07-17T14:17:35Z
8958cb80-3de5-4c0a-8025-d6cb0b7d00f5, P0645                , 4ffca07a-2fd2-4f21-8d38-a51e970e9ea2, +15550000645, Reminder   , delivered, 2025-09-03T14:17:35Z
521f63b9-23f5-4c2f-8861-2676ba482671, P0646                , 387cfb8e-75db-4799-b8f8-ee6f95b8d545, +15550000646, Reminder   , delivered, 2025-05-14T23:24:33Z
521f63b9-23f5-4c2f-8861-2676ba482671, P0646                , fa1f1e91-580c-407a-852f-8745eb358be0, +15550000646, Reminder   , delivered, 2025-05-15T23:24:33Z
521f63b9-23f5-4c2f-8861-2676ba482671, P0646                , 9083ece8-7ffa-4e07-a056-26df34000488, +15550000646, Reminder   , delivered, 2025-05-16T23:24:33Z
521f63b9-23f5-4c2f-8861-2676ba482671, P0646                , 8687c750-4ce7-47aa-b5de-083b82a75c1b, +15550000646, Reminder   , delivered, 2025-05-21T23:24:33Z
521f63b9-23f5-4c2f-8861-2676ba482671, P0646                , 3377efa4-77b0-4e30-b4db-ac600beb859e, +15550000646, Reminder   , delivered, 2025-06-13T23:24:33Z
521f63b9-23f5-4c2f-8861-2676ba482671, P0646                , 5600260c-5ce1-4e2d-898f-af8c3d24f38c, +15550000646, Reminder   , delivered, 2025-11-08T00:24:33Z
521f63b9-23f5-4c2f-8861-2676ba482671, P0646                , d9e2a39d-7b5f-4614-a1a3-887521dd9e95, +15550000646, Reminder   , delivered, 2025-11-09T00:24:33Z
521f63b9-23f5-4c2f-8861-2676ba482671, P0646                , 67640144-e38c-4f35-bb57-3f46ea5a7ec4, +15550000646, Reminder   , delivered, 2025-11-10T00:24:33Z
e3afe9e0-8cc3-465c-ad14-fd5f42438e44, P0647                , 619b7be9-ba46-44ca-b4d6-c674ce01d519, +15550000647, Reminder   , delivered, 2025-12-02T00:05:34Z
e3afe9e0-8cc3-465c-ad14-fd5f42438e44, P0647                , 778726f4-b743-48dd-8f86-d4249a79e2db, +15550000647, Reminder   , delivered, 2025-12-09T00:05:34Z
e3afe9e0-8cc3-465c-ad14-fd5f42438e44, P0647                , ced547f0-773d-4471-8f4b-3ed1d73f7900, +15550000647, Reminder   , delivered, 2025-12-10T00:05:34Z
e3afe9e0-8cc3-465c-ad14-fd5f42438e44, P0647                , f52d0b59-dffa-474c-98ae-48d59929817b, +15550000647, Reminder   , delivered, 2026-05-18T23:05:34Z
e3afe9e0-8cc3-465c-ad14-fd5f42438e44, P0647                , 0c3bab46-4eb1-40b2-bde1-d3a4aac87f95, +15550000647, Reminder   , delivered, 2026-05-19T23:05:34Z
8e2c4d24-d2b2-40c5-8f3c-be4ced291000, P0648                , 8c2f6337-1d62-461e-8dc3-702f20e10994, +15550000648, Reminder   , delivered, 2025-08-07T13:16:09Z
8e2c4d24-d2b2-40c5-8f3c-be4ced291000, P0648                , 8853d441-faa8-44da-b6ab-1b167cd30aa6, +15550000648, Reminder   , delivered, 2025-08-08T13:16:09Z
8e2c4d24-d2b2-40c5-8f3c-be4ced291000, P0648                , f8d05568-c582-4942-937e-ce67e0cf7c83, +15550000648, Reminder   , delivered, 2025-08-09T13:16:09Z
8e939d83-7f09-4e4a-ae48-fda390a71c48, P0649                , 8b64f483-d59f-48b1-9f9f-c30a50b459ae, +15550000649, Reminder   , delivered, 2025-05-27T00:42:35Z
8e939d83-7f09-4e4a-ae48-fda390a71c48, P0649                , adafbc9f-94e9-4e48-a418-43f77a5b45cc, +15550000649, Reminder   , delivered, 2025-05-28T00:42:35Z
8e939d83-7f09-4e4a-ae48-fda390a71c48, P0649                , 941e5a8f-50e2-4f21-b970-4c78d26864c7, +15550000649, Reminder   , delivered, 2025-05-29T00:42:35Z
8e939d83-7f09-4e4a-ae48-fda390a71c48, P0649                , 04963d1f-35c6-47f0-91a9-0536393c8217, +15550000649, Reminder   , delivered, 2025-06-26T00:42:35Z
5cbbfef8-82af-4ff0-af7e-ddcf5ff19b8c, P0650                , 8be777b7-576f-4ae7-b8b2-1a7c8b734387, +15550000650, Reminder   , delivered, 2025-05-20T23:08:34Z
5cbbfef8-82af-4ff0-af7e-ddcf5ff19b8c, P0650                , a0cc7a11-f85f-4fad-a80e-630a31edf5f1, +15550000650, Reminder   , delivered, 2025-06-19T23:08:34Z
5cbbfef8-82af-4ff0-af7e-ddcf5ff19b8c, P0650                , e70c21b9-e540-4e85-af60-3766e1f66458, +15550000650, Reminder   , delivered, 2025-08-18T23:08:34Z
5cbbfef8-82af-4ff0-af7e-ddcf5ff19b8c, P0650                , 0f43e2a3-a2de-46c4-92cb-f85a4ac7e304, +15550000650, Reminder   , delivered, 2025-08-19T23:08:34Z
5cbbfef8-82af-4ff0-af7e-ddcf5ff19b8c, P0650                , 2cb3797c-88d8-423f-b63f-4c32277dcfb1, +15550000650, Reminder   , delivered, 2025-08-20T23:08:34Z
e484ec8a-fac9-4fa0-bdaa-0440130c8d88, P0651                , 48c2d7dd-5d0b-4cf3-ab4b-bff4e91c6ce3, +15550000651, Reminder   , delivered, 2025-07-28T20:41:27Z
e484ec8a-fac9-4fa0-bdaa-0440130c8d88, P0651                , e56400aa-c61a-46dc-945b-27e414092ed7, +15550000651, Reminder   , delivered, 2025-07-29T20:41:27Z
e484ec8a-fac9-4fa0-bdaa-0440130c8d88, P0651                , 554a9988-f978-405b-bfe8-59fc9c1446b8, +15550000651, Reminder   , delivered, 2025-09-26T20:41:27Z
e484ec8a-fac9-4fa0-bdaa-0440130c8d88, P0651                , 80d2c599-d6df-4688-941a-d90bbeb8a75b, +15550000651, Reminder   , delivered, 2025-09-27T20:41:27Z
e75c7dc4-e064-4142-af24-93c6904e5452, P0652                , d0263433-7327-49b3-91c4-7cbaaf33fe66, +15550000652, Reminder   , delivered, 2025-12-04T22:22:55Z
e75c7dc4-e064-4142-af24-93c6904e5452, P0652                , d212c835-c824-4ac2-b1fe-55c9b88c96d7, +15550000652, Reminder   , delivered, 2025-12-05T22:22:55Z
9dab1fed-6633-4848-aff2-1da67bb79843, P0654                , b76dd96c-f787-416f-b8e9-acb705905fa8, +15550000654, Reminder   , delivered, 2025-10-31T15:09:01Z
f8395b4e-5dd6-4532-8ba5-69de02d2e14a, P0655                , 95dde45d-15ff-4c87-ac49-9e3b8e47b61d, +15550000655, Reminder   , delivered, 2026-02-10T16:09:04Z
ce538642-b759-4c23-b496-592c7303f53f, P0658                , 7e939a0e-2770-4375-ab2a-50e50b3bc5b5, +15550000658, Reminder   , delivered, 2025-11-03T19:33:36Z
ce538642-b759-4c23-b496-592c7303f53f, P0658                , ec85b868-88b4-44dd-ae20-22c4f58c2232, +15550000658, Reminder   , delivered, 2026-02-01T19:33:36Z
c6f305a8-ba10-4c1a-b52f-af74b511a6d5, P0659                , ed368153-0449-4784-9846-ecd4d393d264, +15550000659, Reminder   , delivered, 2025-09-27T00:34:48Z
c6f305a8-ba10-4c1a-b52f-af74b511a6d5, P0659                , a638e973-802c-4a2b-baf3-0ab9bb20ca7a, +15550000659, Reminder   , delivered, 2025-09-29T00:34:48Z
c6f305a8-ba10-4c1a-b52f-af74b511a6d5, P0659                , b0ea4996-8464-4954-b1ee-1aa20c83dcbc, +15550000659, Reminder   , delivered, 2026-03-17T00:34:48Z
c6f305a8-ba10-4c1a-b52f-af74b511a6d5, P0659                , 22c56f22-a7b8-41e5-bb20-a2e227ecd47c, +15550000659, Reminder   , delivered, 2026-03-18T00:34:48Z
e0be534a-7035-4a5f-8609-50241525bce1, P0660                , 77d3c9c4-04e9-493e-b9c3-f2918b45026b, +15550000660, Reminder   , delivered, 2025-09-14T23:24:02Z
e0be534a-7035-4a5f-8609-50241525bce1, P0660                , 2e4c04f7-fb8b-449b-a509-83cdda41e9c0, +15550000660, Reminder   , delivered, 2025-09-15T23:24:02Z
88e3d403-20b6-460d-9bf1-93e59206de2c, P0661                , 1278bb38-1257-4772-b60f-d45c0d1b2d62, +15550000661, Reminder   , delivered, 2025-05-09T17:51:40Z
f4bb3a5c-3b25-4211-be07-b47fb548081b, P0662                , 6860600b-8a4c-4e00-bbef-ab97eec90935, +15550000662, Reminder   , delivered, 2025-03-15T11:22:54Z
f4bb3a5c-3b25-4211-be07-b47fb548081b, P0662                , 16516f01-3afe-40ca-95b3-3220371a6add, +15550000662, Reminder   , delivered, 2025-03-22T11:22:54Z
f4bb3a5c-3b25-4211-be07-b47fb548081b, P0662                , e98113ac-8145-43ab-9d9b-63443abcd008, +15550000662, Reminder   , delivered, 2025-03-23T11:22:54Z
f4bb3a5c-3b25-4211-be07-b47fb548081b, P0662                , 234becf7-8bf8-4648-acc2-f571cbf7c860, +15550000662, Reminder   , delivered, 2025-03-24T11:22:54Z
8bdb7757-6a73-4c02-bb34-1b4b299c718c, P0663                , 1a6c3ddc-392c-444b-8a0b-e9a1c71bd63a, +15550000663, Reminder   , delivered, 2025-03-04T00:24:52Z
8bdb7757-6a73-4c02-bb34-1b4b299c718c, P0663                , c5968d32-c3da-4cf5-b1a8-a14d1fddaf7d, +15550000663, Reminder   , delivered, 2025-03-10T23:24:52Z
8bdb7757-6a73-4c02-bb34-1b4b299c718c, P0663                , 40a10c3a-82ad-43b0-bdc0-7b5a24123d36, +15550000663, Reminder   , delivered, 2025-04-02T23:24:52Z
9425a4f0-2d34-4cb2-9538-d78523940c25, P0664                , d7a3310e-cfe8-468d-8434-5ec2ca75a82e, +15550000664, Reminder   , delivered, 2025-09-02T09:32:40Z
9425a4f0-2d34-4cb2-9538-d78523940c25, P0664                , 4e656150-c04f-4d56-8869-d921d80bfd46, +15550000664, Reminder   , delivered, 2025-12-01T10:32:40Z
3f06cc3a-190e-484d-bcb6-16a8aa39187a, P0665                , 2a70e245-f3b2-4f46-8720-c79cc813c599, +15550000665, Reminder   , delivered, 2025-09-07T22:29:56Z
356dd24a-e87d-48f5-bcae-dba0d9bffdfd, P0666                , 863530f5-8331-47ba-b500-a656a789c8f4, +15550000666, Reminder   , delivered, 2025-03-02T06:20:08Z
e4ca371f-7660-4bef-85c4-cb50a4f2e344, P0667                , 36aa3924-9646-4a70-8697-921eb75fedf4, +15550000667, Reminder   , delivered, 2025-10-06T19:11:51Z
e4ca371f-7660-4bef-85c4-cb50a4f2e344, P0667                , 3f3840a5-22e6-4add-ac69-9acbee4adc30, +15550000667, Reminder   , delivered, 2025-10-07T19:11:51Z
e5fa0fd5-e26b-4558-8c10-10fca23319d4, P0668                , c596defa-a848-46bf-8f3c-130deef7aa21, +15550000668, Reminder   , delivered, 2026-01-13T15:48:14Z
e5fa0fd5-e26b-4558-8c10-10fca23319d4, P0668                , 1b5aeee8-a356-4a4a-a053-3f75e838f8c8, +15550000668, Reminder   , delivered, 2026-01-14T15:48:14Z
e5fa0fd5-e26b-4558-8c10-10fca23319d4, P0668                , 82ecfa70-26e0-4ef5-bb37-fb247212ad69, +15550000668, Reminder   , delivered, 2026-03-14T14:48:14Z
e5fa0fd5-e26b-4558-8c10-10fca23319d4, P0668                , d88e07ff-7c6a-4e8f-9bf0-7055219b03e3, +15550000668, Reminder   , delivered, 2026-03-15T14:48:14Z
52313b1c-ecf5-44c8-9de5-4318326da884, P0669                , a5c20681-52f4-451a-8f08-f2012422a3d4, +15550000669, Reminder   , delivered, 2025-01-10T14:30:54Z
52313b1c-ecf5-44c8-9de5-4318326da884, P0669                , 0010cf9c-3a0e-47a0-8b1b-d3af578dfa05, +15550000669, Reminder   , delivered, 2025-02-02T14:30:54Z
cf02b57d-42b4-45c7-8cc9-1cf93a1e6311, P0670                , 527e4410-26cc-496d-a704-e7666d57b66a, +15550000670, Reminder   , delivered, 2025-05-26T03:33:13Z
cf02b57d-42b4-45c7-8cc9-1cf93a1e6311, P0670                , 2bc1e9e5-1bae-4599-b42d-0f0ca0c59700, +15550000670, Reminder   , delivered, 2025-05-27T03:33:13Z
cf02b57d-42b4-45c7-8cc9-1cf93a1e6311, P0670                , af708988-0873-425b-8a33-8602bd2af165, +15550000670, Reminder   , delivered, 2025-06-18T03:33:13Z
64dbe3fc-1b15-45db-af74-5022b4a55e84, P0672                , 66b29e4d-6a76-468a-95d3-5dff59c8a705, +15550000672, Reminder   , delivered, 2025-12-21T20:19:45Z
68a73242-6ff0-45cc-9199-e60e26408614, P0673                , 0d2c668a-03d9-4992-ad12-378391c6000e, +15550000673, Reminder   , delivered, 2025-07-23T16:50:27Z
68a73242-6ff0-45cc-9199-e60e26408614, P0673                , 6c0b6d75-8c22-4d4e-a439-a832251be283, +15550000673, Reminder   , delivered, 2025-12-29T17:50:27Z
6f678fab-f11c-4ba1-9913-7d6c7e9bc629, P0675                , b6660fc3-a840-4e55-a0d5-d5900dbf6a00, +15550000675, Reminder   , delivered, 2025-09-07T01:53:16Z
6f678fab-f11c-4ba1-9913-7d6c7e9bc629, P0675                , 93e7e636-885e-472a-a4e0-54f15d171d13, +15550000675, Reminder   , delivered, 2025-09-08T01:53:16Z
6f678fab-f11c-4ba1-9913-7d6c7e9bc629, P0675                , ad2c8f9a-9caa-4430-9530-55534b16f89e, +15550000675, Reminder   , delivered, 2025-09-09T01:53:16Z
e4347f39-2cfb-4caa-8597-cafcf7be60b2, P0676                , 75e25040-69cf-4a84-8e71-0ebc5eb570cc, +15550000676, Reminder   , delivered, 2026-02-04T10:21:26Z
af38ec08-6251-4796-bc3c-da4da0f9534f, P0677                , a90b8816-ecbd-4ba7-879f-b980f1931488, +15550000677, Reminder   , delivered, 2025-01-16T02:35:22Z
af38ec08-6251-4796-bc3c-da4da0f9534f, P0677                , 2a878bc8-1371-45cc-a07e-ef5b1a13d53b, +15550000677, Reminder   , delivered, 2025-01-17T02:35:22Z
af38ec08-6251-4796-bc3c-da4da0f9534f, P0677                , 5a87656d-e8b4-42d8-b663-38d3f2c37d96, +15550000677, Reminder   , delivered, 2025-06-22T01:35:22Z
af38ec08-6251-4796-bc3c-da4da0f9534f, P0677                , b960f69d-7615-461f-b659-9e4b274e9203, +15550000677, Reminder   , delivered, 2025-06-23T01:35:22Z
202a8b3d-35e2-4684-908d-b87f990f69e1, P0678                , ed1deb0c-702c-499f-b6f6-41d24fa78162, +15550000678, Reminder   , delivered, 2025-09-06T17:00:05Z
5a075065-489c-4ba5-a2df-b52c369962dc, P0679                , 5a21016c-d11b-4c96-beb2-c818f4b050cb, +15550000679, Reminder   , delivered, 2025-03-09T12:30:01Z
5a075065-489c-4ba5-a2df-b52c369962dc, P0679                , 40e740f3-7ee3-4103-8968-c74c2894780c, +15550000679, Reminder   , delivered, 2025-04-08T12:30:01Z
5a075065-489c-4ba5-a2df-b52c369962dc, P0679                , 885ed0f4-1ca0-4f9c-96ec-86f2fe0bb720, +15550000679, Reminder   , delivered, 2025-06-07T12:30:01Z
5a075065-489c-4ba5-a2df-b52c369962dc, P0679                , 5f930cc1-10a0-4159-b254-601113cfa5c7, +15550000679, Reminder   , delivered, 2025-06-08T12:30:01Z
5a075065-489c-4ba5-a2df-b52c369962dc, P0679                , 066b604c-4ae0-479a-8310-4a865efeb35b, +15550000679, Reminder   , delivered, 2025-06-09T12:30:01Z
5a075065-489c-4ba5-a2df-b52c369962dc, P0679                , 42aead23-bf41-4b94-9c84-c516a6e80603, +15550000679, Reminder   , delivered, 2025-08-08T12:30:01Z
5a075065-489c-4ba5-a2df-b52c369962dc, P0679                , 697205fa-6758-45a7-ac56-017a7f6a3465, +15550000679, Reminder   , delivered, 2025-08-09T12:30:01Z
9549c47e-a2a3-4701-a853-b66e7520574d, P0680                , f953b0e8-4e8b-4970-9126-f8042d0a1b0e, +15550000680, Reminder   , delivered, 2025-02-03T05:52:28Z
9549c47e-a2a3-4701-a853-b66e7520574d, P0680                , 4506eb47-9a3c-4e5e-a824-9e0188370233, +15550000680, Reminder   , delivered, 2025-02-04T05:52:28Z
9549c47e-a2a3-4701-a853-b66e7520574d, P0680                , 332c9622-891d-43fa-bfd1-0af4a2eff84a, +15550000680, Reminder   , delivered, 2025-02-05T05:52:28Z
9549c47e-a2a3-4701-a853-b66e7520574d, P0680                , d1634de5-47c1-4db9-a174-770a1eac48e7, +15550000680, Reminder   , delivered, 2025-02-10T05:52:28Z
9549c47e-a2a3-4701-a853-b66e7520574d, P0680                , a947fbb7-0b53-4aae-be69-20558421535e, +15550000680, Reminder   , delivered, 2025-02-11T05:52:28Z
9549c47e-a2a3-4701-a853-b66e7520574d, P0680                , 9ac41bd3-0adb-4360-8d77-4600ee4748d9, +15550000680, Reminder   , delivered, 2025-03-05T05:52:28Z
9549c47e-a2a3-4701-a853-b66e7520574d, P0680                , 5d589cd4-92b8-4897-a601-f3167828516b, +15550000680, Reminder   , delivered, 2025-03-06T05:52:28Z
9549c47e-a2a3-4701-a853-b66e7520574d, P0680                , f6ee5127-9af7-4bbb-a6e1-483e56d8e719, +15550000680, Reminder   , delivered, 2025-05-04T04:52:28Z
9549c47e-a2a3-4701-a853-b66e7520574d, P0680                , 0a02afee-c794-4fde-8264-0185209a8d40, +15550000680, Reminder   , delivered, 2025-06-13T04:52:28Z
987cacab-476f-4af7-be4d-9d4695e2dc73, P0681                , 8599eb3e-43c1-4214-a987-dccfaf26d1ec, +15550000681, Reminder   , delivered, 2025-04-27T15:13:30Z
987cacab-476f-4af7-be4d-9d4695e2dc73, P0681                , 89dd105b-04bd-4bc0-b913-42157ff84788, +15550000681, Reminder   , delivered, 2025-05-27T15:13:30Z
987cacab-476f-4af7-be4d-9d4695e2dc73, P0681                , 890d8692-e53e-4aa9-bb26-092ca88bc476, +15550000681, Reminder   , delivered, 2025-07-26T15:13:30Z
04306766-7063-468a-93ae-655210f92618, P0682                , 7adb0fc8-48bc-47f6-a289-bf3fa4aeb0dc, +15550000682, Reminder   , delivered, 2025-05-26T06:41:46Z
04306766-7063-468a-93ae-655210f92618, P0682                , 25780673-53f4-4096-b3d6-3c5275e4031f, +15550000682, Reminder   , delivered, 2025-05-27T06:41:46Z
61462654-9838-4d8e-ad8d-d5ee00db6dc1, P0683                , ea1773e0-8923-4100-91b6-bb3aa289ecf1, +15550000683, Reminder   , delivered, 2025-08-01T19:50:50Z
61462654-9838-4d8e-ad8d-d5ee00db6dc1, P0683                , af291771-7cfc-430f-9cca-e7a819fa8cf6, +15550000683, Reminder   , delivered, 2025-08-02T19:50:50Z
61462654-9838-4d8e-ad8d-d5ee00db6dc1, P0683                , d287b634-76af-4a68-a6df-7fa52f91624d, +15550000683, Reminder   , delivered, 2025-08-31T19:50:50Z
3a237114-0aee-4248-8922-b3bb6f9fecad, P0684                , 87647be7-6753-4b01-9cd6-54b4ca53e361, +15550000684, Reminder   , delivered, 2025-10-12T09:29:47Z
5fcb24b1-cc21-44db-941f-2216f9b93d6f, P0685                , 45949c06-9a56-436f-9a13-56ce0073e62f, +15550000685, Reminder   , delivered, 2025-05-14T10:07:23Z
5fcb24b1-cc21-44db-941f-2216f9b93d6f, P0685                , c8afd133-6758-4619-9566-7bbca0ce5a62, +15550000685, Reminder   , delivered, 2025-05-15T10:07:23Z
5fcb24b1-cc21-44db-941f-2216f9b93d6f, P0685                , 35bda016-6ab7-4e57-bc5e-a2833d7860f5, +15550000685, Reminder   , delivered, 2025-10-04T10:07:23Z
5fcb24b1-cc21-44db-941f-2216f9b93d6f, P0685                , 6af3ce03-5492-4842-b408-0bd3da367270, +15550000685, Reminder   , delivered, 2025-10-06T10:07:23Z
395e8176-60c1-47d8-893b-2efb53444441, P0686                , 700ba33c-1052-4286-b426-d229eb179e47, +15550000686, Reminder   , delivered, 2025-03-03T02:53:29Z
395e8176-60c1-47d8-893b-2efb53444441, P0686                , be6183eb-5ee7-4b44-8d79-394862ccca8a, +15550000686, Reminder   , delivered, 2025-03-04T02:53:29Z
395e8176-60c1-47d8-893b-2efb53444441, P0686                , f4f5d926-dd3f-4cc0-a8ab-c97709bb5363, +15550000686, Reminder   , delivered, 2025-03-05T02:53:29Z
395e8176-60c1-47d8-893b-2efb53444441, P0686                , 01397544-76b5-4e21-a953-300cf538285a, +15550000686, Reminder   , delivered, 2025-03-26T01:53:29Z
395e8176-60c1-47d8-893b-2efb53444441, P0686                , cecc6b8f-0181-4275-9c0f-632f2a1e2f58, +15550000686, Reminder   , delivered, 2025-03-27T01:53:29Z
bc68a37d-48eb-4924-9a17-14cbd9349d8c, P0687                , 2659265b-00b0-4d29-8d7e-8ac870be5426, +15550000687, Reminder   , delivered, 2025-10-13T01:39:07Z
c3b62157-8140-45e6-9739-c4bdac306446, P0688                , e44e6b0c-aebf-4716-b1b0-61821a598b8c, +15550000688, Reminder   , delivered, 2026-03-19T16:49:56Z
c3b62157-8140-45e6-9739-c4bdac306446, P0688                , e0dbc619-15d1-4f68-aa9c-3e26530f9478, +15550000688, Reminder   , delivered, 2026-03-20T16:49:56Z
c3b62157-8140-45e6-9739-c4bdac306446, P0688                , b9d3cb98-6423-4d62-950c-1395e747bcc8, +15550000688, Reminder   , delivered, 2026-03-21T16:49:56Z
59e2b0b3-56d5-46d0-a1be-505596d6bf5b, P0689                , d4f2f8a1-2665-4fba-8d53-5d805e792ff9, +15550000689, Reminder   , delivered, 2025-02-09T16:04:40Z
59e2b0b3-56d5-46d0-a1be-505596d6bf5b, P0689                , ce00f278-036a-458b-913b-37b38e19ceaa, +15550000689, Reminder   , delivered, 2025-02-16T16:04:40Z
59e2b0b3-56d5-46d0-a1be-505596d6bf5b, P0689                , 1a0d262a-401e-458c-a946-d95935216a97, +15550000689, Reminder   , delivered, 2025-06-09T15:04:40Z
679d0b5f-9c77-4242-9dad-4d015560d39d, P0690                , 9c4d6c7a-0585-48b5-9f95-9caf658106dc, +15550000690, Reminder   , delivered, 2026-06-13T09:17:42Z
78754fa4-f6f2-43bc-8395-3df62e5ba6c4, P0691                , a2a542f7-3f81-481c-8bb7-866c0f74019e, +15550000691, Reminder   , delivered, 2025-02-07T16:03:45Z
ffc01083-8065-4f79-b6f6-c35fb7f2d6f2, P0692                , eb13a89c-dc84-463e-a126-37dc38ddbba4, +15550000692, Reminder   , delivered, 2025-08-03T15:47:55Z
ffc01083-8065-4f79-b6f6-c35fb7f2d6f2, P0692                , 968e0b49-5806-4a3c-beff-b89fadfb68f5, +15550000692, Reminder   , delivered, 2025-08-04T15:47:55Z
ffc01083-8065-4f79-b6f6-c35fb7f2d6f2, P0692                , e4b2f4aa-1165-49ee-b9f4-a39ba587eb12, +15550000692, Reminder   , delivered, 2025-08-05T15:47:55Z
be35f022-1697-4791-bc96-494b070d5e2e, P0693                , 3ea89254-e997-4c70-8b2a-24bfdf7dff4c, +15550000693, Reminder   , delivered, 2025-07-31T19:44:04Z
89d72721-759f-4261-8a53-39facba61782, P0694                , 54ec2f11-e923-48c7-9969-3b021c2824e9, +15550000694, Reminder   , delivered, 2026-04-30T12:49:25Z
80124254-33fe-4a56-ba61-c054ba3d23d1, P0695                , 9123e47b-2089-4da3-86ef-8440cac0f94d, +15550000695, Reminder   , delivered, 2026-04-23T02:34:19Z
9f8bb4f1-c778-4231-9474-bbd2d78f0f6e, P0697                , 6107f38f-9542-4b61-abc1-616b901ccd38, +15550000697, Reminder   , delivered, 2025-08-22T16:15:27Z
9f8bb4f1-c778-4231-9474-bbd2d78f0f6e, P0697                , 8a43ab54-7953-48ce-9fed-5cead48ebced, +15550000697, Reminder   , delivered, 2025-08-23T16:15:27Z
9f8bb4f1-c778-4231-9474-bbd2d78f0f6e, P0697                , 428fe264-20c2-4a68-a16e-6a4d094fe2b0, +15550000697, Reminder   , delivered, 2025-08-24T16:15:27Z
9f8bb4f1-c778-4231-9474-bbd2d78f0f6e, P0697                , 99a80f75-6700-4836-9b6c-0de40df7b488, +15550000697, Reminder   , delivered, 2025-09-14T16:15:27Z
9f8bb4f1-c778-4231-9474-bbd2d78f0f6e, P0697                , 6d43b785-1809-43bd-b02a-1c7d7ca81661, +15550000697, Reminder   , delivered, 2025-09-15T16:15:27Z
9f8bb4f1-c778-4231-9474-bbd2d78f0f6e, P0697                , 83a86079-3c15-48c1-b60b-099638b57db2, +15550000697, Reminder   , delivered, 2025-09-16T16:15:27Z
9f8bb4f1-c778-4231-9474-bbd2d78f0f6e, P0697                , 3d4dae50-6271-4190-a4ec-c2d4a89ae27f, +15550000697, Reminder   , delivered, 2026-02-04T17:15:27Z
9f8bb4f1-c778-4231-9474-bbd2d78f0f6e, P0697                , 91570c78-5160-43d7-ae83-75c3c91d10b4, +15550000697, Reminder   , delivered, 2026-02-05T17:15:27Z
4f8dc31d-6c5d-48d2-a693-937c0df83f7e, P0698                , c9c6c0a7-f953-4986-8936-08dba757aab9, +15550000698, Reminder   , delivered, 2025-04-30T14:45:17Z
4f8dc31d-6c5d-48d2-a693-937c0df83f7e, P0698                , b2764001-1e93-4089-ae83-124be96e8538, +15550000698, Reminder   , delivered, 2025-05-01T14:45:17Z
4f8dc31d-6c5d-48d2-a693-937c0df83f7e, P0698                , 6bac6416-1501-4a67-bd46-c72b7f4c7e41, +15550000698, Reminder   , delivered, 2025-05-07T14:45:17Z
3861bb53-62fe-4c33-b50e-9a421ba7ce1c, P0699                , 22d921b4-f364-43f9-826a-ec232808dfcb, +15550000699, Reminder   , delivered, 2025-11-09T22:17:52Z
3861bb53-62fe-4c33-b50e-9a421ba7ce1c, P0699                , d611597c-8910-46f7-bd08-d761dd90a4d8, +15550000699, Reminder   , delivered, 2025-11-10T22:17:52Z
3861bb53-62fe-4c33-b50e-9a421ba7ce1c, P0699                , 7b0fbdb6-dabf-4d8a-a7a6-6a4fa2451618, +15550000699, Reminder   , delivered, 2025-11-11T22:17:52Z
3861bb53-62fe-4c33-b50e-9a421ba7ce1c, P0699                , 34e76079-0597-47c1-ab37-55ef900e4d69, +15550000699, Reminder   , delivered, 2025-12-12T22:17:52Z
3861bb53-62fe-4c33-b50e-9a421ba7ce1c, P0699                , 34c2e5c5-ac1b-45b5-be7c-e5a514f32d3c, +15550000699, Reminder   , delivered, 2025-12-13T22:17:52Z
8799eca0-8736-462d-86e5-fe3b47cd9ed2, P0700                , 6506130f-596e-4cd4-b38b-1be7902dd14a, +15550000700, Reminder   , delivered, 2025-01-18T21:06:32Z
8799eca0-8736-462d-86e5-fe3b47cd9ed2, P0700                , ef9a457e-1745-4ec2-98a8-f4ad531a4ea6, +15550000700, Reminder   , delivered, 2025-06-22T20:06:32Z
6f050c37-8840-43a5-b3ab-9465ba68fa91, P0702                , 3f3f59ec-1a87-4aa7-ace1-a4c2e6249d31, +15550000702, Reminder   , delivered, 2025-05-29T07:17:08Z
6f050c37-8840-43a5-b3ab-9465ba68fa91, P0702                , 66e47037-a03c-488d-a64b-2ff85368dd70, +15550000702, Reminder   , delivered, 2025-08-27T07:17:08Z
6f050c37-8840-43a5-b3ab-9465ba68fa91, P0702                , a5a3bcbd-f559-4bca-a8c3-2968f436fb7d, +15550000702, Reminder   , delivered, 2025-08-28T07:17:08Z
646e53ad-dd9e-4c39-a7cd-254f4c1705b0, P0703                , 036074b6-d4e2-44a1-a761-8c1c701d6a04, +15550000703, Reminder   , delivered, 2025-10-27T19:40:19Z
d85590fa-d317-437d-8a4a-ea262ba9f462, P0704                , ffc9ad16-b5c1-4166-b3e4-21b12f27c01c, +15550000704, Reminder   , delivered, 2025-07-28T03:01:43Z
d85590fa-d317-437d-8a4a-ea262ba9f462, P0704                , c22e4ffc-0599-45f9-b4df-30cb4045a59b, +15550000704, Reminder   , delivered, 2025-07-29T03:01:43Z
d85590fa-d317-437d-8a4a-ea262ba9f462, P0704                , 128f1b83-4b42-43dd-9928-004c70bc5c3c, +15550000704, Reminder   , delivered, 2025-08-20T03:01:43Z
a71e8a1e-a48f-466a-b538-0d2debc8b9b6, P0705                , d1406000-3de4-4ed4-9f5b-f5780f6417d0, +15550000705, Reminder   , delivered, 2025-11-12T21:49:45Z
a71e8a1e-a48f-466a-b538-0d2debc8b9b6, P0705                , d4c9e508-fcb3-4761-926a-0b07f7504bcc, +15550000705, Reminder   , delivered, 2025-11-13T21:49:45Z
a71e8a1e-a48f-466a-b538-0d2debc8b9b6, P0705                , 5afeaa5e-9fb7-4c1a-b06d-499bd95d732e, +15550000705, Reminder   , delivered, 2025-11-14T21:49:45Z
a71e8a1e-a48f-466a-b538-0d2debc8b9b6, P0705                , 57a9b489-217b-4210-b828-0a31692ff75e, +15550000705, Reminder   , delivered, 2026-02-10T21:49:45Z
12cfe605-fa03-4602-84c8-b39f860151cc, P0706                , 10e96771-6b52-4970-bacd-ebdb1f1d09bc, +15550000706, Reminder   , delivered, 2025-09-15T14:57:23Z
12cfe605-fa03-4602-84c8-b39f860151cc, P0706                , f325715d-03d2-4b41-821c-4817958928a1, +15550000706, Reminder   , delivered, 2025-09-16T14:57:23Z
12cfe605-fa03-4602-84c8-b39f860151cc, P0706                , 18bd5ff9-864a-4411-b9bf-1f40f4af49f8, +15550000706, Reminder   , delivered, 2025-09-17T14:57:23Z
12cfe605-fa03-4602-84c8-b39f860151cc, P0706                , e938200a-64c7-4c5d-9c64-345110774182, +15550000706, Reminder   , delivered, 2025-12-07T15:57:23Z
12cfe605-fa03-4602-84c8-b39f860151cc, P0706                , 9ca7900d-433d-41d2-b1df-81405a10dd72, +15550000706, Reminder   , delivered, 2025-12-08T15:57:23Z
642d8b88-e6ec-466c-b04f-ef49e7266b19, P0707                , d8cfaad3-aa7b-4d93-8794-ad54facd7a5f, +15550000707, Reminder   , delivered, 2025-09-15T12:08:47Z
642d8b88-e6ec-466c-b04f-ef49e7266b19, P0707                , 8e28c46d-fc25-4425-b9e5-faf0dc35dd22, +15550000707, Reminder   , delivered, 2025-09-16T12:08:47Z
642d8b88-e6ec-466c-b04f-ef49e7266b19, P0707                , 9f95831e-1cc9-4503-bdd2-d7d9dc331181, +15550000707, Reminder   , delivered, 2025-09-22T12:08:47Z
642d8b88-e6ec-466c-b04f-ef49e7266b19, P0707                , 5bb376d5-12b9-4742-b2a7-538f4d12cd65, +15550000707, Reminder   , delivered, 2025-09-23T12:08:47Z
8a1bc307-3a6c-4ecc-8315-7007d01c259e, P0708                , 2609de63-1dcc-464a-b112-442cdc0cf4f7, +15550000708, Reminder   , delivered, 2025-06-01T21:04:54Z
9c681f7f-4eae-4a92-890a-bb56efd67700, P0709                , 5733408d-62a2-4098-ba95-e405fa8b06be, +15550000709, Reminder   , delivered, 2025-07-25T02:00:22Z
9c681f7f-4eae-4a92-890a-bb56efd67700, P0709                , 87f84799-a2cc-4124-98e7-1485010f91c1, +15550000709, Reminder   , delivered, 2025-07-26T02:00:22Z
9c681f7f-4eae-4a92-890a-bb56efd67700, P0709                , 04e51904-7de6-4b2e-ab6c-24f164371284, +15550000709, Reminder   , delivered, 2026-01-06T03:00:22Z
12870a60-4122-453f-ae85-a52f459d980f, P0710                , 5b6b5eba-c26b-4fec-a37d-d2a4cfe773d2, +15550000710, Reminder   , delivered, 2025-02-18T06:56:40Z
12870a60-4122-453f-ae85-a52f459d980f, P0710                , cea0ab86-58d8-4399-b4a6-44d978a09a9c, +15550000710, Reminder   , delivered, 2025-02-19T06:56:40Z
12870a60-4122-453f-ae85-a52f459d980f, P0710                , 772cbb37-89e5-49d8-8277-5614193557e9, +15550000710, Reminder   , delivered, 2025-02-20T06:56:40Z
89101cc9-21a4-4af0-ab05-00ae39653c74, P0711                , c78cdae3-d69b-4977-aba2-62d1361be334, +15550000711, Reminder   , delivered, 2025-02-03T18:15:56Z
89101cc9-21a4-4af0-ab05-00ae39653c74, P0711                , f3b594b9-656a-4507-b6b9-26407f41c739, +15550000711, Reminder   , delivered, 2025-02-10T18:15:56Z
89101cc9-21a4-4af0-ab05-00ae39653c74, P0711                , 89ba4490-7405-4e15-845a-b1ef645f9ff4, +15550000711, Reminder   , delivered, 2025-03-05T18:15:56Z
89101cc9-21a4-4af0-ab05-00ae39653c74, P0711                , 3569f55d-4685-479d-beb5-81be7c666ce2, +15550000711, Reminder   , delivered, 2025-05-04T17:15:56Z
9842b84a-0b93-4ebc-9137-73c7069b974d, P0712                , b3356103-98c9-4b8e-8fc0-a71d81403f68, +15550000712, Reminder   , delivered, 2025-03-04T15:32:16Z
9842b84a-0b93-4ebc-9137-73c7069b974d, P0712                , f7920397-2c45-4a2b-9c29-1903e5c351fe, +15550000712, Reminder   , delivered, 2025-03-05T15:32:16Z
9842b84a-0b93-4ebc-9137-73c7069b974d, P0712                , defc535e-8996-47d2-8c7b-4362e9e59a69, +15550000712, Reminder   , delivered, 2025-05-26T14:32:16Z
9842b84a-0b93-4ebc-9137-73c7069b974d, P0712                , 3b6e7dce-b345-453d-9ad4-2a3f581a5232, +15550000712, Reminder   , delivered, 2025-05-27T14:32:16Z
fd990eac-8456-4dc1-bf10-122dcd1a7e7f, P0713                , 9eb7d02b-5369-4e60-ae4c-3bbbb1a9fd95, +15550000713, Reminder   , delivered, 2026-01-11T01:06:29Z
fd990eac-8456-4dc1-bf10-122dcd1a7e7f, P0713                , abd42f59-bceb-4781-8163-89c12df400de, +15550000713, Reminder   , delivered, 2026-01-12T01:06:29Z
fd990eac-8456-4dc1-bf10-122dcd1a7e7f, P0713                , d6677fd2-2938-45bd-b614-a1a4f6e71fea, +15550000713, Reminder   , delivered, 2026-04-04T00:06:29Z
fd990eac-8456-4dc1-bf10-122dcd1a7e7f, P0713                , e527c3b5-4a21-47b9-9cd5-35fae3949e07, +15550000713, Reminder   , delivered, 2026-04-05T00:06:29Z
fd990eac-8456-4dc1-bf10-122dcd1a7e7f, P0713                , cb67ae8d-c3d1-4549-a249-ae84e7e3b7fe, +15550000713, Reminder   , delivered, 2026-04-06T00:06:29Z
057a8a5e-80ec-4fcf-8278-e6cdc7b0124a, P0714                , b3304edc-1f5b-44af-aa03-af85f5af9170, +15550000714, Reminder   , delivered, 2025-06-08T15:43:21Z
057a8a5e-80ec-4fcf-8278-e6cdc7b0124a, P0714                , 265c0917-2a6e-4032-a5a4-77dc392df625, +15550000714, Reminder   , delivered, 2025-06-09T15:43:21Z
057a8a5e-80ec-4fcf-8278-e6cdc7b0124a, P0714                , e49db81f-bf58-40cb-9abc-dff572b17759, +15550000714, Reminder   , delivered, 2025-08-30T15:43:21Z
0358162e-bc3f-4238-8e7a-735b7f92d41c, P0715                , 6d5fd5e7-97ea-466a-ac3f-8dc005126705, +15550000715, Reminder   , delivered, 2025-06-10T01:28:32Z
8474bbe4-9eea-4ebc-8477-3fb56a22a24d, P0716                , aef1e73e-27fe-4e51-bae2-cfb066a8a503, +15550000716, Reminder   , delivered, 2026-01-14T03:59:08Z
8474bbe4-9eea-4ebc-8477-3fb56a22a24d, P0716                , 210735e6-a5f1-4a3e-b3b5-65320acc9791, +15550000716, Reminder   , delivered, 2026-01-15T03:59:08Z
8474bbe4-9eea-4ebc-8477-3fb56a22a24d, P0716                , 0b571a52-40c5-46c4-8c68-f7af609d7944, +15550000716, Reminder   , delivered, 2026-01-16T03:59:08Z
b8af8ae3-b11a-45b2-a8a3-a65e7aaf9363, P0717                , 3dff5ef9-9369-42fe-904a-b60584778f75, +15550000717, Reminder   , delivered, 2025-05-13T00:50:27Z
b8af8ae3-b11a-45b2-a8a3-a65e7aaf9363, P0717                , 5e462872-1de9-4cd7-9c81-99bf0aca9a1e, +15550000717, Reminder   , delivered, 2025-05-14T00:50:27Z
37a17f6d-098f-4efd-8b7b-3407b06ead1c, P0718                , 3de993b7-a2db-471e-b4ba-d221af2d3a9c, +15550000718, Reminder   , delivered, 2025-07-31T01:19:39Z
460c805e-f073-4d20-8a9d-159c273a1b05, P0719                , d2af6566-5bd3-4d74-b20b-4d625c52e87c, +15550000719, Reminder   , delivered, 2025-01-17T16:38:21Z
460c805e-f073-4d20-8a9d-159c273a1b05, P0719                , b1718c09-d24a-49c8-9cf0-18b9fa77f24c, +15550000719, Reminder   , delivered, 2025-01-18T16:38:21Z
460c805e-f073-4d20-8a9d-159c273a1b05, P0719                , de1a7204-95b0-454b-a3fe-0ce249c0372e, +15550000719, Reminder   , delivered, 2025-01-19T16:38:21Z
1268adc1-28c9-499d-8f27-a4dc6bb3b390, P0720                , d92ab4c0-69a1-4017-9d7b-3ea6f4ef4843, +15550000720, Reminder   , delivered, 2025-10-14T20:25:10Z
1268adc1-28c9-499d-8f27-a4dc6bb3b390, P0720                , e557d0e9-48b9-4793-bb4a-44a5c2f0565e, +15550000720, Reminder   , delivered, 2025-10-21T20:25:10Z
1268adc1-28c9-499d-8f27-a4dc6bb3b390, P0720                , 43ec6335-57a4-406f-a11c-407908625363, +15550000720, Reminder   , delivered, 2025-10-22T20:25:10Z
57e4d23e-5b1c-4ba4-9e5a-5041f4c2e1ca, P0721                , 042d317c-720f-4c6c-94ec-03fbbdd2d367, +15550000721, Reminder   , delivered, 2025-08-26T16:34:26Z
8064a09b-e5ae-4290-b72f-821d7fd1491a, P0723                , 19c43300-1a17-478b-aeb9-dadfc579afdd, +15550000723, Reminder   , delivered, 2025-12-03T06:38:59Z
b5353c5a-e1d2-45d8-bf99-9a94c04e2fd5, P0724                , 3b07e063-4051-43c0-b0aa-5b30749c81e2, +15550000724, Reminder   , delivered, 2025-03-23T04:51:11Z
b5353c5a-e1d2-45d8-bf99-9a94c04e2fd5, P0724                , 88caa0a0-d16a-48c5-b13f-42b77365ad6b, +15550000724, Reminder   , delivered, 2025-03-24T04:51:11Z
b5353c5a-e1d2-45d8-bf99-9a94c04e2fd5, P0724                , f0c4edac-a004-49d2-81b6-9e30852eef1f, +15550000724, Reminder   , delivered, 2025-04-15T04:51:11Z
b5353c5a-e1d2-45d8-bf99-9a94c04e2fd5, P0724                , 352d1ea8-f65f-4295-89c5-9195e8baf6fd, +15550000724, Reminder   , delivered, 2025-06-14T04:51:11Z
b5353c5a-e1d2-45d8-bf99-9a94c04e2fd5, P0724                , 2b0215b9-8e0e-42b3-bf77-28c5bf7d57e4, +15550000724, Reminder   , delivered, 2025-08-21T04:51:11Z
b5353c5a-e1d2-45d8-bf99-9a94c04e2fd5, P0724                , 1b868ee6-468e-4563-85ea-fd035736b8fa, +15550000724, Reminder   , delivered, 2025-08-22T04:51:11Z
b5353c5a-e1d2-45d8-bf99-9a94c04e2fd5, P0724                , fcebb760-2200-4747-aec5-210bdae8809b, +15550000724, Reminder   , delivered, 2025-08-23T04:51:11Z
3f2e8203-5ad0-474c-92f6-525a4275245c, P0725                , 773c3dca-01cf-450a-9c70-961f52ee9cd2, +15550000725, Reminder   , delivered, 2025-03-12T11:55:06Z
b5681ffa-fef5-44d2-8997-a3cf879998ae, P0727                , 8c7335ac-12c6-4b5b-865f-39e681848be9, +15550000727, Reminder   , delivered, 2025-04-25T06:09:11Z
b5681ffa-fef5-44d2-8997-a3cf879998ae, P0727                , 70bc2c94-5e5e-47a3-b872-dd3034e48e47, +15550000727, Reminder   , delivered, 2025-04-26T06:09:11Z
b5681ffa-fef5-44d2-8997-a3cf879998ae, P0727                , 2f4a9f3a-510a-4239-affb-40f4f9d780fb, +15550000727, Reminder   , delivered, 2025-05-02T06:09:11Z
b5681ffa-fef5-44d2-8997-a3cf879998ae, P0727                , ac8d023c-d077-4f49-9814-36776aab6788, +15550000727, Reminder   , delivered, 2025-05-03T06:09:11Z
b5681ffa-fef5-44d2-8997-a3cf879998ae, P0727                , db98efd3-f588-4c27-8d91-5843d6bd2f4f, +15550000727, Reminder   , delivered, 2025-05-04T06:09:11Z
b5681ffa-fef5-44d2-8997-a3cf879998ae, P0727                , 15da8fc8-88a1-408d-8b37-699e9dfa9e7d, +15550000727, Reminder   , delivered, 2025-05-25T06:09:11Z
9de6aa0f-babe-476e-879a-624da501bb28, P0728                , cef57948-4bbe-4388-b1a3-d6d8f5086406, +15550000728, Reminder   , delivered, 2025-05-26T04:19:30Z
9de6aa0f-babe-476e-879a-624da501bb28, P0728                , f91b0f1b-7ead-4d63-a999-ca76b90996b3, +15550000728, Reminder   , delivered, 2025-05-27T04:19:30Z
9de6aa0f-babe-476e-879a-624da501bb28, P0728                , 933a052e-e912-462a-9ebf-6aa8624b6768, +15550000728, Reminder   , delivered, 2025-07-25T04:19:30Z
9de6aa0f-babe-476e-879a-624da501bb28, P0728                , 5bd0b1eb-71ba-40e9-accf-a994ac2cd978, +15550000728, Reminder   , delivered, 2025-07-26T04:19:30Z
9de6aa0f-babe-476e-879a-624da501bb28, P0728                , 89fbbf67-c53d-4df0-bdf9-610eed40e6d8, +15550000728, Reminder   , delivered, 2025-07-27T04:19:30Z
9de6aa0f-babe-476e-879a-624da501bb28, P0728                , 36260f91-744a-45d3-99ed-b7c848ae7722, +15550000728, Reminder   , delivered, 2025-10-23T04:19:30Z
f4f55c80-d81e-4b59-8f9d-1844c7b83852, P0729                , 54c17730-4f51-4a2a-8a34-8d3e12e1a92f, +15550000729, Reminder   , delivered, 2025-10-28T16:01:54Z
fc7486f3-8903-4bae-b95b-30a6ab7de4ec, P0731                , 83fb97f2-34a0-47a3-846d-4bf7322232a5, +15550000731, Reminder   , delivered, 2025-06-19T05:34:05Z
fc7486f3-8903-4bae-b95b-30a6ab7de4ec, P0731                , 5414074a-fb4f-472d-af49-23e7edba9d08, +15550000731, Reminder   , delivered, 2025-06-20T05:34:05Z
fc7486f3-8903-4bae-b95b-30a6ab7de4ec, P0731                , e2ccf303-04b0-4e37-b7bd-cef8dedcd95a, +15550000731, Reminder   , delivered, 2025-06-21T05:34:05Z
fc7486f3-8903-4bae-b95b-30a6ab7de4ec, P0731                , 74be30e6-acc9-4da7-8140-526a751f198c, +15550000731, Reminder   , delivered, 2025-08-18T05:34:05Z
fc7486f3-8903-4bae-b95b-30a6ab7de4ec, P0731                , 44439c21-f04a-4a3c-b6f8-9a72fd30f43f, +15550000731, Reminder   , delivered, 2025-08-19T05:34:05Z
915d83cb-9801-4229-8ba6-c8437e9ae3d3, P0732                , 86bb17e7-8e58-4158-a3df-25fc9f27aac1, +15550000732, Reminder   , delivered, 2025-03-01T14:01:13Z
915d83cb-9801-4229-8ba6-c8437e9ae3d3, P0732                , f416ea2a-14ca-48f7-95b4-31b14ce69400, +15550000732, Reminder   , delivered, 2025-05-23T13:01:13Z
915d83cb-9801-4229-8ba6-c8437e9ae3d3, P0732                , 5c5c48d4-5299-49dc-9cd2-c26a0f81b40c, +15550000732, Reminder   , delivered, 2025-08-12T13:01:13Z
2c4f9989-d336-4bf4-886c-ea99e1256c31, P0733                , 5d8768b5-eea3-441e-bbca-56b36b6c22a3, +15550000733, Reminder   , delivered, 2025-08-30T10:07:51Z
f688285b-c5a8-4a55-98a0-7e30a24f7d9f, P0734                , 369571dc-3299-4df3-80b9-092ababc602d, +15550000734, Reminder   , delivered, 2025-03-15T18:47:25Z
f688285b-c5a8-4a55-98a0-7e30a24f7d9f, P0734                , 38b31e99-6681-4d48-9567-c00c1d2b45c2, +15550000734, Reminder   , delivered, 2025-03-16T18:47:25Z
f688285b-c5a8-4a55-98a0-7e30a24f7d9f, P0734                , c768766b-be8d-40c5-bd96-727d52354fae, +15550000734, Reminder   , delivered, 2025-03-17T18:47:25Z
f688285b-c5a8-4a55-98a0-7e30a24f7d9f, P0734                , 8a522108-5335-45e6-bd59-7e6902830bce, +15550000734, Reminder   , delivered, 2025-04-14T18:47:25Z
f688285b-c5a8-4a55-98a0-7e30a24f7d9f, P0734                , edba9a0f-7fe6-419f-9720-2d8614c36292, +15550000734, Reminder   , delivered, 2025-04-15T18:47:25Z
ceebf557-6ffe-4690-91cf-cc472dfe71a8, P0735                , ee54bda8-78d3-49f2-939e-52e24689af19, +15550000735, Reminder   , delivered, 2026-02-21T15:34:30Z
ceebf557-6ffe-4690-91cf-cc472dfe71a8, P0735                , d5f362ee-40db-45fd-bdd9-3308d8ad3653, +15550000735, Reminder   , delivered, 2026-02-22T15:34:30Z
f57f9302-a06f-408e-a68d-83e9b5965388, P0736                , 9fd3000f-d8dc-4d37-bffd-72304af886e5, +15550000736, Reminder   , delivered, 2026-02-02T03:19:48Z
5fc1bf9c-0946-446d-9730-1d57364902ab, P0737                , eae8797c-bb65-4ad0-9328-4959c96eac98, +15550000737, Reminder   , delivered, 2025-01-12T05:04:30Z
5fc1bf9c-0946-446d-9730-1d57364902ab, P0737                , acd3524b-f277-487b-ae80-8efc0770d33c, +15550000737, Reminder   , delivered, 2025-01-13T05:04:30Z
5fc1bf9c-0946-446d-9730-1d57364902ab, P0737                , a8b9f18e-6116-4c7c-ba3a-d194796874f5, +15550000737, Reminder   , delivered, 2025-01-14T05:04:30Z
5fc1bf9c-0946-446d-9730-1d57364902ab, P0737                , 7ddda34e-d96b-4627-8d26-749f312c6b98, +15550000737, Reminder   , delivered, 2025-04-05T04:04:30Z
09cb2624-d535-499d-a434-74b397e88a4c, P0739                , 26494348-dd94-43be-b8f1-36ad3761983a, +15550000739, Reminder   , delivered, 2025-09-23T19:52:46Z
af1e16ef-18ed-4d4a-b69d-56f82322064e, P0741                , c2e717c1-d5de-4101-bb3a-faf6c5832ad2, +15550000741, Reminder   , delivered, 2025-07-06T22:02:33Z
e52f287d-159b-49a0-a991-c971015eb25e, P0742                , 4d2cd643-6dd1-44d6-887b-91eb7ce9de38, +15550000742, Reminder   , delivered, 2025-06-21T15:24:58Z
e52f287d-159b-49a0-a991-c971015eb25e, P0742                , f2008370-a0ee-448c-99ea-9da82279cc08, +15550000742, Reminder   , delivered, 2025-06-22T15:24:58Z
e52f287d-159b-49a0-a991-c971015eb25e, P0742                , 2a237690-273f-404b-a30e-c994b0882244, +15550000742, Reminder   , delivered, 2025-07-14T15:24:58Z
85e4c0fc-f24d-4369-bbe2-29ccbde98afe, P0743                , a4267c97-0511-4a87-ab6c-464451d886a4, +15550000743, Reminder   , delivered, 2025-08-17T14:58:46Z
675d1e5b-d9dc-4bb7-bf9a-2697723e0223, P0744                , 324fb933-4b2b-47ba-ae57-fd0bcb9302cb, +15550000744, Reminder   , delivered, 2025-11-19T22:35:24Z
675d1e5b-d9dc-4bb7-bf9a-2697723e0223, P0744                , 5251627c-3dd1-4173-97e9-753a64a8493d, +15550000744, Reminder   , delivered, 2025-12-12T22:35:24Z
675d1e5b-d9dc-4bb7-bf9a-2697723e0223, P0744                , 5c78c353-78e5-4fe6-a938-0304d68a5f84, +15550000744, Reminder   , delivered, 2025-12-13T22:35:24Z
675d1e5b-d9dc-4bb7-bf9a-2697723e0223, P0744                , a328993e-eeff-4815-b6e2-6ea01c79d18f, +15550000744, Reminder   , delivered, 2025-12-14T22:35:24Z
193ddb56-6d95-4a69-af19-e73ad7dd16f8, P0745                , fec7f976-516d-4d9d-860c-82a80c8e661b, +15550000745, Reminder   , delivered, 2025-11-27T12:01:01Z
193ddb56-6d95-4a69-af19-e73ad7dd16f8, P0745                , a5a24dc4-e8fd-486b-888a-e3a05a76cd01, +15550000745, Reminder   , delivered, 2026-01-26T12:01:01Z
193ddb56-6d95-4a69-af19-e73ad7dd16f8, P0745                , 13a9d4e5-c42b-411f-a71f-373a0f975cd0, +15550000745, Reminder   , delivered, 2026-03-21T11:01:01Z
14320733-10e8-437c-8a19-886f40c28b7c, P0746                , 2851ad8b-568c-4802-bd34-582ecb7f84f4, +15550000746, Reminder   , delivered, 2026-01-16T21:26:26Z
14320733-10e8-437c-8a19-886f40c28b7c, P0746                , fe9ca681-b82e-4f56-9f42-f19699c44019, +15550000746, Reminder   , delivered, 2026-01-17T21:26:26Z
14320733-10e8-437c-8a19-886f40c28b7c, P0746                , d98d5239-d73e-4139-9376-77392a210612, +15550000746, Reminder   , delivered, 2026-03-17T20:26:26Z
14320733-10e8-437c-8a19-886f40c28b7c, P0746                , cdf99332-325e-43c8-bac2-6bc87eb97a78, +15550000746, Reminder   , delivered, 2026-03-19T20:26:26Z
4b1f65e9-14b1-4f19-9cf2-8156a07a6487, P0747                , e594f46d-6e2a-44dd-a37d-368d0e2213f1, +15550000747, Reminder   , delivered, 2025-11-06T02:16:47Z
4b1f65e9-14b1-4f19-9cf2-8156a07a6487, P0747                , f08b5a4d-a2e9-40c5-8679-eeaec1754edf, +15550000747, Reminder   , delivered, 2026-01-28T02:16:47Z
ee78fb64-351c-47d4-a0bd-c13bd38bffe7, P0748                , 7fbf44a0-7536-4e4d-98c1-e4fab0abb779, +15550000748, Reminder   , delivered, 2026-01-07T02:48:13Z
ee78fb64-351c-47d4-a0bd-c13bd38bffe7, P0748                , 026bcd27-40e8-4368-b720-5fe7cd785832, +15550000748, Reminder   , delivered, 2026-01-08T02:48:13Z
ee78fb64-351c-47d4-a0bd-c13bd38bffe7, P0748                , e6d3ac03-2aa9-4648-8b90-91ffbcf72ffa, +15550000748, Reminder   , delivered, 2026-01-09T02:48:13Z
ee78fb64-351c-47d4-a0bd-c13bd38bffe7, P0748                , 4027d82b-4a84-4caa-9f9c-9782a39deb14, +15550000748, Reminder   , delivered, 2026-03-08T02:48:13Z
6e3a9236-d9e4-40b3-88ac-4bccc93453ce, P0749                , e5bfb22a-79b1-48e6-9225-df3d75636f1d, +15550000749, Reminder   , delivered, 2025-07-30T04:41:07Z
4dec64f4-c540-46a2-bf90-6e87774fa432, P0752                , 2330edee-f2bf-4e04-bb0a-2f6d7b64e5b1, +15550000752, Reminder   , delivered, 2025-07-20T23:14:55Z
4dec64f4-c540-46a2-bf90-6e87774fa432, P0752                , ac9c9ad1-9f3d-4c16-a74d-83a31792172e, +15550000752, Reminder   , delivered, 2025-10-18T23:14:55Z
c76bcba7-9f35-4234-b38d-f77e95f42cd7, P0753                , 3a0d86af-3ea8-42b4-9a31-53de8cc31505, +15550000753, Reminder   , delivered, 2025-07-11T23:05:04Z
46df2a1e-fa88-41e5-848a-7151c9f1f6f0, P0754                , 2df93ddc-c4a6-4d8e-b6ac-7faaf3dcef39, +15550000754, Reminder   , delivered, 2025-03-12T06:12:51Z
46df2a1e-fa88-41e5-848a-7151c9f1f6f0, P0754                , 7c7131a7-1a6d-4efb-8d06-2933c8c30e47, +15550000754, Reminder   , delivered, 2025-03-13T06:12:51Z
46df2a1e-fa88-41e5-848a-7151c9f1f6f0, P0754                , 57af33ae-13a8-4463-ae82-7f90e57fcd39, +15550000754, Reminder   , delivered, 2025-03-14T06:12:51Z
46df2a1e-fa88-41e5-848a-7151c9f1f6f0, P0754                , 2b1ade80-0c80-4857-9ea9-78224cdf60bc, +15550000754, Reminder   , delivered, 2025-06-10T06:12:51Z
73d95fa3-d525-4930-9457-07521b45a072, P0755                , 27f377c5-250e-44d9-be0a-5d7ff8b26f68, +15550000755, Reminder   , delivered, 2025-05-10T16:57:46Z
73d95fa3-d525-4930-9457-07521b45a072, P0755                , 5f3b626a-a75a-4950-9033-219f16129b1b, +15550000755, Reminder   , delivered, 2025-05-11T16:57:46Z
73d95fa3-d525-4930-9457-07521b45a072, P0755                , e442cd15-71fb-47d2-8b23-4054e0c51401, +15550000755, Reminder   , delivered, 2025-05-12T16:57:46Z
73d95fa3-d525-4930-9457-07521b45a072, P0755                , c10c3b34-1644-45be-a5e8-860d6280d560, +15550000755, Reminder   , delivered, 2025-08-01T16:57:46Z
df402bcd-0f54-4f23-a7ee-3ed85a93dd95, P0756                , 69d9e282-961f-47af-b9ae-14a2cbf2bdf4, +15550000756, Reminder   , delivered, 2025-07-29T20:44:54Z
df402bcd-0f54-4f23-a7ee-3ed85a93dd95, P0756                , 1abd6fd8-115e-439f-b9a5-e1e38238675e, +15550000756, Reminder   , delivered, 2025-08-05T20:44:54Z
aa118d72-5caa-459d-ba14-c0e8c41706b5, P0757                , 8cb56b93-165c-40dc-afb5-79575a346f94, +15550000757, Reminder   , delivered, 2025-02-26T18:07:56Z
aa118d72-5caa-459d-ba14-c0e8c41706b5, P0757                , 95d4ae73-c7a9-40b4-938f-766cacbb0062, +15550000757, Reminder   , delivered, 2025-02-27T18:07:56Z
aa118d72-5caa-459d-ba14-c0e8c41706b5, P0757                , 0506a0ee-df8c-4562-b6c0-cbbf24b46117, +15550000757, Reminder   , delivered, 2025-02-28T18:07:56Z
aa118d72-5caa-459d-ba14-c0e8c41706b5, P0757                , d6be4f61-084b-4efc-8a6f-9c631b0b1b45, +15550000757, Reminder   , delivered, 2025-03-29T17:07:56Z
8de032fe-35ae-4e3e-b2d8-34b9b49cdb34, P0758                , 8682260d-c0b1-4aa2-ba2b-5cbcf584e760, +15550000758, Reminder   , delivered, 2025-08-01T04:01:06Z
42228118-a53f-4505-a25d-69f15f5724fa, P0759                , 5ec41778-e25c-4e9e-a6eb-f9d4b661356b, +15550000759, Reminder   , delivered, 2025-04-12T12:52:52Z
42228118-a53f-4505-a25d-69f15f5724fa, P0759                , 0c566d65-6b82-45af-9095-1126443d490b, +15550000759, Reminder   , delivered, 2025-04-13T12:52:52Z
e01b3d29-ffd9-4c54-b94f-3b8876344752, P0761                , ea642479-33ce-41ea-ac7b-69ff10d5bdab, +15550000761, Reminder   , delivered, 2025-03-17T19:42:17Z
e01b3d29-ffd9-4c54-b94f-3b8876344752, P0761                , abb3a397-9095-4c3f-9dab-a56a38f4533e, +15550000761, Reminder   , delivered, 2025-05-16T19:42:17Z
e01b3d29-ffd9-4c54-b94f-3b8876344752, P0761                , 09959d5c-f936-4031-96cf-03df1bf7ceb2, +15550000761, Reminder   , delivered, 2025-05-17T19:42:17Z
e01b3d29-ffd9-4c54-b94f-3b8876344752, P0761                , 70b93cd4-0917-4d24-a16f-f561a35979d5, +15550000761, Reminder   , delivered, 2025-05-18T19:42:17Z
95aa3682-fd3e-466c-8a29-d37717a33cd7, P0762                , ce1bffd0-5932-422d-8f51-f25f78b09771, +15550000762, Reminder   , delivered, 2025-08-19T12:04:50Z
95aa3682-fd3e-466c-8a29-d37717a33cd7, P0762                , 26a1524d-ad57-4169-b896-45d1b6022f83, +15550000762, Reminder   , delivered, 2026-01-02T13:04:50Z
de66a945-c3a5-46f0-8564-ef3c905d1842, P0763                , 7b95464d-bd79-4d88-a8b3-75b28bcdc8d2, +15550000763, Reminder   , delivered, 2025-09-17T19:26:46Z
de66a945-c3a5-46f0-8564-ef3c905d1842, P0763                , 36b54a9b-9538-45c9-95d0-85a183cdbde7, +15550000763, Reminder   , delivered, 2025-09-24T19:26:46Z
032989de-3d3c-4ea7-83d3-8d8a07949268, P0764                , 800bf6f0-bfad-4090-9329-c114e9603672, +15550000764, Reminder   , delivered, 2026-04-15T03:51:47Z
032989de-3d3c-4ea7-83d3-8d8a07949268, P0764                , fc6a3887-5508-4408-a3a0-499f3bf171d9, +15550000764, Reminder   , delivered, 2026-04-16T03:51:47Z
312a4843-7632-4b8c-a517-8d7d289944d9, P0765                , a420d1f8-b7c3-49ee-97e8-94f5c6a63d4f, +15550000765, Reminder   , delivered, 2025-10-09T01:20:06Z
312a4843-7632-4b8c-a517-8d7d289944d9, P0765                , 536771b6-98f3-4171-be2b-b0384677e62d, +15550000765, Reminder   , delivered, 2025-10-10T01:20:06Z
312a4843-7632-4b8c-a517-8d7d289944d9, P0765                , 109789de-6076-451d-a784-c27fd6a873ca, +15550000765, Reminder   , delivered, 2025-10-11T01:20:06Z
312a4843-7632-4b8c-a517-8d7d289944d9, P0765                , d6c04f71-b2db-4976-95ac-72bb954eebc1, +15550000765, Reminder   , delivered, 2025-11-01T01:20:06Z
312a4843-7632-4b8c-a517-8d7d289944d9, P0765                , b322717a-ebbc-439b-b977-fa2e3c426050, +15550000765, Reminder   , delivered, 2025-12-31T02:20:06Z
e867c0d1-8462-4614-85b4-5c3cc0b1ed29, P0767                , 5331a6ee-adcc-407d-afaa-1dff6087bc47, +15550000767, Reminder   , delivered, 2025-11-25T08:13:27Z
e867c0d1-8462-4614-85b4-5c3cc0b1ed29, P0767                , 26375818-1018-43c8-925f-149ded1e3626, +15550000767, Reminder   , delivered, 2025-11-26T08:13:27Z
e867c0d1-8462-4614-85b4-5c3cc0b1ed29, P0767                , 963ff974-cbbc-4e8e-b5a3-e55869410243, +15550000767, Reminder   , delivered, 2026-01-24T08:13:27Z
b34e1298-5074-4f7c-b29e-63caa56cb97b, P0768                , bce50305-9622-413d-a8aa-db360e8a8a90, +15550000768, Reminder   , delivered, 2025-04-02T06:34:43Z
b34e1298-5074-4f7c-b29e-63caa56cb97b, P0768                , 40094be3-0fcd-4e99-9729-4278bfbf24f5, +15550000768, Reminder   , delivered, 2025-04-03T06:34:43Z
b34e1298-5074-4f7c-b29e-63caa56cb97b, P0768                , ea9a9451-b396-4cea-8c03-a3c99457842a, +15550000768, Reminder   , delivered, 2025-05-10T06:34:43Z
b34e1298-5074-4f7c-b29e-63caa56cb97b, P0768                , bbf24c1f-7d2c-484a-9e59-9c3d27cf78f7, +15550000768, Reminder   , delivered, 2025-05-11T06:34:43Z
f4be0453-c6f2-400f-9407-5f85862b569e, P0769                , dc7af2b0-f9dc-4c80-958d-f1eca66bbdc5, +15550000769, Reminder   , delivered, 2026-02-22T12:12:13Z
f0bba477-9c5f-4845-95b7-35c0fc16602e, P0770                , efeaa88d-9e44-44ef-b5ac-69b03cabaf1f, +15550000770, Reminder   , delivered, 2025-06-02T23:08:00Z
f0bba477-9c5f-4845-95b7-35c0fc16602e, P0770                , f29d3086-bde7-437f-a1ea-6dc4c1027103, +15550000770, Reminder   , delivered, 2025-06-03T23:08:00Z
1f30c5d0-547e-45e8-833c-b747b07e3cba, P0771                , b94d6b99-9a18-43cc-a83e-ca4191f0d065, +15550000771, Reminder   , delivered, 2025-04-26T04:48:15Z
1f30c5d0-547e-45e8-833c-b747b07e3cba, P0771                , 9f960f04-b889-45a4-8326-4e9d806f4714, +15550000771, Reminder   , delivered, 2025-04-27T04:48:15Z
58deef56-b191-4248-a7e0-25d2fbe10282, P0772                , f18036c2-ff63-4d38-b904-8563de077e69, +15550000772, Reminder   , delivered, 2025-05-24T09:58:54Z
58deef56-b191-4248-a7e0-25d2fbe10282, P0772                , 806fe408-4cb8-4930-8954-f3a5419ed9d1, +15550000772, Reminder   , delivered, 2025-08-22T09:58:54Z
58deef56-b191-4248-a7e0-25d2fbe10282, P0772                , 2ac48d23-aaf2-450f-9ec7-a7153e16e6cb, +15550000772, Reminder   , delivered, 2025-08-23T09:58:54Z
bfa0b329-20e2-4121-a903-f035b782cb00, P0773                , b037bc51-dac1-41ad-b9a3-b434d8fff82b, +15550000773, Reminder   , delivered, 2025-04-29T00:53:48Z
bfa0b329-20e2-4121-a903-f035b782cb00, P0773                , 86e5e2b7-1289-4036-aca6-8cddc195d53d, +15550000773, Reminder   , delivered, 2025-05-30T00:53:48Z
de8f5984-f8b9-4b64-a8ee-1144f64ef2bb, P0774                , f5ae5496-4a56-49f1-9174-a0be7370a248, +15550000774, Reminder   , delivered, 2025-06-24T11:03:17Z
3e27fa75-551f-4e9f-a074-4cfdb60b058c, P0775                , 67051ad4-7b79-4c81-8e39-419ad9dc28a1, +15550000775, Reminder   , delivered, 2025-07-27T03:50:09Z
3e27fa75-551f-4e9f-a074-4cfdb60b058c, P0775                , b4db31fb-2076-483e-a8c9-b5a2c2d0ef76, +15550000775, Reminder   , delivered, 2025-08-03T03:50:09Z
3e27fa75-551f-4e9f-a074-4cfdb60b058c, P0775                , 05d1d2e5-c435-45bb-88e4-a9b2bd7db30b, +15550000775, Reminder   , delivered, 2025-08-04T03:50:09Z
3e27fa75-551f-4e9f-a074-4cfdb60b058c, P0775                , 5e5bf6aa-8321-4bb8-9fb4-804e53062538, +15550000775, Reminder   , delivered, 2025-08-05T03:50:09Z
3e27fa75-551f-4e9f-a074-4cfdb60b058c, P0775                , 1c1291dd-ae0b-4c60-b5e9-86cc67cc1325, +15550000775, Reminder   , delivered, 2026-01-17T04:50:09Z
835c18bc-337b-4759-a6e8-200fbbb4c292, P0776                , 2f5e63de-7fc7-4af8-83cd-f3debcadc9f4, +15550000776, Reminder   , delivered, 2025-04-01T09:29:47Z
835c18bc-337b-4759-a6e8-200fbbb4c292, P0776                , cc8b6f76-c8ad-4f51-a9cb-cad0d83cc8e1, +15550000776, Reminder   , delivered, 2025-05-31T09:29:47Z
835c18bc-337b-4759-a6e8-200fbbb4c292, P0776                , 03809f88-702e-43dc-9bc5-01c061abf61b, +15550000776, Reminder   , delivered, 2025-06-01T09:29:47Z
835c18bc-337b-4759-a6e8-200fbbb4c292, P0776                , ad36de6a-b2d6-49eb-aeca-0acd0c79ab89, +15550000776, Reminder   , delivered, 2025-06-02T09:29:47Z
835c18bc-337b-4759-a6e8-200fbbb4c292, P0776                , ae589748-5e47-4631-961f-f8a9a749ddc6, +15550000776, Reminder   , delivered, 2025-07-25T09:29:47Z
d96aca1a-12b7-47b1-b7f1-91da755811d3, P0778                , 91909537-7d06-4ab8-9ad4-0ab5dba5ea94, +15550000778, Reminder   , delivered, 2025-09-25T09:47:27Z
8017ed2d-d505-4d9e-a47b-ee983fccf59a, P0779                , 9dab647f-6a55-480e-b61d-1053614e18c2, +15550000779, Reminder   , delivered, 2025-04-14T20:58:42Z
8017ed2d-d505-4d9e-a47b-ee983fccf59a, P0779                , 2c6d85cc-4ae1-4464-b366-6c2675f8bb3c, +15550000779, Reminder   , delivered, 2025-04-15T20:58:42Z
cd738626-8769-4103-bd19-e28719b15a9b, P0780                , c72f92a4-801d-434c-9d08-3beac29b418f, +15550000780, Reminder   , delivered, 2025-02-19T16:17:56Z
cd738626-8769-4103-bd19-e28719b15a9b, P0780                , 5f57a0aa-b19c-46a3-865f-d5759225e49e, +15550000780, Reminder   , delivered, 2025-02-21T16:17:56Z
cd738626-8769-4103-bd19-e28719b15a9b, P0780                , a4da651e-e3bd-4a30-8a0e-924cadc0b57c, +15550000780, Reminder   , delivered, 2025-03-21T15:17:56Z
cd738626-8769-4103-bd19-e28719b15a9b, P0780                , aa797578-411d-4822-bfc2-ad73680baff8, +15550000780, Reminder   , delivered, 2025-06-19T15:17:56Z
16a8e829-37f2-4338-b635-8e00a8504ed0, P0781                , c45c1644-837a-4b48-96be-ecdcbed483e2, +15550000781, Reminder   , delivered, 2025-02-18T19:30:18Z
16a8e829-37f2-4338-b635-8e00a8504ed0, P0781                , 49fa196d-4527-4969-9a0c-e81bfe4b2fb0, +15550000781, Reminder   , delivered, 2025-02-19T19:30:18Z
16a8e829-37f2-4338-b635-8e00a8504ed0, P0781                , d670d379-62cc-4f33-929a-b34b7bbe088f, +15550000781, Reminder   , delivered, 2025-03-13T18:30:18Z
16a8e829-37f2-4338-b635-8e00a8504ed0, P0781                , f1ae0adc-b1b2-4499-931c-833c4099d4ad, +15550000781, Reminder   , delivered, 2025-03-14T18:30:18Z
16a8e829-37f2-4338-b635-8e00a8504ed0, P0781                , ed94c428-4ad2-4bbf-b26d-0f964c75a385, +15550000781, Reminder   , delivered, 2025-05-12T18:30:18Z
16a8e829-37f2-4338-b635-8e00a8504ed0, P0781                , e2d726db-d415-4a17-baec-3a057626c5ae, +15550000781, Reminder   , delivered, 2025-05-13T18:30:18Z
16a8e829-37f2-4338-b635-8e00a8504ed0, P0781                , bbcc7418-b11f-413e-8247-2d27bda6628e, +15550000781, Reminder   , delivered, 2025-05-14T18:30:18Z
638ebcb2-e330-4cfb-ba39-78200929692b, P0782                , 42fcc8dd-a47f-4d09-bcaf-6cb2c4361201, +15550000782, Reminder   , delivered, 2025-06-07T05:15:37Z
638ebcb2-e330-4cfb-ba39-78200929692b, P0782                , 07ebf49e-4083-4ad8-b6d9-af86015a71e3, +15550000782, Reminder   , delivered, 2025-10-10T05:15:37Z
638ebcb2-e330-4cfb-ba39-78200929692b, P0782                , 68f22eb6-aac8-46d3-bc72-c63254c64ddd, +15550000782, Reminder   , delivered, 2025-10-11T05:15:37Z
8517042f-1188-4523-8bdb-48b3e9f83996, P0783                , 7967baec-4853-4485-9933-fbaa533f4e2b, +15550000783, Reminder   , delivered, 2025-08-07T16:28:36Z
3dd3741f-ec20-42ab-a016-e739f134710b, P0785                , d376e505-ddeb-47f9-8425-8e77a3bfb239, +15550000785, Reminder   , delivered, 2026-01-05T23:03:54Z
3dd3741f-ec20-42ab-a016-e739f134710b, P0785                , 0d21352f-56a7-470e-a0eb-e42039cdf3bc, +15550000785, Reminder   , delivered, 2026-01-06T23:03:54Z
d5f45ae0-5436-48a5-9288-3f5cef82593d, P0786                , b84e06df-3aa6-4c7d-ae28-5142790f8061, +15550000786, Reminder   , delivered, 2025-11-22T16:02:42Z
d5f45ae0-5436-48a5-9288-3f5cef82593d, P0786                , 8fb720ec-360b-4556-82cd-72e8f2aba345, +15550000786, Reminder   , delivered, 2025-11-29T16:02:42Z
d5f45ae0-5436-48a5-9288-3f5cef82593d, P0786                , 0838f9a3-834e-4541-9358-00e3d4f37578, +15550000786, Reminder   , delivered, 2025-11-30T16:02:42Z
fbd1ef67-4be6-4619-99fe-00716af8f50e, P0787                , 5546f85e-183b-4885-8c65-8306cfa035aa, +15550000787, Reminder   , delivered, 2025-10-10T16:38:01Z
fbd1ef67-4be6-4619-99fe-00716af8f50e, P0787                , 41d01b54-8279-4b00-9fce-779038432dba, +15550000787, Reminder   , delivered, 2026-01-08T17:38:01Z
638102be-a1cb-477e-9219-52e012a1fdf8, P0788                , 799d652a-3e0f-4ef7-ae43-c811a22e03ac, +15550000788, Reminder   , delivered, 2025-04-29T21:38:12Z
638102be-a1cb-477e-9219-52e012a1fdf8, P0788                , 87fbef33-418d-4939-934c-ac1d7fa27c28, +15550000788, Reminder   , delivered, 2025-04-30T21:38:12Z
638102be-a1cb-477e-9219-52e012a1fdf8, P0788                , 359af6eb-4974-40ec-9eed-00ee42e9f699, +15550000788, Reminder   , delivered, 2025-06-12T21:38:12Z
638102be-a1cb-477e-9219-52e012a1fdf8, P0788                , c6814a7c-ffe1-4044-8ad1-efa64933b1d0, +15550000788, Reminder   , delivered, 2025-06-13T21:38:12Z
40d37b4a-3f05-42c6-962c-72bf3cf9a47a, P0789                , f1a1f5f6-277d-439b-893f-bd5c6b3358b6, +15550000789, Reminder   , delivered, 2025-06-05T13:02:01Z
40d37b4a-3f05-42c6-962c-72bf3cf9a47a, P0789                , 8927463e-8ac6-4b1f-9ce9-a9101e81dd9d, +15550000789, Reminder   , delivered, 2025-08-27T13:02:01Z
24ddf31b-99f7-416a-bafb-c06698f1775d, P0790                , afc55de2-a721-4163-8d3c-83b4d3fdd5d1, +15550000790, Reminder   , delivered, 2025-04-20T11:20:47Z
24ddf31b-99f7-416a-bafb-c06698f1775d, P0790                , e71a64ab-bd6e-4f04-a5ff-ae534d341a05, +15550000790, Reminder   , delivered, 2025-05-13T11:20:47Z
24ddf31b-99f7-416a-bafb-c06698f1775d, P0790                , 42fd97b5-2b47-430f-b313-cf4dc5690297, +15550000790, Reminder   , delivered, 2025-07-12T11:20:47Z
24ddf31b-99f7-416a-bafb-c06698f1775d, P0790                , 6d4b0236-0825-477e-867d-371c7b0a02b6, +15550000790, Reminder   , delivered, 2025-07-13T11:20:47Z
3cedfc24-3494-4df2-9648-c1f5f7982e57, P0791                , d14f496d-2ee1-4e6f-9313-b17971f25408, +15550000791, Reminder   , delivered, 2025-08-29T02:26:23Z
c2a52e47-f6b5-469b-ae00-1944f1d722e4, P0792                , cfc020de-e733-4f6a-bd4d-0177adf3f033, +15550000792, Reminder   , delivered, 2025-05-06T14:08:42Z
c2a52e47-f6b5-469b-ae00-1944f1d722e4, P0792                , f2aa19ca-3e6b-42b7-aab1-de34ffa9b5e7, +15550000792, Reminder   , delivered, 2025-05-28T14:08:42Z
c2a52e47-f6b5-469b-ae00-1944f1d722e4, P0792                , fa0de0dc-ad61-427b-bfa3-e956af8fac59, +15550000792, Reminder   , delivered, 2025-05-29T14:08:42Z
c2a52e47-f6b5-469b-ae00-1944f1d722e4, P0792                , 31b8d7b2-93e6-451a-a362-b2dddcbd3c1d, +15550000792, Reminder   , delivered, 2025-05-30T14:08:42Z
556e85f5-d422-4cbf-8157-5b9aff95bc1a, P0793                , 943474b1-4324-4e92-83ce-45ef850c281b, +15550000793, Reminder   , delivered, 2025-09-09T23:34:04Z
556e85f5-d422-4cbf-8157-5b9aff95bc1a, P0793                , 2769eb50-7059-4dd4-9256-58cf9de85ca4, +15550000793, Reminder   , delivered, 2025-09-10T23:34:04Z
556e85f5-d422-4cbf-8157-5b9aff95bc1a, P0793                , 4e1d54c0-47b7-4b9c-be2f-5f82f0530843, +15550000793, Reminder   , delivered, 2025-09-16T23:34:04Z
9bf2f74e-5d08-4e91-b3a7-2ab96170812f, P0795                , 3be4b4d4-ef8f-4395-bc19-ca1afd1ae107, +15550000795, Reminder   , delivered, 2025-10-23T13:43:40Z
d5a7a158-76e6-4f40-af65-ab3fda834627, P0796                , d6bca5fe-7c24-48e2-85f3-d652ec46aa3c, +15550000796, Reminder   , delivered, 2025-12-16T18:33:24Z
af3cb7f7-b29f-4f9d-a59d-149a70727b45, P0797                , e54b4554-d4e4-4eea-ba40-aa235e6150c0, +15550000797, Reminder   , delivered, 2025-12-20T18:09:19Z
af3cb7f7-b29f-4f9d-a59d-149a70727b45, P0797                , 6e39c294-b6c0-4ce3-b41b-04616e7ed1f3, +15550000797, Reminder   , delivered, 2025-12-27T18:09:19Z
d11dc96b-adc2-4ed6-96de-ae5d8e1380a3, P0798                , ae3054de-eef5-4304-9282-26cadfae4886, +15550000798, Reminder   , delivered, 2025-07-14T04:41:12Z
d11dc96b-adc2-4ed6-96de-ae5d8e1380a3, P0798                , f1752146-e08a-4ad5-8c8b-7a24965d822a, +15550000798, Reminder   , delivered, 2025-08-13T04:41:12Z
d11dc96b-adc2-4ed6-96de-ae5d8e1380a3, P0798                , 8ba7832b-38af-4e2d-9685-142fbe87a243, +15550000798, Reminder   , delivered, 2026-01-07T05:41:12Z
9ffce019-0e10-472d-aa3d-c0105278c654, P0799                , 4a3c61d9-f4ce-4aab-b5db-29d4dba9a7f0, +15550000799, Reminder   , delivered, 2025-02-17T12:14:06Z
9ffce019-0e10-472d-aa3d-c0105278c654, P0799                , a997bb58-38e7-4f2f-a0f5-899cddfa31c1, +15550000799, Reminder   , delivered, 2025-03-19T11:14:06Z
9ffce019-0e10-472d-aa3d-c0105278c654, P0799                , 0537e880-6fbf-4faf-b67e-ab959c7e7488, +15550000799, Reminder   , delivered, 2025-08-02T11:14:06Z
9ffce019-0e10-472d-aa3d-c0105278c654, P0799                , cd10a0ea-c7ce-4d70-9153-4956ce95adf4, +15550000799, Reminder   , delivered, 2025-08-03T11:14:06Z
b98a3e77-a79e-467a-b1f0-98a07087a6ab, P0801                , 0cc87158-d541-485b-a7dd-756d157b8c15, +15550000801, Reminder   , delivered, 2025-07-29T00:56:10Z
c2f846c5-c369-4a73-9333-a1b36d12a447, P0802                , 4241fc9c-d763-435f-b500-629cb05e6a0e, +15550000802, Reminder   , delivered, 2025-04-07T10:27:45Z
c2f846c5-c369-4a73-9333-a1b36d12a447, P0802                , eb0c5e4c-179c-4fea-b5a7-8f349df6a09a, +15550000802, Reminder   , delivered, 2025-04-14T10:27:45Z
d33661bc-d11c-4756-a8a3-9e3761f9e476, P0804                , 47f91f01-1d7f-4e95-88d4-8ed596744331, +15550000804, Reminder   , delivered, 2025-05-27T19:07:15Z
d33661bc-d11c-4756-a8a3-9e3761f9e476, P0804                , 8704c55f-35c7-40aa-9ff5-d94192173c5d, +15550000804, Reminder   , delivered, 2025-06-19T19:07:15Z
d33661bc-d11c-4756-a8a3-9e3761f9e476, P0804                , ac945143-d738-4bd6-83fa-2f80e3ae0c12, +15550000804, Reminder   , delivered, 2025-06-20T19:07:15Z
d33661bc-d11c-4756-a8a3-9e3761f9e476, P0804                , 907fe530-b60b-4254-a4b4-897d24c10ec1, +15550000804, Reminder   , delivered, 2025-06-21T19:07:15Z
d33661bc-d11c-4756-a8a3-9e3761f9e476, P0804                , 34de6154-9986-46ab-b058-fb2adf3366f6, +15550000804, Reminder   , delivered, 2025-08-18T19:07:15Z
d33661bc-d11c-4756-a8a3-9e3761f9e476, P0804                , 2d63b616-1447-4892-a9a2-57b8119ad0a7, +15550000804, Reminder   , delivered, 2025-08-19T19:07:15Z
d33661bc-d11c-4756-a8a3-9e3761f9e476, P0804                , 6f2a30f8-ab90-4e41-859e-af124eecf078, +15550000804, Reminder   , delivered, 2025-08-20T19:07:15Z
f6e807fd-29dc-44f6-9eb3-ceacc08b82f8, P0805                , 5706303b-21d6-41ea-b2f3-15b3f6dad692, +15550000805, Reminder   , delivered, 2025-09-30T23:00:16Z
f6e807fd-29dc-44f6-9eb3-ceacc08b82f8, P0805                , ab97451b-9aab-44f7-841d-28b96060e5fd, +15550000805, Reminder   , delivered, 2025-10-01T23:00:16Z
f6e807fd-29dc-44f6-9eb3-ceacc08b82f8, P0805                , 38ba7d3d-caec-4ea6-94e2-2d3311713730, +15550000805, Reminder   , delivered, 2025-10-02T23:00:16Z
f6e807fd-29dc-44f6-9eb3-ceacc08b82f8, P0805                , 235d3f6e-a5fc-488e-9dbb-e35d5e9ca3df, +15550000805, Reminder   , delivered, 2025-12-23T00:00:16Z
f6e807fd-29dc-44f6-9eb3-ceacc08b82f8, P0805                , 72257b6d-0266-42ba-8312-5ec10bdd3d3a, +15550000805, Reminder   , delivered, 2025-12-24T00:00:16Z
a2357a09-0a39-43a3-a064-2281070d49be, P0806                , 89eaacbe-37c2-4a03-b4c4-feb31594ef2a, +15550000806, Reminder   , delivered, 2025-11-21T03:58:13Z
a2357a09-0a39-43a3-a064-2281070d49be, P0806                , 3021acee-835f-41e2-af24-177a87b17d45, +15550000806, Reminder   , delivered, 2025-11-22T03:58:13Z
a2357a09-0a39-43a3-a064-2281070d49be, P0806                , 882da2fe-17c3-4032-ad63-ab058811fdae, +15550000806, Reminder   , delivered, 2025-11-23T03:58:13Z
6b96449d-5fd6-4ae8-b453-88e1d499729d, P0807                , aa22d006-6444-44b8-97d4-5b310bd6df7d, +15550000807, Reminder   , delivered, 2025-09-25T13:37:00Z
6b96449d-5fd6-4ae8-b453-88e1d499729d, P0807                , 3e4b5c3c-1a47-4502-baa1-d7d096c36989, +15550000807, Reminder   , delivered, 2025-09-26T13:37:00Z
6b96449d-5fd6-4ae8-b453-88e1d499729d, P0807                , d789e0a0-93d7-438c-8360-8cd7bba0a63e, +15550000807, Reminder   , delivered, 2025-09-27T13:37:00Z
6b96449d-5fd6-4ae8-b453-88e1d499729d, P0807                , 8360a743-09c2-4608-99a4-3ec127667ef8, +15550000807, Reminder   , delivered, 2025-11-04T14:37:00Z
6b96449d-5fd6-4ae8-b453-88e1d499729d, P0807                , d6b22fa6-01d0-4954-b843-e36ef1baba4c, +15550000807, Reminder   , delivered, 2025-11-05T14:37:00Z
6b96449d-5fd6-4ae8-b453-88e1d499729d, P0807                , 4d785c4e-0faa-44ce-8cc5-443d9940c1d0, +15550000807, Reminder   , delivered, 2025-11-06T14:37:00Z
008b95cb-9ada-4648-9897-c2bd019147c7, P0808                , fac35c89-62ff-4be5-8780-a8139c64406c, +15550000808, Reminder   , delivered, 2026-03-23T21:28:48Z
008b95cb-9ada-4648-9897-c2bd019147c7, P0808                , ed739837-b285-4d51-a6ed-91140ff669cb, +15550000808, Reminder   , delivered, 2026-03-24T21:28:48Z
008b95cb-9ada-4648-9897-c2bd019147c7, P0808                , 71b34fa6-0529-436d-a70e-a35864a2eb20, +15550000808, Reminder   , delivered, 2026-03-25T21:28:48Z
c47cdf4e-3d58-4215-90ca-282072c082a7, P0809                , 7563165f-1978-4614-acaa-e306c528e9f2, +15550000809, Reminder   , delivered, 2025-08-23T19:32:18Z
c47cdf4e-3d58-4215-90ca-282072c082a7, P0809                , 25ccdd27-2451-445b-ae27-073d4c4c4103, +15550000809, Reminder   , delivered, 2025-12-25T20:32:18Z
4cdb8e6e-a541-4946-a287-ac2b49843b0c, P0810                , 13ced06a-f3a6-41c2-b839-dd149c46f286, +15550000810, Reminder   , delivered, 2025-06-14T12:44:49Z
4cdb8e6e-a541-4946-a287-ac2b49843b0c, P0810                , 586de5e9-2ddf-43a9-9040-1653b8f3d0e2, +15550000810, Reminder   , delivered, 2025-06-15T12:44:49Z
15901143-60f9-4818-a2a5-9533435271b1, P0812                , 038e7882-d49d-4f1d-aac5-e936655589a3, +15550000812, Reminder   , delivered, 2025-02-04T08:27:25Z
15901143-60f9-4818-a2a5-9533435271b1, P0812                , 60c4bd56-dc68-4994-b2dd-be928d7249ab, +15550000812, Reminder   , delivered, 2025-02-05T08:27:25Z
15901143-60f9-4818-a2a5-9533435271b1, P0812                , f553ce82-edfd-4bff-9af2-9bd1fccb2b0e, +15550000812, Reminder   , delivered, 2025-06-20T07:27:25Z
15901143-60f9-4818-a2a5-9533435271b1, P0812                , ce6a6acd-8826-4f8f-8dd6-0440958fd0f7, +15550000812, Reminder   , delivered, 2025-06-21T07:27:25Z
15901143-60f9-4818-a2a5-9533435271b1, P0812                , 461528a9-146f-4346-ab5f-10a20a333a9b, +15550000812, Reminder   , delivered, 2025-06-22T07:27:25Z
ef5f16f4-815d-4af8-ae66-48dded573532, P0813                , aceb1020-406a-4517-84a6-b01e026b0c04, +15550000813, Reminder   , delivered, 2026-03-07T02:14:30Z
ef5f16f4-815d-4af8-ae66-48dded573532, P0813                , 55b95654-fa99-45c0-9fd8-1e3452a7e5e2, +15550000813, Reminder   , delivered, 2026-03-08T02:14:30Z
d1a13dd2-3e57-46c9-a634-9316c8e81fbb, P0814                , 246a79ce-4890-40ec-b0fb-c6f616d9c1ad, +15550000814, Reminder   , delivered, 2025-02-12T15:59:03Z
d1a13dd2-3e57-46c9-a634-9316c8e81fbb, P0814                , 6dbd9964-02ab-4782-8106-8cf4d9ee7a89, +15550000814, Reminder   , delivered, 2025-02-13T15:59:03Z
a25939ac-d0fd-4a8d-a58f-e69e43171d42, P0815                , a11d714a-2dce-4631-a4a7-732f30661c58, +15550000815, Reminder   , delivered, 2025-11-11T12:01:01Z
a25939ac-d0fd-4a8d-a58f-e69e43171d42, P0815                , aa4ba9bf-98db-4e82-a75e-d62a9aaab74d, +15550000815, Reminder   , delivered, 2025-11-12T12:01:01Z
a25939ac-d0fd-4a8d-a58f-e69e43171d42, P0815                , 29570b3b-0f73-49ea-bacb-5d8fe0a71968, +15550000815, Reminder   , delivered, 2025-11-13T12:01:01Z
a25939ac-d0fd-4a8d-a58f-e69e43171d42, P0815                , 46d4db14-31bb-4f2e-931d-ac8779237c34, +15550000815, Reminder   , delivered, 2025-12-11T12:01:01Z
a25939ac-d0fd-4a8d-a58f-e69e43171d42, P0815                , 11d2f51e-c776-490c-9b62-ae713a1c8c88, +15550000815, Reminder   , delivered, 2025-12-12T12:01:01Z
8804469e-b9ea-4ec5-b88a-d0a511fc492a, P0817                , 858fe3d9-95d2-43cd-944b-4dc81b04bd53, +15550000817, Reminder   , delivered, 2025-10-30T15:07:47Z
8804469e-b9ea-4ec5-b88a-d0a511fc492a, P0817                , dac87ca6-a7ad-4a0b-b530-2f1706a1a876, +15550000817, Reminder   , delivered, 2026-03-10T15:07:47Z
8804469e-b9ea-4ec5-b88a-d0a511fc492a, P0817                , b8db2599-fe79-40bd-9b13-a5a9fc569a25, +15550000817, Reminder   , delivered, 2026-03-11T15:07:47Z
ab2bf907-a72b-4618-b2b0-e10d4816db98, P0818                , 72ae4593-8f37-44e5-b3fe-5273c98d2c73, +15550000818, Reminder   , delivered, 2025-05-02T16:18:02Z
ab2bf907-a72b-4618-b2b0-e10d4816db98, P0818                , c6033bcc-fd73-49e1-bb13-44a10e270bc1, +15550000818, Reminder   , delivered, 2025-06-01T16:18:02Z
ab2bf907-a72b-4618-b2b0-e10d4816db98, P0818                , b709162b-d263-45bc-9272-c8ecce3c4299, +15550000818, Reminder   , delivered, 2025-06-02T16:18:02Z
ab2bf907-a72b-4618-b2b0-e10d4816db98, P0818                , 5e492f22-f852-4317-b746-066c4493d4b7, +15550000818, Reminder   , delivered, 2025-06-03T16:18:02Z
ab2bf907-a72b-4618-b2b0-e10d4816db98, P0818                , b733c10c-6307-403d-ac31-d3f1554dba3d, +15550000818, Reminder   , delivered, 2025-10-18T16:18:02Z
bbbf6bec-1308-4c9f-94d4-f180a0f532f1, P0819                , 2513b816-a22b-43ac-b4b4-7ce9c7f1d595, +15550000819, Reminder   , delivered, 2025-04-21T12:49:04Z
bbbf6bec-1308-4c9f-94d4-f180a0f532f1, P0819                , 4bdc7a04-c5bf-411c-8203-ad971602461c, +15550000819, Reminder   , delivered, 2025-04-22T12:49:04Z
bbbf6bec-1308-4c9f-94d4-f180a0f532f1, P0819                , 9267b438-c7d2-48ca-b8f4-047891eefce3, +15550000819, Reminder   , delivered, 2025-04-23T12:49:04Z
bbbf6bec-1308-4c9f-94d4-f180a0f532f1, P0819                , e7fcf36c-11a2-4adf-beed-4e8dae5c2d61, +15550000819, Reminder   , delivered, 2025-07-13T12:49:04Z
487292ca-cb33-472a-b9d6-afeb9876956e, P0820                , f1078c3e-3f86-4f1f-97cf-8f1b1084d502, +15550000820, Reminder   , delivered, 2026-04-19T01:11:53Z
487292ca-cb33-472a-b9d6-afeb9876956e, P0820                , 7cfe4d8f-6f18-4b07-81e7-ed9cd71fe1ce, +15550000820, Reminder   , delivered, 2026-04-20T01:11:53Z
487292ca-cb33-472a-b9d6-afeb9876956e, P0820                , 0d0cebe0-3bf3-4aea-8700-a5307824024f, +15550000820, Reminder   , delivered, 2026-04-21T01:11:53Z
29da2b62-6dcd-478a-92b7-6e9001b64828, P0821                , cbc34b78-c636-4694-8daf-0b954799932b, +15550000821, Reminder   , delivered, 2025-10-15T15:18:09Z
29da2b62-6dcd-478a-92b7-6e9001b64828, P0821                , e8f66c59-f341-4215-8836-a28d78758e65, +15550000821, Reminder   , delivered, 2025-10-16T15:18:09Z
29da2b62-6dcd-478a-92b7-6e9001b64828, P0821                , 1cdad61f-8cf7-4ab1-892a-503d87f011fd, +15550000821, Reminder   , delivered, 2026-01-24T16:18:09Z
29da2b62-6dcd-478a-92b7-6e9001b64828, P0821                , 1e5b74b0-6f72-4cc6-b64a-8c99bdf1a105, +15550000821, Reminder   , delivered, 2026-01-25T16:18:09Z
d999f826-b802-4a59-9c02-7905ca1e6da6, P0822                , 79f8a824-e106-4330-8368-c8084744be33, +15550000822, Reminder   , delivered, 2025-04-06T06:55:29Z
51a7971d-72a5-4e73-8957-3ccc24517c25, P0823                , e004a31d-6c11-4833-9922-e91c771df9f7, +15550000823, Reminder   , delivered, 2025-08-10T21:03:44Z
51a7971d-72a5-4e73-8957-3ccc24517c25, P0823                , e2b3943e-26a0-4bf6-b061-65502ed8c549, +15550000823, Reminder   , delivered, 2025-08-11T21:03:44Z
51a7971d-72a5-4e73-8957-3ccc24517c25, P0823                , 0cd4e764-5b49-4682-98f6-56fb4b4161f7, +15550000823, Reminder   , delivered, 2025-08-12T21:03:44Z
b5340b7f-ec2b-403c-a495-fc0bf0e7f3b0, P0824                , bc248387-89bd-4efa-9051-9240da31dbef, +15550000824, Reminder   , delivered, 2025-05-07T17:14:38Z
b5340b7f-ec2b-403c-a495-fc0bf0e7f3b0, P0824                , 086510b6-2697-44b3-81b3-377ba1136156, +15550000824, Reminder   , delivered, 2025-05-08T17:14:38Z
b5340b7f-ec2b-403c-a495-fc0bf0e7f3b0, P0824                , 9260f668-fcbc-40ab-a1ea-b3032fab0b49, +15550000824, Reminder   , delivered, 2025-05-09T17:14:38Z
b5340b7f-ec2b-403c-a495-fc0bf0e7f3b0, P0824                , d7579d7c-2e36-4e61-8563-af23a19e3da9, +15550000824, Reminder   , delivered, 2025-08-05T17:14:38Z
c82ae900-6d97-47c8-9d3c-3d09db3d0c47, P0826                , 321d7d10-d650-4d86-b850-6909d074e167, +15550000826, Reminder   , delivered, 2025-07-17T02:48:12Z
c82ae900-6d97-47c8-9d3c-3d09db3d0c47, P0826                , 80027802-1616-4ec8-8692-d4c696f63d27, +15550000826, Reminder   , delivered, 2025-07-24T02:48:12Z
c82ae900-6d97-47c8-9d3c-3d09db3d0c47, P0826                , f7081d8a-3e3f-4501-ae4e-4ae4f6d7eac2, +15550000826, Reminder   , delivered, 2025-10-15T02:48:12Z
c82ae900-6d97-47c8-9d3c-3d09db3d0c47, P0826                , c0aaa1e7-654f-4119-9329-eb5856ac5112, +15550000826, Reminder   , delivered, 2025-10-16T02:48:12Z
099dcb90-b695-483b-9070-9408251fcd09, P0827                , 5090e16b-3331-4852-8fe7-fbf9ccbde63e, +15550000827, Reminder   , delivered, 2025-09-06T14:16:25Z
099dcb90-b695-483b-9070-9408251fcd09, P0827                , d1c47331-73f4-4b59-9c45-712a7a0a6f4e, +15550000827, Reminder   , delivered, 2025-11-05T15:16:25Z
ac2a970a-61cb-4342-b281-6ff2071ea9b6, P0828                , a118b556-54c0-4781-89c0-37491df7957d, +15550000828, Reminder   , delivered, 2025-05-17T07:47:29Z
ac2a970a-61cb-4342-b281-6ff2071ea9b6, P0828                , 6d275381-c037-4cb6-b74a-f6bc40f1d641, +15550000828, Reminder   , delivered, 2025-05-18T07:47:29Z
ac2a970a-61cb-4342-b281-6ff2071ea9b6, P0828                , 9e6a2582-b445-493f-b488-7baffbca34fc, +15550000828, Reminder   , delivered, 2025-06-09T07:47:29Z
ac2a970a-61cb-4342-b281-6ff2071ea9b6, P0828                , abc90817-d452-4018-8d83-b28c8817c05b, +15550000828, Reminder   , delivered, 2025-06-10T07:47:29Z
fd2032ff-dcaa-448a-8d0a-0e294aecf389, P0829                , ca8ec9cb-1b94-479c-b5ca-2f4ce3459951, +15550000829, Reminder   , delivered, 2025-05-06T19:43:41Z
fd2032ff-dcaa-448a-8d0a-0e294aecf389, P0829                , 2f1b8d12-21bb-4c13-aa54-726585c04910, +15550000829, Reminder   , delivered, 2025-10-16T19:43:41Z
f6492d25-f8f1-44ed-9679-f135981c2e31, P0830                , a4f65795-330e-4b10-90a7-a60d677a9b3a, +15550000830, Reminder   , delivered, 2025-12-19T19:50:31Z
f6492d25-f8f1-44ed-9679-f135981c2e31, P0830                , e947e62b-446b-4a5e-9f3d-766bfbf28c41, +15550000830, Reminder   , delivered, 2025-12-20T19:50:31Z
f6492d25-f8f1-44ed-9679-f135981c2e31, P0830                , 993511f5-ffa8-4fe2-a4ee-e72c01a1f5f5, +15550000830, Reminder   , delivered, 2025-12-26T19:50:31Z
a998f7de-b857-4542-9ea0-c78a431e2993, P0831                , ffe6dece-fbdf-41c7-843a-f6ba7ed73704, +15550000831, Reminder   , delivered, 2025-12-23T08:00:07Z
a998f7de-b857-4542-9ea0-c78a431e2993, P0831                , 4f7a4436-4760-41d9-b6a1-0e195b5f09d9, +15550000831, Reminder   , delivered, 2025-12-24T08:00:07Z
af3899c9-b051-401d-95ea-b499cfea9a8d, P0832                , 7993b254-86ec-46a4-a6ee-9d7e5390f6a3, +15550000832, Reminder   , delivered, 2025-10-16T14:45:47Z
241713a0-642e-466f-8862-1cf9429690f6, P0833                , e378780e-8abb-49fb-be6e-4d1c6ec36ba8, +15550000833, Reminder   , delivered, 2025-10-13T16:09:55Z
241713a0-642e-466f-8862-1cf9429690f6, P0833                , 916d75ab-2bb0-4ed2-ab13-3ad28eb476bb, +15550000833, Reminder   , delivered, 2025-10-14T16:09:55Z
241713a0-642e-466f-8862-1cf9429690f6, P0833                , e44cfc72-14a7-458b-a781-c41c862a644a, +15550000833, Reminder   , delivered, 2025-12-12T17:09:55Z
241713a0-642e-466f-8862-1cf9429690f6, P0833                , 0facf588-763c-42bb-851b-92f278eaff85, +15550000833, Reminder   , delivered, 2025-12-13T17:09:55Z
241713a0-642e-466f-8862-1cf9429690f6, P0833                , 7fb19745-ea8c-4dac-8ebf-815cb2f41eb6, +15550000833, Reminder   , delivered, 2025-12-14T17:09:55Z
413c529e-c0d4-4391-802b-b412b1c9a188, P0834                , 2f25f4db-a5b0-41f3-8967-97bb6d60527a, +15550000834, Reminder   , delivered, 2026-05-04T10:10:01Z
6017d627-a20e-4323-ad6d-d46583a8442f, P0835                , c2f9aaea-e365-4e8a-88a5-6bb2016152b4, +15550000835, Reminder   , delivered, 2025-07-12T00:54:33Z
6017d627-a20e-4323-ad6d-d46583a8442f, P0835                , e378c3ed-e376-4d04-8218-9b437b0a96e6, +15550000835, Reminder   , delivered, 2025-07-19T00:54:33Z
6017d627-a20e-4323-ad6d-d46583a8442f, P0835                , 7123e905-4b13-4dd0-9274-741e6c85a5d7, +15550000835, Reminder   , delivered, 2025-10-10T00:54:33Z
61ad0131-822d-425b-8ad4-f78864a3731f, P0836                , 7b49c829-ef1e-47ea-b221-d8400db5ff03, +15550000836, Reminder   , delivered, 2025-10-08T00:53:03Z
6e1cb1fc-addc-48ea-9395-48c053247c05, P0837                , 8ecd383b-7b7b-405d-b7e7-d1d1402a92d1, +15550000837, Reminder   , delivered, 2025-05-10T07:44:15Z
6e1cb1fc-addc-48ea-9395-48c053247c05, P0837                , 88c8bbbb-08c5-42f6-8e5e-974e9cf921b9, +15550000837, Reminder   , delivered, 2025-06-02T07:44:15Z
6e1cb1fc-addc-48ea-9395-48c053247c05, P0837                , 03bb15c2-7cdc-424f-8867-e223fac8d5d2, +15550000837, Reminder   , delivered, 2025-06-03T07:44:15Z
e3d83fec-0289-47ad-9cff-d83894bf8f54, P0838                , 6c5a2a6d-875b-403b-a1b0-ff1d5ec9a30d, +15550000838, Reminder   , delivered, 2025-06-09T03:22:19Z
e3d83fec-0289-47ad-9cff-d83894bf8f54, P0838                , 628e1b7c-a438-4689-9864-09ff05b7e5bc, +15550000838, Reminder   , delivered, 2025-06-10T03:22:19Z
e3d83fec-0289-47ad-9cff-d83894bf8f54, P0838                , d4f3f441-8d9c-43e5-a854-15ad48c4a41a, +15550000838, Reminder   , delivered, 2025-06-11T03:22:19Z
9422481d-7ff5-41cd-9430-121f7a0f32a3, P0839                , 36822868-2966-4f55-92ee-3aa722ca1472, +15550000839, Reminder   , delivered, 2025-03-18T19:23:05Z
9422481d-7ff5-41cd-9430-121f7a0f32a3, P0839                , 8de2db0d-ee27-4540-9418-da45f40fb6ff, +15550000839, Reminder   , delivered, 2025-06-16T19:23:05Z
7a2169c4-7c3f-4176-be0a-bf878406d2d3, P0840                , 5492d47a-d3c3-476c-9b3a-d9aadde9cd08, +15550000840, Reminder   , delivered, 2025-12-10T16:59:25Z
7a2169c4-7c3f-4176-be0a-bf878406d2d3, P0840                , 4fe14ed6-ab31-435f-8b23-7782c3080291, +15550000840, Reminder   , delivered, 2025-12-11T16:59:25Z
c4ff75b4-6655-4506-9dca-433994ea075d, P0842                , abfe1bf9-cfdf-447d-89ea-628c1b45981d, +15550000842, Reminder   , delivered, 2025-04-04T00:08:45Z
750e4ad5-27e4-4c71-b86b-a1bf8eb816c8, P0844                , a4791217-722c-4a58-8f1d-70fbdfe1b650, +15550000844, Reminder   , delivered, 2025-10-03T03:27:08Z
750e4ad5-27e4-4c71-b86b-a1bf8eb816c8, P0844                , 9395b3e8-f1c3-439f-abba-ba6915895202, +15550000844, Reminder   , delivered, 2025-10-26T03:27:08Z
750e4ad5-27e4-4c71-b86b-a1bf8eb816c8, P0844                , 5d4fae92-7d80-42a2-8f65-978882c156b6, +15550000844, Reminder   , delivered, 2025-12-25T04:27:08Z
750e4ad5-27e4-4c71-b86b-a1bf8eb816c8, P0844                , 98ad2107-d1bd-42f4-b012-6d21f39bc1ff, +15550000844, Reminder   , delivered, 2025-12-26T04:27:08Z
750e4ad5-27e4-4c71-b86b-a1bf8eb816c8, P0844                , 79af42a3-745c-4afb-a4af-b0848c7172c0, +15550000844, Reminder   , delivered, 2025-12-27T04:27:08Z
53c56f07-d1e3-4116-8eb9-5ca4dea37353, P0845                , ac17a341-72e8-4075-9c2e-27307273ff4f, +15550000845, Reminder   , delivered, 2026-03-24T16:36:49Z
d702894a-7039-4701-9e9a-1539dbc1fa68, P0846                , 26bd3b72-84a7-40a8-ba9c-a8434986a26d, +15550000846, Reminder   , delivered, 2025-05-23T20:41:42Z
d702894a-7039-4701-9e9a-1539dbc1fa68, P0846                , 9092a156-33fa-43b6-8553-91016e70fae1, +15550000846, Reminder   , delivered, 2025-05-24T20:41:42Z
d702894a-7039-4701-9e9a-1539dbc1fa68, P0846                , f547886b-f9e7-4546-b9cf-35a24e303e18, +15550000846, Reminder   , delivered, 2025-06-15T20:41:42Z
d702894a-7039-4701-9e9a-1539dbc1fa68, P0846                , 17e982f4-84c6-430e-a99d-f5a4c95da5cc, +15550000846, Reminder   , delivered, 2025-06-16T20:41:42Z
109c730b-a181-4547-be8c-e38368b76cf8, P0847                , aa0b2ad1-318d-4d31-a8ea-b2a4200050ad, +15550000847, Reminder   , delivered, 2026-01-21T05:46:11Z
d80725ff-de20-4152-be01-844b2ab5c3e9, P0849                , bb750508-e5bd-4e62-9af1-283271860269, +15550000849, Reminder   , delivered, 2025-05-17T11:12:55Z
d80725ff-de20-4152-be01-844b2ab5c3e9, P0849                , 65f49b2b-bb72-4d1b-a53d-b610be591cb1, +15550000849, Reminder   , delivered, 2025-05-18T11:12:55Z
d80725ff-de20-4152-be01-844b2ab5c3e9, P0849                , 570484dc-7cbf-48f5-a39a-8b4c33b9b90a, +15550000849, Reminder   , delivered, 2025-10-17T11:12:55Z
57529e9e-db5d-486c-b062-9f700c54c8cb, P0851                , 430e2c8b-a999-408e-9147-9162fc413e86, +15550000851, Reminder   , delivered, 2025-11-20T12:16:36Z
57529e9e-db5d-486c-b062-9f700c54c8cb, P0851                , e711db24-7386-4052-be47-71ad8a3eaccd, +15550000851, Reminder   , delivered, 2025-11-21T12:16:36Z
57529e9e-db5d-486c-b062-9f700c54c8cb, P0851                , bd9e4c48-5394-4b59-8a18-ed8c70b4a923, +15550000851, Reminder   , delivered, 2025-11-22T12:16:36Z
57529e9e-db5d-486c-b062-9f700c54c8cb, P0851                , 1a1b8f95-4eca-401f-8878-e466137afc30, +15550000851, Reminder   , delivered, 2025-12-20T12:16:36Z
57529e9e-db5d-486c-b062-9f700c54c8cb, P0851                , 1a39947f-75ef-4466-bd65-873cee429aed, +15550000851, Reminder   , delivered, 2026-02-18T12:16:36Z
57529e9e-db5d-486c-b062-9f700c54c8cb, P0851                , bd6f323c-80a5-4a93-b5aa-144d0ee716ff, +15550000851, Reminder   , delivered, 2026-02-19T12:16:36Z
3edc542a-78bf-4533-849f-3b5a07cc71fc, P0852                , c8e37422-4a64-42d6-9960-b14ca0e92c2d, +15550000852, Reminder   , delivered, 2025-11-09T11:44:33Z
5c79d952-dff2-4412-90d8-6f19c9feef2d, P0853                , 2ba99af8-d0b9-4496-a0e3-3b10e16f05d5, +15550000853, Reminder   , delivered, 2025-11-16T14:55:46Z
5c79d952-dff2-4412-90d8-6f19c9feef2d, P0853                , 76a8222a-0eba-4feb-8b5c-cc87aa54a024, +15550000853, Reminder   , delivered, 2025-11-17T14:55:46Z
5c79d952-dff2-4412-90d8-6f19c9feef2d, P0853                , 447ca9d5-86e3-4e97-b1d0-969523328527, +15550000853, Reminder   , delivered, 2025-11-18T14:55:46Z
5c79d952-dff2-4412-90d8-6f19c9feef2d, P0853                , 82ef0f43-cc89-40e3-9f04-db7c9060c383, +15550000853, Reminder   , delivered, 2026-01-19T14:55:46Z
5c79d952-dff2-4412-90d8-6f19c9feef2d, P0853                , d839ae8a-8374-4ad5-8d3b-6bf0ad3242e3, +15550000853, Reminder   , delivered, 2026-01-20T14:55:46Z
cecca8d6-e409-485f-9d4f-bc32404ebfcc, P0854                , 67e2f0a4-e3cc-421a-8117-9536ffe1f7b8, +15550000854, Reminder   , delivered, 2025-05-29T17:01:58Z
cecca8d6-e409-485f-9d4f-bc32404ebfcc, P0854                , 08bde5fc-63a0-46e7-b191-b4105eb47700, +15550000854, Reminder   , delivered, 2025-06-28T17:01:58Z
cecca8d6-e409-485f-9d4f-bc32404ebfcc, P0854                , 455fc230-0703-47dd-9de2-6922deb6d0e3, +15550000854, Reminder   , delivered, 2025-08-27T17:01:58Z
c9c9b016-a386-43ed-9feb-847aadaec408, P0855                , 4a8e6b12-e823-4d01-938c-df4015ac1fd5, +15550000855, Reminder   , delivered, 2025-03-25T04:08:57Z
c9c9b016-a386-43ed-9feb-847aadaec408, P0855                , 071f518c-af8a-48a3-91e5-4b0e860a675d, +15550000855, Reminder   , delivered, 2025-04-01T04:08:57Z
c9c9b016-a386-43ed-9feb-847aadaec408, P0855                , a35de8f1-4b62-4a6d-9295-228c2cb80325, +15550000855, Reminder   , delivered, 2025-04-24T04:08:57Z
c9c9b016-a386-43ed-9feb-847aadaec408, P0855                , 8cb61465-28e9-4fb0-960e-1fb5075e1650, +15550000855, Reminder   , delivered, 2025-04-25T04:08:57Z
c9c9b016-a386-43ed-9feb-847aadaec408, P0855                , 8640dc9c-53f0-47b5-994f-153c92f84b49, +15550000855, Reminder   , delivered, 2025-04-26T04:08:57Z
9399a26c-3df7-4f50-894f-a0b4928b0d16, P0858                , 0ebc30c8-31c0-4abc-be8e-d58c6712f878, +15550000858, Reminder   , delivered, 2025-10-17T01:32:28Z
9399a26c-3df7-4f50-894f-a0b4928b0d16, P0858                , df04193f-698f-44fa-ab00-685bf1ade671, +15550000858, Reminder   , delivered, 2025-10-18T01:32:28Z
9399a26c-3df7-4f50-894f-a0b4928b0d16, P0858                , b4e717bb-c899-4db5-9eb5-8a58c928d1ee, +15550000858, Reminder   , delivered, 2025-11-16T02:32:28Z
9399a26c-3df7-4f50-894f-a0b4928b0d16, P0858                , fb2b4aca-48ae-4bfb-bf2d-439765afbb0f, +15550000858, Reminder   , delivered, 2025-11-17T02:32:28Z
9399a26c-3df7-4f50-894f-a0b4928b0d16, P0858                , ec6937f3-a31f-4ecb-bcd1-cf52c396a34c, +15550000858, Reminder   , delivered, 2026-01-15T02:32:28Z
9399a26c-3df7-4f50-894f-a0b4928b0d16, P0858                , d30fc57b-1e0d-4133-b0cf-a49eed48940b, +15550000858, Reminder   , delivered, 2026-01-16T02:32:28Z
9399a26c-3df7-4f50-894f-a0b4928b0d16, P0858                , 104f7644-5f15-4d17-8540-8e84eceb02e4, +15550000858, Reminder   , delivered, 2026-02-24T02:32:28Z
e2442b10-d745-45fe-b7c2-88d4ef8f060c, P0859                , f8a86569-9010-4928-90a4-1255cc25b7fa, +15550000859, Reminder   , delivered, 2025-08-09T12:49:08Z
e2442b10-d745-45fe-b7c2-88d4ef8f060c, P0859                , 9b607e5e-ec39-4c60-980a-46dd5bf0632c, +15550000859, Reminder   , delivered, 2025-08-10T12:49:08Z
e2442b10-d745-45fe-b7c2-88d4ef8f060c, P0859                , d0278940-78c2-4570-aa4b-03af32312cb6, +15550000859, Reminder   , delivered, 2025-09-08T12:49:08Z
e2442b10-d745-45fe-b7c2-88d4ef8f060c, P0859                , 05462a17-e1a0-4d1b-beff-86ad358a0c57, +15550000859, Reminder   , delivered, 2025-12-17T13:49:08Z
e2442b10-d745-45fe-b7c2-88d4ef8f060c, P0859                , 82701a90-6dfa-4e61-bfea-25b6fd1f6d52, +15550000859, Reminder   , delivered, 2025-12-19T13:49:08Z
a2478228-39d8-4e83-a735-2887a593bcff, P0860                , 1b31cd25-c8ce-405b-8497-6a5bc38cd8df, +15550000860, Reminder   , delivered, 2025-09-20T14:12:36Z
a2478228-39d8-4e83-a735-2887a593bcff, P0860                , 3d0154b1-21bd-494e-b39d-12d0af59e302, +15550000860, Reminder   , delivered, 2025-09-21T14:12:36Z
a2478228-39d8-4e83-a735-2887a593bcff, P0860                , b15f7a7f-bf44-4502-a6c0-6dc6a49dcbd6, +15550000860, Reminder   , delivered, 2026-03-11T14:12:36Z
a2478228-39d8-4e83-a735-2887a593bcff, P0860                , 031b0391-8ca6-40f1-b870-a15d82532716, +15550000860, Reminder   , delivered, 2026-03-12T14:12:36Z
5b3e9e24-3573-4cbf-a7fd-117c16b27b72, P0862                , 8383cbf8-602b-4c37-b5cf-2f2344f2c543, +15550000862, Reminder   , delivered, 2025-03-22T01:10:29Z
5b3e9e24-3573-4cbf-a7fd-117c16b27b72, P0862                , bcdf43c4-9bfc-4709-b3b1-704109d89588, +15550000862, Reminder   , delivered, 2025-05-21T01:10:29Z
9791dc4d-ee0d-4492-b570-d5084d508d14, P0863                , b3a291c9-544e-493e-a2a0-f498c66991f1, +15550000863, Reminder   , delivered, 2025-09-15T23:58:18Z
9791dc4d-ee0d-4492-b570-d5084d508d14, P0863                , 8f7b77fb-ab2b-4830-9f74-3715e3c2acce, +15550000863, Reminder   , delivered, 2025-11-20T00:58:18Z
9791dc4d-ee0d-4492-b570-d5084d508d14, P0863                , 3cecb9ad-3fc4-457c-bce2-2f4cd2a36d35, +15550000863, Reminder   , delivered, 2025-11-21T00:58:18Z
9791dc4d-ee0d-4492-b570-d5084d508d14, P0863                , d158d735-3c42-45fc-ad65-42148fb5527e, +15550000863, Reminder   , delivered, 2025-11-22T00:58:18Z
07c03560-41be-47ae-a729-40386b595f8c, P0864                , 6f6e89a3-fe51-4fa7-ba99-decf344a2db5, +15550000864, Reminder   , delivered, 2025-04-22T10:29:19Z
07c03560-41be-47ae-a729-40386b595f8c, P0864                , 2d335907-5042-4964-aa56-6f4fb7197f49, +15550000864, Reminder   , delivered, 2025-09-24T10:29:19Z
2cf88044-26c9-4d24-ba66-67a609f05e64, P0865                , 57a40f8a-7c21-46fd-b8ab-95b14149f306, +15550000865, Reminder   , delivered, 2025-05-09T06:15:38Z
2cf88044-26c9-4d24-ba66-67a609f05e64, P0865                , 28a1a095-59d8-4efe-a8c6-5dadef7ece61, +15550000865, Reminder   , delivered, 2025-05-16T06:15:38Z
2cf88044-26c9-4d24-ba66-67a609f05e64, P0865                , 41bc02b6-2087-40fb-a452-d6c613dc7c59, +15550000865, Reminder   , delivered, 2025-05-17T06:15:38Z
6552cb51-4343-4fe6-84be-4f4fb20c94e5, P0866                , 6e552f75-248b-4a5b-9a8a-eb43b28ef4b3, +15550000866, Reminder   , delivered, 2025-11-29T01:47:29Z
6552cb51-4343-4fe6-84be-4f4fb20c94e5, P0866                , ed5b9bd6-6e6d-4655-8dab-9504d383dd12, +15550000866, Reminder   , delivered, 2025-11-30T01:47:29Z
6552cb51-4343-4fe6-84be-4f4fb20c94e5, P0866                , 845443f9-28f8-4702-a45a-1fec9fe487f5, +15550000866, Reminder   , delivered, 2025-12-01T01:47:29Z
6552cb51-4343-4fe6-84be-4f4fb20c94e5, P0866                , 9a3a88c9-9946-4cd2-a5f3-2fcac9f284d0, +15550000866, Reminder   , delivered, 2025-12-22T01:47:29Z
6552cb51-4343-4fe6-84be-4f4fb20c94e5, P0866                , e5dc8ffa-a730-404a-9e62-6e9a3d13d3c9, +15550000866, Reminder   , delivered, 2026-02-20T01:47:29Z
9763925e-3872-4ab8-b88f-89c2fe223d3a, P0867                , 8e2dfb1a-ebe6-4cb5-a822-8ddc9955a452, +15550000867, Reminder   , delivered, 2025-02-16T07:24:38Z
9763925e-3872-4ab8-b88f-89c2fe223d3a, P0867                , 21506e70-8a4f-4b45-8955-907e214c77ec, +15550000867, Reminder   , delivered, 2025-02-23T07:24:38Z
9763925e-3872-4ab8-b88f-89c2fe223d3a, P0867                , 3bf4e320-9885-45b2-9381-9ef16918d36a, +15550000867, Reminder   , delivered, 2025-02-24T07:24:38Z
7ed3d8cf-8fa5-4e8d-a32d-8ffb308457b8, P0868                , d863b04b-7f1c-4171-988b-37fc22a9293f, +15550000868, Reminder   , delivered, 2025-05-05T18:56:37Z
7ed3d8cf-8fa5-4e8d-a32d-8ffb308457b8, P0868                , e0ea21d8-7994-4cdd-9822-78b8ed052179, +15550000868, Reminder   , delivered, 2025-05-12T18:56:37Z
7ed3d8cf-8fa5-4e8d-a32d-8ffb308457b8, P0868                , 4b8f0617-5b34-4eec-89e2-914b3937b76d, +15550000868, Reminder   , delivered, 2025-05-13T18:56:37Z
7ed3d8cf-8fa5-4e8d-a32d-8ffb308457b8, P0868                , da91114d-09e8-4ca9-92f1-019b80c0b6f2, +15550000868, Reminder   , delivered, 2025-06-04T18:56:37Z
7ed3d8cf-8fa5-4e8d-a32d-8ffb308457b8, P0868                , 5b4c2e3c-12a2-4320-b984-852438ce73b4, +15550000868, Reminder   , delivered, 2025-06-05T18:56:37Z
7ed3d8cf-8fa5-4e8d-a32d-8ffb308457b8, P0868                , e8a06761-750b-4756-8209-1315c74e7a9d, +15550000868, Reminder   , delivered, 2025-09-25T18:56:37Z
7ed3d8cf-8fa5-4e8d-a32d-8ffb308457b8, P0868                , b50500b0-0b56-4401-965c-f6ea1aec697d, +15550000868, Reminder   , delivered, 2025-09-26T18:56:37Z
757f94b9-ddbb-4eec-a371-73ad1c9f8680, P0869                , 9ac2075d-5c37-42f6-a90d-1b94d3c3cc4a, +15550000869, Reminder   , delivered, 2025-04-14T23:33:14Z
757f94b9-ddbb-4eec-a371-73ad1c9f8680, P0869                , ad78c0ce-ad38-4b26-9227-89a5c5f32f19, +15550000869, Reminder   , delivered, 2025-04-15T23:33:14Z
757f94b9-ddbb-4eec-a371-73ad1c9f8680, P0869                , ce604ed8-1beb-429a-a9c5-cbf6541c4fb1, +15550000869, Reminder   , delivered, 2025-04-16T23:33:14Z
757f94b9-ddbb-4eec-a371-73ad1c9f8680, P0869                , 4ca9b83f-4a14-4d42-8b02-b1f3d34bedb1, +15550000869, Reminder   , delivered, 2025-07-13T23:33:14Z
757f94b9-ddbb-4eec-a371-73ad1c9f8680, P0869                , 3931784a-5c9d-412b-9c9a-4d6773d3f2c1, +15550000869, Reminder   , delivered, 2025-07-14T23:33:14Z
757f94b9-ddbb-4eec-a371-73ad1c9f8680, P0869                , 4c1a8212-2185-4f61-8ac7-d5f9a8804341, +15550000869, Reminder   , delivered, 2025-08-26T23:33:14Z
dfb4d6f5-cf0c-46fc-ab6b-112dd0f96294, P0872                , 5aa31421-cd4d-44c3-a684-5c7a41670882, +15550000872, Reminder   , delivered, 2025-06-23T02:34:18Z
ca85e5d0-b2f0-48ea-ac64-c3d561f0aa49, P0873                , 970c4efc-d580-4090-9d1f-94a6479f0b17, +15550000873, Reminder   , delivered, 2025-05-13T21:08:57Z
ca85e5d0-b2f0-48ea-ac64-c3d561f0aa49, P0873                , 10ceb99b-97fa-4df5-a023-f15d1a6cd2fd, +15550000873, Reminder   , delivered, 2025-05-14T21:08:57Z
ca85e5d0-b2f0-48ea-ac64-c3d561f0aa49, P0873                , 692b4094-e51d-4a30-926b-7c2c3ae6df74, +15550000873, Reminder   , delivered, 2025-07-12T21:08:57Z
50a5c954-9dc2-4557-a3cc-7d0be1402987, P0874                , b40a3619-3c99-42bb-9062-f4511342602b, +15550000874, Reminder   , delivered, 2025-02-26T23:52:49Z
50a5c954-9dc2-4557-a3cc-7d0be1402987, P0874                , 098725dd-958b-46c6-a385-bbac43f85141, +15550000874, Reminder   , delivered, 2025-02-27T23:52:49Z
50a5c954-9dc2-4557-a3cc-7d0be1402987, P0874                , 5847c487-342f-42f9-aeda-93c50ab0a860, +15550000874, Reminder   , delivered, 2025-02-28T23:52:49Z
50a5c954-9dc2-4557-a3cc-7d0be1402987, P0874                , 59c71444-4d5e-4f0e-939d-09d62a559d37, +15550000874, Reminder   , delivered, 2025-05-27T22:52:49Z
379beb56-06ef-4f59-bf99-7cef0a3f0d6c, P0876                , 459842df-34b3-4260-8774-6106d7b8ea5f, +15550000876, Reminder   , delivered, 2025-09-08T22:55:15Z
379beb56-06ef-4f59-bf99-7cef0a3f0d6c, P0876                , 4935b970-9d6c-4bfd-9d7e-3cc8f2cc7236, +15550000876, Reminder   , delivered, 2025-09-09T22:55:15Z
efcb3ca8-b7c2-44e8-8a70-18016d42bcdd, P0877                , df66d6ef-72d7-4b23-8eb7-dc370e32facc, +15550000877, Reminder   , delivered, 2025-05-15T15:35:43Z
efcb3ca8-b7c2-44e8-8a70-18016d42bcdd, P0877                , 9859d593-dd80-43ba-b0ae-ada063ee62c0, +15550000877, Reminder   , delivered, 2025-05-16T15:35:43Z
f5ec1207-c2ce-4304-8b77-728d98e1b188, P0878                , d06e9cd5-c22e-4e25-9281-c1293f02c6bc, +15550000878, Reminder   , delivered, 2025-04-02T11:46:25Z
93076b07-c34b-4b3c-b11f-e6ebcad7ffdd, P0880                , 1fc3cdd0-a639-4b25-ad9e-ab29b10affe2, +15550000880, Reminder   , delivered, 2025-02-26T06:11:41Z
93076b07-c34b-4b3c-b11f-e6ebcad7ffdd, P0880                , dbfca985-6316-4815-86ec-9d1e61b4742a, +15550000880, Reminder   , delivered, 2025-03-05T06:11:41Z
93076b07-c34b-4b3c-b11f-e6ebcad7ffdd, P0880                , df20ff42-d5be-4374-99f6-c9a3c3318a68, +15550000880, Reminder   , delivered, 2025-03-06T06:11:41Z
93076b07-c34b-4b3c-b11f-e6ebcad7ffdd, P0880                , 80b3caca-0b49-4826-a0b9-2eec7e8bd370, +15550000880, Reminder   , delivered, 2025-03-07T06:11:41Z
93076b07-c34b-4b3c-b11f-e6ebcad7ffdd, P0880                , 3940d4fb-53dd-4531-90e7-10a19008a48a, +15550000880, Reminder   , delivered, 2025-03-28T05:11:41Z
93076b07-c34b-4b3c-b11f-e6ebcad7ffdd, P0880                , efc40e2c-611e-487d-9113-818735ead8e7, +15550000880, Reminder   , delivered, 2025-03-29T05:11:41Z
93076b07-c34b-4b3c-b11f-e6ebcad7ffdd, P0880                , bff08cc4-3b72-414b-97a4-3e5eb41ec2c9, +15550000880, Reminder   , delivered, 2025-05-27T05:11:41Z
203ce3a2-8cf9-4100-84e6-a4b2feb41e81, P0881                , f8d8b6ad-655f-47e9-b697-a936452d64a2, +15550000881, Reminder   , delivered, 2025-09-07T11:42:00Z
203ce3a2-8cf9-4100-84e6-a4b2feb41e81, P0881                , 7229fb03-1c70-47b4-b785-1247c9ee3cc5, +15550000881, Reminder   , delivered, 2025-11-05T12:42:00Z
203ce3a2-8cf9-4100-84e6-a4b2feb41e81, P0881                , 346e894a-6038-4d0e-b1be-4be44d271f9c, +15550000881, Reminder   , delivered, 2025-11-06T12:42:00Z
203ce3a2-8cf9-4100-84e6-a4b2feb41e81, P0881                , 443e1c73-b42b-497f-920f-8cce8203c4a0, +15550000881, Reminder   , delivered, 2025-11-07T12:42:00Z
69d46125-6441-4141-811a-59d2316f9bf6, P0882                , c1d7a270-5eb9-40df-b9d9-67be907372a6, +15550000882, Reminder   , delivered, 2025-11-04T12:30:05Z
69d46125-6441-4141-811a-59d2316f9bf6, P0882                , 3a11a1ad-fefc-4afd-a3fc-d4d5191d308c, +15550000882, Reminder   , delivered, 2025-11-05T12:30:05Z
69d46125-6441-4141-811a-59d2316f9bf6, P0882                , c3ed6ac3-7249-49b6-a12d-71e294173a31, +15550000882, Reminder   , delivered, 2025-11-06T12:30:05Z
69d46125-6441-4141-811a-59d2316f9bf6, P0882                , e5c27448-94f4-465b-a504-4b6243892315, +15550000882, Reminder   , delivered, 2025-11-27T12:30:05Z
69d46125-6441-4141-811a-59d2316f9bf6, P0882                , 2fbed9c4-8c9f-438a-93c3-4a3b75583c7a, +15550000882, Reminder   , delivered, 2025-11-28T12:30:05Z
69d46125-6441-4141-811a-59d2316f9bf6, P0882                , fa7f350c-eb42-4441-b88b-8c83a6f8ef4d, +15550000882, Reminder   , delivered, 2025-11-29T12:30:05Z
97ca99b2-cfb4-4cf3-b3a2-13ef69ac3dfc, P0885                , 234c9409-8f9c-4ed1-b020-aeb5bfd8c99f, +15550000885, Reminder   , delivered, 2025-05-25T11:20:19Z
97ca99b2-cfb4-4cf3-b3a2-13ef69ac3dfc, P0885                , 49811085-e330-41e7-a8cf-31b96c031fc9, +15550000885, Reminder   , delivered, 2025-05-26T11:20:19Z
97ca99b2-cfb4-4cf3-b3a2-13ef69ac3dfc, P0885                , ac24e8ab-86f2-40b8-a25e-d9758a6298a7, +15550000885, Reminder   , delivered, 2025-07-24T11:20:19Z
97ca99b2-cfb4-4cf3-b3a2-13ef69ac3dfc, P0885                , 4c7a70f3-41a2-48d2-9b94-4213d6f9df8e, +15550000885, Reminder   , delivered, 2025-07-25T11:20:19Z
97ca99b2-cfb4-4cf3-b3a2-13ef69ac3dfc, P0885                , 3c0d788b-ad2a-497f-88a5-a1f4403b85fe, +15550000885, Reminder   , delivered, 2025-07-26T11:20:19Z
9a9ce2be-244b-4594-83d3-b9fb9a162b98, P0886                , 5e1d8bf1-ac38-4ac6-852f-d108d8ce4be1, +15550000886, Reminder   , delivered, 2025-09-11T13:41:37Z
9a9ce2be-244b-4594-83d3-b9fb9a162b98, P0886                , fa34f8f7-ff59-4a81-8eac-d2c89cb6d1cd, +15550000886, Reminder   , delivered, 2025-09-12T13:41:37Z
9a9ce2be-244b-4594-83d3-b9fb9a162b98, P0886                , 581b3614-6d6f-4af1-a9cd-95ea6c922264, +15550000886, Reminder   , delivered, 2025-11-10T14:41:37Z
9a9ce2be-244b-4594-83d3-b9fb9a162b98, P0886                , 1ab8375a-910b-4cc0-a377-0fb818dbb06e, +15550000886, Reminder   , delivered, 2025-11-11T14:41:37Z
1ef03599-736c-4527-8411-a9b76665d777, P0887                , d2bca3a8-d65e-4c8c-a7ef-a0b032c3c4b1, +15550000887, Reminder   , delivered, 2025-12-15T10:28:15Z
1ef03599-736c-4527-8411-a9b76665d777, P0887                , 55eca65f-9605-4166-8807-59009f2f3edf, +15550000887, Reminder   , delivered, 2025-12-16T10:28:15Z
1ef03599-736c-4527-8411-a9b76665d777, P0887                , 30157caa-c31a-4e6f-a170-e13cc903e3c9, +15550000887, Reminder   , delivered, 2025-12-17T10:28:15Z
c35a6997-a4aa-4fcc-a442-635cb54dd6a9, P0888                , f3a45e6c-3229-4b4a-a9f0-f1b5f860bfa1, +15550000888, Reminder   , delivered, 2025-09-11T09:46:55Z
c35a6997-a4aa-4fcc-a442-635cb54dd6a9, P0888                , 50e89cc6-b9c6-41a5-8434-8e51a922f447, +15550000888, Reminder   , delivered, 2025-09-12T09:46:55Z
c35a6997-a4aa-4fcc-a442-635cb54dd6a9, P0888                , ca2a368a-bf3b-4cfd-af31-3ea858bf8a2a, +15550000888, Reminder   , delivered, 2025-12-03T10:46:55Z
3ebf15ad-a72d-4768-930b-c601eff618c7, P0889                , 02011fa9-59a7-4e0e-91df-36ea596b66e3, +15550000889, Reminder   , delivered, 2025-06-06T07:52:43Z
3ebf15ad-a72d-4768-930b-c601eff618c7, P0889                , 63f0005f-9c01-4677-bc98-ee338e1e7875, +15550000889, Reminder   , delivered, 2025-07-06T07:52:43Z
16476ead-6bc5-4267-bdf2-83bd43487ea1, P0890                , 2660eac0-0ae4-458c-a884-820e5ad56df8, +15550000890, Reminder   , delivered, 2025-06-05T15:09:08Z
16476ead-6bc5-4267-bdf2-83bd43487ea1, P0890                , a80fbf24-ab92-4de2-a32e-118acd2268d1, +15550000890, Reminder   , delivered, 2025-06-12T15:09:08Z
16476ead-6bc5-4267-bdf2-83bd43487ea1, P0890                , 4c9fef7c-bab8-4a95-ab2f-ab4e3f7844fe, +15550000890, Reminder   , delivered, 2025-11-27T16:09:08Z
16476ead-6bc5-4267-bdf2-83bd43487ea1, P0890                , c0da17c6-1278-4975-9e27-4a7327e6b556, +15550000890, Reminder   , delivered, 2025-11-28T16:09:08Z
16476ead-6bc5-4267-bdf2-83bd43487ea1, P0890                , 88232796-2e82-4484-933c-9817e809e364, +15550000890, Reminder   , delivered, 2025-11-29T16:09:08Z
0ee6ac32-5e56-4313-9f3e-793d1ffd9e41, P0891                , c36534bc-a268-4efc-8897-bed7176a4f07, +15550000891, Reminder   , delivered, 2025-02-08T23:27:29Z
cb740828-fe51-459f-b1d9-27c93f115908, P0892                , 60665f40-063c-4695-9911-23f436139dca, +15550000892, Reminder   , delivered, 2025-08-09T23:53:57Z
cb740828-fe51-459f-b1d9-27c93f115908, P0892                , de2e1bac-3ea4-4cde-adbe-21bc4ceedb80, +15550000892, Reminder   , delivered, 2025-09-01T23:53:57Z
0da68072-3a76-4a0c-8aa3-ea434ff27d46, P0893                , d27ea2c7-34fd-4e31-88de-a4a25fe1c0cb, +15550000893, Reminder   , delivered, 2025-10-06T17:55:05Z
0da68072-3a76-4a0c-8aa3-ea434ff27d46, P0893                , b1ff3777-69b1-4f78-babf-425d210877f9, +15550000893, Reminder   , delivered, 2025-10-07T17:55:05Z
0da68072-3a76-4a0c-8aa3-ea434ff27d46, P0893                , 7ee8d8ca-4d22-4bba-afd1-70a3c9242473, +15550000893, Reminder   , delivered, 2025-10-08T17:55:05Z
1a923cbb-65f1-4098-91e1-0490b834e3a4, P0894                , be57f873-01df-4662-a4cf-5b9cd2879b3d, +15550000894, Reminder   , delivered, 2025-05-16T08:05:29Z
69403a0f-5989-423e-85db-7b7677d51497, P0895                , 9afeea03-7fdf-48be-bb8c-31ac9515e44f, +15550000895, Reminder   , delivered, 2025-09-20T07:13:49Z
69403a0f-5989-423e-85db-7b7677d51497, P0895                , 9e5cedaa-7263-4b68-b232-b8fab6efb92c, +15550000895, Reminder   , delivered, 2026-02-17T08:13:49Z
433a399e-a7dd-4475-afd8-e3e42e04ee32, P0896                , 01b29911-509f-487e-8368-ef0975ee8f70, +15550000896, Reminder   , delivered, 2025-06-09T14:18:55Z
433a399e-a7dd-4475-afd8-e3e42e04ee32, P0896                , c8a3622a-6f8b-4abf-9148-686f3632d986, +15550000896, Reminder   , delivered, 2025-06-10T14:18:55Z
433a399e-a7dd-4475-afd8-e3e42e04ee32, P0896                , 1ba897ab-7aa8-4855-a3b0-fa7b10ed3582, +15550000896, Reminder   , delivered, 2025-06-11T14:18:55Z
433a399e-a7dd-4475-afd8-e3e42e04ee32, P0896                , d630ac3a-5c82-41c1-9e18-e99d94504f2e, +15550000896, Reminder   , delivered, 2025-07-09T14:18:55Z
433a399e-a7dd-4475-afd8-e3e42e04ee32, P0896                , 1a7f8e4b-9fb0-471a-9058-19cab26cc713, +15550000896, Reminder   , delivered, 2025-12-06T15:18:55Z
c1071607-e788-4e06-b5a9-c9454a7be13d, P0897                , f90ba28f-7bc9-40e1-aba7-33600de551d0, +15550000897, Reminder   , delivered, 2025-09-30T07:33:16Z
3426f19e-1344-45a5-9bc4-bb4681640a31, P0898                , 4f5baf64-0d83-40fa-9adb-5159feaea26b, +15550000898, Reminder   , delivered, 2025-03-09T09:31:35Z
3426f19e-1344-45a5-9bc4-bb4681640a31, P0898                , 511140a4-a347-477a-bdac-3fafb1bf141e, +15550000898, Reminder   , delivered, 2025-03-10T09:31:35Z
3426f19e-1344-45a5-9bc4-bb4681640a31, P0898                , 33afad8a-cc8b-4d9e-a90b-f941d13bf551, +15550000898, Reminder   , delivered, 2025-05-08T09:31:35Z
3426f19e-1344-45a5-9bc4-bb4681640a31, P0898                , 1514e825-b6bf-4cd8-b633-63c1aca4aade, +15550000898, Reminder   , delivered, 2025-05-09T09:31:35Z
3426f19e-1344-45a5-9bc4-bb4681640a31, P0898                , 5fb3e503-a503-49e3-92d3-8503828e434f, +15550000898, Reminder   , delivered, 2025-05-10T09:31:35Z
bcfab67c-b5d4-487b-b944-b0a876543352, P0899                , 782a22ec-4f36-4517-9dcb-0657b04e048f, +15550000899, Reminder   , delivered, 2025-09-22T06:22:29Z
bcfab67c-b5d4-487b-b944-b0a876543352, P0899                , eecabd85-edf1-4bf9-827b-16cb9ac85b16, +15550000899, Reminder   , delivered, 2025-09-23T06:22:29Z
bcfab67c-b5d4-487b-b944-b0a876543352, P0899                , a775eb4f-22f2-4af2-ac46-a377d232263f, +15550000899, Reminder   , delivered, 2025-09-24T06:22:29Z
bcfab67c-b5d4-487b-b944-b0a876543352, P0899                , cf72d8df-750e-4bdf-964b-43cbb7a1ee2c, +15550000899, Reminder   , delivered, 2025-10-22T06:22:29Z
bcfab67c-b5d4-487b-b944-b0a876543352, P0899                , e1b21b85-56a6-47b0-b1af-0dcbd38b1519, +15550000899, Reminder   , delivered, 2025-10-23T06:22:29Z
bcfab67c-b5d4-487b-b944-b0a876543352, P0899                , 681d3e46-7466-4292-9d14-0d9f18279f0c, +15550000899, Reminder   , delivered, 2025-10-24T06:22:29Z
03e4e889-569f-4814-bf8f-c684cd076232, P0900                , 366920e4-cf32-4f66-9490-67f722e20dc9, +15550000900, Reminder   , delivered, 2025-10-26T10:23:58Z
03e4e889-569f-4814-bf8f-c684cd076232, P0900                , 9ece4880-ee57-4720-8961-cc1a89f837c9, +15550000900, Reminder   , delivered, 2025-10-27T10:23:58Z
03e4e889-569f-4814-bf8f-c684cd076232, P0900                , e45e3575-b578-4354-b3e2-57765ae6934b, +15550000900, Reminder   , delivered, 2025-10-28T10:23:58Z
03e4e889-569f-4814-bf8f-c684cd076232, P0900                , 2ffafe4a-b044-4b3b-9af7-44eb5436e85f, +15550000900, Reminder   , delivered, 2026-03-26T10:23:58Z
03e4e889-569f-4814-bf8f-c684cd076232, P0900                , bae5300f-a304-4197-97f9-2ee1813424b6, +15550000900, Reminder   , delivered, 2026-03-27T10:23:58Z
ab39c02c-a50d-4282-8fa7-be26a7064326, P0902                , b3c44873-eef8-4707-af51-2778e2dff4f4, +15550000902, Reminder   , delivered, 2025-07-12T14:47:54Z
ab39c02c-a50d-4282-8fa7-be26a7064326, P0902                , daaa5caf-401e-4c6a-b1c5-4bbc49c6b368, +15550000902, Reminder   , delivered, 2025-10-10T14:47:54Z
ab39c02c-a50d-4282-8fa7-be26a7064326, P0902                , e2a1bfa6-9fbb-41eb-ad5d-3dc50d315fbd, +15550000902, Reminder   , delivered, 2025-10-11T14:47:54Z
be8469ec-d140-4954-84dc-1c512e3d96dc, P0903                , 2283e455-7ba3-4ef6-bfee-d56ff88466c2, +15550000903, Reminder   , delivered, 2026-01-19T09:13:43Z
be8469ec-d140-4954-84dc-1c512e3d96dc, P0903                , 34060d4a-8381-45c3-82d0-d0ddb67e52cf, +15550000903, Reminder   , delivered, 2026-01-20T09:13:43Z
be8469ec-d140-4954-84dc-1c512e3d96dc, P0903                , e238d176-731a-4aef-9c36-645542f654c3, +15550000903, Reminder   , delivered, 2026-03-20T08:13:43Z
5a75fb51-7b4e-4de1-a0cb-f0fd5d03e06a, P0904                , 87a723b1-e625-4ee2-b38d-827cbeda6cb9, +15550000904, Reminder   , delivered, 2025-09-28T21:18:24Z
5a75fb51-7b4e-4de1-a0cb-f0fd5d03e06a, P0904                , 1dacf5f6-1de1-4ce4-9b8f-ff8dab675bf0, +15550000904, Reminder   , delivered, 2026-03-09T21:18:24Z
5a75fb51-7b4e-4de1-a0cb-f0fd5d03e06a, P0904                , 6c8efc8a-9ac4-436a-b8de-13d76e295197, +15550000904, Reminder   , delivered, 2026-03-10T21:18:24Z
543c58f7-7c7e-4f80-8f47-2c1c9820211f, P0905                , 4a91c74f-f90e-4537-a660-a8aeb04e2438, +15550000905, Reminder   , delivered, 2025-12-26T14:56:20Z
543c58f7-7c7e-4f80-8f47-2c1c9820211f, P0905                , 3e0683f2-fe95-4d51-92e5-f84d6e0d0df1, +15550000905, Reminder   , delivered, 2025-12-27T14:56:20Z
805c13bc-a4cc-400f-a97c-bc189f63ea54, P0906                , 88b7c749-645b-414b-a600-bba4288a09af, +15550000906, Reminder   , delivered, 2025-12-03T08:51:56Z
805c13bc-a4cc-400f-a97c-bc189f63ea54, P0906                , 08820c97-e263-4dba-99f8-2884af504a6a, +15550000906, Reminder   , delivered, 2025-12-04T08:51:56Z
805c13bc-a4cc-400f-a97c-bc189f63ea54, P0906                , 2bc1568f-9501-4c52-b3fc-89f07102e882, +15550000906, Reminder   , delivered, 2025-12-05T08:51:56Z
b91eb981-81b9-4355-8bd6-5fe33f13eec3, P0907                , 3860aacb-ff49-499f-83c7-f910d02505e6, +15550000907, Reminder   , delivered, 2025-12-24T03:56:00Z
b91eb981-81b9-4355-8bd6-5fe33f13eec3, P0907                , 3348c405-b2e4-447c-8ca1-0f4342eb8883, +15550000907, Reminder   , delivered, 2025-12-25T03:56:00Z
b91eb981-81b9-4355-8bd6-5fe33f13eec3, P0907                , 09610456-6f4b-4fef-8f73-fa92c59b916d, +15550000907, Reminder   , delivered, 2025-12-26T03:56:00Z
b91eb981-81b9-4355-8bd6-5fe33f13eec3, P0907                , e187f9af-1e3d-47d0-984b-80e2729dd8fd, +15550000907, Reminder   , delivered, 2026-02-23T03:56:00Z
a08c510a-a1c5-49c0-a628-96c5ec2d1a67, P0908                , d6c1596f-5b68-4640-8ec7-f4618198e789, +15550000908, Reminder   , delivered, 2025-09-18T18:45:05Z
b5dcd06f-a3b2-4858-b8a0-db0590cea56e, P0910                , 19e2b04c-4d8b-4ce0-830e-39a565d0f660, +15550000910, Reminder   , delivered, 2025-08-08T16:55:37Z
b5dcd06f-a3b2-4858-b8a0-db0590cea56e, P0910                , ae516dd0-5b3a-443d-9ab9-c1b4e82acdc5, +15550000910, Reminder   , delivered, 2025-08-09T16:55:37Z
b5dcd06f-a3b2-4858-b8a0-db0590cea56e, P0910                , 0cb02df6-58a2-49fe-9443-27f7a54f8fba, +15550000910, Reminder   , delivered, 2025-08-10T16:55:37Z
5e7fa42e-7fda-460e-b0c5-eefd18f73ebf, P0911                , 4319a361-3a06-46e8-b757-11f7efcc0877, +15550000911, Reminder   , delivered, 2025-07-21T03:54:31Z
5e7fa42e-7fda-460e-b0c5-eefd18f73ebf, P0911                , 37a65739-ca1c-4fc5-863e-61f84fe56da5, +15550000911, Reminder   , delivered, 2025-07-22T03:54:31Z
2fabcd40-a76d-4a01-9f18-0d9cbfb0eda2, P0912                , 96245f0c-166d-4084-a229-69c03c8d553b, +15550000912, Reminder   , delivered, 2025-04-23T00:32:18Z
28424d42-1be4-4697-847c-b581aee3f85f, P0913                , aab12d41-a73a-42ef-9482-15524fe597f2, +15550000913, Reminder   , delivered, 2025-06-15T08:02:20Z
2e1bbe53-0fc8-4767-9ebb-5e3feee0afb0, P0914                , b23ff74d-5b64-4df2-9114-661101b70652, +15550000914, Reminder   , delivered, 2025-05-18T06:22:43Z
2e1bbe53-0fc8-4767-9ebb-5e3feee0afb0, P0914                , d4bfd608-5113-4ab5-a42a-a2db26add47f, +15550000914, Reminder   , delivered, 2025-05-19T06:22:43Z
2e1bbe53-0fc8-4767-9ebb-5e3feee0afb0, P0914                , 10ff8910-3057-4406-b66f-db46698f03e8, +15550000914, Reminder   , delivered, 2025-06-17T06:22:43Z
2e1bbe53-0fc8-4767-9ebb-5e3feee0afb0, P0914                , 2c59ce80-2a3e-40d8-b16f-3daaecc50ab9, +15550000914, Reminder   , delivered, 2025-06-18T06:22:43Z
2e1bbe53-0fc8-4767-9ebb-5e3feee0afb0, P0914                , 56e9e1aa-f7b9-4e8e-95da-764a6fb978ac, +15550000914, Reminder   , delivered, 2025-11-01T06:22:43Z
e663d1a3-d046-4355-8190-58e51ff95bfb, P0915                , 399c3e4f-8ab5-4c1c-b019-465035d53615, +15550000915, Reminder   , delivered, 2025-09-10T05:54:13Z
e663d1a3-d046-4355-8190-58e51ff95bfb, P0915                , 1b48e874-781b-4142-9204-6c8f0c4e9fbd, +15550000915, Reminder   , delivered, 2025-09-11T05:54:13Z
e663d1a3-d046-4355-8190-58e51ff95bfb, P0915                , cd1910b1-d3e2-4303-9991-cad443c8026e, +15550000915, Reminder   , delivered, 2025-09-17T05:54:13Z
e663d1a3-d046-4355-8190-58e51ff95bfb, P0915                , 3b96e690-63a6-4a11-a450-c19d77f43725, +15550000915, Reminder   , delivered, 2025-09-18T05:54:13Z
a9132e18-af04-4fb7-ba13-af68501f45ad, P0916                , 011017ab-1acc-4832-9a76-df1c790bed70, +15550000916, Reminder   , delivered, 2025-06-08T19:58:50Z
2ad4fbfa-af54-4e71-a024-1db71b16374d, P0917                , c38f308a-ab1f-4c6b-8c1f-2d23c49e6823, +15550000917, Reminder   , delivered, 2025-02-23T20:32:19Z
2ad4fbfa-af54-4e71-a024-1db71b16374d, P0917                , d3932688-ae58-48a7-99b8-3c8bac6d4307, +15550000917, Reminder   , delivered, 2025-04-24T19:32:19Z
14afefa4-4a12-4fd4-9afc-c9d0a4a2459c, P0918                , 2eb936a3-353d-4310-ac76-9383b22eab3d, +15550000918, Reminder   , delivered, 2026-05-30T21:58:17Z
14afefa4-4a12-4fd4-9afc-c9d0a4a2459c, P0918                , 9f6f4bfb-9fc5-45bb-a601-55544a553383, +15550000918, Reminder   , delivered, 2026-05-31T21:58:17Z
7ed0e3bf-9f37-4eaf-b710-9fd4e11f3e21, P0919                , 84a0835f-acb2-4c20-9dd6-e04614fd3157, +15550000919, Reminder   , delivered, 2025-06-12T18:04:16Z
7ed0e3bf-9f37-4eaf-b710-9fd4e11f3e21, P0919                , 902bcf10-a81b-41c8-8ce0-988fcb986111, +15550000919, Reminder   , delivered, 2025-11-30T19:04:16Z
02369944-b3b4-47d4-8d5d-d6c070cacb5c, P0920                , c2c71de7-818c-41f5-b2a6-f2be419a9566, +15550000920, Reminder   , delivered, 2025-10-09T20:14:21Z
02369944-b3b4-47d4-8d5d-d6c070cacb5c, P0920                , 2216c045-09b4-4370-aa0b-be7abc49b080, +15550000920, Reminder   , delivered, 2025-10-16T20:14:21Z
c642785b-aae7-4c2b-aaff-937d1715d791, P0921                , 605d1a5d-e0c2-4997-bd10-f392eb44d229, +15550000921, Reminder   , delivered, 2025-06-07T16:11:52Z
c642785b-aae7-4c2b-aaff-937d1715d791, P0921                , c73e905e-354c-4e65-8536-9592233567e8, +15550000921, Reminder   , delivered, 2025-06-08T16:11:52Z
4a397cff-72ab-47e3-a868-30bf3ce5bdfe, P0922                , c99fbd4b-4398-42cf-b0f2-5f36dc9f4bac, +15550000922, Reminder   , delivered, 2025-01-06T15:00:58Z
4a397cff-72ab-47e3-a868-30bf3ce5bdfe, P0922                , 36c3e4ae-b5a8-4776-bea8-bafd5bb4078e, +15550000922, Reminder   , delivered, 2025-02-04T15:00:58Z
4a397cff-72ab-47e3-a868-30bf3ce5bdfe, P0922                , e0f1bd3a-3c46-4d6a-847b-e37109181084, +15550000922, Reminder   , delivered, 2025-02-05T15:00:58Z
4a397cff-72ab-47e3-a868-30bf3ce5bdfe, P0922                , b4a6b5f9-f475-4bf5-b4a3-f8cf3d2e9620, +15550000922, Reminder   , delivered, 2025-04-05T14:00:58Z
4a397cff-72ab-47e3-a868-30bf3ce5bdfe, P0922                , cb46fc96-e889-4ef8-af38-7f6e13a80d96, +15550000922, Reminder   , delivered, 2025-04-06T14:00:58Z
85b25b7a-dbb3-4cec-8579-271b9cfd7d15, P0925                , 58b8d800-fbbb-430b-84ec-a7a81da80ef4, +15550000925, Reminder   , delivered, 2025-10-01T00:14:55Z
51a6c2d8-b808-4381-aa28-d55ee8d38553, P0926                , 6ed5d5d2-11b5-4fad-abca-ff6cabe9ba43, +15550000926, Reminder   , delivered, 2025-05-09T10:26:15Z
51a6c2d8-b808-4381-aa28-d55ee8d38553, P0926                , fe16b678-72f1-4c89-bca5-e8e6b71b7941, +15550000926, Reminder   , delivered, 2025-07-08T10:26:15Z
1b47c784-8bb6-4fe1-80c0-daa5fbb39826, P0927                , 8d0cd53b-0139-4824-b242-7dfe65ecc80c, +15550000927, Reminder   , delivered, 2025-07-15T05:16:41Z
c29562c9-1889-403a-a37b-e6fd16a8e9d5, P0928                , 7037e396-9e3a-43fa-92c5-4f79d71428dd, +15550000928, Reminder   , delivered, 2025-06-10T05:14:19Z
31a1a18b-986a-427b-9e8f-62315bc83c9f, P0929                , 6295b871-e3b9-421d-a8be-50d96b937d02, +15550000929, Reminder   , delivered, 2025-11-12T09:13:25Z
31a1a18b-986a-427b-9e8f-62315bc83c9f, P0929                , 18964cc1-4d0f-41ac-83e3-8626b2caef83, +15550000929, Reminder   , delivered, 2025-11-13T09:13:25Z
de9b832b-77cb-4366-8994-26d8aa6dd744, P0930                , 47c776a9-be1d-452f-b269-b3187417bda5, +15550000930, Reminder   , delivered, 2025-09-08T17:56:18Z
de9b832b-77cb-4366-8994-26d8aa6dd744, P0930                , 549087cc-8620-4700-951d-f2c11702ffca, +15550000930, Reminder   , delivered, 2025-09-09T17:56:18Z
de9b832b-77cb-4366-8994-26d8aa6dd744, P0930                , 030768a6-3aae-4977-a087-77b33f4d4af3, +15550000930, Reminder   , delivered, 2025-09-15T17:56:18Z
de9b832b-77cb-4366-8994-26d8aa6dd744, P0930                , fbe563dc-0e84-4d76-95a0-caf7f9101724, +15550000930, Reminder   , delivered, 2025-12-07T18:56:18Z
de9b832b-77cb-4366-8994-26d8aa6dd744, P0930                , d02d50ec-3bc8-4bf7-a191-31757a43ed59, +15550000930, Reminder   , delivered, 2026-01-20T18:56:18Z
de9b832b-77cb-4366-8994-26d8aa6dd744, P0930                , 00faf861-be2c-4aab-8f07-520b92ca73dc, +15550000930, Reminder   , delivered, 2026-01-21T18:56:18Z
b05cfd70-f8b4-4cc2-a2af-b2ba0411c667, P0932                , d0c3374b-a742-4832-8969-0d286dcb8b69, +15550000932, Reminder   , delivered, 2025-09-09T12:34:01Z
9aa13ea1-a804-4220-86dc-5d2ff5b19058, P0933                , 85367d01-f9b8-4fce-adee-395efdb38186, +15550000933, Reminder   , delivered, 2026-02-19T00:24:01Z
9aa13ea1-a804-4220-86dc-5d2ff5b19058, P0933                , 3ec1006b-48b1-4086-badb-2079ff916cdc, +15550000933, Reminder   , delivered, 2026-02-20T00:24:01Z
9aa13ea1-a804-4220-86dc-5d2ff5b19058, P0933                , 8834d12d-516e-471f-bb45-7ba3c8085460, +15550000933, Reminder   , delivered, 2026-02-21T00:24:01Z
c35d9471-2f4b-4be3-a410-dbc1ba19f770, P0935                , 1517df28-9708-444e-9fab-1f1c7e0e7c3e, +15550000935, Reminder   , delivered, 2025-11-09T01:01:31Z
c35d9471-2f4b-4be3-a410-dbc1ba19f770, P0935                , 291e54f5-e093-47ca-8f93-a0258758cc33, +15550000935, Reminder   , delivered, 2026-05-08T00:01:31Z
c35d9471-2f4b-4be3-a410-dbc1ba19f770, P0935                , 3ecb0ae3-eb18-41a4-8f0c-894ca1dcb601, +15550000935, Reminder   , delivered, 2026-05-09T00:01:31Z
5f9dce88-d989-4533-b3be-b6b503a4a80f, P0936                , 22f5a932-ba89-4c78-af25-988d09033b2e, +15550000936, Reminder   , delivered, 2025-08-04T08:06:49Z
46b669d9-744c-49ff-a858-27c90d87ce5f, P0937                , d189a215-c7fe-4c67-a91c-c2666ee4da9f, +15550000937, Reminder   , delivered, 2025-12-05T03:59:15Z
46b669d9-744c-49ff-a858-27c90d87ce5f, P0937                , 93b18127-161e-400c-91fa-ac2bb8f3ae84, +15550000937, Reminder   , delivered, 2025-12-06T03:59:15Z
46b669d9-744c-49ff-a858-27c90d87ce5f, P0937                , b1abcdd0-64bd-4da7-a131-81ba545b94b8, +15550000937, Reminder   , delivered, 2026-03-30T02:59:15Z
46b669d9-744c-49ff-a858-27c90d87ce5f, P0937                , 351b22b0-cad8-48ea-8c47-eaa9d6447f6c, +15550000937, Reminder   , delivered, 2026-03-31T02:59:15Z
1e2d523a-5d8e-4560-8b66-1117dafc4b2b, P0938                , ef110946-db18-4087-8da2-b18745959d77, +15550000938, Reminder   , delivered, 2026-03-12T19:48:29Z
de21145d-757e-4708-9dba-a70b4f5039c9, P0939                , 826b7d30-ece9-48f7-b68b-700e27ef7b4c, +15550000939, Reminder   , delivered, 2025-07-15T01:07:29Z
de21145d-757e-4708-9dba-a70b4f5039c9, P0939                , 44adc066-948b-4502-a1a5-7a717e7f03a7, +15550000939, Reminder   , delivered, 2025-07-16T01:07:29Z
de21145d-757e-4708-9dba-a70b4f5039c9, P0939                , e33fa180-5c09-4835-a905-84196064b846, +15550000939, Reminder   , delivered, 2025-08-07T01:07:29Z
de21145d-757e-4708-9dba-a70b4f5039c9, P0939                , beb1ae35-8a73-45fc-9c2a-0590270ffd9f, +15550000939, Reminder   , delivered, 2025-10-06T01:07:29Z
b00544f0-74bb-4301-a7ce-8e0bd5346357, P0940                , ab4d57f6-96be-4a9a-9054-324c5f5e3444, +15550000940, Reminder   , delivered, 2025-10-07T01:21:07Z
b00544f0-74bb-4301-a7ce-8e0bd5346357, P0940                , 49be4160-ecb2-46c5-b119-12c5c64b0940, +15550000940, Reminder   , delivered, 2025-10-09T01:21:07Z
4bd8b788-b167-414a-91ae-7238fe4bd1ad, P0942                , 433e1073-6344-419f-8590-4a5a7106536a, +15550000942, Reminder   , delivered, 2025-01-23T02:29:22Z
4bd8b788-b167-414a-91ae-7238fe4bd1ad, P0942                , 90aa19d2-7d1a-451d-8844-6006843e7479, +15550000942, Reminder   , delivered, 2025-01-24T02:29:22Z
7c4b426b-5e48-40b7-b8c2-3535c766843a, P0943                , 9df3a37c-c517-453b-9d05-2e6df08514d0, +15550000943, Reminder   , delivered, 2025-10-22T14:16:27Z
7c4b426b-5e48-40b7-b8c2-3535c766843a, P0943                , 095b2381-e129-476f-8045-eaab2326a3ed, +15550000943, Reminder   , delivered, 2026-01-20T15:16:27Z
2e9720ac-9e30-475d-afcb-c96c40d0efa5, P0945                , b80d9791-7b98-455c-95a8-cb08f14124a1, +15550000945, Reminder   , delivered, 2025-10-06T14:28:22Z
77c705d5-55bd-4ea9-afb3-b73b690ed9c6, P0946                , 0bdbe712-a296-42dc-befd-808899dee23e, +15550000946, Reminder   , delivered, 2025-03-19T10:19:02Z
36139fdd-6a2b-4636-a86a-f9f9f9b697a2, P0947                , e9bb91f0-fa98-4760-9eac-a958d1722f41, +15550000947, Reminder   , delivered, 2025-12-14T02:57:26Z
1ae16eff-580b-4830-b621-c7a4287e2ec2, P0948                , ae73c948-ed36-493f-a8e9-7df14c0b77db, +15550000948, Reminder   , delivered, 2025-12-28T09:13:02Z
1ae16eff-580b-4830-b621-c7a4287e2ec2, P0948                , e94f8164-d952-4370-a977-2243647ca0e8, +15550000948, Reminder   , delivered, 2025-12-29T09:13:02Z
9a8dd391-4329-44cc-96dd-83a492b75ecf, P0949                , 9732f54f-689c-4f3d-9076-f8c8ccab16e4, +15550000949, Reminder   , delivered, 2025-05-15T19:57:02Z
9a8dd391-4329-44cc-96dd-83a492b75ecf, P0949                , 293929f8-3acd-4719-b7c7-5952d204ae41, +15550000949, Reminder   , delivered, 2025-05-16T19:57:02Z
9a8dd391-4329-44cc-96dd-83a492b75ecf, P0949                , c5ea3d4f-ade1-4066-883b-8279f46aad29, +15550000949, Reminder   , delivered, 2025-07-14T19:57:02Z
9a8dd391-4329-44cc-96dd-83a492b75ecf, P0949                , 02c869a3-7358-47eb-bee3-13ca7c6e0eb1, +15550000949, Reminder   , delivered, 2025-07-15T19:57:02Z
49916c4c-deba-4838-a5f9-eb6d0252d233, P0950                , d7f766cc-8f84-4b2f-b7b3-d58f99b6cf30, +15550000950, Reminder   , delivered, 2025-06-07T08:15:56Z
49916c4c-deba-4838-a5f9-eb6d0252d233, P0950                , 4eeab7c0-62a9-46c8-af78-fd207f03916b, +15550000950, Reminder   , delivered, 2025-06-08T08:15:56Z
49916c4c-deba-4838-a5f9-eb6d0252d233, P0950                , 118c7166-3655-48de-81a9-b880e82eb6e3, +15550000950, Reminder   , delivered, 2025-06-09T08:15:56Z
202e10b6-a531-4035-b42d-8c49b9a87735, P0952                , c1015f3e-08f5-43d2-96f2-d74510462c00, +15550000952, Reminder   , delivered, 2025-10-31T07:59:28Z
202e10b6-a531-4035-b42d-8c49b9a87735, P0952                , 3b634237-cdb8-4e3a-88ab-46a6a49ed114, +15550000952, Reminder   , delivered, 2025-11-07T08:59:28Z
fcb189e9-6b19-4945-a43e-79ee1e574955, P0953                , b241f6ac-bfb2-4d62-8ef0-cac0c4afd960, +15550000953, Reminder   , delivered, 2025-04-22T18:06:59Z
fcb189e9-6b19-4945-a43e-79ee1e574955, P0953                , d93037e7-47f3-40a9-aaf8-da40cf62aead, +15550000953, Reminder   , delivered, 2025-04-23T18:06:59Z
fcb189e9-6b19-4945-a43e-79ee1e574955, P0953                , e9fe3ad9-93bf-49bd-94d4-59b83a34aa21, +15550000953, Reminder   , delivered, 2025-09-03T18:06:59Z
fcb189e9-6b19-4945-a43e-79ee1e574955, P0953                , f53f3591-6c0f-4d20-9fff-50c55e35687a, +15550000953, Reminder   , delivered, 2025-09-04T18:06:59Z
07d8e20f-d0cd-4e90-96d8-6de0f2a14889, P0954                , 174a48c4-1c49-4b71-8088-35e03a8a5f09, +15550000954, Reminder   , delivered, 2025-11-04T15:16:51Z
07d8e20f-d0cd-4e90-96d8-6de0f2a14889, P0954                , f9556479-2757-42b8-b843-2245c34e8666, +15550000954, Reminder   , delivered, 2025-11-11T15:16:51Z
07d8e20f-d0cd-4e90-96d8-6de0f2a14889, P0954                , 4e9e44ae-bbeb-42bd-839b-99d7981daf30, +15550000954, Reminder   , delivered, 2026-02-02T15:16:51Z
ebe52f7e-a693-4bdd-a50c-31b172ee9326, P0955                , 248cb152-2ad4-4151-ad14-d3ffc31054c5, +15550000955, Reminder   , delivered, 2025-06-28T00:49:39Z
600c479c-89a1-464d-875c-4806ab83cf2c, P0956                , b78d2944-6fd4-4c42-9feb-5cc136c5a6e1, +15550000956, Reminder   , delivered, 2025-07-27T11:36:31Z
600c479c-89a1-464d-875c-4806ab83cf2c, P0956                , 7a90d68e-6245-44b8-aadc-a8b917f78816, +15550000956, Reminder   , delivered, 2025-08-19T11:36:31Z
600c479c-89a1-464d-875c-4806ab83cf2c, P0956                , 89eca5e6-09d6-4b20-9801-e39459e31a15, +15550000956, Reminder   , delivered, 2026-01-14T12:36:31Z
46c19862-0116-49cd-8d56-c4dba66bb8e4, P0957                , 8390ff33-709f-423d-af50-8764484ee50b, +15550000957, Reminder   , delivered, 2025-04-19T00:59:18Z
46c19862-0116-49cd-8d56-c4dba66bb8e4, P0957                , 2d486fcb-ddc1-4a51-ba23-061fb7a4ade1, +15550000957, Reminder   , delivered, 2025-04-20T00:59:18Z
46c19862-0116-49cd-8d56-c4dba66bb8e4, P0957                , 2e020cbc-a908-47e6-8676-5093046c0af0, +15550000957, Reminder   , delivered, 2025-04-21T00:59:18Z
46c19862-0116-49cd-8d56-c4dba66bb8e4, P0957                , f400ef94-4ea4-4958-888d-6fc119420736, +15550000957, Reminder   , delivered, 2025-04-26T00:59:18Z
46c19862-0116-49cd-8d56-c4dba66bb8e4, P0957                , 8f58ff3e-5290-4274-8434-5a92e5de2c86, +15550000957, Reminder   , delivered, 2025-04-28T00:59:18Z
81dcb996-0d3f-4c4c-ba83-aac8627dca22, P0958                , a428266d-abdd-4efe-973e-022d3803f8d3, +15550000958, Reminder   , delivered, 2025-09-07T09:09:42Z
81dcb996-0d3f-4c4c-ba83-aac8627dca22, P0958                , 46569ea7-8d5a-4298-8ce4-10277673b7cc, +15550000958, Reminder   , delivered, 2025-11-29T10:09:42Z
6fbbbe7f-20c9-41a8-8eb8-55e81afd6716, P0959                , b8b245f8-0af8-4186-8051-5dbbf7494798, +15550000959, Reminder   , delivered, 2025-09-03T05:36:51Z
6fbbbe7f-20c9-41a8-8eb8-55e81afd6716, P0959                , 8f92de2a-cf77-41bf-a110-81b792cccab2, +15550000959, Reminder   , delivered, 2025-09-04T05:36:51Z
6fbbbe7f-20c9-41a8-8eb8-55e81afd6716, P0959                , bddf1f40-5fef-4169-a08e-e98d942e5d3c, +15550000959, Reminder   , delivered, 2025-09-05T05:36:51Z
41cf826b-301e-46ca-8c07-90cb707503b0, P0960                , 08317d50-9902-43f4-ba98-8b9e295f610f, +15550000960, Reminder   , delivered, 2025-05-24T23:22:59Z
41cf826b-301e-46ca-8c07-90cb707503b0, P0960                , ecfa792a-69ec-4a13-8f74-66db15e5aa17, +15550000960, Reminder   , delivered, 2025-06-23T23:22:59Z
41cf826b-301e-46ca-8c07-90cb707503b0, P0960                , c23e50e2-f579-4046-8f74-e56862a7d00f, +15550000960, Reminder   , delivered, 2025-06-24T23:22:59Z
41cf826b-301e-46ca-8c07-90cb707503b0, P0960                , 17579930-bd88-4db6-a669-fd5b1f6dd39c, +15550000960, Reminder   , delivered, 2025-08-22T23:22:59Z
77af2f65-e80d-41ec-b73b-981f089e8826, P0961                , 74b9d673-15dc-4607-8e7c-fe009041cd5c, +15550000961, Reminder   , delivered, 2025-05-02T04:13:36Z
77af2f65-e80d-41ec-b73b-981f089e8826, P0961                , a5cb6b62-05a0-4ef4-852d-582bbcff739f, +15550000961, Reminder   , delivered, 2025-05-03T04:13:36Z
77af2f65-e80d-41ec-b73b-981f089e8826, P0961                , f5125e7e-403d-4475-9021-08d0594580f8, +15550000961, Reminder   , delivered, 2025-07-20T04:13:36Z
2a787eb4-bb9c-4142-97e7-467806c9acb2, P0962                , 98baa4eb-c4b4-4422-bbd8-7cd749086760, +15550000962, Reminder   , delivered, 2025-08-05T08:06:40Z
2a787eb4-bb9c-4142-97e7-467806c9acb2, P0962                , 79825cfd-8942-4b6e-96ed-2f21f0a883f2, +15550000962, Reminder   , delivered, 2025-09-04T08:06:40Z
2a787eb4-bb9c-4142-97e7-467806c9acb2, P0962                , c0c46d35-8d66-408f-827a-aba0039d1e97, +15550000962, Reminder   , delivered, 2025-09-05T08:06:40Z
2a787eb4-bb9c-4142-97e7-467806c9acb2, P0962                , 73ed55be-9621-443d-979b-285e623350d0, +15550000962, Reminder   , delivered, 2025-12-31T09:06:40Z
2a787eb4-bb9c-4142-97e7-467806c9acb2, P0962                , d565294f-ceb6-4e00-8f67-3006c05c25bc, +15550000962, Reminder   , delivered, 2026-01-01T09:06:40Z
2a787eb4-bb9c-4142-97e7-467806c9acb2, P0962                , ffd8bc9e-ed36-4340-9976-2610be2e98cb, +15550000962, Reminder   , delivered, 2026-01-02T09:06:40Z
f57e66ab-48b1-41b9-94a5-f8eb386c4857, P0963                , 7d900855-fd2c-4af7-8f6b-ed2a5584ead4, +15550000963, Reminder   , delivered, 2025-10-04T09:57:25Z
f57e66ab-48b1-41b9-94a5-f8eb386c4857, P0963                , 002d2cb8-aa9d-4926-8429-3d7e91e29c61, +15550000963, Reminder   , delivered, 2025-10-05T09:57:25Z
19438dd7-8336-4bd2-bb31-5bf1900c054f, P0964                , d4227bf0-7112-456d-921c-220ef8144111, +15550000964, Reminder   , delivered, 2025-03-15T09:03:16Z
19438dd7-8336-4bd2-bb31-5bf1900c054f, P0964                , 676f2189-3267-4063-9fb9-fac2ee7f8561, +15550000964, Reminder   , delivered, 2025-06-13T09:03:16Z
19438dd7-8336-4bd2-bb31-5bf1900c054f, P0964                , 4407f87d-a444-4420-8c30-a9b9d8b3c7df, +15550000964, Reminder   , delivered, 2025-06-14T09:03:16Z
2b1b1177-f543-44b7-b622-08b0057cb02e, P0965                , 28c88549-54e0-4ed5-8ea5-7b190176bcc4, +15550000965, Reminder   , delivered, 2025-08-28T19:29:17Z
2b1b1177-f543-44b7-b622-08b0057cb02e, P0965                , 8cf942aa-95e3-4fb0-96dd-2d4c15dbb3e6, +15550000965, Reminder   , delivered, 2025-08-29T19:29:17Z
2b1b1177-f543-44b7-b622-08b0057cb02e, P0965                , c3e56de1-0441-4f2c-b8f9-08e37d268126, +15550000965, Reminder   , delivered, 2025-10-28T19:29:17Z
2b1b1177-f543-44b7-b622-08b0057cb02e, P0965                , ecbe669d-3fea-4853-a2fb-12f2e2bbaf9a, +15550000965, Reminder   , delivered, 2025-10-29T19:29:17Z
a0ca3473-2bd2-4ed4-b543-e21e5dbd828f, P0966                , a0923ff8-6d3d-417d-8f10-0ed92d061dc2, +15550000966, Reminder   , delivered, 2025-11-03T04:02:05Z
a0ca3473-2bd2-4ed4-b543-e21e5dbd828f, P0966                , c6cb70f1-6d10-46aa-816a-410179eb77b8, +15550000966, Reminder   , delivered, 2025-11-04T04:02:05Z
a116dac8-d90c-42e8-8a3f-5fb3a33a3ed2, P0967                , 7c617d91-b535-472c-9e80-76659210b3bc, +15550000967, Reminder   , delivered, 2025-01-05T23:11:50Z
a116dac8-d90c-42e8-8a3f-5fb3a33a3ed2, P0967                , d2f42111-22c8-4f91-9de9-994a3e212061, +15550000967, Reminder   , delivered, 2025-02-04T23:11:50Z
a116dac8-d90c-42e8-8a3f-5fb3a33a3ed2, P0967                , fe84c507-6888-4ee4-bd8d-4ca0779858f0, +15550000967, Reminder   , delivered, 2025-02-05T23:11:50Z
a116dac8-d90c-42e8-8a3f-5fb3a33a3ed2, P0967                , ca01d962-30d5-4860-89f7-1abc03ae0d8f, +15550000967, Reminder   , delivered, 2025-04-05T22:11:50Z
a116dac8-d90c-42e8-8a3f-5fb3a33a3ed2, P0967                , e4e59442-0558-42b8-a599-848affaf7da2, +15550000967, Reminder   , delivered, 2025-06-13T22:11:50Z
a116dac8-d90c-42e8-8a3f-5fb3a33a3ed2, P0967                , 9e5d71a7-a003-4ae9-9d5a-92b852d95929, +15550000967, Reminder   , delivered, 2025-06-14T22:11:50Z
36082562-cfcc-4055-9033-bed61bc91fee, P0968                , da0cedf7-2b21-4074-9477-cd0e142a033a, +15550000968, Reminder   , delivered, 2025-03-09T14:59:33Z
36082562-cfcc-4055-9033-bed61bc91fee, P0968                , 764cae3a-cf1a-4c27-a6d4-742fa5c9a5c0, +15550000968, Reminder   , delivered, 2025-03-10T14:59:33Z
36082562-cfcc-4055-9033-bed61bc91fee, P0968                , ef3f4d47-4dc8-4fa6-a900-7bfb0e75d786, +15550000968, Reminder   , delivered, 2025-06-08T14:59:33Z
f0340275-d6cc-43b6-acd7-ca06e2244aa3, P0969                , 5d3ba270-297b-4610-8c6b-8260b93e81e7, +15550000969, Reminder   , delivered, 2025-03-10T00:25:07Z
f0340275-d6cc-43b6-acd7-ca06e2244aa3, P0969                , 16d5b89b-e95e-4261-a4a9-c2e585f845b2, +15550000969, Reminder   , delivered, 2025-04-02T00:25:07Z
69b5e215-fbe5-4537-abbf-a276e12a22df, P0970                , 68bf555b-410e-42fb-ac09-e6f17167cccc, +15550000970, Reminder   , delivered, 2025-05-09T15:40:27Z
69b5e215-fbe5-4537-abbf-a276e12a22df, P0970                , 5e5982c9-5a57-4f24-a673-05924699737f, +15550000970, Reminder   , delivered, 2025-05-10T15:40:27Z
69b5e215-fbe5-4537-abbf-a276e12a22df, P0970                , 25c3455d-7f7f-4ddd-9818-e0d30563ab83, +15550000970, Reminder   , delivered, 2025-11-03T16:40:27Z
cd08d395-6b8b-42df-aae9-9b728467fbd7, P0971                , 802cca08-8f87-43f7-97f5-635ba227b1cc, +15550000971, Reminder   , delivered, 2025-04-03T17:00:06Z
f509c380-43de-441a-bc43-cae3f8af696a, P0973                , 41606c57-013b-4245-bc80-083f1748fead, +15550000973, Reminder   , delivered, 2025-04-21T15:31:19Z
f509c380-43de-441a-bc43-cae3f8af696a, P0973                , 5dfe74d1-610c-40a3-8f53-d77d42f2ad2d, +15550000973, Reminder   , delivered, 2025-04-22T15:31:19Z
f509c380-43de-441a-bc43-cae3f8af696a, P0973                , 320352aa-4518-465d-aa09-0027707fc7f4, +15550000973, Reminder   , delivered, 2025-09-17T15:31:19Z
f509c380-43de-441a-bc43-cae3f8af696a, P0973                , 429745dd-037b-4f65-bb1d-d1ad683a8c3f, +15550000973, Reminder   , delivered, 2025-09-18T15:31:19Z
0eeff595-5356-46b6-ba66-46e1c7c83fd1, P0974                , 47c2f8f9-2609-49f5-8d25-d351ecb629e5, +15550000974, Reminder   , delivered, 2025-08-25T21:05:59Z
0eeff595-5356-46b6-ba66-46e1c7c83fd1, P0974                , b8bb43fd-5cf0-4a2c-a21e-bc959f54f426, +15550000974, Reminder   , delivered, 2025-09-23T21:05:59Z
0eeff595-5356-46b6-ba66-46e1c7c83fd1, P0974                , dc004e87-2717-426d-a9c0-d4b9629d4f52, +15550000974, Reminder   , delivered, 2025-11-22T22:05:59Z
a5aa6a11-b3d3-41fb-932a-44ba2491c242, P0976                , 5ed9d79c-95c9-42fb-bcf4-85dc7a69e5fc, +15550000976, Reminder   , delivered, 2025-03-15T19:46:07Z
a5aa6a11-b3d3-41fb-932a-44ba2491c242, P0976                , 2bbae034-1cb3-4848-b525-681863d7827e, +15550000976, Reminder   , delivered, 2025-04-07T19:46:07Z
a5aa6a11-b3d3-41fb-932a-44ba2491c242, P0976                , 35b4e600-73bb-453c-a1e5-664d284917a1, +15550000976, Reminder   , delivered, 2025-06-06T19:46:07Z
392d09dc-4507-4f2e-91ab-f0083987e039, P0978                , e45a947a-fc57-494a-a67c-4914d931d8c5, +15550000978, Reminder   , delivered, 2025-05-31T16:16:15Z
392d09dc-4507-4f2e-91ab-f0083987e039, P0978                , 8bc1979a-26d4-4bc9-9811-37a6f1cb645a, +15550000978, Reminder   , delivered, 2025-06-01T16:16:15Z
392d09dc-4507-4f2e-91ab-f0083987e039, P0978                , 64df9b71-6f45-460f-9482-25324ff4dd25, +15550000978, Reminder   , delivered, 2025-07-30T16:16:15Z
392d09dc-4507-4f2e-91ab-f0083987e039, P0978                , b6f09505-c7fb-4452-a5b2-ddf4fe4f0709, +15550000978, Reminder   , delivered, 2025-07-31T16:16:15Z
9912f7d3-d599-412e-91d3-6259a3705d99, P0980                , e2f3491f-4c9f-42ac-b8de-38f3903d8b8c, +15550000980, Reminder   , delivered, 2025-08-09T22:39:32Z
9912f7d3-d599-412e-91d3-6259a3705d99, P0980                , 435a488b-8494-4d74-a9c5-abf30e2942e7, +15550000980, Reminder   , delivered, 2025-08-10T22:39:32Z
9912f7d3-d599-412e-91d3-6259a3705d99, P0980                , a4c1cad4-3b1f-4dd7-8f99-430aa8c6d6e3, +15550000980, Reminder   , delivered, 2026-01-31T23:39:32Z
b0356402-5c48-4aaf-a89b-e8e70a3e98b1, P0981                , 1108c828-2255-4060-93e9-c1433647afe6, +15550000981, Reminder   , delivered, 2025-06-19T11:05:28Z
0dfd5392-fd14-4b04-983d-06ff3507bbcc, P0982                , 403b66b3-f757-4273-a412-13426728e741, +15550000982, Reminder   , delivered, 2025-10-11T22:43:55Z
0dfd5392-fd14-4b04-983d-06ff3507bbcc, P0982                , e4b46067-e14a-4902-9d6a-7561367bea58, +15550000982, Reminder   , delivered, 2026-03-06T23:43:55Z
7a97b73d-81c9-478b-b7d9-048f921e000d, P0983                , 95289228-9555-4e5a-8658-9c7359413af3, +15550000983, Reminder   , delivered, 2025-11-21T04:32:29Z
a019b5cb-a2fb-4a66-b29a-bc96e7641596, P0985                , 60e19c24-d7e6-4f53-8062-137dbdbfc39f, +15550000985, Reminder   , delivered, 2025-08-25T06:26:59Z
a019b5cb-a2fb-4a66-b29a-bc96e7641596, P0985                , 47170a42-75f9-4672-b1c1-474b62cdc2fc, +15550000985, Reminder   , delivered, 2025-08-26T06:26:59Z
a019b5cb-a2fb-4a66-b29a-bc96e7641596, P0985                , 1299c53a-222f-44dc-b7d5-3f3da62c71d0, +15550000985, Reminder   , delivered, 2025-12-21T07:26:59Z
a019b5cb-a2fb-4a66-b29a-bc96e7641596, P0985                , d022a214-078a-4963-a8b9-d9792fa24e23, +15550000985, Reminder   , delivered, 2025-12-22T07:26:59Z
a019b5cb-a2fb-4a66-b29a-bc96e7641596, P0985                , 2bdee72b-ce69-4603-bbea-2e53fecfda82, +15550000985, Reminder   , delivered, 2025-12-23T07:26:59Z
14ecb0ad-8ffe-427d-a0e5-51486722dcf5, P0987                , e61cf300-19d6-441d-89b3-737ae95d2ab3, +15550000987, Reminder   , delivered, 2025-03-01T07:00:34Z
14ecb0ad-8ffe-427d-a0e5-51486722dcf5, P0987                , 2c39153f-8007-4569-8bac-86e7d7581dc2, +15550000987, Reminder   , delivered, 2025-03-02T07:00:34Z
14ecb0ad-8ffe-427d-a0e5-51486722dcf5, P0987                , b7dcbb75-0559-45a4-b439-98c3c8029cc9, +15550000987, Reminder   , delivered, 2025-03-03T07:00:34Z
14ecb0ad-8ffe-427d-a0e5-51486722dcf5, P0987                , a4351a5c-2f61-4336-868b-1cb669afbb0b, +15550000987, Reminder   , delivered, 2025-03-24T06:00:34Z
14ecb0ad-8ffe-427d-a0e5-51486722dcf5, P0987                , d08e4a08-7fc9-4644-9d54-51cc59099c7c, +15550000987, Reminder   , delivered, 2025-07-13T06:00:34Z
0f7bbe02-322d-47d8-a53e-3f2a694ec212, P0988                , cb569475-c865-4c40-9956-ff271905a56c, +15550000988, Reminder   , delivered, 2025-02-12T12:09:34Z
0f7bbe02-322d-47d8-a53e-3f2a694ec212, P0988                , 94eb70e8-bb4a-45f4-a1ff-4b74a8640cb7, +15550000988, Reminder   , delivered, 2025-02-19T12:09:34Z
0f7bbe02-322d-47d8-a53e-3f2a694ec212, P0988                , a10eab12-0281-439a-b2cb-8aac3c29459c, +15550000988, Reminder   , delivered, 2025-03-14T11:09:34Z
0f7bbe02-322d-47d8-a53e-3f2a694ec212, P0988                , baa3dafd-3623-4b40-ae2a-9959aa975e57, +15550000988, Reminder   , delivered, 2025-03-15T11:09:34Z
0f7bbe02-322d-47d8-a53e-3f2a694ec212, P0988                , aa106c0c-5565-4841-bd49-292b904394ed, +15550000988, Reminder   , delivered, 2025-03-16T11:09:34Z
0f7bbe02-322d-47d8-a53e-3f2a694ec212, P0988                , 64d837d9-2f7a-4917-9a45-57f3d287424c, +15550000988, Reminder   , delivered, 2025-07-09T11:09:34Z
18441065-c0e4-4044-9196-50da65b00a45, P0990                , 4033c151-6471-4654-85f8-9e20e724cfc0, +15550000990, Reminder   , delivered, 2025-05-16T16:44:25Z
18441065-c0e4-4044-9196-50da65b00a45, P0990                , 5bbdb934-d32b-4ffc-a958-0f157c4f932e, +15550000990, Reminder   , delivered, 2025-09-07T16:44:25Z
259b2134-2a03-41a2-a483-f486fa64cb5d, P0991                , 42a5210d-1598-4a08-82da-7111777bd788, +15550000991, Reminder   , delivered, 2025-10-30T10:21:41Z
259b2134-2a03-41a2-a483-f486fa64cb5d, P0991                , 408e147b-9bfc-4793-be28-417f97aa2321, +15550000991, Reminder   , delivered, 2025-10-31T10:21:41Z
f25b1c64-570c-4b74-bfa7-bb1c70c38c9d, P0992                , 0bdf70f6-0c17-45ce-80cb-899500fda65b, +15550000992, Reminder   , delivered, 2025-01-25T19:34:50Z
f25b1c64-570c-4b74-bfa7-bb1c70c38c9d, P0992                , c5a4824f-3df0-43ac-8468-47610d6086fc, +15550000992, Reminder   , delivered, 2025-01-26T19:34:50Z
f25b1c64-570c-4b74-bfa7-bb1c70c38c9d, P0992                , 0dea0a43-2663-454a-a1c2-d433825464bc, +15550000992, Reminder   , delivered, 2025-02-17T19:34:50Z
f25b1c64-570c-4b74-bfa7-bb1c70c38c9d, P0992                , 418af773-28d4-472f-81e0-26ba33c5ea64, +15550000992, Reminder   , delivered, 2025-02-18T19:34:50Z
f25b1c64-570c-4b74-bfa7-bb1c70c38c9d, P0992                , 1721491e-1230-4156-9697-cdf937c534f4, +15550000992, Reminder   , delivered, 2025-06-06T18:34:50Z
9f13c7a8-caa1-4a75-895c-e12b0192dc62, P0994                , 1f35cb16-2235-4d60-b76f-27ba8914dfe7, +15550000994, Reminder   , delivered, 2025-09-02T04:32:33Z
9f13c7a8-caa1-4a75-895c-e12b0192dc62, P0994                , 0d748920-f4c1-4573-b9f1-1c9d8aa5fa2f, +15550000994, Reminder   , delivered, 2025-09-03T04:32:33Z
203a8f1e-4ab6-4503-beb0-bb70003e2657, P0996                , b05da226-0c34-4af5-8dd5-f4a551b71a1a, +15550000996, Reminder   , delivered, 2025-10-17T21:29:06Z
e60b7b3a-76c8-4815-a4ec-407331ef189d, P0997                , 11b40ad9-1fdb-45ad-b21b-b3d9dec141c1, +15550000997, Reminder   , delivered, 2025-04-01T08:22:51Z
e60b7b3a-76c8-4815-a4ec-407331ef189d, P0997                , 7359f26f-de89-4b68-88bb-b00fcf1145e1, +15550000997, Reminder   , delivered, 2025-06-30T08:22:51Z
e60b7b3a-76c8-4815-a4ec-407331ef189d, P0997                , 37d856af-83f1-49e3-89bc-7b3701af2dd8, +15550000997, Reminder   , delivered, 2025-07-01T08:22:51Z
39436e94-ba94-4023-9054-812534137021, P0998                , d3b20a9f-9811-4fcc-b3b9-7b4153812844, +15550000998, Reminder   , delivered, 2026-01-20T03:07:01Z
39436e94-ba94-4023-9054-812534137021, P0998                , 5b17d789-a461-4c6a-bfd2-efcf0025956f, +15550000998, Reminder   , delivered, 2026-01-21T03:07:01Z
39436e94-ba94-4023-9054-812534137021, P0998                , 8dffeadc-d633-430b-b749-0f8e40582e31, +15550000998, Reminder   , delivered, 2026-01-22T03:07:01Z
3c567f05-5f05-4c08-ba69-9db79fe99d58, P0999                , 9620366d-c519-47b2-bc62-219e0461d68d, +15550000999, Reminder   , delivered, 2025-07-03T07:53:52Z
3c567f05-5f05-4c08-ba69-9db79fe99d58, P0999                , 25f1a28b-70c9-43c5-80f9-1fb018e0e2d1, +15550000999, Reminder   , delivered, 2025-10-01T07:53:52Z
713a982e-73fc-449c-b4ce-2fcb8d93fe92, P1000                , c35b268e-e782-45e3-bd94-ac834a315764, +15550001000, Reminder   , delivered, 2025-09-20T23:56:18Z
