ParticipantID                       , ParticipantIdentifier, MessageID                           , PhoneNumber , MessageType, OriginalLink              , ShortenedLink        , Timestamp
84bf7b38-130c-49cc-bf18-3aad6494196f, P0001                , 5c985be4-c5fe-4057-8127-b11684919e8c, +15550000001, SurveyLink , https://example.org/survey, https://mdh.li/abc123, 2025-02-24T02:21:40Z
84bf7b38-130c-49cc-bf18-3aad6494196f, P0001                , 4c7478dc-ff9d-4895-b4e3-5d67a3a80b43, +15550000001, SurveyLink , https://example.org/survey, https://mdh.li/abc123, 2025-08-06T21:31:40Z
3cb498bf-9f35-45f7-a552-497593eac1b1, P0004                , 11d4c372-358e-4f24-bc85-7a5d7ee971f9, +15550000004, SurveyLink , https://example.org/survey, https://mdh.li/abc123, 2025-08-18T14:39:00Z
3cb498bf-9f35-45f7-a552-497593eac1b1, P0004                , 331a77cd-ab9a-4fe8-8555-b7043ca08214, +15550000004, SurveyLink , https://example.org/survey, https://mdh.li/abc123, 2025-08-19T15:37:00Z
917e3274-ef71-4230-a99d-0738bfd8908c, P0007                , 71cf4954-42c2-4759-bc08-76176bf863d1, +15550000007, SurveyLink , https://example.org/survey, https://mdh.li/abc123, 2025-02-17T13:33:41Z
917e3274-ef71-4230-a99d-0738bfd8908c, P0007                , 66e9b7ed-3e80-4909-980b-0138aa06c215, +15550000007, SurveyLink , https://example.org/survey, https://mdh.li/abc123, 2025-05-11T15:47:41Z
6882d01f-d90c-4d57-89f1-f1bcf8663311, P0012                , ec380aca-9e47-4368-b830-817e1c65e1ac, +15550000012, SurveyLink , https://example.org/survey, https://mdh.li/abc123, 2025-09-08T01:56:06Z
6882d01f-d90c-4d57-89f1-f1bcf8663311, P0012                , 0c42feb7-c2dd-4e10-92e0-3f39c2c5726c, +15550000012, SurveyLink , https://example.org/survey, https://mdh.li/abc123, 2025-09-09T03:51:06Z
10a375d1-9c4e-420c-8d06-ea850e2a12f5, P0013                , 2890ea48-441c-405a-bf2a-d561ee25f7f3, +15550000013, SurveyLink , https://example.org/survey, https://mdh.li/abc123, 2025-09-04T23:57:21Z
f88e1fc2-6b27-46dd-bdfc-81333342f20a, P0020                , 0eea2bed-cbad-4d79-8f9b-e81fe655e927, +15550000020, SurveyLink , https://example.org/survey, https://mdh.li/abc123, 2025-11-07T11:53:51Z
f88e1fc2-6b27-46dd-bdfc-81333342f20a, P0020                , c6bd299a-f385-4a75-80a3-ebcd136d412a, +15550000020, SurveyLink , https://example.org/survey, https://mdh.li/abc123, 2025-11-08T12:00:51Z
cdf58739-0e9a-4822-98fe-18bbe8f12539, P0021                , 7eecfb1d-197d-4120-b166-8b583d647b0d, +15550000021, SurveyLink , https://example.org/survey, https://mdh.li/abc123, 2025-11-03T05:51:13Z
5d8b825e-2096-45f1-9555-18ef3bde48d6, P0022                , 87f00bcb-c94e-4ebb-ab79-03d35b676dc3, +15550000022, SurveyLink , https://example.org/survey, https://mdh.li/abc123, 2025-08-11T07:36:38Z
5d8b825e-2096-45f1-9555-18ef3bde48d6, P0022                , 685ee8bc-f43b-4580-9b7b-8a7153462c12, +15550000022, SurveyLink , https://example.org/survey, https://mdh.li/abc123, 2025-11-10T06:18:38Z
5d8b825e-2096-45f1-9555-18ef3bde48d6, P0022                , f2538a79-dd6a-4ae6-b0a2-41826de5deba, +15550000022, SurveyLink , https://example.org/survey, https://mdh.li/abc123, 2025-11-11T12:37:38Z
f47cb7ce-d8be-490a-bab0-93db17d4148a, P0023                , 764eec55-20a2-43e3-a787-30cb9a42934b, +15550000023, SurveyLink , https://example.org/survey, https://mdh.li/abc123, 2026-01-19T11:31:09Z
730bdf06-493d-4b85-a64e-88d3270cea5f, P0024                , bff55071-0981-494f-88e8-b6500690d6a7, +15550000024, SurveyLink , https://example.org/survey, https://mdh.li/abc123, 2025-11-28T00:10:37Z
bb3f171c-a669-43d8-95e6-aae323f68bc3, P0026                , ad9bd3cb-3d7f-4d64-8a85-57cb3d5580b9, +15550000026, SurveyLink , https://example.org/survey, https://mdh.li/abc123, 2025-06-28T21:21:12Z
25327ead-55ff-4dc6-be62-aee7404b6c4d, P0028                , 9b2c645d-40ea-4929-ba42-4b44f56941b8, +15550000028, SurveyLink , https://example.org/survey, https://mdh.li/abc123, 2025-05-08T17:27:35Z
e4bfd8bb-a560-43af-a1d8-78eb0815157e, P0029                , a5f9aed6-a57d-4888-88e1-d9f6f3ee4fd0, +15550000029, SurveyLink , https://example.org/survey, https://mdh.li/abc123, 2026-02-05T11:25:55Z
c5685835-4d66-4fc0-85ae-41bb9498ad2f, P0030                , ac76e2c1-39b7-481f-9797-d367c9da1cf1, +15550000030, SurveyLink , https://example.org/survey, https://mdh.li/abc123, 2025-05-03T22:39:56Z
d3af3a5b-f786-4df3-bcaa-704627b087ca, P0033                , c4e26f5a-088a-4f61-b81b-ac67865d3b72, +15550000033, SurveyLink , https://example.org/survey, https://mdh.li/abc123, 2025-11-16T03:36:03Z
d3af3a5b-f786-4df3-bcaa-704627b087ca, P0033                , 36a4d5f7-a6b0-4d30-aaaa-41403c92e98f, +15550000033, SurveyLink , https://example.org/survey, https://mdh.li/abc123, 2026-02-12T21:04:03Z
c3a38da1-fa39-41fd-9ab4-8f15a1803da5, P0034                , 2fea06b9-42dc-43b1-bdd9-aabed64113eb, +15550000034, SurveyLink , https://example.org/survey, https://mdh.li/abc123, 2025-05-09T18:15:26Z
c3a38da1-fa39-41fd-9ab4-8f15a1803da5, P0034                , 6434990b-513e-43c5-8f2b-abc2a2f608ee, +15550000034, SurveyLink , https://example.org/survey, https://mdh.li/abc123, 2025-05-10T23:33:26Z
52e3c972-520b-44a1-9d6e-d81e47cc6e9d, P0035                , 4dd3d503-6f4d-4a7b-85e5-7be47cdb928d, +15550000035, SurveyLink , https://example.org/survey, https://mdh.li/abc123, 2025-07-03T12:37:12Z
e879626b-5207-449f-975f-ac255e6d4489, P0036                , 74b36d8e-712d-480f-a6f2-89e237a35a8e, +15550000036, SurveyLink , https://example.org/survey, https://mdh.li/abc123, 2025-01-13T07:44:01Z
ac61297c-ea06-4815-8161-cdfdae444f80, P0038                , d195f2d2-f7ad-49f9-b0cf-aa9dfac7a9ad, +15550000038, SurveyLink , https://example.org/survey, https://mdh.li/abc123, 2025-12-13T16:47:00Z
abd94de1-67ae-4baa-b4d3-3ffaca459bd7, P0039                , ae565f39-1b9d-4789-a974-db846c23f2fc, +15550000039, SurveyLink , https://example.org/survey, https://mdh.li/abc123, 2026-02-25T16:58:20Z
abd94de1-67ae-4baa-b4d3-3ffaca459bd7, P0039                , 51f11be0-d5e1-4227-b26d-9cf46a0f6aca, +15550000039, SurveyLink , https://example.org/survey, https://mdh.li/abc123, 2026-02-26T16:30:20Z
f77e701b-e5d2-4e53-8dd7-5574a2cd9ce3, P0040                , dd95dc9d-6bce-48aa-af17-af7c8ff7f472, +15550000040, SurveyLink , https://example.org/survey, https://mdh.li/abc123, 2025-07-19T22:18:12Z
f77e701b-e5d2-4e53-8dd7-5574a2cd9ce3, P0040                , dd606e04-5bed-4b01-92ba-53803040d0f0, +15550000040, SurveyLink , https://example.org/survey, https://mdh.li/abc123, 2025-08-11T06:46:12Z
f77e701b-e5d2-4e53-8dd7-5574a2cd9ce3, P0040                , 0c976033-f725-4253-8924-fdc2f37324f2, +15550000040, SurveyLink , https://example.org/survey, https://mdh.li/abc123, 2025-08-12T02:53:12Z
f77e701b-e5d2-4e53-8dd7-5574a2cd9ce3, P0040                , 7add2a0d-a7ed-4950-8326-692360d8e24c, +15550000040, SurveyLink , https://example.org/survey, https://mdh.li/abc123, 2025-12-25T08:31:12Z
32551c80-b925-417b-93a3-8d72e2de213a, P0042                , d6a12d51-18b0-4457-8902-e53b22c4ff80, +15550000042, SurveyLink , https://example.org/survey, https://mdh.li/abc123, 2025-05-03T20:42:54Z
32551c80-b925-417b-93a3-8d72e2de213a, P0042                , f49ab11f-4266-42c7-a7e8-d9e6d39c398c, +15550000042, SurveyLink , https://example.org/survey, https://mdh.li/abc123, 2025-05-10T17:34:54Z
32551c80-b925-417b-93a3-8d72e2de213a, P0042                , 3dbdf4c0-5984-4018-9209-fccf97a52c9d, +15550000042, SurveyLink , https://example.org/survey, https://mdh.li/abc123, 2025-05-11T13:19:54Z
32551c80-b925-417b-93a3-8d72e2de213a, P0042                , 14509fe0-8fa8-46c1-a573-3e3c3c92489d, +15550000042, SurveyLink , https://example.org/survey, https://mdh.li/abc123, 2025-05-12T17:02:54Z
3331dc55-7da5-4e92-b390-198c70541701, P0044                , 1203eed8-8804-446f-978a-669b479f0203, +15550000044, SurveyLink , https://example.org/survey, https://mdh.li/abc123, 2025-07-04T22:14:04Z
3331dc55-7da5-4e92-b390-198c70541701, P0044                , 3ebc828b-601c-49f3-ba2c-b4b206d7e188, +15550000044, SurveyLink , https://example.org/survey, https://mdh.li/abc123, 2025-09-03T01:58:04Z
3d8f7c8b-f524-4fbe-8e2f-d7ce0078c214, P0045                , 4234b365-fbae-47df-b204-76824724e37f, +15550000045, SurveyLink , https://example.org/survey, https://mdh.li/abc123, 2025-07-08T07:25:19Z
734601b9-87ac-42e7-bdda-8db4221b4f48, P0047                , 259c93da-d300-4825-8879-d368f069329a, +15550000047, SurveyLink , https://example.org/survey, https://mdh.li/abc123, 2026-01-27T14:24:54Z
b73426c7-b601-4f88-91ee-0715b50d24ec, P0049                , 8f369d3d-3aec-4a7f-b77f-d6220310e1db, +15550000049, SurveyLink , https://example.org/survey, https://mdh.li/abc123, 2025-11-17T14:38:37Z
5e6a48b4-9968-4faa-9d32-d20f2ab32b9a, P0053                , 08bbf024-0e43-42ac-b42b-0bf87255ffc1, +15550000053, SurveyLink , https://example.org/survey, https://mdh.li/abc123, 2025-09-14T13:13:27Z
5e6a48b4-9968-4faa-9d32-d20f2ab32b9a, P0053                , 8690e708-92dd-49e0-b3f6-db1e6c0cefe8, +15550000053, SurveyLink , https://example.org/survey, https://mdh.li/abc123, 2025-09-15T13:46:27Z
5e6a48b4-9968-4faa-9d32-d20f2ab32b9a, P0053                , 40212f20-a6ff-4e65-9774-00af98829991, +15550000053, SurveyLink , https://example.org/survey, https://mdh.li/abc123, 2025-12-05T14:40:27Z
2ba0ff4a-8531-4a0d-9916-f9048f7d6d5e, P0056                , 3b5c0afd-4655-4c03-b8d4-5fb96065f466, +15550000056, SurveyLink , https://example.org/survey, https://mdh.li/abc123, 2025-05-14T01:11:26Z
2ba0ff4a-8531-4a0d-9916-f9048f7d6d5e, P0056                , 1281ede5-793c-4134-b2e1-1d557389d9fa, +15550000056, SurveyLink , https://example.org/survey, https://mdh.li/abc123, 2025-05-15T17:07:26Z
2ba0ff4a-8531-4a0d-9916-f9048f7d6d5e, P0056                , 3d441f39-2193-4a59-a23b-38cc4f52e8af, +15550000056, SurveyLink , https://example.org/survey, https://mdh.li/abc123, 2025-10-28T01:43:26Z
c0b1fe99-5409-43d4-ae74-ae3291b40a6b, P0057                , 1f1e01da-b9dc-4653-8eba-72e9c3f93f5b, +15550000057, SurveyLink , https://example.org/survey, https://mdh.li/abc123, 2025-02-05T15:55:17Z
a21c107c-0028-4277-8e30-65833e01e54d, P0058                , 6d3a623b-371b-4f98-b219-c7e614fee0ad, +15550000058, SurveyLink , https://example.org/survey, https://mdh.li/abc123, 2025-11-04T02:12:56Z
a21c107c-0028-4277-8e30-65833e01e54d, P0058                , d763fa5c-3bf1-49be-83d7-1a1448f0ee1a, +15550000058, SurveyLink , https://example.org/survey, https://mdh.li/abc123, 2025-11-05T03:43:56Z
c5fc6bfc-4080-4232-b149-597ee24b7638, P0059                , 075d3aee-27ce-46b4-a9ff-2e3b0a567d14, +15550000059, SurveyLink , https://example.org/survey, https://mdh.li/abc123, 2025-07-29T18:59:36Z
c5fc6bfc-4080-4232-b149-597ee24b7638, P0059                , 4dbd5eea-e3d6-4036-bce6-8478a4e24ddd, +15550000059, SurveyLink , https://example.org/survey, https://mdh.li/abc123, 2025-12-27T15:41:36Z
bb737c14-c512-43d5-84a5-b8faaa5a05da, P0061                , 503b87ad-004f-42c9-914d-b48f67ef5797, +15550000061, SurveyLink , https://example.org/survey, https://mdh.li/abc123, 2025-04-23T09:51:39Z
0bdf062e-5ec9-4e45-aa30-36e9032021a2, P0063                , 5a1dd583-f181-4275-a7a0-bb87f9b948a2, +15550000063, SurveyLink , https://example.org/survey, https://mdh.li/abc123, 2025-07-09T13:45:28Z
234f480a-cecb-4cff-b26a-2ab0f2957a73, P0068                , 40881353-1eb6-4df6-b236-34a03532690a, +15550000068, SurveyLink , https://example.org/survey, https://mdh.li/abc123, 2026-02-01T02:25:32Z
0913f118-eb66-41d3-b2e5-99a9bd0f80f5, P0069                , 436ea487-dc28-4f24-83ad-6e2995cd62a4, +15550000069, SurveyLink , https://example.org/survey, https://mdh.li/abc123, 2025-07-30T19:40:36Z
fdea8b6b-0de9-42e4-b471-0e8d262c3d74, P0071                , 17ea8991-f918-4c30-9bb1-09094f1a73ca, +15550000071, SurveyLink , https://example.org/survey, https://mdh.li/abc123, 2026-05-23T23:27:55Z
2cf4ab67-fa28-4dd5-b912-31bccb7d95ad, P0072                , 71221fb5-492b-4a77-ab53-9eecb3e747e9, +15550000072, SurveyLink , https://example.org/survey, https://mdh.li/abc123, 2025-10-11T15:11:01Z
47e65a23-f73d-4e97-8d8e-a907ffe8774a, P0073                , 1e4d0b24-0758-43a1-a344-43520ee4453e, +15550000073, SurveyLink , https://example.org/survey, https://mdh.li/abc123, 2025-09-23T02:49:51Z
7cea1968-ad5a-41f5-b264-ad2d6f5b1148, P0074                , 2ec3ca86-1bc2-4de7-ac63-021170111bf1, +15550000074, SurveyLink , https://example.org/survey, https://mdh.li/abc123, 2025-05-22T23:23:33Z
2eb3eee0-2092-4c32-9804-22801280160e, P0079                , c71b3754-63ba-41f0-862e-1b79f29f0543, +15550000079, SurveyLink , https://example.org/survey, https://mdh.li/abc123, 2026-01-12T16:54:49Z
f074ffbe-8502-4805-a99d-fbf0d81d6f84, P0080                , fbc23b73-59c2-459f-8890-fdfe75494fc0, +15550000080, SurveyLink , https://example.org/survey, https://mdh.li/abc123, 2025-08-24T02:28:08Z
c3cc9c9a-c920-4433-8779-c5fad3824dd6, P0081                , 8a3fce14-bedc-4655-80d2-c571287bd25f, +15550000081, SurveyLink , https://example.org/survey, https://mdh.li/abc123, 2025-09-03T22:59:22Z
4aaa4966-d77d-43ab-94c1-069d5bb903c7, P0085                , 3cb6b5e4-6f8b-4415-a67d-9d585f022203, +15550000085, SurveyLink , https://example.org/survey, https://mdh.li/abc123, 2025-07-16T21:26:08Z
6a923399-7071-4f8c-b8ec-88a81ad77bea, P0086                , 208f65ed-8dfe-4a80-a66f-0ec9c4e8d84b, +15550000086, SurveyLink , https://example.org/survey, https://mdh.li/abc123, 2025-07-25T08:20:20Z
82ad68eb-95a4-4ea2-a5a8-a9ac30b69e25, P0088                , 67eeb6e0-f87c-4796-80c2-40db7c402eb7, +15550000088, SurveyLink , https://example.org/survey, https://mdh.li/abc123, 2025-10-27T01:42:29Z
82ad68eb-95a4-4ea2-a5a8-a9ac30b69e25, P0088                , b877030b-79ec-4d11-825e-2fdc0f8dbc0f, +15550000088, SurveyLink , https://example.org/survey, https://mdh.li/abc123, 2025-10-28T00:27:29Z
cb2c82e7-a1fa-4dda-990a-fc2a7501db86, P0090                , c91838be-f2d3-4fbb-b99c-1220d4d1a358, +15550000090, SurveyLink , https://example.org/survey, https://mdh.li/abc123, 2025-09-21T18:55:43Z
cb2c82e7-a1fa-4dda-990a-fc2a7501db86, P0090                , 25276506-ec44-4278-b24d-6c7207b44bc4, +15550000090, SurveyLink , https://example.org/survey, https://mdh.li/abc123, 2025-11-20T20:59:43Z
e02ff6a9-15be-43fb-a5b2-e697df1d8f33, P0091                , c193b9e5-31f3-4bb0-97f1-24138a6701c9, +15550000091, SurveyLink , https://example.org/survey, https://mdh.li/abc123, 2026-05-07T15:54:52Z
832b9391-3f31-46a4-9d8b-66086a62f485, P0092                , c8083acb-ff97-43ac-8914-ac0bb1b08504, +15550000092, SurveyLink , https://example.org/survey, https://mdh.li/abc123, 2025-07-18T08:24:16Z
3bebe902-34ba-4086-848e-b8c5e34ca11e, P0093                , 585d2f68-fa27-46d4-af93-fa17174255e7, +15550000093, SurveyLink , https://example.org/survey, https://mdh.li/abc123, 2025-06-12T06:11:43Z
3bebe902-34ba-4086-848e-b8c5e34ca11e, P0093                , ea691e97-d740-4758-9526-d779a125ef5f, +15550000093, SurveyLink , https://example.org/survey, https://mdh.li/abc123, 2025-11-04T10:59:43Z
67b3b994-84de-4f2a-8c07-085f88fd25b7, P0094                , 9dc3eec3-6e2e-4de3-8ff7-2d9debf64a14, +15550000094, SurveyLink , https://example.org/survey, https://mdh.li/abc123, 2025-12-24T14:29:21Z
d05d5865-c366-4e19-9541-09c2fcc3abdd, P0099                , 7fd8418e-9776-4727-9352-9ed1e970c55e, +15550000099, SurveyLink , https://example.org/survey, https://mdh.li/abc123, 2025-08-08T19:13:43Z
bf40fbb2-09b4-4de4-979e-3b017c7ce859, P0100                , 8f77b5c4-fde4-4e17-a49a-60d9ba71be4f, +15550000100, SurveyLink , https://example.org/survey, https://mdh.li/abc123, 2026-01-03T10:43:06Z
bf40fbb2-09b4-4de4-979e-3b017c7ce859, P0100                , 5f9de154-a59c-498b-8f06-69903de474d0, +15550000100, SurveyLink , https://example.org/survey, https://mdh.li/abc123, 2026-03-27T09:50:06Z
2182b888-ff9a-4d0c-af68-9032efc746c4, P0101                , 30dba7f7-b04a-4062-ae8c-29980cb2e534, +15550000101, SurveyLink , https://example.org/survey, https://mdh.li/abc123, 2025-07-13T17:37:27Z
6d91d440-e8b6-4b5d-b1ee-8ec83e849784, P0102                , 43db5087-e934-48d2-a541-90f3710b59d4, +15550000102, SurveyLink , https://example.org/survey, https://mdh.li/abc123, 2025-10-17T18:29:06Z
6d91d440-e8b6-4b5d-b1ee-8ec83e849784, P0102                , 1499fad3-640c-493a-9327-30a746f7ee66, +15550000102, SurveyLink , https://example.org/survey, https://mdh.li/abc123, 2025-11-25T02:40:06Z
ed17be10-5ef2-4e08-82d7-e9ceaa77a274, P0103                , f475651f-d743-421b-a411-0f79f3d228e5, +15550000103, SurveyLink , https://example.org/survey, https://mdh.li/abc123, 2025-10-20T17:04:27Z
3c75e7d3-e73e-4006-b309-f5913258dcdd, P0104                , 4827f494-66b0-427a-9358-3d30083d74ac, +15550000104, SurveyLink , https://example.org/survey, https://mdh.li/abc123, 2025-11-18T14:36:27Z
3c75e7d3-e73e-4006-b309-f5913258dcdd, P0104                , 19b70b32-a1cf-4e56-931d-63921226bd02, +15550000104, SurveyLink , https://example.org/survey, https://mdh.li/abc123, 2025-11-19T11:16:27Z
8ad6165c-d325-4e3e-9d1b-cef4a0ea2161, P0106                , aa165be1-4bef-4533-b31c-b5525f11bb8f, +15550000106, SurveyLink , https://example.org/survey, https://mdh.li/abc123, 2025-09-12T04:07:00Z
4737ff54-7cb3-46b4-bf29-403be08eaf85, P0107                , 40fa48f1-e082-4068-a4ad-8c46fb7a1de1, +15550000107, SurveyLink , https://example.org/survey, https://mdh.li/abc123, 2025-04-06T00:16:24Z
fd80a43e-a6da-4002-ad35-96722ee14272, P0109                , 8a0728c1-623a-4edc-9864-1a39281d23de, +15550000109, SurveyLink , https://example.org/survey, https://mdh.li/abc123, 2025-03-23T15:09:23Z
fd80a43e-a6da-4002-ad35-96722ee14272, P0109                , 2c4ee15e-7dc4-4530-8f6a-33a4b2800887, +15550000109, SurveyLink , https://example.org/survey, https://mdh.li/abc123, 2025-08-15T17:58:23Z
fbdefe74-17f7-4ba7-85ef-64bd5b30cb9b, P0110                , 1885da46-7d45-4850-9031-221f62bd3158, +15550000110, SurveyLink , https://example.org/survey, https://mdh.li/abc123, 2025-11-22T08:37:41Z
fbdefe74-17f7-4ba7-85ef-64bd5b30cb9b, P0110                , 80f58df9-600e-4095-b19f-7f82f13e64d4, +15550000110, SurveyLink , https://example.org/survey, https://mdh.li/abc123, 2025-12-16T10:10:41Z
f9ecdbec-c624-4136-a82f-9668606b408b, P0112                , 376aaa4c-9793-463b-9b78-e562851795c9, +15550000112, SurveyLink , https://example.org/survey, https://mdh.li/abc123, 2026-01-01T10:28:54Z
f9ecdbec-c624-4136-a82f-9668606b408b, P0112                , dd35b76e-653b-415c-97d6-170b4ff214fa, +15550000112, SurveyLink , https://example.org/survey, https://mdh.li/abc123, 2026-03-03T08:39:54Z
fafdbfd6-777d-422f-9c8d-27a0381598b3, P0115                , 3d224c85-f9b6-4247-b867-604490b8435f, +15550000115, SurveyLink , https://example.org/survey, https://mdh.li/abc123, 2025-09-25T23:10:18Z
61f0e083-12b5-45e5-b226-8d869d0c0b0d, P0119                , f0dc1b90-2f27-4ce0-9ecf-36736d1df636, +15550000119, SurveyLink , https://example.org/survey, https://mdh.li/abc123, 2025-06-18T09:01:12Z
61f0e083-12b5-45e5-b226-8d869d0c0b0d, P0119                , 2ee19d28-ee2a-42fb-9357-82a37b1a666e, +15550000119, SurveyLink , https://example.org/survey, https://mdh.li/abc123, 2025-06-24T10:05:12Z
61f0e083-12b5-45e5-b226-8d869d0c0b0d, P0119                , 72e38a41-ebf4-44bd-988d-b0e9c1732710, +15550000119, SurveyLink , https://example.org/survey, https://mdh.li/abc123, 2025-09-17T11:17:12Z
180c06aa-92ed-4cff-ac15-b66dbf398e94, P0121                , 2a58a81e-0857-4197-ac61-049ba490e858, +15550000121, SurveyLink , https://example.org/survey, https://mdh.li/abc123, 2025-03-28T21:04:52Z
180c06aa-92ed-4cff-ac15-b66dbf398e94, P0121                , ab64a0fd-fe68-47d1-9327-546763d3f5db, +15550000121, SurveyLink , https://example.org/survey, https://mdh.li/abc123, 2025-03-30T04:56:52Z
cf521abc-9667-45ec-9dab-37a6f3e3e767, P0123                , 628422e6-74fc-4105-b98c-ef4815129049, +15550000123, SurveyLink , https://example.org/survey, https://mdh.li/abc123, 2025-12-18T05:42:50Z
2ba2ef23-a761-41b3-8c0b-2b76cf5e0fd3, P0125                , d45d8a27-4336-46a3-b597-405ef7dc9687, +15550000125, SurveyLink , https://example.org/survey, https://mdh.li/abc123, 2025-11-27T18:18:50Z
2ba2ef23-a761-41b3-8c0b-2b76cf5e0fd3, P0125                , a0a55565-2bec-425c-8a3b-bcf1b1d69217, +15550000125, SurveyLink , https://example.org/survey, https://mdh.li/abc123, 2026-02-25T15:01:50Z
58717162-ee01-4b56-a54f-bbf01cc689f2, P0126                , af1c614f-f83a-421f-9d92-749df8d19478, +15550000126, SurveyLink , https://example.org/survey, https://mdh.li/abc123, 2026-05-29T22:10:03Z
086ab6a6-b85d-465a-a673-ddb8a46a9f59, P0127                , c66f6a3c-a6fc-4e57-8c5e-45533441e609, +15550000127, SurveyLink , https://example.org/survey, https://mdh.li/abc123, 2025-02-18T04:40:45Z
086ab6a6-b85d-465a-a673-ddb8a46a9f59, P0127                , 70e97887-9d86-407a-a16c-b2cec39d0979, +15550000127, SurveyLink , https://example.org/survey, https://mdh.li/abc123, 2025-02-19T01:02:45Z
27cda347-079a-4de3-87fd-1f9d3d9c7a20, P0130                , 1358503e-9dd7-4118-9d28-70f94e3694f3, +15550000130, SurveyLink , https://example.org/survey, https://mdh.li/abc123, 2025-07-05T22:15:01Z
27cda347-079a-4de3-87fd-1f9d3d9c7a20, P0130                , e506d6c7-3004-4c48-a7d2-e604f05a27e3, +15550000130, SurveyLink , https://example.org/survey, https://mdh.li/abc123, 2025-07-07T05:46:01Z
d1d8da7e-fc1a-464e-97da-4b160454d64e, P0131                , e21f8e52-5167-4ac3-b70b-ab4a773fe1ac, +15550000131, SurveyLink , https://example.org/survey, https://mdh.li/abc123, 2025-12-19T16:15:39Z
d8ae5455-3c73-4ae7-95d6-5dbb6ea72e12, P0133                , 595e6e12-194b-4a8a-904f-64271c9a4771, +15550000133, SurveyLink , https://example.org/survey, https://mdh.li/abc123, 2025-10-06T07:23:23Z
e3c3a77c-bbb7-499d-ab38-a438b8dba160, P0134                , a6f249cf-fa52-404d-bec2-02dbc73fb822, +15550000134, SurveyLink , https://example.org/survey, https://mdh.li/abc123, 2026-01-28T18:48:19Z
e3c3a77c-bbb7-499d-ab38-a438b8dba160, P0134                , a90109a6-07eb-4d94-a163-ab440d79c82b, +15550000134, SurveyLink , https://example.org/survey, https://mdh.li/abc123, 2026-05-24T14:12:19Z
3bf6d2de-1201-4a66-9841-ca5fdd919a60, P0135                , 1ac153ed-5444-4500-a844-ec3c21930ca2, +15550000135, SurveyLink , https://example.org/survey, https://mdh.li/abc123, 2025-08-09T19:04:40Z
3bf6d2de-1201-4a66-9841-ca5fdd919a60, P0135                , b3c1fd06-f75d-48bb-b2b4-29ff1bb20862, +15550000135, SurveyLink , https://example.org/survey, https://mdh.li/abc123, 2025-08-10T16:43:40Z
3bf6d2de-1201-4a66-9841-ca5fdd919a60, P0135                , 91c55f84-bf47-4e0d-aa81-2f09947e1dbd, +15550000135, SurveyLink , https://example.org/survey, https://mdh.li/abc123, 2026-01-13T14:20:40Z
3969720b-5461-47ed-8f8b-adc1e7a5f4e8, P0139                , 5d502d62-5f86-451d-8506-978b4fdc5e41, +15550000139, SurveyLink , https://example.org/survey, https://mdh.li/abc123, 2025-09-18T22:07:32Z
4f1fb45a-435d-4817-a171-e7f4e2d61b3a, P0141                , 96964703-609e-4572-bf27-f4b3ea4e2f32, +15550000141, SurveyLink , https://example.org/survey, https://mdh.li/abc123, 2025-12-06T18:55:52Z
c43210cf-d018-4fcc-9070-86e1f236c285, P0142                , 5869ff96-a114-4ea1-8997-e8e957cc10dc, +15550000142, SurveyLink , https://example.org/survey, https://mdh.li/abc123, 2026-03-16T06:05:41Z
21f6114b-1f13-4457-8ff6-b194877855f1, P0143                , fdce3d21-6d61-4cdd-9212-1f861e29a10e, +15550000143, SurveyLink , https://example.org/survey, https://mdh.li/abc123, 2025-09-16T20:27:01Z
a39e4319-30d4-4624-9a99-e471dddebc47, P0144                , 7d200457-0a56-4ddc-a1a4-42d6090e556f, +15550000144, SurveyLink , https://example.org/survey, https://mdh.li/abc123, 2025-08-14T10:35:36Z
4c783683-a5ca-4b5b-a94f-059da01cf898, P0146                , 6f8b67ef-f7d4-4067-b363-9729a94fc5f6, +15550000146, SurveyLink , https://example.org/survey, https://mdh.li/abc123, 2025-08-05T12:02:19Z
5dd5d951-7804-4010-b1cf-5b28a46602f2, P0147                , 46557b24-c5ed-4699-9c9c-2b48e4d8e402, +15550000147, SurveyLink , https://example.org/survey, https://mdh.li/abc123, 2025-11-10T08:40:31Z
0db07907-88ed-4203-8e49-16d45e95ec7a, P0148                , 61382839-dbcf-45ee-964a-59f11f1a1c37, +15550000148, SurveyLink , https://example.org/survey, https://mdh.li/abc123, 2025-12-19T04:29:20Z
6249d580-4977-45cf-8895-2e941e027475, P0154                , 336479fa-afa8-4b43-b26a-f68c66e69e78, +15550000154, SurveyLink , https://example.org/survey, https://mdh.li/abc123, 2025-08-15T09:06:48Z
fa8598b2-4147-4eb6-b6e6-0b28e07ef51a, P0156                , 3fba51a8-4198-46cc-aee9-1bcdac332ed0, +15550000156, SurveyLink , https://example.org/survey, https://mdh.li/abc123, 2025-05-19T08:58:02Z
b551883f-7d73-4130-843e-55a5de486306, P0157                , 5fd7aa22-11fd-4017-91f8-95a87d8203e0, +15550000157, SurveyLink , https://example.org/survey, https://mdh.li/abc123, 2025-03-01T02:46:41Z
efcdce13-cdd7-4650-9a22-fc855cfce5d1, P0159                , 6f58e825-887a-4cad-86f0-e95616e9aecf, +15550000159, SurveyLink , https://example.org/survey, https://mdh.li/abc123, 2025-12-17T05:33:27Z
efcdce13-cdd7-4650-9a22-fc855cfce5d1, P0159                , 49b6b56f-337b-457c-a6a3-b044b7839ef8, +15550000159, SurveyLink , https://example.org/survey, https://mdh.li/abc123, 2026-03-10T04:16:27Z
78b3bd3a-78de-4c0c-8ec6-e32e76bee3b2, P0160                , 739687fa-a190-4a34-b4e7-441cf2180a2d, +15550000160, SurveyLink , https://example.org/survey, https://mdh.li/abc123, 2025-11-20T17:26:23Z
78b3bd3a-78de-4c0c-8ec6-e32e76bee3b2, P0160                , 6c9c8dee-670a-4271-ad5e-01f96a7cdc4d, +15550000160, SurveyLink , https://example.org/survey, https://mdh.li/abc123, 2025-11-21T12:25:23Z
40a124fe-062b-4c30-87e5-6f355d2c0de7, P0161                , 44c64d85-5075-44e2-90aa-2dc59f492ed3, +15550000161, SurveyLink , https://example.org/survey, https://mdh.li/abc123, 2025-07-05T17:02:21Z
40a124fe-062b-4c30-87e5-6f355d2c0de7, P0161                , d050db69-151a-4a5c-9f03-a11e0e93bda1, +15550000161, SurveyLink , https://example.org/survey, https://mdh.li/abc123, 2025-07-28T16:33:21Z
0929136c-6346-4712-b9da-a10efdc6a955, P0162                , d56a7ff4-773e-45b5-98c5-870fce745155, +15550000162, SurveyLink , https://example.org/survey, https://mdh.li/abc123, 2026-05-03T23:12:01Z
a545bf4e-fc17-4a0c-90c7-0ba12fee7933, P0163                , 8242aa63-cdd1-454e-8313-d134b0bc12f6, +15550000163, SurveyLink , https://example.org/survey, https://mdh.li/abc123, 2025-10-21T16:05:36Z
527949ee-363b-475b-8b5c-df13f536420b, P0165                , d2dd276d-3401-48ea-86eb-050dc6c4be67, +15550000165, SurveyLink , https://example.org/survey, https://mdh.li/abc123, 2025-07-12T15:02:02Z
527949ee-363b-475b-8b5c-df13f536420b, P0165                , 1c346183-749c-4340-924f-43bd9ab1e619, +15550000165, SurveyLink , https://example.org/survey, https://mdh.li/abc123, 2025-08-10T22:37:02Z
527949ee-363b-475b-8b5c-df13f536420b, P0165                , a427edb9-51fc-4437-ae8e-43b567dfb2fd, +15550000165, SurveyLink , https://example.org/survey, https://mdh.li/abc123, 2025-10-09T00:15:02Z
527949ee-363b-475b-8b5c-df13f536420b, P0165                , b2dd5bde-7f0b-45cc-ae80-8c30a97bc829, +15550000165, SurveyLink , https://example.org/survey, https://mdh.li/abc123, 2025-10-09T22:41:02Z
8cd7c97f-45d0-4ff4-a82a-093dbc06d91c, P0167                , 529a1b21-143d-4d5e-9b29-25781f5b0048, +15550000167, SurveyLink , https://example.org/survey, https://mdh.li/abc123, 2025-12-25T16:51:35Z
cdcc5b24-1e7d-466f-a76c-809c3ca57875, P0168                , 050d066e-1f4c-4498-91c3-1fc89976fdd7, +15550000168, SurveyLink , https://example.org/survey, https://mdh.li/abc123, 2025-04-19T11:49:16Z
cdcc5b24-1e7d-466f-a76c-809c3ca57875, P0168                , 4f1f3794-2640-4992-b0a7-9539bd7b9cc3, +15550000168, SurveyLink , https://example.org/survey, https://mdh.li/abc123, 2025-06-18T11:54:16Z
cdcc5b24-1e7d-466f-a76c-809c3ca57875, P0168                , afc61cd4-3796-46c6-b46b-cc6d3aa72dd0, +15550000168, SurveyLink , https://example.org/survey, https://mdh.li/abc123, 2025-06-19T06:06:16Z
894ff0c7-1503-4a0c-8509-2d037654e3ad, P0169                , 1e60744f-9d93-41d1-9833-ec1172b62c68, +15550000169, SurveyLink , https://example.org/survey, https://mdh.li/abc123, 2025-05-13T13:04:20Z
63864ecf-3d35-429e-a0ee-b7dc2f3d0911, P0171                , a484844e-6bef-4845-b9d3-728407e5ef8e, +15550000171, SurveyLink , https://example.org/survey, https://mdh.li/abc123, 2025-10-07T08:49:56Z
63864ecf-3d35-429e-a0ee-b7dc2f3d0911, P0171                , 1518d010-3580-443d-ae9d-66660754eab5, +15550000171, SurveyLink , https://example.org/survey, https://mdh.li/abc123, 2025-10-08T09:35:56Z
254d021c-3aff-4157-858d-83a29755bc83, P0173                , d6504896-2d76-42fa-a0c0-7980dafe2b93, +15550000173, SurveyLink , https://example.org/survey, https://mdh.li/abc123, 2025-08-18T10:02:06Z
254d021c-3aff-4157-858d-83a29755bc83, P0173                , 8efbc27c-64df-42a3-8261-b0e6d1106db5, +15550000173, SurveyLink , https://example.org/survey, https://mdh.li/abc123, 2025-11-29T05:03:06Z
e4409f20-e331-4beb-9637-fbf2323bd415, P0174                , 233002b4-5c14-44c3-96e3-e4bb84a556a9, +15550000174, SurveyLink , https://example.org/survey, https://mdh.li/abc123, 2025-11-26T09:19:35Z
b1df84ff-3fea-419b-a06f-4c757c8fdcba, P0179                , 46b5444e-f312-4876-8aa0-f46f43875b6f, +15550000179, SurveyLink , https://example.org/survey, https://mdh.li/abc123, 2025-08-14T09:09:37Z
3dac9f8d-7b0f-426a-bf7a-1d203d30981a, P0180                , 1455e42f-8ffd-492d-a4fe-7fdd60a3cb73, +15550000180, SurveyLink , https://example.org/survey, https://mdh.li/abc123, 2025-12-15T10:55:24Z
03e24b65-c959-455f-8eb2-58c5a8890ad5, P0181                , 11d443b0-57eb-4b10-b3d5-f43adacbf009, +15550000181, SurveyLink , https://example.org/survey, https://mdh.li/abc123, 2026-03-21T23:58:02Z
9c126754-de5b-4b0b-a654-44239a2564ef, P0182                , 91ff2121-6010-4fc9-acbe-f12fcbc45e23, +15550000182, SurveyLink , https://example.org/survey, https://mdh.li/abc123, 2025-02-13T17:50:38Z
3214e498-43de-43e9-b5be-fd303a2fe425, P0183                , 87b43b1d-2407-4b6e-b0ae-3b9ccf5fe08a, +15550000183, SurveyLink , https://example.org/survey, https://mdh.li/abc123, 2025-11-27T13:07:12Z
3214e498-43de-43e9-b5be-fd303a2fe425, P0183                , 68b7dd86-643a-49e1-bd44-fc424e52df9b, +15550000183, SurveyLink , https://example.org/survey, https://mdh.li/abc123, 2026-04-29T18:55:12Z
3c506462-bff6-4769-858b-610d571b363b, P0184                , 176a9f67-7f9b-47c1-b4e9-2db4a74399aa, +15550000184, SurveyLink , https://example.org/survey, https://mdh.li/abc123, 2025-05-01T07:13:25Z
3c506462-bff6-4769-858b-610d571b363b, P0184                , 8d687e04-7171-4ada-a43b-e36ae214a892, +15550000184, SurveyLink , https://example.org/survey, https://mdh.li/abc123, 2025-07-23T07:40:25Z
3c506462-bff6-4769-858b-610d571b363b, P0184                , ff715798-8b3a-424b-98c5-5689bb20ede1, +15550000184, SurveyLink , https://example.org/survey, https://mdh.li/abc123, 2025-10-04T10:47:25Z
f4d96764-dd23-4ae7-907d-dc7e999bdfa2, P0187                , 8e407423-b243-4536-8abb-928d4a77326b, +15550000187, SurveyLink , https://example.org/survey, https://mdh.li/abc123, 2026-01-22T19:09:15Z
019929d8-1eed-4948-bdff-5fc460e1e06b, P0188                , b8dda83e-f19a-40ec-9b8b-f014d822dc5d, +15550000188, SurveyLink , https://example.org/survey, https://mdh.li/abc123, 2025-12-12T23:15:06Z
019929d8-1eed-4948-bdff-5fc460e1e06b, P0188                , d93490c4-5472-4c01-b01e-6fa8790c8452, +15550000188, SurveyLink , https://example.org/survey, https://mdh.li/abc123, 2026-02-11T01:55:06Z
a47ae2ac-1575-4d44-bca9-111225b5c679, P0193                , e5e83a4e-f28e-4c6c-97c3-47419828c13c, +15550000193, SurveyLink , https://example.org/survey, https://mdh.li/abc123, 2026-03-09T09:49:48Z
f6149e0e-2a67-416d-b5c3-29df7a4f3203, P0194                , af8ef127-e13d-4cd0-80a6-6d7dd7fdea1c, +15550000194, SurveyLink , https://example.org/survey, https://mdh.li/abc123, 2025-08-19T17:50:48Z
b8c3f77e-46c6-4290-b87b-aaba9476b0b6, P0196                , 476cb77a-1547-49af-93a4-91718c1afea6, +15550000196, SurveyLink , https://example.org/survey, https://mdh.li/abc123, 2025-09-24T12:00:36Z
26f22487-c3e6-4762-8ec7-2dd1864632a2, P0197                , b33c482a-099a-46cb-823b-c2f5e12824f2, +15550000197, SurveyLink , https://example.org/survey, https://mdh.li/abc123, 2026-01-01T15:41:19Z
d08e1823-ff85-4f3b-bd98-231a4e276d3f, P0198                , baeca36e-3664-48a0-aaa5-95f8dca0fadf, +15550000198, SurveyLink , https://example.org/survey, https://mdh.li/abc123, 2025-06-13T19:09:19Z
4d20721a-369c-44fd-a90f-6b2b196aae7e, P0199                , 7f915cc1-b6d1-430d-84ee-13220676fc9b, +15550000199, SurveyLink , https://example.org/survey, https://mdh.li/abc123, 2025-09-14T00:53:29Z
05745887-b91c-459b-8205-ae10916432c9, P0200                , f0355ae1-9f22-41d9-90cf-13de24f30185, +15550000200, SurveyLink , https://example.org/survey, https://mdh.li/abc123, 2025-11-26T02:46:28Z
536ee717-ba21-40b2-8b7d-d230ee603501, P0201                , eef5cdfe-96b6-46cb-ac64-4cf89fee91e5, +15550000201, SurveyLink , https://example.org/survey, https://mdh.li/abc123, 2025-10-18T06:16:46Z
bfec3a82-ad28-4a60-bddd-304754276df2, P0204                , ebbeacac-a351-414b-8114-5e2dd80d0003, +15550000204, SurveyLink , https://example.org/survey, https://mdh.li/abc123, 2025-10-10T15:39:27Z
ac12a7cf-577d-41d7-85f2-faab86a7d88b, P0205                , 51b7c722-6d92-4f6d-a3bd-c4d6b53078a5, +15550000205, SurveyLink , https://example.org/survey, https://mdh.li/abc123, 2025-05-15T02:56:39Z
ac12a7cf-577d-41d7-85f2-faab86a7d88b, P0205                , acec25b7-666c-43dd-9f64-ce314627f66a, +15550000205, SurveyLink , https://example.org/survey, https://mdh.li/abc123, 2025-08-19T02:25:39Z
c0e862ec-fdb2-4c72-ba8e-51cc435fa72e, P0206                , 4a04a7ac-4c24-4bc3-9feb-18928d916106, +15550000206, SurveyLink , https://example.org/survey, https://mdh.li/abc123, 2026-03-19T10:51:39Z
1462cb6f-9735-4f23-b552-bbe78bfd8967, P0208                , 8f61a500-68f7-4307-b7a4-10b523e68648, +15550000208, SurveyLink , https://example.org/survey, https://mdh.li/abc123, 2025-10-15T09:47:00Z
cd8c948d-502e-4833-bf7c-e58732e6e180, P0209                , bee4479d-f53f-4c70-a855-c9b47896d3a9, +15550000209, SurveyLink , https://example.org/survey, https://mdh.li/abc123, 2025-02-15T02:24:36Z
da80a69b-7865-4050-b4e1-dbc864b3cd73, P0210                , f85528c1-229d-4393-9712-f12163712b96, +15550000210, SurveyLink , https://example.org/survey, https://mdh.li/abc123, 2025-09-10T03:51:43Z
7ce421d8-57a2-4485-a239-129a447f2609, P0211                , 678f3ccf-3b5c-424b-ad76-0290e56a33f4, +15550000211, SurveyLink , https://example.org/survey, https://mdh.li/abc123, 2025-10-18T21:05:59Z
7f58c36a-1b71-49e2-9104-dd0bee3f635b, P0213                , ca3f125a-a47b-410d-95db-360024df0e99, +15550000213, SurveyLink , https://example.org/survey, https://mdh.li/abc123, 2025-07-10T13:56:41Z
26dfb107-4bb6-4918-8309-8f55e64703cc, P0216                , 15b1edcc-c794-495a-b158-7411ae825ed0, +15550000216, SurveyLink , https://example.org/survey, https://mdh.li/abc123, 2026-03-23T12:53:09Z
60b077b7-8eaa-41e6-9f2d-aa9f4e172d9b, P0217                , 26d87caa-8678-4d81-b59d-cbcd920a5c34, +15550000217, SurveyLink , https://example.org/survey, https://mdh.li/abc123, 2025-02-06T05:52:34Z
295b037d-4a35-455f-af9c-c6175c635e1c, P0218                , 2eec6504-236b-4c6d-91bc-7d007d2e817c, +15550000218, SurveyLink , https://example.org/survey, https://mdh.li/abc123, 2025-03-08T16:32:26Z
295b037d-4a35-455f-af9c-c6175c635e1c, P0218                , d1938a2f-6b83-4ea9-a00a-4bf7a725dcab, +15550000218, SurveyLink , https://example.org/survey, https://mdh.li/abc123, 2025-05-07T14:18:26Z
82a17b00-e8a1-4458-a3b5-95134df6e649, P0219                , 0435f5f0-70f0-4378-82a0-4a1c54bf5bc0, +15550000219, SurveyLink , https://example.org/survey, https://mdh.li/abc123, 2025-02-01T22:49:39Z
40342a16-356d-4aa7-a69f-0d9cff57b9a6, P0220                , 1a128a82-062a-422a-87ff-7950483f5802, +15550000220, SurveyLink , https://example.org/survey, https://mdh.li/abc123, 2025-11-25T20:11:17Z
31e9c7bc-affd-463a-b08e-cd8bb2e708d8, P0226                , 151dc6b5-2394-47bc-91af-d01956e76118, +15550000226, SurveyLink , https://example.org/survey, https://mdh.li/abc123, 2025-09-03T13:47:30Z
6a33d975-94d4-4e72-b818-85f3045768e0, P0227                , 30ab959c-39ab-4f77-b649-4249aa90c75b, +15550000227, SurveyLink , https://example.org/survey, https://mdh.li/abc123, 2025-11-13T03:54:41Z
89eb4f4f-8917-4932-ae54-16d5a0457420, P0228                , 7c5c10aa-3c9a-4075-a7d6-b1cdb164ae61, +15550000228, SurveyLink , https://example.org/survey, https://mdh.li/abc123, 2025-03-20T19:17:22Z
6af34475-3297-4a6e-b7ce-e80505c96439, P0229                , 40b074c7-a23a-4be5-8664-5ac4a621b193, +15550000229, SurveyLink , https://example.org/survey, https://mdh.li/abc123, 2025-04-08T21:28:50Z
6af34475-3297-4a6e-b7ce-e80505c96439, P0229                , cf5d788d-d8ea-4fab-8412-42d3b91bd7a1, +15550000229, SurveyLink , https://example.org/survey, https://mdh.li/abc123, 2025-04-14T23:08:50Z
6af34475-3297-4a6e-b7ce-e80505c96439, P0229                , f8994330-b3a2-49da-afcc-153bcc47b809, +15550000229, SurveyLink , https://example.org/survey, https://mdh.li/abc123, 2025-09-10T01:43:50Z
6af34475-3297-4a6e-b7ce-e80505c96439, P0229                , 53fbc969-eaac-479f-bd13-98b5259cc771, +15550000229, SurveyLink , https://example.org/survey, https://mdh.li/abc123, 2025-09-10T20:04:50Z
6af34475-3297-4a6e-b7ce-e80505c96439, P0229                , 0eb9ed9a-f3fc-4d5b-b235-31f6c467784e, +15550000229, SurveyLink , https://example.org/survey, https://mdh.li/abc123, 2025-09-12T01:33:50Z
25ec5c42-8dd6-4ed7-b65e-c29c7fb19ffa, P0233                , 02c79038-129a-456b-bef3-a632603923d0, +15550000233, SurveyLink , https://example.org/survey, https://mdh.li/abc123, 2025-11-19T17:14:47Z
ccef23e0-6e55-4bba-80c0-9ad3b2e882d0, P0235                , 9b2e546b-11e4-4739-ad67-c11003e7e196, +15550000235, SurveyLink , https://example.org/survey, https://mdh.li/abc123, 2025-04-22T22:34:27Z
ccef23e0-6e55-4bba-80c0-9ad3b2e882d0, P0235                , 292b8129-6fea-4f96-87fd-48b3f96a12d4, +15550000235, SurveyLink , https://example.org/survey, https://mdh.li/abc123, 2025-09-12T01:12:27Z
479acc0e-8d16-4c04-a768-cb1c579650d4, P0236                , acfc78d7-919f-4e2a-aec1-fc375aa110ed, +15550000236, SurveyLink , https://example.org/survey, https://mdh.li/abc123, 2025-09-25T03:58:30Z
479acc0e-8d16-4c04-a768-cb1c579650d4, P0236                , 9b1945fc-0526-430a-ad16-0ed818e62040, +15550000236, SurveyLink , https://example.org/survey, https://mdh.li/abc123, 2026-02-26T04:24:30Z
e578ecb0-8250-44eb-9423-df3ec101241d, P0237                , 849e5888-ee8a-4a61-8ef6-19672f4273ed, +15550000237, SurveyLink , https://example.org/survey, https://mdh.li/abc123, 2025-10-29T19:23:58Z
e578ecb0-8250-44eb-9423-df3ec101241d, P0237                , 75b24d22-8912-4dda-9e50-c9fd3dad78a1, +15550000237, SurveyLink , https://example.org/survey, https://mdh.li/abc123, 2025-10-31T02:11:58Z
e578ecb0-8250-44eb-9423-df3ec101241d, P0237                , ffad939d-eb0f-411a-a865-f80c758f1224, +15550000237, SurveyLink , https://example.org/survey, https://mdh.li/abc123, 2025-10-31T20:13:58Z
e578ecb0-8250-44eb-9423-df3ec101241d, P0237                , 6d4d1035-596c-4c90-8fa0-3d5151a0d9b9, +15550000237, SurveyLink , https://example.org/survey, https://mdh.li/abc123, 2026-01-20T19:31:58Z
ad23840a-1755-48f1-b413-63be0ae13170, P0238                , fcbd4fb9-9729-4526-bab5-b4848643d9c2, +15550000238, SurveyLink , https://example.org/survey, https://mdh.li/abc123, 2025-10-06T08:06:10Z
4d7aff12-83e4-4a59-808f-f92388e199a8, P0240                , 027c9caa-9304-4897-8c7e-ddcf1f00fb56, +15550000240, SurveyLink , https://example.org/survey, https://mdh.li/abc123, 2025-03-10T17:12:34Z
c9060b3f-1a05-40cf-8bc9-5b50baed9999, P0241                , 1068b6b9-3788-40f1-9208-b9f398bf4262, +15550000241, SurveyLink , https://example.org/survey, https://mdh.li/abc123, 2025-01-10T21:36:31Z
41ca1140-a261-4f5a-a6ae-27c7463f729a, P0245                , 79c79e8d-a168-46c3-8b11-070443b155f4, +15550000245, SurveyLink , https://example.org/survey, https://mdh.li/abc123, 2025-09-11T22:34:39Z
41ca1140-a261-4f5a-a6ae-27c7463f729a, P0245                , 3bf27996-dc32-4970-b525-eb246191e990, +15550000245, SurveyLink , https://example.org/survey, https://mdh.li/abc123, 2025-09-13T20:40:39Z
41ca1140-a261-4f5a-a6ae-27c7463f729a, P0245                , 9858563b-3249-4bfa-8b34-4c3c4cdfd97e, +15550000245, SurveyLink , https://example.org/survey, https://mdh.li/abc123, 2025-11-11T16:33:39Z
41ca1140-a261-4f5a-a6ae-27c7463f729a, P0245                , 878dfb74-7b48-452f-8566-6b3d61bc98aa, +15550000245, SurveyLink , https://example.org/survey, https://mdh.li/abc123, 2025-11-12T18:43:39Z
673ebfeb-3a94-4dfe-b711-cc29291ebdef, P0246                , 21c58314-0ea7-4023-a6e9-7f2d342bf889, +15550000246, SurveyLink , https://example.org/survey, https://mdh.li/abc123, 2026-01-26T13:58:08Z
593e45a7-c14f-4f5d-ba72-8e8f40383059, P0247                , 0be61070-3af4-4855-b22c-131608b0dbc0, +15550000247, SurveyLink , https://example.org/survey, https://mdh.li/abc123, 2026-01-03T15:42:19Z
593e45a7-c14f-4f5d-ba72-8e8f40383059, P0247                , e4b19db9-fbb3-4103-a68c-acaa0212e63c, +15550000247, SurveyLink , https://example.org/survey, https://mdh.li/abc123, 2026-05-25T09:07:19Z
0e5700c8-cec9-4e87-9da5-9010479fce82, P0249                , ec7807e4-1b7f-40c3-b997-a64d514f131c, +15550000249, SurveyLink , https://example.org/survey, https://mdh.li/abc123, 2025-10-09T16:01:08Z
984caa35-ff7f-430c-9e52-84373a6a4b08, P0257                , a967830e-db4d-4dad-ad4f-27a7800dc857, +15550000257, SurveyLink , https://example.org/survey, https://mdh.li/abc123, 2025-08-25T00:32:48Z
ab1947fe-b754-4746-92d8-88c825fe3ea0, P0258                , 7886cc1f-6153-4e25-bf34-4dd67c0a38f2, +15550000258, SurveyLink , https://example.org/survey, https://mdh.li/abc123, 2025-03-23T12:47:27Z
ab1947fe-b754-4746-92d8-88c825fe3ea0, P0258                , 1d8adeb3-1ade-487f-814d-9d3965485c79, +15550000258, SurveyLink , https://example.org/survey, https://mdh.li/abc123, 2025-05-23T12:46:27Z
6922ba7d-53fc-4d44-b1d3-b6eeed66179a, P0259                , 26baf5c9-62e1-4802-a514-83a814c8c24e, +15550000259, SurveyLink , https://example.org/survey, https://mdh.li/abc123, 2026-01-31T00:30:07Z
e4486b6d-7272-4e57-bfff-5ac26decb5af, P0260                , 26386834-daba-480c-9aef-485a074c1195, +15550000260, SurveyLink , https://example.org/survey, https://mdh.li/abc123, 2026-04-21T17:43:14Z
737c899d-af3c-46b6-9bcf-ae588baf2522, P0263                , 22c8c9aa-dcd1-41fb-a7eb-340c86a69da5, +15550000263, SurveyLink , https://example.org/survey, https://mdh.li/abc123, 2025-07-23T12:02:07Z
737c899d-af3c-46b6-9bcf-ae588baf2522, P0263                , de030323-6690-4fb3-ac31-776dfaa536b3, +15550000263, SurveyLink , https://example.org/survey, https://mdh.li/abc123, 2025-07-24T16:57:07Z
4f7ee3cd-fb4d-42e1-b2b5-6ec4b9ee3ef3, P0265                , 1e0ab033-66db-4dd2-ba4b-9fb1ec2ece3d, +15550000265, SurveyLink , https://example.org/survey, https://mdh.li/abc123, 2025-06-19T22:17:54Z
4f7ee3cd-fb4d-42e1-b2b5-6ec4b9ee3ef3, P0265                , 1f4d8345-b97c-4858-aafa-20d704ea1beb, +15550000265, SurveyLink , https://example.org/survey, https://mdh.li/abc123, 2025-07-12T19:01:54Z
25c61a94-88cd-4c6c-846f-60ecb34b8e6e, P0267                , 84162f67-93aa-43dd-bc16-3e860db8c807, +15550000267, SurveyLink , https://example.org/survey, https://mdh.li/abc123, 2025-03-12T21:16:26Z
25c61a94-88cd-4c6c-846f-60ecb34b8e6e, P0267                , 95635ffe-2c7e-4e87-94d0-9f8e47b97d2d, +15550000267, SurveyLink , https://example.org/survey, https://mdh.li/abc123, 2025-04-03T17:43:26Z
e86c700f-bcc2-4a7a-b248-28af4d44c618, P0270                , a33ab480-00cf-4ffc-b0b9-685a9f7c6667, +15550000270, SurveyLink , https://example.org/survey, https://mdh.li/abc123, 2025-12-02T01:05:15Z
a578eb75-3911-4714-b945-5a3f83dcecaa, P0273                , 5c7865f5-aa72-4ee6-9b78-ad5d9e8aebd5, +15550000273, SurveyLink , https://example.org/survey, https://mdh.li/abc123, 2025-08-17T09:13:16Z
a578eb75-3911-4714-b945-5a3f83dcecaa, P0273                , e006debd-e2f6-4877-b375-23a394bd97bd, +15550000273, SurveyLink , https://example.org/survey, https://mdh.li/abc123, 2025-11-15T04:42:16Z
07e37b59-cf75-4447-849f-d2a3b037c393, P0274                , d43f5dfc-3007-40a2-8a44-f8c245293601, +15550000274, SurveyLink , https://example.org/survey, https://mdh.li/abc123, 2025-05-07T12:43:01Z
07e37b59-cf75-4447-849f-d2a3b037c393, P0274                , 750a219e-1624-451d-a15f-2c827ea898bb, +15550000274, SurveyLink , https://example.org/survey, https://mdh.li/abc123, 2025-06-01T16:21:01Z
07e37b59-cf75-4447-849f-d2a3b037c393, P0274                , 6323be5b-56a1-47b9-b87a-194bff1a84d8, +15550000274, SurveyLink , https://example.org/survey, https://mdh.li/abc123, 2025-07-29T10:47:01Z
cafa2fce-0d7a-49a6-b862-711d4ca202c4, P0275                , 5c549c1a-ae36-4ecc-bdb9-f3e53ef91b27, +15550000275, SurveyLink , https://example.org/survey, https://mdh.li/abc123, 2025-12-21T02:04:28Z
671e5026-6e48-443e-b24d-072b142929cc, P0276                , b8028655-472f-4f4c-bea4-cf3562dee699, +15550000276, SurveyLink , https://example.org/survey, https://mdh.li/abc123, 2025-06-17T21:21:59Z
dfb6fee1-49b8-40dc-ac6e-16934278c992, P0277                , ace82d10-4fde-41bf-bec8-26ad68dc198f, +15550000277, SurveyLink , https://example.org/survey, https://mdh.li/abc123, 2025-08-31T08:51:35Z
de610eb7-077d-47da-9bef-5b6e1f81a871, P0284                , 6478c0ed-c70e-44e3-b742-2a8d7ab6010a, +15550000284, SurveyLink , https://example.org/survey, https://mdh.li/abc123, 2025-04-07T07:46:06Z
ed2a08e5-ad32-46ed-81ba-e8b9e8f19962, P0285                , 67f8611a-5bf0-4494-9c3c-b29c7dc444f8, +15550000285, SurveyLink , https://example.org/survey, https://mdh.li/abc123, 2025-03-14T19:03:24Z
e4531655-f4d6-494d-a1dd-e4e5c69b2949, P0286                , dd8321bf-6a8a-4e58-a3fe-bb6fee909377, +15550000286, SurveyLink , https://example.org/survey, https://mdh.li/abc123, 2025-06-01T23:19:10Z
b3c402fc-a420-48bf-99b1-4a8720c7b2ea, P0287                , 9dd0246c-987f-4655-bd58-f7436711ac9a, +15550000287, SurveyLink , https://example.org/survey, https://mdh.li/abc123, 2025-12-12T15:52:23Z
b3c402fc-a420-48bf-99b1-4a8720c7b2ea, P0287                , 29096e9d-e738-4fc0-9151-e89a0da430e3, +15550000287, SurveyLink , https://example.org/survey, https://mdh.li/abc123, 2025-12-14T14:14:23Z
b3c402fc-a420-48bf-99b1-4a8720c7b2ea, P0287                , fab92923-1efa-4f7e-9b03-efb12da62723, +15550000287, SurveyLink , https://example.org/survey, https://mdh.li/abc123, 2026-01-11T10:11:23Z
b3c402fc-a420-48bf-99b1-4a8720c7b2ea, P0287                , 8d09328d-f3c2-4a3f-bb52-cd2e8c82f16d, +15550000287, SurveyLink , https://example.org/survey, https://mdh.li/abc123, 2026-06-06T10:10:23Z
f396132b-7181-4ecb-86d3-b2668b488686, P0288                , 38c91e2b-7f48-4527-bc02-4d37805dadc7, +15550000288, SurveyLink , https://example.org/survey, https://mdh.li/abc123, 2025-03-01T01:55:53Z
31746d32-b253-46f5-9d49-5d96c7588668, P0289                , 7abd2b5a-ef63-4470-a1b5-644ebf0cf266, +15550000289, SurveyLink , https://example.org/survey, https://mdh.li/abc123, 2025-02-20T17:13:11Z
07dc8990-f63b-4da1-9f6e-7319ec2ecc13, P0293                , 196aed80-c71a-4c9b-8dec-92ea48cb55ad, +15550000293, SurveyLink , https://example.org/survey, https://mdh.li/abc123, 2025-05-25T20:20:10Z
07dc8990-f63b-4da1-9f6e-7319ec2ecc13, P0293                , ca3a3f20-a25c-4e3f-bdad-20c45e060e82, +15550000293, SurveyLink , https://example.org/survey, https://mdh.li/abc123, 2025-08-16T22:19:10Z
3e6efba3-ceb7-40c0-8d87-736a396d1a4c, P0294                , f53d4bd5-5c10-4659-87ba-b8b5a10ec088, +15550000294, SurveyLink , https://example.org/survey, https://mdh.li/abc123, 2026-01-29T12:54:42Z
3e6efba3-ceb7-40c0-8d87-736a396d1a4c, P0294                , 20f3b7b2-6598-48ca-82b2-03e11088204e, +15550000294, SurveyLink , https://example.org/survey, https://mdh.li/abc123, 2026-03-30T11:07:42Z
7762e523-96a5-418a-a382-e669ce3f470a, P0298                , f3ea6782-f092-4ee4-bad9-7f6e64c8699a, +15550000298, SurveyLink , https://example.org/survey, https://mdh.li/abc123, 2025-07-18T21:24:34Z
d9d97df4-bc06-4b57-8c3a-aee430f02ac5, P0299                , 8f4de651-b87c-4c71-a4a6-2300a5bc217c, +15550000299, SurveyLink , https://example.org/survey, https://mdh.li/abc123, 2025-12-04T15:15:09Z
0c8a230a-86e7-4549-ab23-49b52a2d2c13, P0300                , ce9c7dbd-258a-4e2e-8d75-f18e753fdb47, +15550000300, SurveyLink , https://example.org/survey, https://mdh.li/abc123, 2025-05-08T19:08:42Z
e27ee634-4ff7-4ac6-80b0-75ca4e23fd27, P0301                , 5cf72af5-f2a9-4c5b-a9bd-136fbb706efa, +15550000301, SurveyLink , https://example.org/survey, https://mdh.li/abc123, 2025-09-23T20:49:20Z
e27ee634-4ff7-4ac6-80b0-75ca4e23fd27, P0301                , d1868028-c69b-462d-bbca-181251a8a07d, +15550000301, SurveyLink , https://example.org/survey, https://mdh.li/abc123, 2026-01-29T21:29:20Z
a281cdef-66ed-492f-bea6-78e8e7e65780, P0302                , f7f2440f-c6d7-4045-81b0-ee81fe4f4468, +15550000302, SurveyLink , https://example.org/survey, https://mdh.li/abc123, 2025-05-29T15:18:32Z
a281cdef-66ed-492f-bea6-78e8e7e65780, P0302                , a3c11a52-ed60-428f-9200-004dfa564e94, +15550000302, SurveyLink , https://example.org/survey, https://mdh.li/abc123, 2025-07-28T15:03:32Z
09601e05-069b-4a72-a5d2-3dfc5da44223, P0304                , b5ff2fe4-ff15-4e88-aa87-f5b37a209f8a, +15550000304, SurveyLink , https://example.org/survey, https://mdh.li/abc123, 2025-05-15T10:39:19Z
20ce1c3a-ad30-4238-9f96-df0c03544724, P0305                , 362745ba-1972-419d-a209-c3d7d354da91, +15550000305, SurveyLink , https://example.org/survey, https://mdh.li/abc123, 2025-12-30T12:37:45Z
20ce1c3a-ad30-4238-9f96-df0c03544724, P0305                , 06611416-7093-4009-bff2-4dd2c40135ba, +15550000305, SurveyLink , https://example.org/survey, https://mdh.li/abc123, 2026-01-21T12:35:45Z
20ce1c3a-ad30-4238-9f96-df0c03544724, P0305                , 181f899d-b64a-49c4-8e87-4e075a1fd72a, +15550000305, SurveyLink , https://example.org/survey, https://mdh.li/abc123, 2026-01-22T17:13:45Z
20ce1c3a-ad30-4238-9f96-df0c03544724, P0305                , b0147996-bcdf-475e-8e89-e0438f282d06, +15550000305, SurveyLink , https://example.org/survey, https://mdh.li/abc123, 2026-04-27T18:20:45Z
d94905d3-2cef-477e-9f8a-1133a85b2a95, P0307                , 18c6c44e-4e97-4b36-b0f9-579845a18241, +15550000307, SurveyLink , https://example.org/survey, https://mdh.li/abc123, 2025-07-15T02:23:07Z
d94905d3-2cef-477e-9f8a-1133a85b2a95, P0307                , bc4847da-2fbe-4372-b24e-f9525fff27a1, +15550000307, SurveyLink , https://example.org/survey, https://mdh.li/abc123, 2025-07-15T19:38:07Z
d94905d3-2cef-477e-9f8a-1133a85b2a95, P0307                , df738fb3-b149-4dd0-b39d-dffc25a0b310, +15550000307, SurveyLink , https://example.org/survey, https://mdh.li/abc123, 2025-10-13T01:52:07Z
5ab57f78-c88b-4114-bac7-b7e06c13795f, P0308                , 0607fc89-6613-425a-b0e0-7b67fadf8e65, +15550000308, SurveyLink , https://example.org/survey, https://mdh.li/abc123, 2025-09-29T23:52:01Z
7963a906-ad57-41a6-8609-f3a67114b545, P0309                , 09890085-7cd8-4948-a884-f9acd9ad98ab, +15550000309, SurveyLink , https://example.org/survey, https://mdh.li/abc123, 2025-08-18T14:52:04Z
7963a906-ad57-41a6-8609-f3a67114b545, P0309                , 8d96e6ae-38fd-4b13-95f7-5f224b3fda78, +15550000309, SurveyLink , https://example.org/survey, https://mdh.li/abc123, 2025-11-10T16:22:04Z
d5fc957f-d1ec-42bd-8567-42e90b68ba22, P0314                , 874d260b-32bf-409a-9663-dbe7e4a48186, +15550000314, SurveyLink , https://example.org/survey, https://mdh.li/abc123, 2025-09-18T11:06:34Z
d5fc957f-d1ec-42bd-8567-42e90b68ba22, P0314                , f86d507b-a09e-46e0-bd6e-af2df111684e, +15550000314, SurveyLink , https://example.org/survey, https://mdh.li/abc123, 2025-09-19T09:35:34Z
c63f3718-db2c-41bd-975f-edaf2010fc37, P0315                , 4829cbe7-dbaa-47fc-9518-c46eb15e2a16, +15550000315, SurveyLink , https://example.org/survey, https://mdh.li/abc123, 2025-07-30T16:59:03Z
102c67f7-c6b1-473b-91d1-b28ceeb0e2c8, P0317                , ce2d5431-8c1a-47f5-8eab-163f9a2fa717, +15550000317, SurveyLink , https://example.org/survey, https://mdh.li/abc123, 2025-09-17T03:08:55Z
8304f575-85f8-49a5-92c4-d6eaa99c0e83, P0321                , 9844fa64-7559-4a5a-8c6e-704b557baef1, +15550000321, SurveyLink , https://example.org/survey, https://mdh.li/abc123, 2025-09-20T21:46:39Z
cd510047-0413-48e4-95f3-c14a9c1479e1, P0322                , 9708f6bf-af46-499a-ac34-42289b772cc4, +15550000322, SurveyLink , https://example.org/survey, https://mdh.li/abc123, 2025-05-02T10:47:38Z
c3d2eb77-ff2b-490f-8b58-d97805f28513, P0323                , f030e0e8-7c89-40da-b31b-f6f56b6fdafe, +15550000323, SurveyLink , https://example.org/survey, https://mdh.li/abc123, 2025-12-21T09:53:45Z
c3d2eb77-ff2b-490f-8b58-d97805f28513, P0323                , 77c54c64-ef16-4fe8-beee-0f7be1553512, +15550000323, SurveyLink , https://example.org/survey, https://mdh.li/abc123, 2025-12-22T03:13:45Z
e729f36b-2b39-4db1-a2c3-e4522e09bd75, P0324                , 0a7e3974-c845-4c0e-915c-363207e6881f, +15550000324, SurveyLink , https://example.org/survey, https://mdh.li/abc123, 2025-11-04T16:05:24Z
efe8e19c-577c-474a-8e37-51761dad1478, P0325                , 7f79386e-db6d-4c50-b85a-6d0dcb87e030, +15550000325, SurveyLink , https://example.org/survey, https://mdh.li/abc123, 2025-01-29T13:21:57Z
a5731bb2-b985-43e6-9c8f-1a608ddd38f7, P0331                , 1dd5327e-6c3f-490b-858f-d27b34748478, +15550000331, SurveyLink , https://example.org/survey, https://mdh.li/abc123, 2025-12-27T16:46:14Z
a5731bb2-b985-43e6-9c8f-1a608ddd38f7, P0331                , 3713a115-490c-4a17-a8fb-3840d729f7ae, +15550000331, SurveyLink , https://example.org/survey, https://mdh.li/abc123, 2026-01-01T10:57:14Z
df736bf7-860c-4ff5-bcb6-77f2e2e2ce13, P0333                , b9d1d724-5f99-4ec5-be9d-7e6d1f8823fa, +15550000333, SurveyLink , https://example.org/survey, https://mdh.li/abc123, 2025-02-20T06:08:08Z
f62b86eb-64cc-40ad-a09b-bfab9b988246, P0337                , c7667f56-9fbe-4d74-88a5-85f75a10ec79, +15550000337, SurveyLink , https://example.org/survey, https://mdh.li/abc123, 2026-04-23T12:09:47Z
591200ea-93eb-4c61-845b-244b3689fd39, P0339                , df231fe1-7043-475f-afa0-8e5431dc12a0, +15550000339, SurveyLink , https://example.org/survey, https://mdh.li/abc123, 2025-07-26T06:03:32Z
591200ea-93eb-4c61-845b-244b3689fd39, P0339                , 632b32ab-0ac4-4959-85fc-d73f090e3c42, +15550000339, SurveyLink , https://example.org/survey, https://mdh.li/abc123, 2025-07-27T04:52:32Z
6d553a1f-ae01-4759-bf2e-974dd68fea72, P0340                , 2ef85165-ee4c-46b9-92ec-eae8d3680e07, +15550000340, SurveyLink , https://example.org/survey, https://mdh.li/abc123, 2026-01-04T19:49:03Z
488fa566-4714-49f4-9a9e-deb5abb9d319, P0341                , 0ae028ee-3a8e-4357-ab00-663ef8a419d3, +15550000341, SurveyLink , https://example.org/survey, https://mdh.li/abc123, 2025-10-28T19:59:15Z
488fa566-4714-49f4-9a9e-deb5abb9d319, P0341                , 2b4d3272-ee85-4f01-a475-a50f58b29353, +15550000341, SurveyLink , https://example.org/survey, https://mdh.li/abc123, 2025-10-29T19:34:15Z
488fa566-4714-49f4-9a9e-deb5abb9d319, P0341                , 035b7d12-80e5-4d68-95ff-c9673b8f1b29, +15550000341, SurveyLink , https://example.org/survey, https://mdh.li/abc123, 2025-10-30T19:10:15Z
488fa566-4714-49f4-9a9e-deb5abb9d319, P0341                , 30bba222-8b29-404e-9f4f-f05f88792092, +15550000341, SurveyLink , https://example.org/survey, https://mdh.li/abc123, 2026-02-19T20:56:15Z
284ab260-6795-4458-aa8e-869fed5838de, P0342                , 4de762d3-bb21-4192-b439-781b433895de, +15550000342, SurveyLink , https://example.org/survey, https://mdh.li/abc123, 2026-01-28T19:30:49Z
acfabf04-5a4f-4c5b-906f-83518b954d3f, P0344                , 5923da21-1fb4-43f5-8a85-848eb0a9066a, +15550000344, SurveyLink , https://example.org/survey, https://mdh.li/abc123, 2025-07-15T15:24:22Z
acfabf04-5a4f-4c5b-906f-83518b954d3f, P0344                , 484c3ce9-91a5-47f8-909f-41c3d02d939f, +15550000344, SurveyLink , https://example.org/survey, https://mdh.li/abc123, 2025-07-16T19:27:22Z
acfabf04-5a4f-4c5b-906f-83518b954d3f, P0344                , 0de9fdac-3e7b-4c12-9af0-b83a3ab0247d, +15550000344, SurveyLink , https://example.org/survey, https://mdh.li/abc123, 2025-07-17T16:32:22Z
6d84d440-f322-437e-b522-bf92b5a59de2, P0347                , c878b11d-c382-4797-b97b-230a79fd67f5, +15550000347, SurveyLink , https://example.org/survey, https://mdh.li/abc123, 2026-03-08T11:29:47Z
6d84d440-f322-437e-b522-bf92b5a59de2, P0347                , fdf76bac-39e0-4277-a62a-275251ab1926, +15550000347, SurveyLink , https://example.org/survey, https://mdh.li/abc123, 2026-03-09T10:53:47Z
6d84d440-f322-437e-b522-bf92b5a59de2, P0347                , 86ef6a7a-877a-4ef7-9ef8-8b25681e51c0, +15550000347, SurveyLink , https://example.org/survey, https://mdh.li/abc123, 2026-05-27T19:11:47Z
8fce5461-df84-4ed4-afcb-7abf01b82f53, P0348                , b274beb4-f571-4c5a-871f-797659a561d5, +15550000348, SurveyLink , https://example.org/survey, https://mdh.li/abc123, 2025-01-16T14:21:33Z
59942e73-d159-49f8-a4fa-694bb2bd1902, P0349                , 6a19c885-febf-4f11-bef0-876549261d7e, +15550000349, SurveyLink , https://example.org/survey, https://mdh.li/abc123, 2025-03-01T16:52:11Z
80c1a327-6864-4f75-b92a-53d75167a3fb, P0350                , c5ec017e-b9f5-4201-b186-78e5ab8d3ee4, +15550000350, SurveyLink , https://example.org/survey, https://mdh.li/abc123, 2025-09-10T11:34:56Z
80c1a327-6864-4f75-b92a-53d75167a3fb, P0350                , 71aba112-bb17-47b5-96b5-c54909df5785, +15550000350, SurveyLink , https://example.org/survey, https://mdh.li/abc123, 2025-10-09T12:03:56Z
efdc6b3f-0b9b-42b6-bbf3-d97dc3916c69, P0351                , bdd3cda0-91f7-47a8-bf41-e4ceeb010a98, +15550000351, SurveyLink , https://example.org/survey, https://mdh.li/abc123, 2025-07-26T08:08:00Z
743751a1-b5f2-49de-9bbf-44042c6bdcfc, P0353                , 70f45dfe-0d71-4c0e-93b4-8f771929d8d8, +15550000353, SurveyLink , https://example.org/survey, https://mdh.li/abc123, 2026-03-26T20:02:31Z
b079d03f-d895-42cc-b753-ffd75201ea10, P0356                , ec6ae4a3-e475-469a-aa17-7e8a02480e81, +15550000356, SurveyLink , https://example.org/survey, https://mdh.li/abc123, 2026-06-09T06:08:21Z
25895338-7a36-4b19-be50-b2c97e7a9b21, P0358                , 39909438-90d3-4bb0-8c25-27db5895cc07, +15550000358, SurveyLink , https://example.org/survey, https://mdh.li/abc123, 2025-03-04T22:09:58Z
a78e5faf-1d92-4142-bd1d-824b5429c61b, P0360                , 850059e4-b165-4f80-a90c-85af15cadd02, +15550000360, SurveyLink , https://example.org/survey, https://mdh.li/abc123, 2025-12-02T19:00:34Z
a8574ed5-7170-4267-8315-4e35eee497fd, P0361                , b26b205a-9c1e-41cc-81ae-fa50df6799d7, +15550000361, SurveyLink , https://example.org/survey, https://mdh.li/abc123, 2025-03-21T22:29:39Z
fadfad5a-5730-45dc-9f35-2e0de8d889f8, P0362                , 5901d14c-db08-4006-b744-fb5f45ab91bd, +15550000362, SurveyLink , https://example.org/survey, https://mdh.li/abc123, 2025-07-03T07:11:50Z
88564e78-0065-4cfa-9769-2d79946a6e7e, P0363                , 87da238c-e037-4b27-ba5d-cf397326c204, +15550000363, SurveyLink , https://example.org/survey, https://mdh.li/abc123, 2025-05-17T19:51:40Z
88564e78-0065-4cfa-9769-2d79946a6e7e, P0363                , cad4ed42-69c9-4d12-a07e-e185257736ec, +15550000363, SurveyLink , https://example.org/survey, https://mdh.li/abc123, 2025-08-20T11:55:40Z
2ca4477d-01a4-416b-94a7-1e01aa8594b1, P0365                , 2d39f017-da14-4672-8b5f-b02ac5dd575f, +15550000365, SurveyLink , https://example.org/survey, https://mdh.li/abc123, 2025-08-26T16:36:18Z
ed571bf2-0ecb-4969-b47b-208c71c656be, P0367                , 528ee78f-622c-49d4-824d-a40974a7d2e6, +15550000367, SurveyLink , https://example.org/survey, https://mdh.li/abc123, 2025-12-11T19:04:28Z
ed571bf2-0ecb-4969-b47b-208c71c656be, P0367                , d0908624-6abf-43f1-b4cf-b9eefd133c45, +15550000367, SurveyLink , https://example.org/survey, https://mdh.li/abc123, 2026-05-26T18:53:28Z
78052071-09dd-4373-a873-4c751bc759d2, P0368                , 3922c3fe-95e1-478c-8f4e-2158067fe921, +15550000368, SurveyLink , https://example.org/survey, https://mdh.li/abc123, 2025-02-10T06:35:11Z
78052071-09dd-4373-a873-4c751bc759d2, P0368                , 86d934eb-970f-4c42-92ce-ab74b0c2d58f, +15550000368, SurveyLink , https://example.org/survey, https://mdh.li/abc123, 2025-05-02T02:02:11Z
78052071-09dd-4373-a873-4c751bc759d2, P0368                , d611d554-aa80-499d-a6f8-a5f5ea7276d9, +15550000368, SurveyLink , https://example.org/survey, https://mdh.li/abc123, 2025-05-04T10:07:11Z
cb53a3fc-7669-44d9-bd7e-7bed4bd25275, P0372                , eb82f069-f49f-423f-b75c-40fc5a28a82d, +15550000372, SurveyLink , https://example.org/survey, https://mdh.li/abc123, 2025-06-14T06:36:38Z
b5406036-a793-4708-8e65-59e0434ef4fc, P0374                , 1402465a-c60b-49ec-b8b8-d4c42f613ad6, +15550000374, SurveyLink , https://example.org/survey, https://mdh.li/abc123, 2025-09-27T05:06:23Z
ac01b18e-3d15-41af-b185-252b63568f08, P0375                , 490ffc07-1ed8-44a1-8a73-e66f13cf1355, +15550000375, SurveyLink , https://example.org/survey, https://mdh.li/abc123, 2025-06-30T20:17:12Z
ac01b18e-3d15-41af-b185-252b63568f08, P0375                , 567bbea4-f30a-4367-83d1-337ab57c9ad5, +15550000375, SurveyLink , https://example.org/survey, https://mdh.li/abc123, 2025-09-28T22:40:12Z
ac01b18e-3d15-41af-b185-252b63568f08, P0375                , 6b562485-2d3b-44b0-b1cb-cfe05c894af6, +15550000375, SurveyLink , https://example.org/survey, https://mdh.li/abc123, 2025-10-01T01:41:12Z
3afcde89-292c-4fd7-919f-3a38202202ba, P0376                , cdf982ab-ed4b-4d3f-9bf8-57541f6d6234, +15550000376, SurveyLink , https://example.org/survey, https://mdh.li/abc123, 2025-07-20T22:28:26Z
3afcde89-292c-4fd7-919f-3a38202202ba, P0376                , 91f6abcd-fb29-485b-ab06-18757007605d, +15550000376, SurveyLink , https://example.org/survey, https://mdh.li/abc123, 2025-10-11T21:48:26Z
3afcde89-292c-4fd7-919f-3a38202202ba, P0376                , ce4c844c-e932-4241-8564-1cb8a771f437, +15550000376, SurveyLink , https://example.org/survey, https://mdh.li/abc123, 2025-12-01T01:43:26Z
7e2ae7c6-7d7c-4741-a34d-a1cc6371a3e2, P0377                , dd22dfcd-4c17-476e-81d2-7635a571fc11, +15550000377, SurveyLink , https://example.org/survey, https://mdh.li/abc123, 2026-01-30T13:59:20Z
5a1d8197-1745-472b-9048-7e58165c4b0c, P0382                , b6a951c7-a71b-478f-827d-ef2202691070, +15550000382, SurveyLink , https://example.org/survey, https://mdh.li/abc123, 2025-04-11T06:52:28Z
4923f2a9-4e66-4d93-958c-6265319cbafa, P0386                , fa6bcd54-a88b-42fa-b312-894b4e433647, +15550000386, SurveyLink , https://example.org/survey, https://mdh.li/abc123, 2025-06-30T07:30:46Z
4923f2a9-4e66-4d93-958c-6265319cbafa, P0386                , e4067f83-5614-4d34-9a41-0317884b2a93, +15550000386, SurveyLink , https://example.org/survey, https://mdh.li/abc123, 2025-09-21T11:50:46Z
4923f2a9-4e66-4d93-958c-6265319cbafa, P0386                , 1d3753fe-432c-437c-b751-425de2286341, +15550000386, SurveyLink , https://example.org/survey, https://mdh.li/abc123, 2025-09-22T07:39:46Z
4923f2a9-4e66-4d93-958c-6265319cbafa, P0386                , fad46526-bdd1-4af1-ae4b-5ca899700527, +15550000386, SurveyLink , https://example.org/survey, https://mdh.li/abc123, 2025-11-18T12:21:46Z
f6d94d7e-a87c-4865-9a9f-a884a24e3883, P0389                , 207963b8-a975-44b0-82a3-2ed2bce47b97, +15550000389, SurveyLink , https://example.org/survey, https://mdh.li/abc123, 2026-04-14T06:19:23Z
91251029-c86b-46f2-b7c2-ef784bd94343, P0390                , 08ae42fd-28ad-4b23-98ed-c4ffbe167c1b, +15550000390, SurveyLink , https://example.org/survey, https://mdh.li/abc123, 2025-08-23T11:21:54Z
aaeac0f2-fdce-4ad3-841f-705c3c870b4a, P0391                , fcccf3c7-2a21-4066-977c-e46aad5b69ba, +15550000391, SurveyLink , https://example.org/survey, https://mdh.li/abc123, 2025-11-07T23:35:38Z
aaeac0f2-fdce-4ad3-841f-705c3c870b4a, P0391                , 979bcf4e-160f-4caa-a824-3e8d961d0d1c, +15550000391, SurveyLink , https://example.org/survey, https://mdh.li/abc123, 2025-11-08T23:31:38Z
aaeac0f2-fdce-4ad3-841f-705c3c870b4a, P0391                , 2628af38-27d6-43e0-a692-021219e1eafe, +15550000391, SurveyLink , https://example.org/survey, https://mdh.li/abc123, 2025-12-08T02:45:38Z
f0754fe2-f64f-4dc8-a071-5eef1ff04a9d, P0394                , 67f159c9-74ef-48b6-bf6c-9fcbc0f8c07b, +15550000394, SurveyLink , https://example.org/survey, https://mdh.li/abc123, 2025-02-14T08:10:09Z
1daff0b5-b473-4105-b8bb-d8d2cdcd51bb, P0395                , c09d705f-6007-4c26-9555-2d12b227a1b1, +15550000395, SurveyLink , https://example.org/survey, https://mdh.li/abc123, 2025-12-03T22:00:14Z
1daff0b5-b473-4105-b8bb-d8d2cdcd51bb, P0395                , 3e68c574-3101-4102-b58a-f0d1851435eb, +15550000395, SurveyLink , https://example.org/survey, https://mdh.li/abc123, 2025-12-05T01:17:14Z
c2394f69-4149-41bf-b24f-363d3e6b2b71, P0398                , 243c6de5-a067-4a33-ac5c-76e21fbd5e07, +15550000398, SurveyLink , https://example.org/survey, https://mdh.li/abc123, 2025-01-03T14:02:32Z
c2394f69-4149-41bf-b24f-363d3e6b2b71, P0398                , 35ec885c-8ee5-4fbb-8676-301c94899d15, +15550000398, SurveyLink , https://example.org/survey, https://mdh.li/abc123, 2025-01-05T16:54:32Z
f7540176-b7ed-4fb7-9e8f-92c3ff1bf783, P0399                , c16eb5c5-de53-41ba-aa40-0b2331da82a4, +15550000399, SurveyLink , https://example.org/survey, https://mdh.li/abc123, 2025-05-07T20:04:15Z
f7540176-b7ed-4fb7-9e8f-92c3ff1bf783, P0399                , 7aca2f0b-777d-4c80-9dad-46337d277919, +15550000399, SurveyLink , https://example.org/survey, https://mdh.li/abc123, 2025-05-09T19:30:15Z
f7540176-b7ed-4fb7-9e8f-92c3ff1bf783, P0399                , d9bdd059-354f-4bfd-8097-e3405b7ea3bc, +15550000399, SurveyLink , https://example.org/survey, https://mdh.li/abc123, 2025-07-31T16:53:15Z
f7540176-b7ed-4fb7-9e8f-92c3ff1bf783, P0399                , 054deef7-e835-406b-a80b-2215a31505e4, +15550000399, SurveyLink , https://example.org/survey, https://mdh.li/abc123, 2025-08-01T21:02:15Z
8ce90ed1-8624-48a5-b3ba-e68d8f6cb35a, P0400                , c3eb6c96-fa32-40c0-a579-b2190e464480, +15550000400, SurveyLink , https://example.org/survey, https://mdh.li/abc123, 2026-04-24T19:23:20Z
73a2efa5-2b91-4b72-95c2-fb6ccaabf4d8, P0401                , 8577c736-bcb0-46c4-ae6b-510872d803e1, +15550000401, SurveyLink , https://example.org/survey, https://mdh.li/abc123, 2025-11-18T00:19:45Z
a7368190-714d-47fe-8322-54c52278f634, P0403                , 5c55d846-e5cd-441f-ac6d-828de3b1e243, +15550000403, SurveyLink , https://example.org/survey, https://mdh.li/abc123, 2025-05-09T23:32:38Z
a7368190-714d-47fe-8322-54c52278f634, P0403                , cdcd1950-b43c-46cc-8f4a-3f3ec167e57d, +15550000403, SurveyLink , https://example.org/survey, https://mdh.li/abc123, 2025-05-11T01:08:38Z
72ea18ab-f178-41d5-be97-11baf6f70517, P0405                , 4dcfa412-0cc2-4721-bccb-9905fd89df39, +15550000405, SurveyLink , https://example.org/survey, https://mdh.li/abc123, 2025-08-09T08:53:43Z
0a2daf81-92c6-4126-b954-970891e78ad3, P0406                , 55748a76-a8fe-435f-9fa0-ab270583f45d, +15550000406, SurveyLink , https://example.org/survey, https://mdh.li/abc123, 2026-04-04T02:16:50Z
5ee5cade-20e7-4e37-b091-3a70dd0fed98, P0408                , 9c6ebfad-97fe-44ee-9efa-104df27b417a, +15550000408, SurveyLink , https://example.org/survey, https://mdh.li/abc123, 2025-12-04T18:57:10Z
0a8d4cbf-d6e8-4003-bfc2-b30283114f4f, P0411                , e0c100ba-2ecf-4ccf-934d-dc7618509059, +15550000411, SurveyLink , https://example.org/survey, https://mdh.li/abc123, 2025-03-21T10:44:15Z
d672293f-efcd-47c0-b332-b49e2db16dcf, P0413                , 4c416365-c4f6-4542-a097-520b910bc278, +15550000413, SurveyLink , https://example.org/survey, https://mdh.li/abc123, 2025-05-18T07:49:47Z
d2111c56-4ef7-456e-af7a-78bf302e1fed, P0414                , 7e489875-f5fd-491b-abc3-dbc7d1724d55, +15550000414, SurveyLink , https://example.org/survey, https://mdh.li/abc123, 2025-12-26T16:23:38Z
d2111c56-4ef7-456e-af7a-78bf302e1fed, P0414                , 7ca1e031-aa77-4185-9359-12ec786ccd71, +15550000414, SurveyLink , https://example.org/survey, https://mdh.li/abc123, 2026-04-24T15:19:38Z
d2111c56-4ef7-456e-af7a-78bf302e1fed, P0414                , 469fa8e1-5b3a-4a76-8fa8-6c9b9847334a, +15550000414, SurveyLink , https://example.org/survey, https://mdh.li/abc123, 2026-04-26T11:02:38Z
7b058937-2044-4001-a24e-71bd218dc4c8, P0415                , d619da9f-7953-4628-81c6-51b7a4244ba4, +15550000415, SurveyLink , https://example.org/survey, https://mdh.li/abc123, 2025-03-04T13:24:03Z
0f93defe-873d-4fd9-92bf-4c9096f161c7, P0416                , a7fec9f5-2b62-44ae-b80d-2f3cb7d6dbf9, +15550000416, SurveyLink , https://example.org/survey, https://mdh.li/abc123, 2025-06-17T07:33:51Z
0f93defe-873d-4fd9-92bf-4c9096f161c7, P0416                , efce6e53-7881-4d92-a27c-1c39e7481e20, +15550000416, SurveyLink , https://example.org/survey, https://mdh.li/abc123, 2025-06-18T08:04:51Z
0f93defe-873d-4fd9-92bf-4c9096f161c7, P0416                , f2252885-87ab-4fd0-8a5f-d2a6d7ba95d8, +15550000416, SurveyLink , https://example.org/survey, https://mdh.li/abc123, 2025-10-22T03:31:51Z
0f93defe-873d-4fd9-92bf-4c9096f161c7, P0416                , 735ef825-920d-4dc8-b3fc-81a58ac59682, +15550000416, SurveyLink , https://example.org/survey, https://mdh.li/abc123, 2025-10-23T02:57:51Z
758e248a-5a2b-47b6-a723-c549bce8d2ac, P0417                , 4eee212e-7a24-43c2-a9cf-a8df3cda777d, +15550000417, SurveyLink , https://example.org/survey, https://mdh.li/abc123, 2025-08-16T01:57:36Z
758e248a-5a2b-47b6-a723-c549bce8d2ac, P0417                , 0c974a0e-686c-4b80-b3bc-3dbd16863ab8, +15550000417, SurveyLink , https://example.org/survey, https://mdh.li/abc123, 2025-09-06T21:46:36Z
c61fb93a-dd58-41db-8007-576e45a5882a, P0418                , 07faafd9-c273-4a13-95f9-933959da9ce9, +15550000418, SurveyLink , https://example.org/survey, https://mdh.li/abc123, 2025-12-26T11:30:07Z
49645155-73c0-496f-9b86-5a773da5de11, P0419                , 1e7ff153-732d-4f8c-a92e-ade8df2b5b76, +15550000419, SurveyLink , https://example.org/survey, https://mdh.li/abc123, 2025-11-10T03:04:23Z
026fc606-2fe8-4a69-ad29-03a72f9c2f67, P0425                , e000c2d8-c9bf-4550-9c55-e821ba8d1887, +15550000425, SurveyLink , https://example.org/survey, https://mdh.li/abc123, 2025-10-06T16:32:14Z
0ef434bb-4ea0-4496-bd65-9af751c644a8, P0426                , 72312770-2795-40be-9488-c96f85e0583a, +15550000426, SurveyLink , https://example.org/survey, https://mdh.li/abc123, 2025-08-19T17:11:27Z
395f7a09-d4a6-4f72-b018-32ea06bbfd59, P0427                , 4a2422f2-d63c-46b6-9992-57181c1a65c5, +15550000427, SurveyLink , https://example.org/survey, https://mdh.li/abc123, 2025-09-04T12:07:45Z
b2a50b1c-4bcc-4600-98cf-9981b7f09cec, P0428                , 782fd44e-d542-4d69-811d-7bb2e25ab4a4, +15550000428, SurveyLink , https://example.org/survey, https://mdh.li/abc123, 2026-04-14T08:03:20Z
b2a50b1c-4bcc-4600-98cf-9981b7f09cec, P0428                , 4a65f83f-4a20-48d9-93a6-5b90eca85473, +15550000428, SurveyLink , https://example.org/survey, https://mdh.li/abc123, 2026-04-15T13:25:20Z
600c1651-5da1-4fd4-b144-21c2e848097a, P0430                , 42116de2-e974-4ed4-96a3-57e979539d5b, +15550000430, SurveyLink , https://example.org/survey, https://mdh.li/abc123, 2025-10-21T17:20:19Z
f30ed78a-3c5d-44cd-908e-1163c592bef5, P0432                , 9881baaf-66df-4bc3-9280-7a225a357ff7, +15550000432, SurveyLink , https://example.org/survey, https://mdh.li/abc123, 2025-08-10T21:25:50Z
f30ed78a-3c5d-44cd-908e-1163c592bef5, P0432                , 808ea95b-692f-456f-98c4-69caccda29e1, +15550000432, SurveyLink , https://example.org/survey, https://mdh.li/abc123, 2026-01-29T23:06:50Z
9d2df97c-e7d1-400f-946b-2687212117e8, P0435                , 1c4bb59a-1a6a-4081-9354-1c19710e480a, +15550000435, SurveyLink , https://example.org/survey, https://mdh.li/abc123, 2025-05-15T17:53:46Z
9d2df97c-e7d1-400f-946b-2687212117e8, P0435                , 029d0803-4a5e-4b0d-9c71-67d691660cf0, +15550000435, SurveyLink , https://example.org/survey, https://mdh.li/abc123, 2025-07-14T19:26:46Z
9d2df97c-e7d1-400f-946b-2687212117e8, P0435                , c4b9f534-44ba-4eaa-ae57-a593a6676701, +15550000435, SurveyLink , https://example.org/survey, https://mdh.li/abc123, 2025-07-15T17:06:46Z
69947818-41ce-49e1-a004-a335c2e274bd, P0436                , 8044d471-d6cd-42ba-88d3-cecfc6b1dec0, +15550000436, SurveyLink , https://example.org/survey, https://mdh.li/abc123, 2025-12-18T02:48:02Z
926ca5af-08a6-4642-b85e-7f535344c76b, P0438                , d0697c6a-5da5-49f7-9ded-54cd2eeef9f6, +15550000438, SurveyLink , https://example.org/survey, https://mdh.li/abc123, 2025-03-02T03:52:27Z
e630a8e9-922a-4467-a797-fce07c715169, P0440                , d6ce9d58-aed1-4f5b-ad2a-403144ed6fdc, +15550000440, SurveyLink , https://example.org/survey, https://mdh.li/abc123, 2025-11-01T09:38:00Z
79ba1e38-8e2c-4449-8d97-86532c6c111c, P0441                , e5a14298-a4e6-4361-8834-2dd74afa5a2d, +15550000441, SurveyLink , https://example.org/survey, https://mdh.li/abc123, 2025-04-14T06:43:50Z
79ba1e38-8e2c-4449-8d97-86532c6c111c, P0441                , 861e5b79-64b4-4fc3-8a2c-1dd2daef0daf, +15550000441, SurveyLink , https://example.org/survey, https://mdh.li/abc123, 2025-07-13T02:42:50Z
feb0e951-8b7b-4028-b842-54c8c870f2fe, P0444                , 4b6282a5-b7b5-4f5f-9009-807657d2506e, +15550000444, SurveyLink , https://example.org/survey, https://mdh.li/abc123, 2025-03-09T04:19:58Z
feb0e951-8b7b-4028-b842-54c8c870f2fe, P0444                , c5fdf447-1763-43e2-b24a-c2d8bf3df086, +15550000444, SurveyLink , https://example.org/survey, https://mdh.li/abc123, 2025-04-08T01:57:58Z
e8d1e7dd-b37b-4eae-8207-d2474fd64a85, P0448                , 56f6e525-4de1-489e-a2f9-c151cb48a4ab, +15550000448, SurveyLink , https://example.org/survey, https://mdh.li/abc123, 2025-10-23T09:08:36Z
72ab5e87-4fd2-44da-a029-dcb20b9691dd, P0449                , b8e8a84a-b03e-4fb5-a591-76b36a80c782, +15550000449, SurveyLink , https://example.org/survey, https://mdh.li/abc123, 2025-05-20T02:03:19Z
72ab5e87-4fd2-44da-a029-dcb20b9691dd, P0449                , 19f61e39-24cb-41ee-94c7-8b6d58effa4e, +15550000449, SurveyLink , https://example.org/survey, https://mdh.li/abc123, 2025-08-19T03:31:19Z
72ab5e87-4fd2-44da-a029-dcb20b9691dd, P0449                , e3069a09-f8bd-46a6-a9c0-122ec59eff0b, +15550000449, SurveyLink , https://example.org/survey, https://mdh.li/abc123, 2025-08-20T05:11:19Z
977ca4a8-7fd6-4d70-aaa6-69b6f2ecb6be, P0450                , 7389c0a5-197d-408d-b447-965d3556d023, +15550000450, SurveyLink , https://example.org/survey, https://mdh.li/abc123, 2026-01-08T02:36:02Z
1d02dbc8-fa6d-4008-9509-ceaf7e52c20c, P0453                , f6a4e379-5f4e-42a8-8e91-4bfaba55841a, +15550000453, SurveyLink , https://example.org/survey, https://mdh.li/abc123, 2025-09-09T14:03:17Z
1d02dbc8-fa6d-4008-9509-ceaf7e52c20c, P0453                , 15689b37-37e7-46cf-9bdb-0d93c7cd34f8, +15550000453, SurveyLink , https://example.org/survey, https://mdh.li/abc123, 2026-01-09T10:41:17Z
78be8bdc-33fd-4ccd-8ee1-d9eaf4fcd028, P0454                , a1c67698-80c3-4653-9722-96112cbb1c92, +15550000454, SurveyLink , https://example.org/survey, https://mdh.li/abc123, 2025-09-03T09:23:55Z
300fd5be-fbdc-45a6-ae88-0d267b45f995, P0456                , a9ff5e8a-f4c2-457d-a9f2-bd1997989c48, +15550000456, SurveyLink , https://example.org/survey, https://mdh.li/abc123, 2025-08-16T15:23:11Z
540b4896-403f-4a90-8064-ce2f34ba7b83, P0459                , 02dc385a-d692-40bc-8260-79f2cf4a6c50, +15550000459, SurveyLink , https://example.org/survey, https://mdh.li/abc123, 2026-01-17T01:12:08Z
04c54d51-8275-4ce8-8554-2d534b09edf3, P0460                , 3b9e337f-c798-49ad-84d1-14586269487c, +15550000460, SurveyLink , https://example.org/survey, https://mdh.li/abc123, 2025-12-23T01:51:07Z
974c0cef-9321-40f2-9300-4efb7ca68590, P0461                , b14719d4-3f0c-4020-94ed-408a64e1db9d, +15550000461, SurveyLink , https://example.org/survey, https://mdh.li/abc123, 2025-02-03T13:39:52Z
f4d29d91-8d6c-4c25-9c70-6ecb5509fa72, P0465                , b857ea8d-9d3a-46de-b46d-6ce94f68504f, +15550000465, SurveyLink , https://example.org/survey, https://mdh.li/abc123, 2025-03-12T05:27:19Z
f4d29d91-8d6c-4c25-9c70-6ecb5509fa72, P0465                , b8534d0a-fa24-44bf-9c73-68763f00da40, +15550000465, SurveyLink , https://example.org/survey, https://mdh.li/abc123, 2025-04-04T08:48:19Z
37441823-731e-4b49-b4e6-a098fcde0878, P0468                , cb727732-09a5-4886-a7d1-a47d4e352941, +15550000468, SurveyLink , https://example.org/survey, https://mdh.li/abc123, 2025-02-02T04:23:31Z
71081554-f146-4e43-ab9a-14029c1bb284, P0470                , 611aa13b-028d-4321-bbfd-54d7d1128445, +15550000470, SurveyLink , https://example.org/survey, https://mdh.li/abc123, 2025-07-10T16:17:04Z
ce167566-955a-424e-92ea-3f56347d0938, P0472                , b1617ad9-6d33-4900-8e60-a98a61ced81a, +15550000472, SurveyLink , https://example.org/survey, https://mdh.li/abc123, 2025-12-23T10:40:14Z
d322fd02-64c1-4bda-8944-e96749a40d06, P0474                , 885f4ec4-bef7-48ec-a4ef-3f59cbbc03e7, +15550000474, SurveyLink , https://example.org/survey, https://mdh.li/abc123, 2025-11-30T08:32:28Z
5decdf96-60c4-470a-964f-47212892b602, P0475                , 0f0ffa8d-6942-4182-aab4-0e1a30b098d6, +15550000475, SurveyLink , https://example.org/survey, https://mdh.li/abc123, 2025-05-11T12:01:19Z
5decdf96-60c4-470a-964f-47212892b602, P0475                , f90853f2-37e7-4b8a-9050-8cb46ed27567, +15550000475, SurveyLink , https://example.org/survey, https://mdh.li/abc123, 2025-05-12T07:57:19Z
9cb5084a-1a00-49f3-9d95-6fb74307ed51, P0476                , c67459f9-32d2-4b3c-a644-3c71526d6321, +15550000476, SurveyLink , https://example.org/survey, https://mdh.li/abc123, 2025-10-19T11:56:00Z
9cb5084a-1a00-49f3-9d95-6fb74307ed51, P0476                , f8bc1f95-ca0c-4b7f-918e-8805918c8c2d, +15550000476, SurveyLink , https://example.org/survey, https://mdh.li/abc123, 2025-10-20T20:13:00Z
e4dfb6df-906f-44de-86ce-8629fd816397, P0478                , b1ad03ea-d57d-4bd2-87a7-be66028f52ac, +15550000478, SurveyLink , https://example.org/survey, https://mdh.li/abc123, 2025-07-16T03:28:58Z
6e23c35f-37bd-4896-9ac1-3ecb85d3140c, P0480                , 0f04f274-9e1f-4847-b74e-486abf8dd4c7, +15550000480, SurveyLink , https://example.org/survey, https://mdh.li/abc123, 2025-04-04T02:18:34Z
6e23c35f-37bd-4896-9ac1-3ecb85d3140c, P0480                , 2b4b60c6-8c95-4569-a271-c71c46554eb3, +15550000480, SurveyLink , https://example.org/survey, https://mdh.li/abc123, 2025-08-29T22:46:34Z
28650309-01b9-4c3d-aa41-0c9a5a0bc59b, P0481                , e7354f96-0ba0-44e3-8368-63e566fd98d8, +15550000481, SurveyLink , https://example.org/survey, https://mdh.li/abc123, 2025-01-17T14:14:03Z
28650309-01b9-4c3d-aa41-0c9a5a0bc59b, P0481                , 62d0f9b6-6552-42aa-9097-f3cbba046c3e, +15550000481, SurveyLink , https://example.org/survey, https://mdh.li/abc123, 2025-01-19T18:19:03Z
28650309-01b9-4c3d-aa41-0c9a5a0bc59b, P0481                , 0e35d75b-c918-4e1b-b382-0b15d5ab7a0d, +15550000481, SurveyLink , https://example.org/survey, https://mdh.li/abc123, 2025-05-23T16:30:03Z
28650309-01b9-4c3d-aa41-0c9a5a0bc59b, P0481                , 351efc5c-ff25-4e75-8332-e9489ac4cbad, +15550000481, SurveyLink , https://example.org/survey, https://mdh.li/abc123, 2025-05-24T19:27:03Z
26dbe47d-ae4e-45e3-be92-1c964b8abe76, P0482                , d0345d8b-9144-4727-ba3a-2eb41c00fc74, +15550000482, SurveyLink , https://example.org/survey, https://mdh.li/abc123, 2025-07-31T05:45:05Z
8d346a7f-a188-4c6e-a529-170d92d78f2d, P0484                , ae7009ca-2e8a-4745-b147-50eaf2e96e69, +15550000484, SurveyLink , https://example.org/survey, https://mdh.li/abc123, 2025-02-14T08:51:59Z
8d346a7f-a188-4c6e-a529-170d92d78f2d, P0484                , abf4efa7-0163-45e7-b6a3-d40404a21d98, +15550000484, SurveyLink , https://example.org/survey, https://mdh.li/abc123, 2025-05-08T02:03:59Z
6266d2fc-0c86-4084-998c-533af9990551, P0487                , 0ff80ef4-6094-409f-be20-e1749ff88958, +15550000487, SurveyLink , https://example.org/survey, https://mdh.li/abc123, 2025-08-20T11:51:34Z
d5bbb75f-ccf8-4034-ae15-e6385bc10114, P0488                , fe707207-71fb-400b-8c35-3d1bcbe0a6ed, +15550000488, SurveyLink , https://example.org/survey, https://mdh.li/abc123, 2026-01-07T04:02:15Z
d5bbb75f-ccf8-4034-ae15-e6385bc10114, P0488                , 64376c38-5784-454f-b02b-eb55323be8e5, +15550000488, SurveyLink , https://example.org/survey, https://mdh.li/abc123, 2026-05-23T05:54:15Z
36efff6c-bd14-446d-9eeb-fa7848ae20f7, P0489                , 7ae6fe8f-e33a-4e52-8bdc-2657a0f0712f, +15550000489, SurveyLink , https://example.org/survey, https://mdh.li/abc123, 2026-02-28T21:19:40Z
de897d6c-e15a-4111-9951-2b38fb567f26, P0490                , cd954edd-1dea-40b7-948c-62d2333b4031, +15550000490, SurveyLink , https://example.org/survey, https://mdh.li/abc123, 2025-05-18T20:25:46Z
de897d6c-e15a-4111-9951-2b38fb567f26, P0490                , 369caca4-8060-4bb7-af4f-1174576c8dd7, +15550000490, SurveyLink , https://example.org/survey, https://mdh.li/abc123, 2025-06-17T21:03:46Z
02dc1fa7-117d-4c22-9e56-0d6cc1d1430a, P0496                , c3165ada-2009-4ee6-8630-02985ccadebe, +15550000496, SurveyLink , https://example.org/survey, https://mdh.li/abc123, 2026-01-17T20:18:20Z
e393d81f-6a66-40d2-95cf-f347dbd71624, P0497                , bf6c9ff3-74ee-4d83-b8b3-7bb138287b8d, +15550000497, SurveyLink , https://example.org/survey, https://mdh.li/abc123, 2025-10-13T03:12:42Z
cec42e0d-5c6b-4329-980c-0e29e0ba111f, P0499                , f797d018-2fd8-492d-a092-2e215d9ede72, +15550000499, SurveyLink , https://example.org/survey, https://mdh.li/abc123, 2025-04-16T07:23:12Z
2358658d-4c56-4b78-850d-55f7bd526a78, P0501                , 40d56b53-09f2-4966-be78-1192a0748c9f, +15550000501, SurveyLink , https://example.org/survey, https://mdh.li/abc123, 2025-09-05T13:53:44Z
2358658d-4c56-4b78-850d-55f7bd526a78, P0501                , 7d7fd001-8671-47bc-85b8-279a605c8938, +15550000501, SurveyLink , https://example.org/survey, https://mdh.li/abc123, 2025-11-10T18:12:44Z
97dedb70-54af-4e18-9904-faa97688a4dc, P0503                , 234bc103-4bfd-4a96-8df1-64a03c817cb8, +15550000503, SurveyLink , https://example.org/survey, https://mdh.li/abc123, 2025-09-01T15:54:22Z
97dedb70-54af-4e18-9904-faa97688a4dc, P0503                , ca1a7cc4-e11b-4979-9693-56b873f6f03e, +15550000503, SurveyLink , https://example.org/survey, https://mdh.li/abc123, 2026-01-08T23:08:22Z
f82840d0-bcd8-436e-9919-d7bd62c2c175, P0505                , cc711ed2-6cfe-4d36-8727-7940c71a5825, +15550000505, SurveyLink , https://example.org/survey, https://mdh.li/abc123, 2025-09-19T08:54:00Z
f82840d0-bcd8-436e-9919-d7bd62c2c175, P0505                , 64b97e1b-17f0-4684-b199-885280528d06, +15550000505, SurveyLink , https://example.org/survey, https://mdh.li/abc123, 2025-09-21T05:20:00Z
e5e3fd33-78a7-4375-b8a3-554dcd2666b6, P0508                , 99d71609-ebc2-42a8-a8a0-fbd82e1f9cab, +15550000508, SurveyLink , https://example.org/survey, https://mdh.li/abc123, 2025-10-21T04:53:27Z
1233a4d3-b6d1-42ba-9c12-82b6bca52755, P0509                , 39ea1758-312d-4184-abbf-666219e5890b, +15550000509, SurveyLink , https://example.org/survey, https://mdh.li/abc123, 2025-12-09T01:42:40Z
1233a4d3-b6d1-42ba-9c12-82b6bca52755, P0509                , 704f43f4-9d97-4105-bedb-2e1953918fbd, +15550000509, SurveyLink , https://example.org/survey, https://mdh.li/abc123, 2026-05-24T00:37:40Z
08083b80-2306-410b-a48d-6c5ff30c92e0, P0510                , 012f975e-4912-4277-a670-a24327080c3c, +15550000510, SurveyLink , https://example.org/survey, https://mdh.li/abc123, 2025-05-19T05:14:49Z
14f80d2f-f217-4836-b171-929df0346021, P0511                , e2c963ad-0eb6-428e-8507-4752f100c093, +15550000511, SurveyLink , https://example.org/survey, https://mdh.li/abc123, 2025-09-27T09:50:11Z
14f80d2f-f217-4836-b171-929df0346021, P0511                , d7c89a27-c0ff-4f34-ba51-b02461d72ad1, +15550000511, SurveyLink , https://example.org/survey, https://mdh.li/abc123, 2026-03-24T10:34:11Z
40fc5617-8090-4e56-bf16-8286b33ccb89, P0512                , 651cd25b-fb82-4f79-bf99-25e089aebeb7, +15550000512, SurveyLink , https://example.org/survey, https://mdh.li/abc123, 2025-06-27T22:22:05Z
0d0c8b10-63d9-43e0-913b-b45ef3add0b6, P0514                , 005bc77d-6a8b-4268-8978-15b6cb5b0299, +15550000514, SurveyLink , https://example.org/survey, https://mdh.li/abc123, 2025-07-15T12:51:54Z
0d0c8b10-63d9-43e0-913b-b45ef3add0b6, P0514                , 4168b261-8c96-405b-88e8-723f9f5bfc42, +15550000514, SurveyLink , https://example.org/survey, https://mdh.li/abc123, 2025-10-14T05:22:54Z
cab0654f-b82e-4fee-9615-f3ffd4e4e669, P0515                , cf457e17-3840-4e93-af9e-1cc14ccbbe84, +15550000515, SurveyLink , https://example.org/survey, https://mdh.li/abc123, 2025-09-23T08:34:33Z
44c1c883-80df-4e5f-824e-a562607096f2, P0516                , e18d7974-7f27-4ce1-890e-07ef1203dfd6, +15550000516, SurveyLink , https://example.org/survey, https://mdh.li/abc123, 2026-01-02T15:09:23Z
fb52b74a-3d2b-45b9-bcfd-9491f1d7db63, P0518                , 3b4f582c-8653-4e03-a695-3ed59b522918, +15550000518, SurveyLink , https://example.org/survey, https://mdh.li/abc123, 2025-10-04T17:25:01Z
fb52b74a-3d2b-45b9-bcfd-9491f1d7db63, P0518                , 0ffd3daa-ca22-477b-bab0-a21e41a9631a, +15550000518, SurveyLink , https://example.org/survey, https://mdh.li/abc123, 2025-10-06T23:14:01Z
0b33c8be-4d14-451e-ba00-2a550ff98fde, P0521                , caffe0a1-f69c-409c-982d-a4f425b3183d, +15550000521, SurveyLink , https://example.org/survey, https://mdh.li/abc123, 2025-09-20T22:20:25Z
437727f6-4bf1-47f3-90ae-2de2c1305a61, P0522                , e9382c4b-054e-48b8-9d3c-099745924c4c, +15550000522, SurveyLink , https://example.org/survey, https://mdh.li/abc123, 2025-02-23T05:01:25Z
a116f045-6a2b-45e3-ab42-03463b3d85a1, P0523                , d5f83455-aba8-48a8-a566-c200b6c87c71, +15550000523, SurveyLink , https://example.org/survey, https://mdh.li/abc123, 2026-01-12T06:45:10Z
a9d6f5dc-3080-4179-b052-049caa74af7a, P0525                , 880ff179-f4cd-42ee-bb65-4973aafce756, +15550000525, SurveyLink , https://example.org/survey, https://mdh.li/abc123, 2025-06-27T04:42:28Z
18dd7cec-753c-4390-81d5-6fe2ec00d0e0, P0527                , 99f8f41f-77c5-4283-8514-16207afdf837, +15550000527, SurveyLink , https://example.org/survey, https://mdh.li/abc123, 2025-05-18T02:02:29Z
e0d22f87-c399-442e-816f-521786b760c1, P0529                , b1230db8-f55f-43f6-a39e-6d339081bc67, +15550000529, SurveyLink , https://example.org/survey, https://mdh.li/abc123, 2025-10-28T17:47:17Z
e0d22f87-c399-442e-816f-521786b760c1, P0529                , eb7194c0-baff-4292-bb16-a1ec24e902b4, +15550000529, SurveyLink , https://example.org/survey, https://mdh.li/abc123, 2025-10-29T17:41:17Z
8a350062-0225-4571-82b6-7bcb42b3b7ff, P0530                , 32e56c9d-b956-4c7b-b31e-2f8e8df11b62, +15550000530, SurveyLink , https://example.org/survey, https://mdh.li/abc123, 2025-08-09T03:15:52Z
0ca1bbec-b41a-4b4f-8622-fb39a1f5b901, P0535                , c0ee16fb-47cf-4970-b6ca-02b2dd6c82a3, +15550000535, SurveyLink , https://example.org/survey, https://mdh.li/abc123, 2025-12-23T12:55:44Z
18ffa972-b7c6-4d42-8a76-e8fd39ed3b4b, P0536                , 2f503d10-8c14-4691-9090-d8f40ed8e451, +15550000536, SurveyLink , https://example.org/survey, https://mdh.li/abc123, 2025-08-01T00:24:38Z
a541c650-e841-4442-bc0d-47b5db31e197, P0537                , 6d7d52d6-7e45-4807-871f-e3195e1d3b48, +15550000537, SurveyLink , https://example.org/survey, https://mdh.li/abc123, 2025-10-12T21:02:00Z
c715a539-8e02-4bab-8cbc-21df2012c26c, P0538                , 2dd0b33e-694a-4ecd-8dee-caf7c03c8c47, +15550000538, SurveyLink , https://example.org/survey, https://mdh.li/abc123, 2025-10-26T19:51:07Z
c715a539-8e02-4bab-8cbc-21df2012c26c, P0538                , b96351d3-c2b5-4af5-8cd1-949c2d076139, +15550000538, SurveyLink , https://example.org/survey, https://mdh.li/abc123, 2025-10-29T02:32:07Z
89f3cb62-0f5a-42a3-9bd8-e8a5a059bad0, P0540                , a06b2f35-3b6e-4f89-b1f4-bce49b77c93a, +15550000540, SurveyLink , https://example.org/survey, https://mdh.li/abc123, 2025-06-04T09:04:01Z
55abb171-da57-48a5-8f96-54b99c105c5e, P0541                , bfad37a8-d806-430a-a7e3-db535c21d09a, +15550000541, SurveyLink , https://example.org/survey, https://mdh.li/abc123, 2025-08-24T01:28:39Z
6c8515f3-f8f6-49e1-8003-19de61cb2e4f, P0542                , 61504c41-ddf3-426b-af61-852811efe5ca, +15550000542, SurveyLink , https://example.org/survey, https://mdh.li/abc123, 2025-12-18T12:16:06Z
e6fe9d2a-d617-4262-9410-aa70fc872ae2, P0544                , 91c2e55a-25db-4186-bcb7-5a11756e5631, +15550000544, SurveyLink , https://example.org/survey, https://mdh.li/abc123, 2025-12-14T04:16:04Z
8cf54995-f506-4f0b-b265-9c5ecec36eb9, P0545                , c1af3d39-aa34-469e-a157-ce72ed2e874d, +15550000545, SurveyLink , https://example.org/survey, https://mdh.li/abc123, 2025-05-14T13:22:50Z
8cf54995-f506-4f0b-b265-9c5ecec36eb9, P0545                , c5548764-568c-47fe-9bcd-78a92e37bc24, +15550000545, SurveyLink , https://example.org/survey, https://mdh.li/abc123, 2025-11-01T19:45:50Z
aa9f7a0a-565a-4185-8af9-2c677157b4db, P0552                , 4d16aa50-82ba-46c0-83bf-aca544b6c1f0, +15550000552, SurveyLink , https://example.org/survey, https://mdh.li/abc123, 2025-08-31T01:19:16Z
aa9f7a0a-565a-4185-8af9-2c677157b4db, P0552                , 5dab60b1-e6f5-463b-b34d-4842c8efb5dc, +15550000552, SurveyLink , https://example.org/survey, https://mdh.li/abc123, 2025-09-29T00:16:16Z
fd79c041-f576-413a-bf29-fbc665f9ca72, P0555                , 9cc5ade6-80aa-47cd-8947-a46d20c99140, +15550000555, SurveyLink , https://example.org/survey, https://mdh.li/abc123, 2025-01-16T04:37:08Z
774855fe-25c5-4217-9737-52fcc9416f9e, P0556                , 51d13594-c2cb-431e-838b-04f7c8eca74a, +15550000556, SurveyLink , https://example.org/survey, https://mdh.li/abc123, 2025-02-19T12:25:26Z
ff3c61e5-f742-4785-a139-0ba5644bbf78, P0557                , 4f0ab3cc-eb54-40bb-b106-b348cf85d87a, +15550000557, SurveyLink , https://example.org/survey, https://mdh.li/abc123, 2025-07-23T16:47:05Z
ff3c61e5-f742-4785-a139-0ba5644bbf78, P0557                , 81796bd3-730b-456e-9f0e-dc1e4d12373f, +15550000557, SurveyLink , https://example.org/survey, https://mdh.li/abc123, 2025-08-23T20:08:05Z
64c6f6d6-dd2c-4fb2-bea0-7b012aeb7515, P0558                , c8267609-b73c-4bc2-b6b4-9ac4745323d1, +15550000558, SurveyLink , https://example.org/survey, https://mdh.li/abc123, 2025-05-19T08:11:52Z
64c6f6d6-dd2c-4fb2-bea0-7b012aeb7515, P0558                , a2de6ada-6cc4-46b5-b9ab-8931d715195b, +15550000558, SurveyLink , https://example.org/survey, https://mdh.li/abc123, 2025-10-10T03:58:52Z
bfd7e5af-9df6-4a8d-b7fb-01a02fb2becf, P0559                , 0c2bb56b-18fc-4357-876a-a79f0d4dcd2a, +15550000559, SurveyLink , https://example.org/survey, https://mdh.li/abc123, 2026-01-22T13:34:06Z
62de1ba5-4266-4f80-b455-af5d2b3602d0, P0560                , 0d3a5e4c-35de-4da6-85ff-7fc52eb33813, +15550000560, SurveyLink , https://example.org/survey, https://mdh.li/abc123, 2026-03-06T05:32:17Z
6776e2a1-7413-4eb1-ab57-a47a27dc2ebf, P0561                , b47d2391-e56a-4516-9ae7-4471d8b09058, +15550000561, SurveyLink , https://example.org/survey, https://mdh.li/abc123, 2026-02-08T10:28:51Z
6776e2a1-7413-4eb1-ab57-a47a27dc2ebf, P0561                , 121a9ae4-ae76-4443-968b-9fea3a01d8b7, +15550000561, SurveyLink , https://example.org/survey, https://mdh.li/abc123, 2026-02-09T14:34:51Z
c92142f3-02e2-4bcb-bb0e-967b9fb43942, P0562                , ca1834f5-d7f8-4f3e-9b5d-66fee7622470, +15550000562, SurveyLink , https://example.org/survey, https://mdh.li/abc123, 2025-07-30T02:13:30Z
9a01ee7e-42eb-465c-a033-924a5eb8e38f, P0567                , 304f5e0a-8936-43c1-8048-1bae8b33504c, +15550000567, SurveyLink , https://example.org/survey, https://mdh.li/abc123, 2025-05-26T19:52:39Z
1b5f4f3e-8dc5-46e2-a570-402b0448c1e7, P0571                , 06280b02-d8ad-4b9d-9a86-1e2741ba9755, +15550000571, SurveyLink , https://example.org/survey, https://mdh.li/abc123, 2025-05-04T14:06:36Z
e3fea736-c52b-4d25-9f48-792f4d5abcb4, P0573                , ad671a1a-24c8-4cd3-9712-201363002f54, +15550000573, SurveyLink , https://example.org/survey, https://mdh.li/abc123, 2025-09-13T09:13:07Z
e3fea736-c52b-4d25-9f48-792f4d5abcb4, P0573                , b32e73be-cf7f-4249-9f8f-a72815603ba1, +15550000573, SurveyLink , https://example.org/survey, https://mdh.li/abc123, 2025-10-28T04:32:07Z
7c41149e-53a4-466c-8ee5-13e1a0c4a790, P0574                , 0ed05930-0f02-49d0-9b98-7f84849cec6d, +15550000574, SurveyLink , https://example.org/survey, https://mdh.li/abc123, 2025-09-23T05:26:52Z
d69c6623-1475-47af-945e-7ab7ee30e70b, P0577                , e8b7dad8-f87a-4550-8aed-178ff031bfb7, +15550000577, SurveyLink , https://example.org/survey, https://mdh.li/abc123, 2025-02-19T13:24:25Z
d69c6623-1475-47af-945e-7ab7ee30e70b, P0577                , 8bd92447-6fb7-403c-b74c-b15d3df855af, +15550000577, SurveyLink , https://example.org/survey, https://mdh.li/abc123, 2025-02-20T07:09:25Z
d69c6623-1475-47af-945e-7ab7ee30e70b, P0577                , 3be00d3d-c98f-44b6-bdf4-7b6aef90ce19, +15550000577, SurveyLink , https://example.org/survey, https://mdh.li/abc123, 2025-02-21T06:03:25Z
d69c6623-1475-47af-945e-7ab7ee30e70b, P0577                , d4c1234a-dcf0-4d7c-ae57-4af6a99921b0, +15550000577, SurveyLink , https://example.org/survey, https://mdh.li/abc123, 2025-02-26T09:49:25Z
68047441-ee43-4253-bd2d-a0df5351b274, P0578                , 0d29821b-a2b6-4f61-90da-3606db739f2f, +15550000578, SurveyLink , https://example.org/survey, https://mdh.li/abc123, 2025-04-13T04:02:14Z
68047441-ee43-4253-bd2d-a0df5351b274, P0578                , 62914b1c-5607-4fab-b862-54aa05fb286e, +15550000578, SurveyLink , https://example.org/survey, https://mdh.li/abc123, 2025-04-13T18:23:14Z
1133eca3-5724-4565-879a-d5cb462fc0df, P0579                , 921b9ee1-a6bf-4b96-a80f-f868b076ce24, +15550000579, SurveyLink , https://example.org/survey, https://mdh.li/abc123, 2025-12-11T18:21:49Z
852a4288-79f3-4900-b551-a596ac0a3a46, P0584                , 5b7f7d63-3ac0-47f7-9044-7b6bc5c69aad, +15550000584, SurveyLink , https://example.org/survey, https://mdh.li/abc123, 2025-10-29T00:12:05Z
156d08f0-66c8-41d6-8fc5-b0aef9c5c4f6, P0587                , aef32485-39e9-4e29-af65-6c99146d9e85, +15550000587, SurveyLink , https://example.org/survey, https://mdh.li/abc123, 2025-07-04T15:05:18Z
156d08f0-66c8-41d6-8fc5-b0aef9c5c4f6, P0587                , 878a63ae-1d62-4497-81f5-bdc091c92889, +15550000587, SurveyLink , https://example.org/survey, https://mdh.li/abc123, 2025-07-05T22:17:18Z
965b4d5f-75ff-407b-95f7-d125106bd9ad, P0593                , 665a886f-77b9-4f38-8907-789624f1c778, +15550000593, SurveyLink , https://example.org/survey, https://mdh.li/abc123, 2025-01-17T23:31:58Z
9b31ff29-a4c5-4e4b-bdf1-739c5b4ce4d1, P0594                , 04b690e4-b3cf-43d3-95d2-7a28b284c63b, +15550000594, SurveyLink , https://example.org/survey, https://mdh.li/abc123, 2025-04-08T23:30:02Z
9b31ff29-a4c5-4e4b-bdf1-739c5b4ce4d1, P0594                , 01ed45da-9592-4194-b1a8-5de066bf58d4, +15550000594, SurveyLink , https://example.org/survey, https://mdh.li/abc123, 2025-04-10T06:41:02Z
bad97bfb-d75f-4a7a-8b17-4344d8ed2a0b, P0596                , 5615ca4a-d508-4da4-b7e2-b0d600ec6435, +15550000596, SurveyLink , https://example.org/survey, https://mdh.li/abc123, 2025-10-28T17:17:00Z
bad97bfb-d75f-4a7a-8b17-4344d8ed2a0b, P0596                , c23d664d-1f6c-4b2e-85ac-e697235351f6, +15550000596, SurveyLink , https://example.org/survey, https://mdh.li/abc123, 2025-10-30T23:58:00Z
ddf219c3-fe49-4100-9069-be513b0912e9, P0597                , b85c15da-872d-46ce-bda6-fe46ff4b2c01, +15550000597, SurveyLink , https://example.org/survey, https://mdh.li/abc123, 2025-10-05T16:28:34Z
dc4eeaef-1ae3-4e22-9830-d0c2932af008, P0598                , ae2859a4-9277-427d-99b8-3f9935825e10, +15550000598, SurveyLink , https://example.org/survey, https://mdh.li/abc123, 2025-06-20T03:18:18Z
c4ed23f7-a987-4e62-924b-824701a4fbb4, P0601                , cf5c74cc-a66d-4291-9c6d-ef83c53badbd, +15550000601, SurveyLink , https://example.org/survey, https://mdh.li/abc123, 2025-03-26T18:00:51Z
5729fff5-310a-45e7-af18-8c892e29a6c9, P0602                , c27b9541-f5f1-4e82-aa4e-0286c5b5d0e0, +15550000602, SurveyLink , https://example.org/survey, https://mdh.li/abc123, 2025-09-02T07:12:31Z
e5558477-4146-4940-85b5-25324275dd9c, P0605                , d70f50cc-94d6-4de6-b362-81089e1cc835, +15550000605, SurveyLink , https://example.org/survey, https://mdh.li/abc123, 2026-02-22T17:55:13Z
a134831a-4778-4a6b-846d-95693f8f4e33, P0607                , b2ec4a82-2520-4048-bb13-3742f6fa2be6, +15550000607, SurveyLink , https://example.org/survey, https://mdh.li/abc123, 2025-09-04T09:06:00Z
b7ea61fe-e864-4347-9fed-ef9edd279409, P0608                , 59680ca8-b144-4dad-a7b2-7e538788672f, +15550000608, SurveyLink , https://example.org/survey, https://mdh.li/abc123, 2025-04-16T12:59:04Z
de510763-383f-40db-bbfc-581becba8e34, P0609                , f1ae8ba7-eee5-40f5-8c35-76721f9c9111, +15550000609, SurveyLink , https://example.org/survey, https://mdh.li/abc123, 2025-10-12T06:25:35Z
de510763-383f-40db-bbfc-581becba8e34, P0609                , ff8dba89-05c4-4a44-bd2f-aed18581a452, +15550000609, SurveyLink , https://example.org/survey, https://mdh.li/abc123, 2025-10-13T03:37:35Z
67dd917c-9ba2-49f9-b9d2-9abeff937fd5, P0611                , 4a279500-c9d0-4722-9449-257af1870af4, +15550000611, SurveyLink , https://example.org/survey, https://mdh.li/abc123, 2025-11-18T20:11:34Z
67dd917c-9ba2-49f9-b9d2-9abeff937fd5, P0611                , d25d75ce-d0da-4d04-ae5c-f8a405d3cde0, +15550000611, SurveyLink , https://example.org/survey, https://mdh.li/abc123, 2025-11-24T14:29:34Z
0d2977f0-1f0a-49df-a2c8-bf137cf47456, P0612                , 65bd32bf-33e0-4181-8123-abaeef8d8b66, +15550000612, SurveyLink , https://example.org/survey, https://mdh.li/abc123, 2025-07-27T10:55:45Z
0d2977f0-1f0a-49df-a2c8-bf137cf47456, P0612                , 61b10868-7273-4e02-9fbc-149c3dd19708, +15550000612, SurveyLink , https://example.org/survey, https://mdh.li/abc123, 2025-08-21T09:31:45Z
01bfb301-3814-43e3-9b36-db6f93a6b2bb, P0613                , b93204b1-fa53-4a55-9ce4-707922a1fb7e, +15550000613, SurveyLink , https://example.org/survey, https://mdh.li/abc123, 2026-02-14T02:50:48Z
147ba6d1-c40c-46fd-9f62-108ed6f7c454, P0614                , 727f7b62-2802-4716-9967-41da3761f722, +15550000614, SurveyLink , https://example.org/survey, https://mdh.li/abc123, 2025-05-14T14:45:20Z
c6311a1f-6b2a-4368-b59e-83b0b19d0c32, P0615                , 916c0e73-b104-4b92-96f4-a1b0bc3a9075, +15550000615, SurveyLink , https://example.org/survey, https://mdh.li/abc123, 2025-05-22T21:41:31Z
8caf487f-bcd1-422d-a051-10c2e94c98b4, P0616                , 0f158d44-2953-4c92-8d36-e18512081386, +15550000616, SurveyLink , https://example.org/survey, https://mdh.li/abc123, 2025-09-11T14:29:55Z
8caf487f-bcd1-422d-a051-10c2e94c98b4, P0616                , 74190a09-a552-42e2-8e77-2e807e1ae731, +15550000616, SurveyLink , https://example.org/survey, https://mdh.li/abc123, 2025-10-04T11:22:55Z
8caf487f-bcd1-422d-a051-10c2e94c98b4, P0616                , 2152992c-798e-4758-8424-105f02529b07, +15550000616, SurveyLink , https://example.org/survey, https://mdh.li/abc123, 2026-01-26T15:34:55Z
58c99884-9010-4d52-a451-7129519e5d95, P0618                , edfc2841-3a84-43c2-8f49-fccb03f4c560, +15550000618, SurveyLink , https://example.org/survey, https://mdh.li/abc123, 2026-01-20T14:41:50Z
1446f716-09d1-404d-8c8a-ef4911159ea7, P0619                , 21ca9974-cdc5-47a0-b454-4a661e653ff1, +15550000619, SurveyLink , https://example.org/survey, https://mdh.li/abc123, 2026-04-06T02:37:14Z
a55c7614-def5-4282-bc65-849d06dce830, P0625                , 6dd9f85c-1d57-42c5-99c8-f8e93eccd6b3, +15550000625, SurveyLink , https://example.org/survey, https://mdh.li/abc123, 2025-09-03T08:16:43Z
a55c7614-def5-4282-bc65-849d06dce830, P0625                , 6aeba867-90ea-41f2-8c7c-e1998a80f15a, +15550000625, SurveyLink , https://example.org/survey, https://mdh.li/abc123, 2025-12-01T14:57:43Z
a705860a-5ee3-4d6e-b0a4-5fc84f726f5b, P0626                , 2c7f3e83-72f0-48f5-a1df-2da5edbf4511, +15550000626, SurveyLink , https://example.org/survey, https://mdh.li/abc123, 2025-04-06T03:45:14Z
bf84603f-9831-4877-9d8d-94a35ef359d7, P0629                , 360c8fc5-91ef-4695-92f2-863b4a41479a, +15550000629, SurveyLink , https://example.org/survey, https://mdh.li/abc123, 2025-06-27T01:22:10Z
a63486d9-98c0-4f0c-8e28-ba3893f5a4e5, P0632                , 14436d5a-a4e8-4e32-9d69-a173ce96d840, +15550000632, SurveyLink , https://example.org/survey, https://mdh.li/abc123, 2025-12-02T09:01:14Z
b8e9efd7-09ea-4183-a7a6-b105e6fc37e2, P0633                , f1f3f337-98e0-4024-aa68-b4f9fff5c196, +15550000633, SurveyLink , https://example.org/survey, https://mdh.li/abc123, 2025-03-03T05:00:39Z
b8e9efd7-09ea-4183-a7a6-b105e6fc37e2, P0633                , 399bb2e2-2033-4b88-8d96-d3ee0d1aa097, +15550000633, SurveyLink , https://example.org/survey, https://mdh.li/abc123, 2025-08-21T03:28:39Z
4c6f3838-3872-4ffb-8df9-a00735736d0e, P0640                , 70ec7e3d-1299-4799-ab51-c81af3d33a7e, +15550000640, SurveyLink , https://example.org/survey, https://mdh.li/abc123, 2025-08-20T15:53:05Z
9f546678-4eac-4b29-a74c-6092d624448c, P0642                , 0db0166d-48a5-43d9-a6bc-4b9adbf663e9, +15550000642, SurveyLink , https://example.org/survey, https://mdh.li/abc123, 2025-04-08T21:19:32Z
63e43e2e-5357-461f-b4c3-75b4947155df, P0643                , 3333816c-2e8b-41de-a3fe-78e72d94e605, +15550000643, SurveyLink , https://example.org/survey, https://mdh.li/abc123, 2025-09-06T19:14:01Z
4855b0a6-bf22-4191-93cc-83a5d1514eeb, P0644                , 8493af67-30bb-4b72-bf47-8fbce3b91fba, +15550000644, SurveyLink , https://example.org/survey, https://mdh.li/abc123, 2026-04-26T19:58:38Z
8958cb80-3de5-4c0a-8025-d6cb0b7d00f5, P0645                , 0e5fa0f6-32f4-4055-a478-a18992468f8b, +15550000645, SurveyLink , https://example.org/survey, https://mdh.li/abc123, 2025-07-17T17:50:15Z
e3afe9e0-8cc3-465c-ad14-fd5f42438e44, P0647                , ced547f0-773d-4471-8f4b-3ed1d73f7900, +15550000647, SurveyLink , https://example.org/survey, https://mdh.li/abc123, 2025-12-10T07:30:14Z
e3afe9e0-8cc3-465c-ad14-fd5f42438e44, P0647                , 0c3bab46-4eb1-40b2-bde1-d3a4aac87f95, +15550000647, SurveyLink , https://example.org/survey, https://mdh.li/abc123, 2026-05-20T03:37:14Z
8e2c4d24-d2b2-40c5-8f3c-be4ced291000, P0648                , f8d05568-c582-4942-937e-ce67e0cf7c83, +15550000648, SurveyLink , https://example.org/survey, https://mdh.li/abc123, 2025-08-09T15:29:49Z
5cbbfef8-82af-4ff0-af7e-ddcf5ff19b8c, P0650                , 8be777b7-576f-4ae7-b8b2-1a7c8b734387, +15550000650, SurveyLink , https://example.org/survey, https://mdh.li/abc123, 2025-05-21T05:45:14Z
5cbbfef8-82af-4ff0-af7e-ddcf5ff19b8c, P0650                , e70c21b9-e540-4e85-af60-3766e1f66458, +15550000650, SurveyLink , https://example.org/survey, https://mdh.li/abc123, 2025-08-19T01:08:14Z
9dab1fed-6633-4848-aff2-1da67bb79843, P0654                , b76dd96c-f787-416f-b8e9-acb705905fa8, +15550000654, SurveyLink , https://example.org/survey, https://mdh.li/abc123, 2025-11-01T00:40:41Z
c6f305a8-ba10-4c1a-b52f-af74b511a6d5, P0659                , ed368153-0449-4784-9846-ecd4d393d264, +15550000659, SurveyLink , https://example.org/survey, https://mdh.li/abc123, 2025-09-27T08:52:28Z
c6f305a8-ba10-4c1a-b52f-af74b511a6d5, P0659                , 5f8ef54b-5fcd-4d71-ac7c-7330c2438df6, +15550000659, SurveyLink , https://example.org/survey, https://mdh.li/abc123, 2025-09-28T06:29:28Z
c6f305a8-ba10-4c1a-b52f-af74b511a6d5, P0659                , 22c56f22-a7b8-41e5-bb20-a2e227ecd47c, +15550000659, SurveyLink , https://example.org/survey, https://mdh.li/abc123, 2026-03-18T05:15:28Z
e0be534a-7035-4a5f-8609-50241525bce1, P0660                , 77d3c9c4-04e9-493e-b9c3-f2918b45026b, +15550000660, SurveyLink , https://example.org/survey, https://mdh.li/abc123, 2025-09-15T06:26:42Z
e0be534a-7035-4a5f-8609-50241525bce1, P0660                , 2e4c04f7-fb8b-449b-a509-83cdda41e9c0, +15550000660, SurveyLink , https://example.org/survey, https://mdh.li/abc123, 2025-09-16T06:04:42Z
f4bb3a5c-3b25-4211-be07-b47fb548081b, P0662                , 6860600b-8a4c-4e00-bbef-ab97eec90935, +15550000662, SurveyLink , https://example.org/survey, https://mdh.li/abc123, 2025-03-15T16:52:34Z
9425a4f0-2d34-4cb2-9538-d78523940c25, P0664                , d7a3310e-cfe8-468d-8434-5ec2ca75a82e, +15550000664, SurveyLink , https://example.org/survey, https://mdh.li/abc123, 2025-09-02T15:00:20Z
9425a4f0-2d34-4cb2-9538-d78523940c25, P0664                , 4e656150-c04f-4d56-8869-d921d80bfd46, +15550000664, SurveyLink , https://example.org/survey, https://mdh.li/abc123, 2025-12-01T14:44:20Z
356dd24a-e87d-48f5-bcae-dba0d9bffdfd, P0666                , 863530f5-8331-47ba-b500-a656a789c8f4, +15550000666, SurveyLink , https://example.org/survey, https://mdh.li/abc123, 2025-03-02T16:14:48Z
e5fa0fd5-e26b-4558-8c10-10fca23319d4, P0668                , c596defa-a848-46bf-8f3c-130deef7aa21, +15550000668, SurveyLink , https://example.org/survey, https://mdh.li/abc123, 2026-01-13T19:44:54Z
e5fa0fd5-e26b-4558-8c10-10fca23319d4, P0668                , 1b5aeee8-a356-4a4a-a053-3f75e838f8c8, +15550000668, SurveyLink , https://example.org/survey, https://mdh.li/abc123, 2026-01-14T19:32:54Z
cf02b57d-42b4-45c7-8cc9-1cf93a1e6311, P0670                , af708988-0873-425b-8a33-8602bd2af165, +15550000670, SurveyLink , https://example.org/survey, https://mdh.li/abc123, 2025-06-18T12:55:53Z
6f678fab-f11c-4ba1-9913-7d6c7e9bc629, P0675                , ad2c8f9a-9caa-4430-9530-55534b16f89e, +15550000675, SurveyLink , https://example.org/survey, https://mdh.li/abc123, 2025-09-09T07:18:56Z
af38ec08-6251-4796-bc3c-da4da0f9534f, P0677                , 152e994d-55c6-4432-9a15-b06f0e427d8a, +15550000677, SurveyLink , https://example.org/survey, https://mdh.li/abc123, 2025-06-21T10:45:02Z
af38ec08-6251-4796-bc3c-da4da0f9534f, P0677                , 5a87656d-e8b4-42d8-b663-38d3f2c37d96, +15550000677, SurveyLink , https://example.org/survey, https://mdh.li/abc123, 2025-06-22T03:57:02Z
5a075065-489c-4ba5-a2df-b52c369962dc, P0679                , 885ed0f4-1ca0-4f9c-96ec-86f2fe0bb720, +15550000679, SurveyLink , https://example.org/survey, https://mdh.li/abc123, 2025-06-07T20:34:41Z
9549c47e-a2a3-4701-a853-b66e7520574d, P0680                , 4506eb47-9a3c-4e5e-a824-9e0188370233, +15550000680, SurveyLink , https://example.org/survey, https://mdh.li/abc123, 2025-02-04T12:11:08Z
9549c47e-a2a3-4701-a853-b66e7520574d, P0680                , d1634de5-47c1-4db9-a174-770a1eac48e7, +15550000680, SurveyLink , https://example.org/survey, https://mdh.li/abc123, 2025-02-10T13:18:08Z
9549c47e-a2a3-4701-a853-b66e7520574d, P0680                , f6ee5127-9af7-4bbb-a6e1-483e56d8e719, +15550000680, SurveyLink , https://example.org/survey, https://mdh.li/abc123, 2025-05-04T07:04:08Z
9549c47e-a2a3-4701-a853-b66e7520574d, P0680                , 0a02afee-c794-4fde-8264-0185209a8d40, +15550000680, SurveyLink , https://example.org/survey, https://mdh.li/abc123, 2025-06-13T11:41:08Z
04306766-7063-468a-93ae-655210f92618, P0682                , 7adb0fc8-48bc-47f6-a289-bf3fa4aeb0dc, +15550000682, SurveyLink , https://example.org/survey, https://mdh.li/abc123, 2025-05-26T06:57:26Z
61462654-9838-4d8e-ad8d-d5ee00db6dc1, P0683                , ea1773e0-8923-4100-91b6-bb3aa289ecf1, +15550000683, SurveyLink , https://example.org/survey, https://mdh.li/abc123, 2025-08-01T21:18:30Z
3a237114-0aee-4248-8922-b3bb6f9fecad, P0684                , 87647be7-6753-4b01-9cd6-54b4ca53e361, +15550000684, SurveyLink , https://example.org/survey, https://mdh.li/abc123, 2025-10-12T10:21:27Z
5fcb24b1-cc21-44db-941f-2216f9b93d6f, P0685                , 45949c06-9a56-436f-9a13-56ce0073e62f, +15550000685, SurveyLink , https://example.org/survey, https://mdh.li/abc123, 2025-05-14T12:23:03Z
5fcb24b1-cc21-44db-941f-2216f9b93d6f, P0685                , 08485f02-8ac3-450e-a548-8076878b8a14, +15550000685, SurveyLink , https://example.org/survey, https://mdh.li/abc123, 2025-10-05T13:47:03Z
395e8176-60c1-47d8-893b-2efb53444441, P0686                , be6183eb-5ee7-4b44-8d79-394862ccca8a, +15550000686, SurveyLink , https://example.org/survey, https://mdh.li/abc123, 2025-03-04T05:50:09Z
395e8176-60c1-47d8-893b-2efb53444441, P0686                , cecc6b8f-0181-4275-9c0f-632f2a1e2f58, +15550000686, SurveyLink , https://example.org/survey, https://mdh.li/abc123, 2025-03-27T09:18:09Z
bc68a37d-48eb-4924-9a17-14cbd9349d8c, P0687                , 2659265b-00b0-4d29-8d7e-8ac870be5426, +15550000687, SurveyLink , https://example.org/survey, https://mdh.li/abc123, 2025-10-13T10:42:47Z
c3b62157-8140-45e6-9739-c4bdac306446, P0688                , b9d3cb98-6423-4d62-950c-1395e747bcc8, +15550000688, SurveyLink , https://example.org/survey, https://mdh.li/abc123, 2026-03-21T21:06:36Z
59e2b0b3-56d5-46d0-a1be-505596d6bf5b, P0689                , ce00f278-036a-458b-913b-37b38e19ceaa, +15550000689, SurveyLink , https://example.org/survey, https://mdh.li/abc123, 2025-02-16T19:09:20Z
59e2b0b3-56d5-46d0-a1be-505596d6bf5b, P0689                , 1a0d262a-401e-458c-a946-d95935216a97, +15550000689, SurveyLink , https://example.org/survey, https://mdh.li/abc123, 2025-06-09T22:58:20Z
78754fa4-f6f2-43bc-8395-3df62e5ba6c4, P0691                , a2a542f7-3f81-481c-8bb7-866c0f74019e, +15550000691, SurveyLink , https://example.org/survey, https://mdh.li/abc123, 2025-02-07T19:37:25Z
9f8bb4f1-c778-4231-9474-bbd2d78f0f6e, P0697                , 8a43ab54-7953-48ce-9fed-5cead48ebced, +15550000697, SurveyLink , https://example.org/survey, https://mdh.li/abc123, 2025-08-23T20:17:07Z
9f8bb4f1-c778-4231-9474-bbd2d78f0f6e, P0697                , 91570c78-5160-43d7-ae83-75c3c91d10b4, +15550000697, SurveyLink , https://example.org/survey, https://mdh.li/abc123, 2026-02-05T22:15:07Z
4f8dc31d-6c5d-48d2-a693-937c0df83f7e, P0698                , 6bac6416-1501-4a67-bd46-c72b7f4c7e41, +15550000698, SurveyLink , https://example.org/survey, https://mdh.li/abc123, 2025-05-07T18:06:57Z
8799eca0-8736-462d-86e5-fe3b47cd9ed2, P0700                , 6506130f-596e-4cd4-b38b-1be7902dd14a, +15550000700, SurveyLink , https://example.org/survey, https://mdh.li/abc123, 2025-01-19T04:05:12Z
8799eca0-8736-462d-86e5-fe3b47cd9ed2, P0700                , ef9a457e-1745-4ec2-98a8-f4ad531a4ea6, +15550000700, SurveyLink , https://example.org/survey, https://mdh.li/abc123, 2025-06-22T23:40:12Z
6f050c37-8840-43a5-b3ab-9465ba68fa91, P0702                , 66e47037-a03c-488d-a64b-2ff85368dd70, +15550000702, SurveyLink , https://example.org/survey, https://mdh.li/abc123, 2025-08-27T12:30:48Z
646e53ad-dd9e-4c39-a7cd-254f4c1705b0, P0703                , 036074b6-d4e2-44a1-a761-8c1c701d6a04, +15550000703, SurveyLink , https://example.org/survey, https://mdh.li/abc123, 2025-10-28T01:45:59Z
d85590fa-d317-437d-8a4a-ea262ba9f462, P0704                , ffc9ad16-b5c1-4166-b3e4-21b12f27c01c, +15550000704, SurveyLink , https://example.org/survey, https://mdh.li/abc123, 2025-07-28T03:09:23Z
d85590fa-d317-437d-8a4a-ea262ba9f462, P0704                , c22e4ffc-0599-45f9-b4df-30cb4045a59b, +15550000704, SurveyLink , https://example.org/survey, https://mdh.li/abc123, 2025-07-29T09:12:23Z
d85590fa-d317-437d-8a4a-ea262ba9f462, P0704                , 128f1b83-4b42-43dd-9928-004c70bc5c3c, +15550000704, SurveyLink , https://example.org/survey, https://mdh.li/abc123, 2025-08-20T09:15:23Z
12cfe605-fa03-4602-84c8-b39f860151cc, P0706                , 9ca7900d-433d-41d2-b1df-81405a10dd72, +15550000706, SurveyLink , https://example.org/survey, https://mdh.li/abc123, 2025-12-08T23:09:03Z
12cfe605-fa03-4602-84c8-b39f860151cc, P0706                , e9b44a0d-2e1c-415c-ac93-9da06a27003e, +15550000706, SurveyLink , https://example.org/survey, https://mdh.li/abc123, 2026-02-14T23:24:03Z
642d8b88-e6ec-466c-b04f-ef49e7266b19, P0707                , 5bb376d5-12b9-4742-b2a7-538f4d12cd65, +15550000707, SurveyLink , https://example.org/survey, https://mdh.li/abc123, 2025-09-23T16:25:27Z
12870a60-4122-453f-ae85-a52f459d980f, P0710                , 5b6b5eba-c26b-4fec-a37d-d2a4cfe773d2, +15550000710, SurveyLink , https://example.org/survey, https://mdh.li/abc123, 2025-02-18T13:28:20Z
12870a60-4122-453f-ae85-a52f459d980f, P0710                , cea0ab86-58d8-4399-b4a6-44d978a09a9c, +15550000710, SurveyLink , https://example.org/survey, https://mdh.li/abc123, 2025-02-19T08:17:20Z
89101cc9-21a4-4af0-ab05-00ae39653c74, P0711                , c78cdae3-d69b-4977-aba2-62d1361be334, +15550000711, SurveyLink , https://example.org/survey, https://mdh.li/abc123, 2025-02-03T20:43:36Z
89101cc9-21a4-4af0-ab05-00ae39653c74, P0711                , 3569f55d-4685-479d-beb5-81be7c666ce2, +15550000711, SurveyLink , https://example.org/survey, https://mdh.li/abc123, 2025-05-04T19:23:36Z
9842b84a-0b93-4ebc-9137-73c7069b974d, P0712                , f7920397-2c45-4a2b-9c29-1903e5c351fe, +15550000712, SurveyLink , https://example.org/survey, https://mdh.li/abc123, 2025-03-05T18:52:56Z
fd990eac-8456-4dc1-bf10-122dcd1a7e7f, P0713                , d6677fd2-2938-45bd-b614-a1a4f6e71fea, +15550000713, SurveyLink , https://example.org/survey, https://mdh.li/abc123, 2026-04-04T09:08:09Z
fd990eac-8456-4dc1-bf10-122dcd1a7e7f, P0713                , e527c3b5-4a21-47b9-9cd5-35fae3949e07, +15550000713, SurveyLink , https://example.org/survey, https://mdh.li/abc123, 2026-04-05T04:01:09Z
460c805e-f073-4d20-8a9d-159c273a1b05, P0719                , b1718c09-d24a-49c8-9cf0-18b9fa77f24c, +15550000719, SurveyLink , https://example.org/survey, https://mdh.li/abc123, 2025-01-19T01:21:01Z
1268adc1-28c9-499d-8f27-a4dc6bb3b390, P0720                , e557d0e9-48b9-4793-bb4a-44a5c2f0565e, +15550000720, SurveyLink , https://example.org/survey, https://mdh.li/abc123, 2025-10-22T03:20:50Z
8064a09b-e5ae-4290-b72f-821d7fd1491a, P0723                , 19c43300-1a17-478b-aeb9-dadfc579afdd, +15550000723, SurveyLink , https://example.org/survey, https://mdh.li/abc123, 2025-12-03T13:31:39Z
b5353c5a-e1d2-45d8-bf99-9a94c04e2fd5, P0724                , 352d1ea8-f65f-4295-89c5-9195e8baf6fd, +15550000724, SurveyLink , https://example.org/survey, https://mdh.li/abc123, 2025-06-14T13:44:51Z
b5353c5a-e1d2-45d8-bf99-9a94c04e2fd5, P0724                , 2b0215b9-8e0e-42b3-bf77-28c5bf7d57e4, +15550000724, SurveyLink , https://example.org/survey, https://mdh.li/abc123, 2025-08-21T07:20:51Z
b5353c5a-e1d2-45d8-bf99-9a94c04e2fd5, P0724                , 1b868ee6-468e-4563-85ea-fd035736b8fa, +15550000724, SurveyLink , https://example.org/survey, https://mdh.li/abc123, 2025-08-22T06:46:51Z
b5353c5a-e1d2-45d8-bf99-9a94c04e2fd5, P0724                , fcebb760-2200-4747-aec5-210bdae8809b, +15550000724, SurveyLink , https://example.org/survey, https://mdh.li/abc123, 2025-08-23T10:33:51Z
b5681ffa-fef5-44d2-8997-a3cf879998ae, P0727                , 70bc2c94-5e5e-47a3-b872-dd3034e48e47, +15550000727, SurveyLink , https://example.org/survey, https://mdh.li/abc123, 2025-04-26T11:57:51Z
b5681ffa-fef5-44d2-8997-a3cf879998ae, P0727                , 15da8fc8-88a1-408d-8b37-699e9dfa9e7d, +15550000727, SurveyLink , https://example.org/survey, https://mdh.li/abc123, 2025-05-25T15:07:51Z
9de6aa0f-babe-476e-879a-624da501bb28, P0728                , f91b0f1b-7ead-4d63-a999-ca76b90996b3, +15550000728, SurveyLink , https://example.org/survey, https://mdh.li/abc123, 2025-05-27T13:43:10Z
9de6aa0f-babe-476e-879a-624da501bb28, P0728                , 89fbbf67-c53d-4df0-bdf9-610eed40e6d8, +15550000728, SurveyLink , https://example.org/survey, https://mdh.li/abc123, 2025-07-27T05:17:10Z
f4f55c80-d81e-4b59-8f9d-1844c7b83852, P0729                , 54c17730-4f51-4a2a-8a34-8d3e12e1a92f, +15550000729, SurveyLink , https://example.org/survey, https://mdh.li/abc123, 2025-10-29T00:54:34Z
fc7486f3-8903-4bae-b95b-30a6ab7de4ec, P0731                , 5414074a-fb4f-472d-af49-23e7edba9d08, +15550000731, SurveyLink , https://example.org/survey, https://mdh.li/abc123, 2025-06-20T12:35:45Z
915d83cb-9801-4229-8ba6-c8437e9ae3d3, P0732                , 86bb17e7-8e58-4158-a3df-25fc9f27aac1, +15550000732, SurveyLink , https://example.org/survey, https://mdh.li/abc123, 2025-03-01T18:21:53Z
2c4f9989-d336-4bf4-886c-ea99e1256c31, P0733                , 5d8768b5-eea3-441e-bbca-56b36b6c22a3, +15550000733, SurveyLink , https://example.org/survey, https://mdh.li/abc123, 2025-08-30T15:44:31Z
ceebf557-6ffe-4690-91cf-cc472dfe71a8, P0735                , ee54bda8-78d3-49f2-939e-52e24689af19, +15550000735, SurveyLink , https://example.org/survey, https://mdh.li/abc123, 2026-02-21T17:08:10Z
f57f9302-a06f-408e-a68d-83e9b5965388, P0736                , 9fd3000f-d8dc-4d37-bffd-72304af886e5, +15550000736, SurveyLink , https://example.org/survey, https://mdh.li/abc123, 2026-02-02T07:06:28Z
5fc1bf9c-0946-446d-9730-1d57364902ab, P0737                , acd3524b-f277-487b-ae80-8efc0770d33c, +15550000737, SurveyLink , https://example.org/survey, https://mdh.li/abc123, 2025-01-13T07:38:10Z
af1e16ef-18ed-4d4a-b69d-56f82322064e, P0741                , c2e717c1-d5de-4101-bb3a-faf6c5832ad2, +15550000741, SurveyLink , https://example.org/survey, https://mdh.li/abc123, 2025-07-07T05:21:13Z
e52f287d-159b-49a0-a991-c971015eb25e, P0742                , 2a237690-273f-404b-a30e-c994b0882244, +15550000742, SurveyLink , https://example.org/survey, https://mdh.li/abc123, 2025-07-14T22:13:38Z
675d1e5b-d9dc-4bb7-bf9a-2697723e0223, P0744                , 5251627c-3dd1-4173-97e9-753a64a8493d, +15550000744, SurveyLink , https://example.org/survey, https://mdh.li/abc123, 2025-12-12T23:27:04Z
675d1e5b-d9dc-4bb7-bf9a-2697723e0223, P0744                , a328993e-eeff-4815-b6e2-6ea01c79d18f, +15550000744, SurveyLink , https://example.org/survey, https://mdh.li/abc123, 2025-12-15T02:02:04Z
193ddb56-6d95-4a69-af19-e73ad7dd16f8, P0745                , fec7f976-516d-4d9d-860c-82a80c8e661b, +15550000745, SurveyLink , https://example.org/survey, https://mdh.li/abc123, 2025-11-27T12:06:41Z
193ddb56-6d95-4a69-af19-e73ad7dd16f8, P0745                , a5a24dc4-e8fd-486b-888a-e3a05a76cd01, +15550000745, SurveyLink , https://example.org/survey, https://mdh.li/abc123, 2026-01-26T15:34:41Z
ee78fb64-351c-47d4-a0bd-c13bd38bffe7, P0748                , 7fbf44a0-7536-4e4d-98c1-e4fab0abb779, +15550000748, SurveyLink , https://example.org/survey, https://mdh.li/abc123, 2026-01-07T07:19:53Z
ee78fb64-351c-47d4-a0bd-c13bd38bffe7, P0748                , 4027d82b-4a84-4caa-9f9c-9782a39deb14, +15550000748, SurveyLink , https://example.org/survey, https://mdh.li/abc123, 2026-03-08T09:44:53Z
6e3a9236-d9e4-40b3-88ac-4bccc93453ce, P0749                , e5bfb22a-79b1-48e6-9225-df3d75636f1d, +15550000749, SurveyLink , https://example.org/survey, https://mdh.li/abc123, 2025-07-30T05:08:47Z
4dec64f4-c540-46a2-bf90-6e87774fa432, P0752                , ac9c9ad1-9f3d-4c16-a74d-83a31792172e, +15550000752, SurveyLink , https://example.org/survey, https://mdh.li/abc123, 2025-10-19T05:01:35Z
73d95fa3-d525-4930-9457-07521b45a072, P0755                , 27f377c5-250e-44d9-be0a-5d7ff8b26f68, +15550000755, SurveyLink , https://example.org/survey, https://mdh.li/abc123, 2025-05-11T00:44:26Z
aa118d72-5caa-459d-ba14-c0e8c41706b5, P0757                , d6be4f61-084b-4efc-8a6f-9c631b0b1b45, +15550000757, SurveyLink , https://example.org/survey, https://mdh.li/abc123, 2025-03-29T19:44:36Z
42228118-a53f-4505-a25d-69f15f5724fa, P0759                , 5ec41778-e25c-4e9e-a6eb-f9d4b661356b, +15550000759, SurveyLink , https://example.org/survey, https://mdh.li/abc123, 2025-04-12T14:21:32Z
42228118-a53f-4505-a25d-69f15f5724fa, P0759                , 0c566d65-6b82-45af-9095-1126443d490b, +15550000759, SurveyLink , https://example.org/survey, https://mdh.li/abc123, 2025-04-13T14:02:32Z
e01b3d29-ffd9-4c54-b94f-3b8876344752, P0761                , 09959d5c-f936-4031-96cf-03df1bf7ceb2, +15550000761, SurveyLink , https://example.org/survey, https://mdh.li/abc123, 2025-05-17T22:57:57Z
95aa3682-fd3e-466c-8a29-d37717a33cd7, P0762                , 26a1524d-ad57-4169-b896-45d1b6022f83, +15550000762, SurveyLink , https://example.org/survey, https://mdh.li/abc123, 2026-01-02T20:50:30Z
312a4843-7632-4b8c-a517-8d7d289944d9, P0765                , d6c04f71-b2db-4976-95ac-72bb954eebc1, +15550000765, SurveyLink , https://example.org/survey, https://mdh.li/abc123, 2025-11-01T09:05:46Z
312a4843-7632-4b8c-a517-8d7d289944d9, P0765                , b322717a-ebbc-439b-b977-fa2e3c426050, +15550000765, SurveyLink , https://example.org/survey, https://mdh.li/abc123, 2025-12-31T11:38:46Z
e867c0d1-8462-4614-85b4-5c3cc0b1ed29, P0767                , 26375818-1018-43c8-925f-149ded1e3626, +15550000767, SurveyLink , https://example.org/survey, https://mdh.li/abc123, 2025-11-26T11:13:07Z
e867c0d1-8462-4614-85b4-5c3cc0b1ed29, P0767                , 963ff974-cbbc-4e8e-b5a3-e55869410243, +15550000767, SurveyLink , https://example.org/survey, https://mdh.li/abc123, 2026-01-24T10:14:07Z
58deef56-b191-4248-a7e0-25d2fbe10282, P0772                , 2ac48d23-aaf2-450f-9ec7-a7153e16e6cb, +15550000772, SurveyLink , https://example.org/survey, https://mdh.li/abc123, 2025-08-23T14:57:34Z
bfa0b329-20e2-4121-a903-f035b782cb00, P0773                , ae64020a-3fab-47a6-8f4b-2b3ddd161779, +15550000773, SurveyLink , https://example.org/survey, https://mdh.li/abc123, 2025-05-29T01:58:28Z
bfa0b329-20e2-4121-a903-f035b782cb00, P0773                , 86e5e2b7-1289-4036-aca6-8cddc195d53d, +15550000773, SurveyLink , https://example.org/survey, https://mdh.li/abc123, 2025-05-30T05:03:28Z
3e27fa75-551f-4e9f-a074-4cfdb60b058c, P0775                , 67051ad4-7b79-4c81-8e39-419ad9dc28a1, +15550000775, SurveyLink , https://example.org/survey, https://mdh.li/abc123, 2025-07-27T12:03:49Z
3e27fa75-551f-4e9f-a074-4cfdb60b058c, P0775                , 5e5bf6aa-8321-4bb8-9fb4-804e53062538, +15550000775, SurveyLink , https://example.org/survey, https://mdh.li/abc123, 2025-08-05T13:08:49Z
835c18bc-337b-4759-a6e8-200fbbb4c292, P0776                , cc8b6f76-c8ad-4f51-a9cb-cad0d83cc8e1, +15550000776, SurveyLink , https://example.org/survey, https://mdh.li/abc123, 2025-05-31T19:08:27Z
835c18bc-337b-4759-a6e8-200fbbb4c292, P0776                , ae589748-5e47-4631-961f-f8a9a749ddc6, +15550000776, SurveyLink , https://example.org/survey, https://mdh.li/abc123, 2025-07-25T12:55:27Z
d96aca1a-12b7-47b1-b7f1-91da755811d3, P0778                , 91909537-7d06-4ab8-9ad4-0ab5dba5ea94, +15550000778, SurveyLink , https://example.org/survey, https://mdh.li/abc123, 2025-09-25T18:29:07Z
8017ed2d-d505-4d9e-a47b-ee983fccf59a, P0779                , 9dab647f-6a55-480e-b61d-1053614e18c2, +15550000779, SurveyLink , https://example.org/survey, https://mdh.li/abc123, 2025-04-15T06:32:22Z
8017ed2d-d505-4d9e-a47b-ee983fccf59a, P0779                , 2c6d85cc-4ae1-4464-b366-6c2675f8bb3c, +15550000779, SurveyLink , https://example.org/survey, https://mdh.li/abc123, 2025-04-15T21:16:22Z
16a8e829-37f2-4338-b635-8e00a8504ed0, P0781                , e2d726db-d415-4a17-baec-3a057626c5ae, +15550000781, SurveyLink , https://example.org/survey, https://mdh.li/abc123, 2025-05-13T22:22:58Z
8517042f-1188-4523-8bdb-48b3e9f83996, P0783                , 7967baec-4853-4485-9933-fbaa533f4e2b, +15550000783, SurveyLink , https://example.org/survey, https://mdh.li/abc123, 2025-08-07T18:28:16Z
3dd3741f-ec20-42ab-a016-e739f134710b, P0785                , d376e505-ddeb-47f9-8425-8e77a3bfb239, +15550000785, SurveyLink , https://example.org/survey, https://mdh.li/abc123, 2026-01-06T04:57:34Z
3dd3741f-ec20-42ab-a016-e739f134710b, P0785                , 0d21352f-56a7-470e-a0eb-e42039cdf3bc, +15550000785, SurveyLink , https://example.org/survey, https://mdh.li/abc123, 2026-01-07T00:35:34Z
d5f45ae0-5436-48a5-9288-3f5cef82593d, P0786                , 0838f9a3-834e-4541-9358-00e3d4f37578, +15550000786, SurveyLink , https://example.org/survey, https://mdh.li/abc123, 2025-11-30T19:54:22Z
fbd1ef67-4be6-4619-99fe-00716af8f50e, P0787                , 41d01b54-8279-4b00-9fce-779038432dba, +15550000787, SurveyLink , https://example.org/survey, https://mdh.li/abc123, 2026-01-08T21:05:41Z
638102be-a1cb-477e-9219-52e012a1fdf8, P0788                , 87fbef33-418d-4939-934c-ac1d7fa27c28, +15550000788, SurveyLink , https://example.org/survey, https://mdh.li/abc123, 2025-05-01T06:56:52Z
638102be-a1cb-477e-9219-52e012a1fdf8, P0788                , 359af6eb-4974-40ec-9eed-00ee42e9f699, +15550000788, SurveyLink , https://example.org/survey, https://mdh.li/abc123, 2025-06-12T23:01:52Z
638102be-a1cb-477e-9219-52e012a1fdf8, P0788                , c6814a7c-ffe1-4044-8ad1-efa64933b1d0, +15550000788, SurveyLink , https://example.org/survey, https://mdh.li/abc123, 2025-06-13T23:11:52Z
40d37b4a-3f05-42c6-962c-72bf3cf9a47a, P0789                , f1a1f5f6-277d-439b-893f-bd5c6b3358b6, +15550000789, SurveyLink , https://example.org/survey, https://mdh.li/abc123, 2025-06-05T16:20:41Z
24ddf31b-99f7-416a-bafb-c06698f1775d, P0790                , e71a64ab-bd6e-4f04-a5ff-ae534d341a05, +15550000790, SurveyLink , https://example.org/survey, https://mdh.li/abc123, 2025-05-13T18:46:27Z
24ddf31b-99f7-416a-bafb-c06698f1775d, P0790                , 6d4b0236-0825-477e-867d-371c7b0a02b6, +15550000790, SurveyLink , https://example.org/survey, https://mdh.li/abc123, 2025-07-13T18:25:27Z
c2a52e47-f6b5-469b-ae00-1944f1d722e4, P0792                , 3026a19e-bbf7-4da5-ac72-1bb3287d2508, +15550000792, SurveyLink , https://example.org/survey, https://mdh.li/abc123, 2025-05-05T21:41:22Z
c2a52e47-f6b5-469b-ae00-1944f1d722e4, P0792                , cfc020de-e733-4f6a-bd4d-0177adf3f033, +15550000792, SurveyLink , https://example.org/survey, https://mdh.li/abc123, 2025-05-06T22:52:22Z
c2a52e47-f6b5-469b-ae00-1944f1d722e4, P0792                , fa0de0dc-ad61-427b-bfa3-e956af8fac59, +15550000792, SurveyLink , https://example.org/survey, https://mdh.li/abc123, 2025-05-29T15:58:22Z
9bf2f74e-5d08-4e91-b3a7-2ab96170812f, P0795                , 3be4b4d4-ef8f-4395-bc19-ca1afd1ae107, +15550000795, SurveyLink , https://example.org/survey, https://mdh.li/abc123, 2025-10-23T20:59:20Z
af3cb7f7-b29f-4f9d-a59d-149a70727b45, P0797                , e54b4554-d4e4-4eea-ba40-aa235e6150c0, +15550000797, SurveyLink , https://example.org/survey, https://mdh.li/abc123, 2025-12-21T00:26:59Z
d11dc96b-adc2-4ed6-96de-ae5d8e1380a3, P0798                , f1752146-e08a-4ad5-8c8b-7a24965d822a, +15550000798, SurveyLink , https://example.org/survey, https://mdh.li/abc123, 2025-08-13T08:28:52Z
9ffce019-0e10-472d-aa3d-c0105278c654, P0799                , 4a3c61d9-f4ce-4aab-b5db-29d4dba9a7f0, +15550000799, SurveyLink , https://example.org/survey, https://mdh.li/abc123, 2025-02-17T18:30:46Z
9ffce019-0e10-472d-aa3d-c0105278c654, P0799                , cd10a0ea-c7ce-4d70-9153-4956ce95adf4, +15550000799, SurveyLink , https://example.org/survey, https://mdh.li/abc123, 2025-08-03T18:29:46Z
d33661bc-d11c-4756-a8a3-9e3761f9e476, P0804                , 34de6154-9986-46ab-b058-fb2adf3366f6, +15550000804, SurveyLink , https://example.org/survey, https://mdh.li/abc123, 2025-08-18T21:57:55Z
f6e807fd-29dc-44f6-9eb3-ceacc08b82f8, P0805                , 235d3f6e-a5fc-488e-9dbb-e35d5e9ca3df, +15550000805, SurveyLink , https://example.org/survey, https://mdh.li/abc123, 2025-12-23T07:39:56Z
f6e807fd-29dc-44f6-9eb3-ceacc08b82f8, P0805                , 72257b6d-0266-42ba-8312-5ec10bdd3d3a, +15550000805, SurveyLink , https://example.org/survey, https://mdh.li/abc123, 2025-12-24T08:51:56Z
a2357a09-0a39-43a3-a064-2281070d49be, P0806                , 3021acee-835f-41e2-af24-177a87b17d45, +15550000806, SurveyLink , https://example.org/survey, https://mdh.li/abc123, 2025-11-22T13:53:53Z
6b96449d-5fd6-4ae8-b453-88e1d499729d, P0807                , aa22d006-6444-44b8-97d4-5b310bd6df7d, +15550000807, SurveyLink , https://example.org/survey, https://mdh.li/abc123, 2025-09-25T14:06:40Z
6b96449d-5fd6-4ae8-b453-88e1d499729d, P0807                , 4d785c4e-0faa-44ce-8cc5-443d9940c1d0, +15550000807, SurveyLink , https://example.org/survey, https://mdh.li/abc123, 2025-11-06T14:42:40Z
008b95cb-9ada-4648-9897-c2bd019147c7, P0808                , ed739837-b285-4d51-a6ed-91140ff669cb, +15550000808, SurveyLink , https://example.org/survey, https://mdh.li/abc123, 2026-03-25T03:27:28Z
008b95cb-9ada-4648-9897-c2bd019147c7, P0808                , 71b34fa6-0529-436d-a70e-a35864a2eb20, +15550000808, SurveyLink , https://example.org/survey, https://mdh.li/abc123, 2026-03-25T22:26:28Z
4cdb8e6e-a541-4946-a287-ac2b49843b0c, P0810                , 586de5e9-2ddf-43a9-9040-1653b8f3d0e2, +15550000810, SurveyLink , https://example.org/survey, https://mdh.li/abc123, 2025-06-15T20:04:29Z
15901143-60f9-4818-a2a5-9533435271b1, P0812                , f553ce82-edfd-4bff-9af2-9bd1fccb2b0e, +15550000812, SurveyLink , https://example.org/survey, https://mdh.li/abc123, 2025-06-20T14:29:05Z
a25939ac-d0fd-4a8d-a58f-e69e43171d42, P0815                , aa4ba9bf-98db-4e82-a75e-d62a9aaab74d, +15550000815, SurveyLink , https://example.org/survey, https://mdh.li/abc123, 2025-11-12T12:47:41Z
19376331-3a4a-4f7b-84fe-4f56911aec3f, P0816                , e3bbc046-80f2-4d2b-8601-db1f0e4b5d7d, +15550000816, SurveyLink , https://example.org/survey, https://mdh.li/abc123, 2025-10-10T22:57:22Z
8804469e-b9ea-4ec5-b88a-d0a511fc492a, P0817                , 858fe3d9-95d2-43cd-944b-4dc81b04bd53, +15550000817, SurveyLink , https://example.org/survey, https://mdh.li/abc123, 2025-10-31T00:51:27Z
ab2bf907-a72b-4618-b2b0-e10d4816db98, P0818                , b733c10c-6307-403d-ac31-d3f1554dba3d, +15550000818, SurveyLink , https://example.org/survey, https://mdh.li/abc123, 2025-10-18T22:16:42Z
bbbf6bec-1308-4c9f-94d4-f180a0f532f1, P0819                , 4bdc7a04-c5bf-411c-8203-ad971602461c, +15550000819, SurveyLink , https://example.org/survey, https://mdh.li/abc123, 2025-04-22T19:57:44Z
bbbf6bec-1308-4c9f-94d4-f180a0f532f1, P0819                , e7fcf36c-11a2-4adf-beed-4e8dae5c2d61, +15550000819, SurveyLink , https://example.org/survey, https://mdh.li/abc123, 2025-07-13T22:43:44Z
487292ca-cb33-472a-b9d6-afeb9876956e, P0820                , 0d0cebe0-3bf3-4aea-8700-a5307824024f, +15550000820, SurveyLink , https://example.org/survey, https://mdh.li/abc123, 2026-04-21T07:19:33Z
29da2b62-6dcd-478a-92b7-6e9001b64828, P0821                , e8f66c59-f341-4215-8836-a28d78758e65, +15550000821, SurveyLink , https://example.org/survey, https://mdh.li/abc123, 2025-10-16T17:45:49Z
51a7971d-72a5-4e73-8957-3ccc24517c25, P0823                , 0cd4e764-5b49-4682-98f6-56fb4b4161f7, +15550000823, SurveyLink , https://example.org/survey, https://mdh.li/abc123, 2025-08-13T06:06:24Z
b5340b7f-ec2b-403c-a495-fc0bf0e7f3b0, P0824                , 9260f668-fcbc-40ab-a1ea-b3032fab0b49, +15550000824, SurveyLink , https://example.org/survey, https://mdh.li/abc123, 2025-05-09T22:28:18Z
c82ae900-6d97-47c8-9d3c-3d09db3d0c47, P0826                , 321d7d10-d650-4d86-b850-6909d074e167, +15550000826, SurveyLink , https://example.org/survey, https://mdh.li/abc123, 2025-07-17T03:25:52Z
c82ae900-6d97-47c8-9d3c-3d09db3d0c47, P0826                , f7081d8a-3e3f-4501-ae4e-4ae4f6d7eac2, +15550000826, SurveyLink , https://example.org/survey, https://mdh.li/abc123, 2025-10-15T10:32:52Z
ac2a970a-61cb-4342-b281-6ff2071ea9b6, P0828                , 6d275381-c037-4cb6-b74a-f6bc40f1d641, +15550000828, SurveyLink , https://example.org/survey, https://mdh.li/abc123, 2025-05-18T17:40:09Z
a998f7de-b857-4542-9ea0-c78a431e2993, P0831                , ffe6dece-fbdf-41c7-843a-f6ba7ed73704, +15550000831, SurveyLink , https://example.org/survey, https://mdh.li/abc123, 2025-12-23T11:59:47Z
241713a0-642e-466f-8862-1cf9429690f6, P0833                , 0facf588-763c-42bb-851b-92f278eaff85, +15550000833, SurveyLink , https://example.org/survey, https://mdh.li/abc123, 2025-12-13T20:57:35Z
6e1cb1fc-addc-48ea-9395-48c053247c05, P0837                , 88c8bbbb-08c5-42f6-8e5e-974e9cf921b9, +15550000837, SurveyLink , https://example.org/survey, https://mdh.li/abc123, 2025-06-02T12:36:55Z
9422481d-7ff5-41cd-9430-121f7a0f32a3, P0839                , 8de2db0d-ee27-4540-9418-da45f40fb6ff, +15550000839, SurveyLink , https://example.org/survey, https://mdh.li/abc123, 2025-06-17T00:34:45Z
7a2169c4-7c3f-4176-be0a-bf878406d2d3, P0840                , 5492d47a-d3c3-476c-9b3a-d9aadde9cd08, +15550000840, SurveyLink , https://example.org/survey, https://mdh.li/abc123, 2025-12-11T02:27:05Z
750e4ad5-27e4-4c71-b86b-a1bf8eb816c8, P0844                , a4791217-722c-4a58-8f1d-70fbdfe1b650, +15550000844, SurveyLink , https://example.org/survey, https://mdh.li/abc123, 2025-10-03T10:23:48Z
750e4ad5-27e4-4c71-b86b-a1bf8eb816c8, P0844                , 98ad2107-d1bd-42f4-b012-6d21f39bc1ff, +15550000844, SurveyLink , https://example.org/survey, https://mdh.li/abc123, 2025-12-26T06:17:48Z
750e4ad5-27e4-4c71-b86b-a1bf8eb816c8, P0844                , 79af42a3-745c-4afb-a4af-b0848c7172c0, +15550000844, SurveyLink , https://example.org/survey, https://mdh.li/abc123, 2025-12-27T09:30:48Z
d702894a-7039-4701-9e9a-1539dbc1fa68, P0846                , 9092a156-33fa-43b6-8553-91016e70fae1, +15550000846, SurveyLink , https://example.org/survey, https://mdh.li/abc123, 2025-05-25T06:00:22Z
109c730b-a181-4547-be8c-e38368b76cf8, P0847                , bc779ba6-2d85-46a2-b769-905dd2040fbd, +15550000847, SurveyLink , https://example.org/survey, https://mdh.li/abc123, 2025-10-30T08:44:51Z
109c730b-a181-4547-be8c-e38368b76cf8, P0847                , aa0b2ad1-318d-4d31-a8ea-b2a4200050ad, +15550000847, SurveyLink , https://example.org/survey, https://mdh.li/abc123, 2026-01-21T11:10:51Z
d80725ff-de20-4152-be01-844b2ab5c3e9, P0849                , 570484dc-7cbf-48f5-a39a-8b4c33b9b90a, +15550000849, SurveyLink , https://example.org/survey, https://mdh.li/abc123, 2025-10-17T14:15:35Z
57529e9e-db5d-486c-b062-9f700c54c8cb, P0851                , bd6f323c-80a5-4a93-b5aa-144d0ee716ff, +15550000851, SurveyLink , https://example.org/survey, https://mdh.li/abc123, 2026-02-19T18:56:16Z
3edc542a-78bf-4533-849f-3b5a07cc71fc, P0852                , c8e37422-4a64-42d6-9960-b14ca0e92c2d, +15550000852, SurveyLink , https://example.org/survey, https://mdh.li/abc123, 2025-11-09T16:58:13Z
5c79d952-dff2-4412-90d8-6f19c9feef2d, P0853                , 2ba99af8-d0b9-4496-a0e3-3b10e16f05d5, +15550000853, SurveyLink , https://example.org/survey, https://mdh.li/abc123, 2025-11-16T16:44:26Z
cecca8d6-e409-485f-9d4f-bc32404ebfcc, P0854                , 08bde5fc-63a0-46e7-b191-b4105eb47700, +15550000854, SurveyLink , https://example.org/survey, https://mdh.li/abc123, 2025-06-28T21:30:38Z
cecca8d6-e409-485f-9d4f-bc32404ebfcc, P0854                , 455fc230-0703-47dd-9de2-6922deb6d0e3, +15550000854, SurveyLink , https://example.org/survey, https://mdh.li/abc123, 2025-08-27T23:43:38Z
c9c9b016-a386-43ed-9feb-847aadaec408, P0855                , d6c1ac2a-12fa-4cae-a1f9-4576d3a36d3e, +15550000855, SurveyLink , https://example.org/survey, https://mdh.li/abc123, 2025-09-13T08:35:37Z
9399a26c-3df7-4f50-894f-a0b4928b0d16, P0858                , 0ebc30c8-31c0-4abc-be8e-d58c6712f878, +15550000858, SurveyLink , https://example.org/survey, https://mdh.li/abc123, 2025-10-17T10:19:08Z
9399a26c-3df7-4f50-894f-a0b4928b0d16, P0858                , b4e717bb-c899-4db5-9eb5-8a58c928d1ee, +15550000858, SurveyLink , https://example.org/survey, https://mdh.li/abc123, 2025-11-16T03:59:08Z
9399a26c-3df7-4f50-894f-a0b4928b0d16, P0858                , fb2b4aca-48ae-4bfb-bf2d-439765afbb0f, +15550000858, SurveyLink , https://example.org/survey, https://mdh.li/abc123, 2025-11-17T10:07:08Z
e2442b10-d745-45fe-b7c2-88d4ef8f060c, P0859                , 7fd77fc4-6444-48f6-8e15-3ebf8122c2fb, +15550000859, SurveyLink , https://example.org/survey, https://mdh.li/abc123, 2025-12-18T20:47:48Z
e2442b10-d745-45fe-b7c2-88d4ef8f060c, P0859                , 82701a90-6dfa-4e61-bfea-25b6fd1f6d52, +15550000859, SurveyLink , https://example.org/survey, https://mdh.li/abc123, 2025-12-19T15:47:48Z
a2478228-39d8-4e83-a735-2887a593bcff, P0860                , b15f7a7f-bf44-4502-a6c0-6dc6a49dcbd6, +15550000860, SurveyLink , https://example.org/survey, https://mdh.li/abc123, 2026-03-11T22:24:16Z
a2478228-39d8-4e83-a735-2887a593bcff, P0860                , 031b0391-8ca6-40f1-b870-a15d82532716, +15550000860, SurveyLink , https://example.org/survey, https://mdh.li/abc123, 2026-03-12T18:26:16Z
9791dc4d-ee0d-4492-b570-d5084d508d14, P0863                , 3cecb9ad-3fc4-457c-bce2-2f4cd2a36d35, +15550000863, SurveyLink , https://example.org/survey, https://mdh.li/abc123, 2025-11-21T04:30:58Z
9791dc4d-ee0d-4492-b570-d5084d508d14, P0863                , d158d735-3c42-45fc-ad65-42148fb5527e, +15550000863, SurveyLink , https://example.org/survey, https://mdh.li/abc123, 2025-11-22T05:55:58Z
07c03560-41be-47ae-a729-40386b595f8c, P0864                , 3d89e6ce-a27e-4553-8b17-1edacc84e6aa, +15550000864, SurveyLink , https://example.org/survey, https://mdh.li/abc123, 2025-09-25T11:14:59Z
2cf88044-26c9-4d24-ba66-67a609f05e64, P0865                , 57a40f8a-7c21-46fd-b8ab-95b14149f306, +15550000865, SurveyLink , https://example.org/survey, https://mdh.li/abc123, 2025-05-09T13:04:18Z
6552cb51-4343-4fe6-84be-4f4fb20c94e5, P0866                , 6e552f75-248b-4a5b-9a8a-eb43b28ef4b3, +15550000866, SurveyLink , https://example.org/survey, https://mdh.li/abc123, 2025-11-29T06:16:09Z
6552cb51-4343-4fe6-84be-4f4fb20c94e5, P0866                , 845443f9-28f8-4702-a45a-1fec9fe487f5, +15550000866, SurveyLink , https://example.org/survey, https://mdh.li/abc123, 2025-12-01T10:25:09Z
6552cb51-4343-4fe6-84be-4f4fb20c94e5, P0866                , 9a3a88c9-9946-4cd2-a5f3-2fcac9f284d0, +15550000866, SurveyLink , https://example.org/survey, https://mdh.li/abc123, 2025-12-22T09:22:09Z
6552cb51-4343-4fe6-84be-4f4fb20c94e5, P0866                , e5dc8ffa-a730-404a-9e62-6e9a3d13d3c9, +15550000866, SurveyLink , https://example.org/survey, https://mdh.li/abc123, 2026-02-20T10:51:09Z
9763925e-3872-4ab8-b88f-89c2fe223d3a, P0867                , 21506e70-8a4f-4b45-8955-907e214c77ec, +15550000867, SurveyLink , https://example.org/survey, https://mdh.li/abc123, 2025-02-23T14:42:18Z
9763925e-3872-4ab8-b88f-89c2fe223d3a, P0867                , 3bf4e320-9885-45b2-9381-9ef16918d36a, +15550000867, SurveyLink , https://example.org/survey, https://mdh.li/abc123, 2025-02-24T13:07:18Z
7ed3d8cf-8fa5-4e8d-a32d-8ffb308457b8, P0868                , e0ea21d8-7994-4cdd-9822-78b8ed052179, +15550000868, SurveyLink , https://example.org/survey, https://mdh.li/abc123, 2025-05-13T01:01:17Z
7ed3d8cf-8fa5-4e8d-a32d-8ffb308457b8, P0868                , 5b4c2e3c-12a2-4320-b984-852438ce73b4, +15550000868, SurveyLink , https://example.org/survey, https://mdh.li/abc123, 2025-06-06T02:51:17Z
7ed3d8cf-8fa5-4e8d-a32d-8ffb308457b8, P0868                , e8a06761-750b-4756-8209-1315c74e7a9d, +15550000868, SurveyLink , https://example.org/survey, https://mdh.li/abc123, 2025-09-26T04:36:17Z
757f94b9-ddbb-4eec-a371-73ad1c9f8680, P0869                , 9ac2075d-5c37-42f6-a90d-1b94d3c3cc4a, +15550000869, SurveyLink , https://example.org/survey, https://mdh.li/abc123, 2025-04-15T04:28:54Z
dfb4d6f5-cf0c-46fc-ab6b-112dd0f96294, P0872                , 5aa31421-cd4d-44c3-a684-5c7a41670882, +15550000872, SurveyLink , https://example.org/survey, https://mdh.li/abc123, 2025-06-23T10:05:58Z
ca85e5d0-b2f0-48ea-ac64-c3d561f0aa49, P0873                , 970c4efc-d580-4090-9d1f-94a6479f0b17, +15550000873, SurveyLink , https://example.org/survey, https://mdh.li/abc123, 2025-05-13T23:36:37Z
ca85e5d0-b2f0-48ea-ac64-c3d561f0aa49, P0873                , 10ceb99b-97fa-4df5-a023-f15d1a6cd2fd, +15550000873, SurveyLink , https://example.org/survey, https://mdh.li/abc123, 2025-05-15T04:52:37Z
50a5c954-9dc2-4557-a3cc-7d0be1402987, P0874                , b40a3619-3c99-42bb-9062-f4511342602b, +15550000874, SurveyLink , https://example.org/survey, https://mdh.li/abc123, 2025-02-27T02:43:29Z
379beb56-06ef-4f59-bf99-7cef0a3f0d6c, P0876                , 459842df-34b3-4260-8774-6106d7b8ea5f, +15550000876, SurveyLink , https://example.org/survey, https://mdh.li/abc123, 2025-09-09T07:55:55Z
93076b07-c34b-4b3c-b11f-e6ebcad7ffdd, P0880                , df20ff42-d5be-4374-99f6-c9a3c3318a68, +15550000880, SurveyLink , https://example.org/survey, https://mdh.li/abc123, 2025-03-06T08:26:21Z
93076b07-c34b-4b3c-b11f-e6ebcad7ffdd, P0880                , 3940d4fb-53dd-4531-90e7-10a19008a48a, +15550000880, SurveyLink , https://example.org/survey, https://mdh.li/abc123, 2025-03-28T14:25:21Z
203ce3a2-8cf9-4100-84e6-a4b2feb41e81, P0881                , f8d8b6ad-655f-47e9-b697-a936452d64a2, +15550000881, SurveyLink , https://example.org/survey, https://mdh.li/abc123, 2025-09-07T17:40:40Z
203ce3a2-8cf9-4100-84e6-a4b2feb41e81, P0881                , 7229fb03-1c70-47b4-b785-1247c9ee3cc5, +15550000881, SurveyLink , https://example.org/survey, https://mdh.li/abc123, 2025-11-05T13:47:40Z
203ce3a2-8cf9-4100-84e6-a4b2feb41e81, P0881                , 443e1c73-b42b-497f-920f-8cce8203c4a0, +15550000881, SurveyLink , https://example.org/survey, https://mdh.li/abc123, 2025-11-07T18:27:40Z
69d46125-6441-4141-811a-59d2316f9bf6, P0882                , c1d7a270-5eb9-40df-b9d9-67be907372a6, +15550000882, SurveyLink , https://example.org/survey, https://mdh.li/abc123, 2025-11-04T15:08:45Z
69d46125-6441-4141-811a-59d2316f9bf6, P0882                , e5c27448-94f4-465b-a504-4b6243892315, +15550000882, SurveyLink , https://example.org/survey, https://mdh.li/abc123, 2025-11-27T21:08:45Z
97ca99b2-cfb4-4cf3-b3a2-13ef69ac3dfc, P0885                , 234c9409-8f9c-4ed1-b020-aeb5bfd8c99f, +15550000885, SurveyLink , https://example.org/survey, https://mdh.li/abc123, 2025-05-25T13:58:59Z
97ca99b2-cfb4-4cf3-b3a2-13ef69ac3dfc, P0885                , 4c7a70f3-41a2-48d2-9b94-4213d6f9df8e, +15550000885, SurveyLink , https://example.org/survey, https://mdh.li/abc123, 2025-07-25T18:16:59Z
97ca99b2-cfb4-4cf3-b3a2-13ef69ac3dfc, P0885                , 3c0d788b-ad2a-497f-88a5-a1f4403b85fe, +15550000885, SurveyLink , https://example.org/survey, https://mdh.li/abc123, 2025-07-26T12:43:59Z
9a9ce2be-244b-4594-83d3-b9fb9a162b98, P0886                , fa34f8f7-ff59-4a81-8eac-d2c89cb6d1cd, +15550000886, SurveyLink , https://example.org/survey, https://mdh.li/abc123, 2025-09-12T17:03:17Z
9a9ce2be-244b-4594-83d3-b9fb9a162b98, P0886                , 581b3614-6d6f-4af1-a9cd-95ea6c922264, +15550000886, SurveyLink , https://example.org/survey, https://mdh.li/abc123, 2025-11-10T23:56:17Z
1ef03599-736c-4527-8411-a9b76665d777, P0887                , 30157caa-c31a-4e6f-a170-e13cc903e3c9, +15550000887, SurveyLink , https://example.org/survey, https://mdh.li/abc123, 2025-12-17T20:25:55Z
c35a6997-a4aa-4fcc-a442-635cb54dd6a9, P0888                , f3a45e6c-3229-4b4a-a9f0-f1b5f860bfa1, +15550000888, SurveyLink , https://example.org/survey, https://mdh.li/abc123, 2025-09-11T13:30:35Z
c35a6997-a4aa-4fcc-a442-635cb54dd6a9, P0888                , ca2a368a-bf3b-4cfd-af31-3ea858bf8a2a, +15550000888, SurveyLink , https://example.org/survey, https://mdh.li/abc123, 2025-12-03T15:06:35Z
3ebf15ad-a72d-4768-930b-c601eff618c7, P0889                , 02011fa9-59a7-4e0e-91df-36ea596b66e3, +15550000889, SurveyLink , https://example.org/survey, https://mdh.li/abc123, 2025-06-06T07:57:23Z
3ebf15ad-a72d-4768-930b-c601eff618c7, P0889                , 63f0005f-9c01-4677-bc98-ee338e1e7875, +15550000889, SurveyLink , https://example.org/survey, https://mdh.li/abc123, 2025-07-06T14:31:23Z
16476ead-6bc5-4267-bdf2-83bd43487ea1, P0890                , a80fbf24-ab92-4de2-a32e-118acd2268d1, +15550000890, SurveyLink , https://example.org/survey, https://mdh.li/abc123, 2025-06-12T18:32:48Z
16476ead-6bc5-4267-bdf2-83bd43487ea1, P0890                , c0da17c6-1278-4975-9e27-4a7327e6b556, +15550000890, SurveyLink , https://example.org/survey, https://mdh.li/abc123, 2025-11-28T20:31:48Z
0ee6ac32-5e56-4313-9f3e-793d1ffd9e41, P0891                , c36534bc-a268-4efc-8897-bed7176a4f07, +15550000891, SurveyLink , https://example.org/survey, https://mdh.li/abc123, 2025-02-09T09:10:09Z
cb740828-fe51-459f-b1d9-27c93f115908, P0892                , 60665f40-063c-4695-9911-23f436139dca, +15550000892, SurveyLink , https://example.org/survey, https://mdh.li/abc123, 2025-08-10T06:06:37Z
cb740828-fe51-459f-b1d9-27c93f115908, P0892                , de2e1bac-3ea4-4cde-adbe-21bc4ceedb80, +15550000892, SurveyLink , https://example.org/survey, https://mdh.li/abc123, 2025-09-02T06:56:37Z
0da68072-3a76-4a0c-8aa3-ea434ff27d46, P0893                , b1ff3777-69b1-4f78-babf-425d210877f9, +15550000893, SurveyLink , https://example.org/survey, https://mdh.li/abc123, 2025-10-07T19:25:45Z
1a923cbb-65f1-4098-91e1-0490b834e3a4, P0894                , be57f873-01df-4662-a4cf-5b9cd2879b3d, +15550000894, SurveyLink , https://example.org/survey, https://mdh.li/abc123, 2025-05-16T09:49:09Z
69403a0f-5989-423e-85db-7b7677d51497, P0895                , 9e5cedaa-7263-4b68-b232-b8fab6efb92c, +15550000895, SurveyLink , https://example.org/survey, https://mdh.li/abc123, 2026-02-17T10:19:29Z
3426f19e-1344-45a5-9bc4-bb4681640a31, P0898                , 33afad8a-cc8b-4d9e-a90b-f941d13bf551, +15550000898, SurveyLink , https://example.org/survey, https://mdh.li/abc123, 2025-05-08T17:48:15Z
bcfab67c-b5d4-487b-b944-b0a876543352, P0899                , 782a22ec-4f36-4517-9dcb-0657b04e048f, +15550000899, SurveyLink , https://example.org/survey, https://mdh.li/abc123, 2025-09-22T13:31:09Z
bcfab67c-b5d4-487b-b944-b0a876543352, P0899                , a775eb4f-22f2-4af2-ac46-a377d232263f, +15550000899, SurveyLink , https://example.org/survey, https://mdh.li/abc123, 2025-09-24T14:43:09Z
bcfab67c-b5d4-487b-b944-b0a876543352, P0899                , cf72d8df-750e-4bdf-964b-43cbb7a1ee2c, +15550000899, SurveyLink , https://example.org/survey, https://mdh.li/abc123, 2025-10-22T08:48:09Z
be8469ec-d140-4954-84dc-1c512e3d96dc, P0903                , 2283e455-7ba3-4ef6-bfee-d56ff88466c2, +15550000903, SurveyLink , https://example.org/survey, https://mdh.li/abc123, 2026-01-19T10:04:23Z
5a75fb51-7b4e-4de1-a0cb-f0fd5d03e06a, P0904                , 87a723b1-e625-4ee2-b38d-827cbeda6cb9, +15550000904, SurveyLink , https://example.org/survey, https://mdh.li/abc123, 2025-09-28T21:49:04Z
805c13bc-a4cc-400f-a97c-bc189f63ea54, P0906                , 08820c97-e263-4dba-99f8-2884af504a6a, +15550000906, SurveyLink , https://example.org/survey, https://mdh.li/abc123, 2025-12-04T18:37:36Z
805c13bc-a4cc-400f-a97c-bc189f63ea54, P0906                , 2bc1568f-9501-4c52-b3fc-89f07102e882, +15550000906, SurveyLink , https://example.org/survey, https://mdh.li/abc123, 2025-12-05T12:28:36Z
b91eb981-81b9-4355-8bd6-5fe33f13eec3, P0907                , e4c6ed29-090a-4dac-9e13-23c9b1808dd2, +15550000907, SurveyLink , https://example.org/survey, https://mdh.li/abc123, 2026-02-22T12:02:40Z
5e7fa42e-7fda-460e-b0c5-eefd18f73ebf, P0911                , 4319a361-3a06-46e8-b757-11f7efcc0877, +15550000911, SurveyLink , https://example.org/survey, https://mdh.li/abc123, 2025-07-21T10:40:11Z
2e1bbe53-0fc8-4767-9ebb-5e3feee0afb0, P0914                , b23ff74d-5b64-4df2-9114-661101b70652, +15550000914, SurveyLink , https://example.org/survey, https://mdh.li/abc123, 2025-05-18T12:59:23Z
2e1bbe53-0fc8-4767-9ebb-5e3feee0afb0, P0914                , d4bfd608-5113-4ab5-a42a-a2db26add47f, +15550000914, SurveyLink , https://example.org/survey, https://mdh.li/abc123, 2025-05-19T14:45:23Z
2e1bbe53-0fc8-4767-9ebb-5e3feee0afb0, P0914                , 10ff8910-3057-4406-b66f-db46698f03e8, +15550000914, SurveyLink , https://example.org/survey, https://mdh.li/abc123, 2025-06-17T06:40:23Z
e663d1a3-d046-4355-8190-58e51ff95bfb, P0915                , 399c3e4f-8ab5-4c1c-b019-465035d53615, +15550000915, SurveyLink , https://example.org/survey, https://mdh.li/abc123, 2025-09-10T11:37:53Z
a9132e18-af04-4fb7-ba13-af68501f45ad, P0916                , 011017ab-1acc-4832-9a76-df1c790bed70, +15550000916, SurveyLink , https://example.org/survey, https://mdh.li/abc123, 2025-06-09T00:22:30Z
7ed0e3bf-9f37-4eaf-b710-9fd4e11f3e21, P0919                , 902bcf10-a81b-41c8-8ce0-988fcb986111, +15550000919, SurveyLink , https://example.org/survey, https://mdh.li/abc123, 2025-12-01T01:26:56Z
c642785b-aae7-4c2b-aaff-937d1715d791, P0921                , 605d1a5d-e0c2-4997-bd10-f392eb44d229, +15550000921, SurveyLink , https://example.org/survey, https://mdh.li/abc123, 2025-06-07T23:44:32Z
c642785b-aae7-4c2b-aaff-937d1715d791, P0921                , c73e905e-354c-4e65-8536-9592233567e8, +15550000921, SurveyLink , https://example.org/survey, https://mdh.li/abc123, 2025-06-09T00:36:32Z
4a397cff-72ab-47e3-a868-30bf3ce5bdfe, P0922                , a1006d4c-2b34-4514-bdb3-eb7643efbb48, +15550000922, SurveyLink , https://example.org/survey, https://mdh.li/abc123, 2025-01-06T00:47:38Z
4a397cff-72ab-47e3-a868-30bf3ce5bdfe, P0922                , 36c3e4ae-b5a8-4776-bea8-bafd5bb4078e, +15550000922, SurveyLink , https://example.org/survey, https://mdh.li/abc123, 2025-02-04T20:34:38Z
4a397cff-72ab-47e3-a868-30bf3ce5bdfe, P0922                , e0f1bd3a-3c46-4d6a-847b-e37109181084, +15550000922, SurveyLink , https://example.org/survey, https://mdh.li/abc123, 2025-02-05T20:09:38Z
4a397cff-72ab-47e3-a868-30bf3ce5bdfe, P0922                , cb46fc96-e889-4ef8-af38-7f6e13a80d96, +15550000922, SurveyLink , https://example.org/survey, https://mdh.li/abc123, 2025-04-06T20:48:38Z
31a1a18b-986a-427b-9e8f-62315bc83c9f, P0929                , 6295b871-e3b9-421d-a8be-50d96b937d02, +15550000929, SurveyLink , https://example.org/survey, https://mdh.li/abc123, 2025-11-12T12:45:05Z
31a1a18b-986a-427b-9e8f-62315bc83c9f, P0929                , 18964cc1-4d0f-41ac-83e3-8626b2caef83, +15550000929, SurveyLink , https://example.org/survey, https://mdh.li/abc123, 2025-11-13T18:45:05Z
9aa13ea1-a804-4220-86dc-5d2ff5b19058, P0933                , 85367d01-f9b8-4fce-adee-395efdb38186, +15550000933, SurveyLink , https://example.org/survey, https://mdh.li/abc123, 2026-02-19T00:42:41Z
9aa13ea1-a804-4220-86dc-5d2ff5b19058, P0933                , 3ec1006b-48b1-4086-badb-2079ff916cdc, +15550000933, SurveyLink , https://example.org/survey, https://mdh.li/abc123, 2026-02-20T05:58:41Z
c35d9471-2f4b-4be3-a410-dbc1ba19f770, P0935                , 1517df28-9708-444e-9fab-1f1c7e0e7c3e, +15550000935, SurveyLink , https://example.org/survey, https://mdh.li/abc123, 2025-11-09T06:02:11Z
46b669d9-744c-49ff-a858-27c90d87ce5f, P0937                , 93b18127-161e-400c-91fa-ac2bb8f3ae84, +15550000937, SurveyLink , https://example.org/survey, https://mdh.li/abc123, 2025-12-06T09:18:55Z
b00544f0-74bb-4301-a7ce-8e0bd5346357, P0940                , 49be4160-ecb2-46c5-b119-12c5c64b0940, +15550000940, SurveyLink , https://example.org/survey, https://mdh.li/abc123, 2025-10-09T02:56:47Z
7c4b426b-5e48-40b7-b8c2-3535c766843a, P0943                , 9df3a37c-c517-453b-9d05-2e6df08514d0, +15550000943, SurveyLink , https://example.org/survey, https://mdh.li/abc123, 2025-10-22T22:24:07Z
77c705d5-55bd-4ea9-afb3-b73b690ed9c6, P0946                , 0bdbe712-a296-42dc-befd-808899dee23e, +15550000946, SurveyLink , https://example.org/survey, https://mdh.li/abc123, 2025-03-19T10:51:42Z
fcb189e9-6b19-4945-a43e-79ee1e574955, P0953                , f53f3591-6c0f-4d20-9fff-50c55e35687a, +15550000953, SurveyLink , https://example.org/survey, https://mdh.li/abc123, 2025-09-04T19:20:39Z
ebe52f7e-a693-4bdd-a50c-31b172ee9326, P0955                , fec34504-f153-43e1-9451-2a6817d9daf9, +15550000955, SurveyLink , https://example.org/survey, https://mdh.li/abc123, 2025-09-26T09:39:19Z
600c479c-89a1-464d-875c-4806ab83cf2c, P0956                , b78d2944-6fd4-4c42-9feb-5cc136c5a6e1, +15550000956, SurveyLink , https://example.org/survey, https://mdh.li/abc123, 2025-07-27T12:03:11Z
46c19862-0116-49cd-8d56-c4dba66bb8e4, P0957                , 8f58ff3e-5290-4274-8434-5a92e5de2c86, +15550000957, SurveyLink , https://example.org/survey, https://mdh.li/abc123, 2025-04-28T04:52:58Z
81dcb996-0d3f-4c4c-ba83-aac8627dca22, P0958                , 46569ea7-8d5a-4298-8ce4-10277673b7cc, +15550000958, SurveyLink , https://example.org/survey, https://mdh.li/abc123, 2025-11-29T15:21:22Z
77af2f65-e80d-41ec-b73b-981f089e8826, P0961                , a5cb6b62-05a0-4ef4-852d-582bbcff739f, +15550000961, SurveyLink , https://example.org/survey, https://mdh.li/abc123, 2025-05-03T07:09:16Z
2a787eb4-bb9c-4142-97e7-467806c9acb2, P0962                , 98baa4eb-c4b4-4422-bbd8-7cd749086760, +15550000962, SurveyLink , https://example.org/survey, https://mdh.li/abc123, 2025-08-05T17:43:20Z
2a787eb4-bb9c-4142-97e7-467806c9acb2, P0962                , 79825cfd-8942-4b6e-96ed-2f21f0a883f2, +15550000962, SurveyLink , https://example.org/survey, https://mdh.li/abc123, 2025-09-04T14:11:20Z
2a787eb4-bb9c-4142-97e7-467806c9acb2, P0962                , c0c46d35-8d66-408f-827a-aba0039d1e97, +15550000962, SurveyLink , https://example.org/survey, https://mdh.li/abc123, 2025-09-05T10:43:20Z
2b1b1177-f543-44b7-b622-08b0057cb02e, P0965                , dc9977f2-b70d-413f-bb9f-a856dd2e2871, +15550000965, SurveyLink , https://example.org/survey, https://mdh.li/abc123, 2025-10-28T03:39:57Z
a0ca3473-2bd2-4ed4-b543-e21e5dbd828f, P0966                , c6cb70f1-6d10-46aa-816a-410179eb77b8, +15550000966, SurveyLink , https://example.org/survey, https://mdh.li/abc123, 2025-11-04T09:15:45Z
a116dac8-d90c-42e8-8a3f-5fb3a33a3ed2, P0967                , 7c617d91-b535-472c-9e80-76659210b3bc, +15550000967, SurveyLink , https://example.org/survey, https://mdh.li/abc123, 2025-01-06T02:47:30Z
a116dac8-d90c-42e8-8a3f-5fb3a33a3ed2, P0967                , e4e59442-0558-42b8-a599-848affaf7da2, +15550000967, SurveyLink , https://example.org/survey, https://mdh.li/abc123, 2025-06-14T00:13:30Z
a116dac8-d90c-42e8-8a3f-5fb3a33a3ed2, P0967                , 9e5d71a7-a003-4ae9-9d5a-92b852d95929, +15550000967, SurveyLink , https://example.org/survey, https://mdh.li/abc123, 2025-06-15T01:38:30Z
36082562-cfcc-4055-9033-bed61bc91fee, P0968                , 7c3d0e5f-2b6d-4287-bb94-e2dbcb964b26, +15550000968, SurveyLink , https://example.org/survey, https://mdh.li/abc123, 2025-02-07T17:44:13Z
36082562-cfcc-4055-9033-bed61bc91fee, P0968                , 4579271a-9e2e-4a00-9f0b-ff16b43457e5, +15550000968, SurveyLink , https://example.org/survey, https://mdh.li/abc123, 2025-03-12T00:34:13Z
f0340275-d6cc-43b6-acd7-ca06e2244aa3, P0969                , 5d3ba270-297b-4610-8c6b-8260b93e81e7, +15550000969, SurveyLink , https://example.org/survey, https://mdh.li/abc123, 2025-03-10T03:05:47Z
69b5e215-fbe5-4537-abbf-a276e12a22df, P0970                , 68bf555b-410e-42fb-ac09-e6f17167cccc, +15550000970, SurveyLink , https://example.org/survey, https://mdh.li/abc123, 2025-05-09T16:34:07Z
cd08d395-6b8b-42df-aae9-9b728467fbd7, P0971                , 802cca08-8f87-43f7-97f5-635ba227b1cc, +15550000971, SurveyLink , https://example.org/survey, https://mdh.li/abc123, 2025-04-03T19:58:46Z
f509c380-43de-441a-bc43-cae3f8af696a, P0973                , 5dfe74d1-610c-40a3-8f53-d77d42f2ad2d, +15550000973, SurveyLink , https://example.org/survey, https://mdh.li/abc123, 2025-04-22T19:16:59Z
0eeff595-5356-46b6-ba66-46e1c7c83fd1, P0974                , dc004e87-2717-426d-a9c0-d4b9629d4f52, +15550000974, SurveyLink , https://example.org/survey, https://mdh.li/abc123, 2025-11-23T01:24:39Z
392d09dc-4507-4f2e-91ab-f0083987e039, P0978                , b6f09505-c7fb-4452-a5b2-ddf4fe4f0709, +15550000978, SurveyLink , https://example.org/survey, https://mdh.li/abc123, 2025-07-31T20:21:55Z
9912f7d3-d599-412e-91d3-6259a3705d99, P0980                , 435a488b-8494-4d74-a9c5-abf30e2942e7, +15550000980, SurveyLink , https://example.org/survey, https://mdh.li/abc123, 2025-08-11T08:37:12Z
a019b5cb-a2fb-4a66-b29a-bc96e7641596, P0985                , 47170a42-75f9-4672-b1c1-474b62cdc2fc, +15550000985, SurveyLink , https://example.org/survey, https://mdh.li/abc123, 2025-08-26T12:04:39Z
a019b5cb-a2fb-4a66-b29a-bc96e7641596, P0985                , 2bdee72b-ce69-4603-bbea-2e53fecfda82, +15550000985, SurveyLink , https://example.org/survey, https://mdh.li/abc123, 2025-12-23T11:31:39Z
14ecb0ad-8ffe-427d-a0e5-51486722dcf5, P0987                , b7dcbb75-0559-45a4-b439-98c3c8029cc9, +15550000987, SurveyLink , https://example.org/survey, https://mdh.li/abc123, 2025-03-03T12:40:14Z
14ecb0ad-8ffe-427d-a0e5-51486722dcf5, P0987                , d08e4a08-7fc9-4644-9d54-51cc59099c7c, +15550000987, SurveyLink , https://example.org/survey, https://mdh.li/abc123, 2025-07-13T11:37:14Z
0f7bbe02-322d-47d8-a53e-3f2a694ec212, P0988                , cb569475-c865-4c40-9956-ff271905a56c, +15550000988, SurveyLink , https://example.org/survey, https://mdh.li/abc123, 2025-02-12T20:00:14Z
0f7bbe02-322d-47d8-a53e-3f2a694ec212, P0988                , 94eb70e8-bb4a-45f4-a1ff-4b74a8640cb7, +15550000988, SurveyLink , https://example.org/survey, https://mdh.li/abc123, 2025-02-19T15:18:14Z
0f7bbe02-322d-47d8-a53e-3f2a694ec212, P0988                , a10eab12-0281-439a-b2cb-8aac3c29459c, +15550000988, SurveyLink , https://example.org/survey, https://mdh.li/abc123, 2025-03-14T14:09:14Z
259b2134-2a03-41a2-a483-f486fa64cb5d, P0991                , 42a5210d-1598-4a08-82da-7111777bd788, +15550000991, SurveyLink , https://example.org/survey, https://mdh.li/abc123, 2025-10-30T14:07:21Z
f25b1c64-570c-4b74-bfa7-bb1c70c38c9d, P0992                , 0bdf70f6-0c17-45ce-80cb-899500fda65b, +15550000992, SurveyLink , https://example.org/survey, https://mdh.li/abc123, 2025-01-26T03:16:30Z
f25b1c64-570c-4b74-bfa7-bb1c70c38c9d, P0992                , 0dea0a43-2663-454a-a1c2-d433825464bc, +15550000992, SurveyLink , https://example.org/survey, https://mdh.li/abc123, 2025-02-18T02:37:30Z
e60b7b3a-76c8-4815-a4ec-407331ef189d, P0997                , 37d856af-83f1-49e3-89bc-7b3701af2dd8, +15550000997, SurveyLink , https://example.org/survey, https://mdh.li/abc123, 2025-07-01T16:51:31Z
